ds_idx,true_label,pred_before,conf_before,targets,hit_mask,gens_used,queries,best_xy_rgb_per_target,adv_labels_per_target,adv_confs_per_target,pop,max_gens,F,Cr,es_target,xy_topk,xy_mutate_prob,seed,device,prior
0,3,3,1.000000,0|1|2|4|5|6|7|8|9,0|0|0|0|0|0|0|0|0,40,70848,"(9,3,0.8201,0.1763,0.2958)|(14,15,0.0000,0.0288,0.6406)|(4,4,0.0214,0.0000,0.4666)|(9,2,0.6462,0.6992,0.4837)|(13,6,0.0000,0.0000,0.7843)|(16,11,0.0000,0.0000,0.6015)|(4,4,0.0652,0.0159,0.7381)|(8,1,0.6110,0.0510,0.3528)|(17,7,0.0000,0.0048,0.5474)",3|3|3|3|3|3|3|3|3,1.000000|1.000000|1.000000|1.000000|1.000000|1.000000|1.000000|1.000000|1.000000,192,40,0.5,0.9,0.9,32,0.1,1337,cuda,fastprior
1,8,8,1.000000,0|1|2|3|4|5|6|7|9,0|0|0|0|0|0|0|0|0,40,70848,"(12,21,1.0000,1.0000,1.0000)|(3,28,0.9984,1.0000,0.4268)|(5,26,1.0000,1.0000,0.7707)|(23,3,0.0000,0.0000,0.5125)|(12,21,1.0000,0.8905,0.5923)|(19,6,1.0000,1.0000,0.1051)|(7,26,1.0000,1.0000,0.5036)|(12,21,1.0000,1.0000,0.3517)|(12,21,1.0000,1.0000,0.5101)",8|8|8|8|8|8|8|8|8,0.999023|1.000000|1.000000|1.000000|0.998535|1.000000|1.000000|0.998047|0.998535,192,40,0.5,0.9,0.9,32,0.1,1337,cuda,fastprior
2,8,8,0.924805,0|1|2|3|4|5|6|7|9,0|0|0|0|0|0|0|0|0,40,70848,"(25,16,1.0000,1.0000,0.9988)|(15,30,1.0000,1.0000,1.0000)|(27,25,1.0000,1.0000,1.0000)|(27,24,1.0000,1.0000,0.9566)|(27,25,1.0000,0.9990,1.0000)|(27,26,0.0000,0.0000,0.4946)|(27,21,1.0000,1.0000,0.9897)|(27,25,1.0000,0.9994,1.0000)|(27,21,1.0000,1.0000,1.0000)",8|1|8|8|8|8|1|8|1,0.918457|0.886230|0.646484|0.702637|0.645508|0.788574|0.509766|0.646973|0.510742,192,40,0.5,0.9,0.9,32,0.1,1337,cuda,fastprior
4,6,6,1.000000,0|1|2|3|4|5|7|8|9,0|0|0|0|0|0|0|0|0,40,70848,"(17,6,0.0000,0.0000,0.8020)|(16,20,0.0000,0.0000,0.7247)|(22,19,0.0000,0.0000,0.6808)|(4,11,0.0000,0.0000,0.7128)|(19,19,0.0000,0.0000,0.4429)|(18,11,0.0000,0.0000,0.6736)|(7,12,0.0000,0.0000,0.6566)|(19,19,0.0000,0.0000,0.7844)|(19,19,0.0000,0.0000,0.6893)",6|6|6|6|6|6|6|6|6,1.000000|1.000000|0.999512|1.000000|0.999023|1.000000|1.000000|0.999023|0.999023,192,40,0.5,0.9,0.9,32,0.1,1337,cuda,fastprior
5,6,6,1.000000,0|1|2|3|4|5|7|8|9,0|0|0|0|0|0|0|0|0,40,70848,"(25,19,1.0000,1.0000,1.0000)|(18,17,0.0000,0.0000,0.6630)|(20,19,1.0000,1.0000,1.0000)|(11,17,1.0000,1.0000,1.0000)|(11,7,0.0000,0.0000,1.0000)|(17,6,0.0000,0.0000,0.6850)|(18,19,0.7091,1.0000,1.0000)|(11,17,0.0000,0.0000,0.6211)|(16,7,0.0000,0.0000,0.6687)",6|6|6|6|6|6|6|6|6,1.000000|0.998535|0.993652|1.000000|0.999512|1.000000|1.000000|0.985840|1.000000,192,40,0.5,0.9,0.9,32,0.1,1337,cuda,fastprior
6,1,1,0.902344,0|2|3|4|5|6|7|8|9,0|0|0|0|0|0|0|0|0,40,70848,"(7,12,1.0000,1.0000,1.0000)|(25,30,1.0000,1.0000,1.0000)|(25,30,1.0000,1.0000,1.0000)|(25,28,1.0000,1.0000,0.9790)|(27,27,1.0000,0.7754,1.0000)|(27,27,1.0000,1.0000,1.0000)|(9,20,1.0000,1.0000,0.9876)|(25,29,1.0000,1.0000,0.9884)|(26,20,0.1677,0.0000,0.0000)",1|1|1|1|1|1|1|1|9,0.996094|0.978027|0.978027|0.936523|0.719238|0.737793|0.988770|0.981445|0.789551,192,40,0.5,0.9,0.9,32,0.1,1337,cuda,fastprior
7,6,6,0.999023,0|1|2|3|4|5|7|8|9,0|0|1|0|0|0|0|0|0,40,70848,"(17,17,0.0000,0.0000,0.6911)|(21,20,1.0000,1.0000,1.0000)|(17,14,1.0000,1.0000,1.0000)|(18,14,1.0000,1.0000,1.0000)|(16,14,0.1285,0.0804,0.9744)|(17,17,1.0000,1.0000,1.0000)|(18,15,1.0000,1.0000,1.0000)|(23,25,0.0000,0.0000,0.7164)|(18,15,1.0000,1.0000,1.0000)",6|6|2|2|6|6|6|6|6,0.975586|1.000000|0.980469|0.848633|0.813477|0.965332|0.668945|0.998535|0.668945,192,40,0.5,0.9,0.9,32,0.1,1337,cuda,fastprior
8,3,3,1.000000,0|1|2|4|5|6|7|8|9,0|0|0|0|1|0|0|0|0,40,70848,"(18,9,0.0287,0.0000,0.0000)|(18,8,0.1513,0.0000,0.2747)|(16,26,0.0063,0.0000,0.0000)|(17,23,0.0000,0.2419,0.3324)|(18,9,0.0000,0.0000,0.6863)|(18,8,0.1030,0.0358,0.1943)|(18,8,0.0000,0.1226,0.0891)|(13,3,0.1067,0.0000,0.1846)|(15,6,0.0238,0.0255,0.0000)",3|3|3|3|3|3|3|3|3,0.999512|0.579102|1.000000|1.000000|0.907715|0.539062|0.503418|1.000000|0.998047,192,40,0.5,0.9,0.9,32,0.1,1337,cuda,fastprior
9,1,1,0.999512,0|2|3|4|5|6|7|8|9,0|0|0|0|0|0|0|0|0,40,70848,"(15,10,1.0000,1.0000,1.0000)|(26,29,1.0000,1.0000,1.0000)|(15,12,1.0000,1.0000,1.0000)|(15,12,1.0000,1.0000,1.0000)|(13,26,0.0000,0.3495,1.0000)|(15,12,0.7280,0.7953,0.5450)|(15,12,1.0000,1.0000,1.0000)|(21,13,1.0000,1.0000,1.0000)|(15,25,0.3031,0.0000,0.9989)",1|1|1|1|1|1|1|1|1,0.997070|0.999023|0.983887|0.983887|0.978516|0.991211|0.983887|0.999512|0.997070,192,40,0.5,0.9,0.9,32,0.1,1337,cuda,fastprior
10,0,0,1.000000,1|2|3|4|5|6|7|8|9,0|0|0|0|0|0|0|0|0,40,70848,"(13,17,1.0000,1.0000,1.0000)|(14,23,0.7804,0.4654,0.2962)|(22,26,1.0000,1.0000,1.0000)|(22,14,0.6426,0.4210,0.2860)|(13,16,1.0000,1.0000,1.0000)|(23,4,1.0000,1.0000,1.0000)|(23,15,0.0040,0.0000,0.3708)|(22,14,0.1552,0.0000,0.0455)|(11,16,0.5514,0.4068,0.2353)",0|0|0|0|0|0|0|0|0,1.000000|1.000000|1.000000|0.999512|1.000000|0.998047|1.000000|0.999512|1.000000,192,40,0.5,0.9,0.9,32,0.1,1337,cuda,fastprior
11,9,9,1.000000,0|1|2|3|4|5|6|7|8,0|0|0|0|0|0|0|0|0,40,70848,"(23,25,0.7678,0.7100,0.7813)|(7,25,0.8181,0.9426,1.0000)|(27,21,0.9384,0.9595,0.2984)|(25,22,0.6548,0.1575,0.7595)|(22,22,0.8542,0.4877,0.4634)|(28,8,0.6661,0.1207,0.2953)|(10,7,0.8336,0.1413,0.1386)|(4,17,0.7956,0.4054,0.5008)|(6,14,0.0359,0.2720,0.3601)",9|9|9|9|9|9|9|9|9,1.000000|1.000000|1.000000|1.000000|1.000000|1.000000|1.000000|1.000000|1.000000,192,40,0.5,0.9,0.9,32,0.1,1337,cuda,fastprior
12,5,5,0.998535,0|1|2|3|4|6|7|8|9,0|0|0|0|0|0|0|0|0,40,70848,"(25,12,0.0000,0.0000,0.0813)|(11,20,1.0000,1.0000,1.0000)|(19,26,0.0000,0.0000,0.2350)|(19,26,0.0000,0.0000,0.4338)|(16,27,0.9106,0.2289,0.6181)|(10,20,1.0000,0.9189,0.7525)|(19,26,0.0000,0.0000,0.0414)|(19,20,1.0000,0.9750,1.0000)|(16,26,1.0000,1.0000,1.0000)",5|5|5|5|5|5|5|5|5,0.999023|0.998535|0.903809|0.912109|0.988281|0.998535|0.905762|0.999512|0.981934,192,40,0.5,0.9,0.9,32,0.1,1337,cuda,fastprior
13,7,7,1.000000,0|1|2|3|4|5|6|8|9,0|0|0|0|0|0|0|0|0,40,70848,"(16,13,1.0000,1.0000,0.8109)|(12,12,1.0000,1.0000,0.7886)|(10,2,1.0000,0.8876,0.5034)|(18,22,1.0000,1.0000,0.8943)|(18,23,1.0000,0.9184,0.4943)|(18,23,1.0000,1.0000,0.8215)|(18,27,1.0000,1.0000,0.6424)|(6,27,1.0000,0.8114,0.3228)|(10,2,1.0000,1.0000,0.7898)",7|7|7|7|7|7|7|7|7,1.000000|1.000000|1.000000|1.000000|0.999023|0.999023|1.000000|1.000000|1.000000,192,40,0.5,0.9,0.9,32,0.1,1337,cuda,fastprior
14,9,9,1.000000,0|1|2|3|4|5|6|7|8,0|0|0|0|0|0|0|0|0,40,70848,"(14,15,1.0000,1.0000,0.9975)|(24,7,1.0000,1.0000,1.0000)|(24,7,0.9996,1.0000,1.0000)|(24,7,0.9701,1.0000,1.0000)|(21,16,1.0000,1.0000,1.0000)|(24,7,1.0000,1.0000,0.9885)|(24,7,1.0000,1.0000,1.0000)|(24,8,1.0000,1.0000,1.0000)|(24,7,1.0000,1.0000,1.0000)",9|9|9|9|9|9|9|9|9,1.000000|0.996582|0.996582|0.996582|1.000000|0.996582|0.996582|0.999512|0.996582,192,40,0.5,0.9,0.9,32,0.1,1337,cuda,fastprior
16,5,5,1.000000,0|1|2|3|4|6|7|8|9,0|0|0|0|0|0|0|0|0,40,70848,"(6,15,1.0000,1.0000,1.0000)|(11,20,0.9100,0.2612,0.0000)|(6,16,1.0000,0.9971,1.0000)|(4,15,1.0000,1.0000,1.0000)|(6,16,1.0000,0.6602,0.1753)|(19,11,1.0000,1.0000,1.0000)|(16,4,0.0000,0.7686,1.0000)|(11,20,0.9473,0.5775,0.1039)|(4,15,1.0000,1.0000,1.0000)",5|5|5|5|5|5|5|5|5,1.000000|0.999512|0.999512|0.998535|1.000000|1.000000|0.999512|1.000000|0.998535,192,40,0.5,0.9,0.9,32,0.1,1337,cuda,fastprior
17,7,7,1.000000,0|1|2|3|4|5|6|8|9,0|0|0|0|0|0|0|0|0,40,70848,"(22,9,1.0000,1.0000,1.0000)|(14,13,1.0000,1.0000,1.0000)|(19,15,1.0000,0.9998,1.0000)|(12,12,1.0000,1.0000,1.0000)|(14,13,1.0000,1.0000,1.0000)|(14,13,1.0000,1.0000,1.0000)|(6,24,0.0000,0.0000,1.0000)|(14,6,1.0000,1.0000,1.0000)|(19,15,1.0000,0.9836,0.9058)",7|7|7|7|7|7|7|7|7,1.000000|0.995605|0.999023|1.000000|0.995605|0.995605|1.000000|1.000000|0.999023,192,40,0.5,0.9,0.9,32,0.1,1337,cuda,fastprior
18,8,8,1.000000,0|1|2|3|4|5|6|7|9,0|0|0|0|0|0|0|0|0,40,70848,"(19,16,1.0000,1.0000,1.0000)|(6,28,1.0000,1.0000,1.0000)|(6,28,1.0000,1.0000,0.9986)|(15,16,1.0000,1.0000,0.5000)|(9,22,1.0000,1.0000,0.5589)|(9,23,1.0000,1.0000,0.5285)|(9,23,1.0000,1.0000,0.5521)|(9,23,0.9990,1.0000,1.0000)|(9,23,1.0000,1.0000,0.5821)",8|8|8|8|8|8|8|8|8,1.000000|0.999512|0.999512|1.000000|0.999512|0.995605|0.995605|0.995605|0.995605,192,40,0.5,0.9,0.9,32,0.1,1337,cuda,fastprior
19,6,6,1.000000,0|1|2|3|4|5|7|8|9,0|0|0|0|0|0|0|0|0,40,70848,"(24,23,0.9593,1.0000,0.9438)|(14,6,1.0000,1.0000,1.0000)|(3,6,1.0000,1.0000,1.0000)|(25,19,1.0000,1.0000,1.0000)|(8,5,0.9532,1.0000,0.9097)|(27,22,1.0000,1.0000,0.9813)|(17,17,1.0000,0.8880,1.0000)|(2,8,1.0000,1.0000,0.9616)|(1,6,1.0000,1.0000,1.0000)",6|6|6|6|6|6|6|6|6,1.000000|1.000000|1.000000|1.000000|1.000000|1.000000|1.000000|1.000000|1.000000,192,40,0.5,0.9,0.9,32,0.1,1337,cuda,fastprior
20,7,7,0.626953,0|1|2|3|4|5|6|8|9,0|0|0|0|0|1|0|0|0,40,70848,"(25,17,1.0000,1.0000,1.0000)|(23,19,1.0000,1.0000,0.9530)|(19,17,1.0000,1.0000,0.9994)|(19,12,1.0000,1.0000,1.0000)|(19,17,1.0000,0.8953,1.0000)|(28,18,0.1020,0.0000,0.1464)|(25,17,1.0000,0.9988,1.0000)|(17,7,0.9980,1.0000,0.9985)|(16,14,0.8050,1.0000,0.0742)",5|5|5|5|5|7|5|7|9,0.502441|0.812012|0.573242|0.711914|0.613770|0.521484|0.503418|0.650391|0.504883,192,40,0.5,0.9,0.9,32,0.1,1337,cuda,fastprior
21,0,0,0.999512,1|2|3|4|5|6|7|8|9,0|0|0|0|0|0|0|0|0,40,70848,"(20,23,0.0000,0.0000,0.6145)|(21,20,0.6782,0.2634,0.0051)|(16,18,1.0000,0.9170,0.7280)|(21,21,0.0000,0.0000,0.6863)|(20,23,0.0000,0.0000,0.7760)|(15,16,0.0000,0.9895,0.0000)|(20,23,0.0000,0.0000,0.7890)|(15,13,0.0000,0.0828,0.7210)|(14,16,0.0000,0.0000,0.5670)",0|0|0|0|0|0|0|0|0,0.958008|0.998047|0.999512|0.995117|0.960938|0.996094|0.961426|1.000000|0.999512,192,40,0.5,0.9,0.9,32,0.1,1337,cuda,fastprior
22,4,4,0.977051,0|1|2|3|5|6|7|8|9,1|0|0|1|0|0|0|0|0,40,70848,"(13,12,1.0000,1.0000,1.0000)|(18,14,0.0433,0.2717,1.0000)|(13,15,1.0000,0.5000,0.0000)|(14,17,1.0000,0.9726,0.7886)|(17,20,1.0000,1.0000,0.9875)|(17,23,0.0000,0.3609,1.0000)|(12,11,1.0000,0.0000,0.0000)|(18,14,0.0000,0.3850,1.0000)|(14,18,1.0000,1.0000,1.0000)",4|8|4|3|0|4|4|8|3,0.890137|0.354492|0.681641|0.846680|0.474365|0.552734|0.793457|0.416748|0.608887,192,40,0.5,0.9,0.9,32,0.1,1337,cuda,fastprior
23,9,9,1.000000,0|1|2|3|4|5|6|7|8,0|0|0|0|0|0|0|0|0,40,70848,"(10,17,0.0565,0.5367,0.6648)|(2,11,1.0000,1.0000,1.0000)|(4,10,0.3445,0.0997,0.8015)|(3,8,0.1166,0.9547,0.7138)|(14,17,0.3608,0.6180,0.0769)|(17,4,0.9244,0.5804,0.3136)|(20,13,0.3028,0.7701,0.2521)|(4,10,0.3052,0.9541,0.0801)|(10,10,0.1029,0.0613,0.3395)",9|9|9|9|9|9|9|9|9,1.000000|1.000000|1.000000|1.000000|1.000000|1.000000|1.000000|1.000000|1.000000,192,40,0.5,0.9,0.9,32,0.1,1337,cuda,fastprior
24,5,5,0.994141,0|1|2|3|4|6|7|8|9,0|0|0|0|0|0|0|0|0,40,70848,"(19,20,0.0000,0.9858,1.0000)|(13,12,0.0000,1.0000,1.0000)|(18,12,0.0000,0.0000,0.6526)|(18,19,0.1393,0.8476,0.0000)|(10,12,0.0021,0.1826,0.0000)|(18,12,0.1042,0.0000,0.0000)|(19,21,0.0046,1.0000,1.0000)|(19,21,0.2693,1.0000,0.8720)|(17,20,1.0000,0.0000,0.0829)",5|5|5|5|5|5|5|5|5,1.000000|0.962402|0.637695|0.999512|1.000000|0.557129|1.000000|1.000000|1.000000,192,40,0.5,0.9,0.9,32,0.1,1337,cuda,fastprior
25,2,2,0.894531,0|1|3|4|5|6|7|8|9,0|0|0|0|0|0|0|0|0,40,70848,"(16,22,0.3713,1.0000,1.0000)|(11,17,1.0000,0.9941,0.0000)|(10,19,0.9900,0.9217,0.7816)|(11,20,1.0000,0.9892,1.0000)|(13,23,1.0000,1.0000,0.0604)|(13,31,0.0000,1.0000,1.0000)|(14,21,0.3992,1.0000,1.0000)|(16,22,1.0000,0.0000,0.0000)|(11,17,1.0000,0.0000,0.2743)",2|2|2|2|3|2|2|2|2,0.961914|0.996582|0.798340|0.636719|0.391602|0.962402|0.747559|0.987793|0.992188,192,40,0.5,0.9,0.9,32,0.1,1337,cuda,fastprior
26,4,4,1.000000,0|1|2|3|5|6|7|8|9,0|0|0|1|0|0|0|0|0,40,70848,"(13,13,1.0000,0.5079,0.9992)|(14,13,1.0000,0.4209,1.0000)|(16,12,1.0000,0.9972,1.0000)|(10,9,1.0000,1.0000,1.0000)|(18,21,1.0000,0.6379,0.5613)|(19,14,1.0000,0.0000,0.9803)|(9,12,1.0000,0.4538,0.8862)|(18,14,1.0000,0.3549,1.0000)|(19,14,1.0000,0.3865,1.0000)",4|4|4|4|4|4|4|4|4,1.000000|1.000000|0.997559|0.960449|0.911133|1.000000|1.000000|1.000000|1.000000,192,40,0.5,0.9,0.9,32,0.1,1337,cuda,fastprior
27,0,0,1.000000,1|2|3|4|5|6|7|8|9,0|0|0|0|0|0|0|0|0,40,70848,"(10,23,1.0000,1.0000,1.0000)|(12,15,0.3805,1.0000,1.0000)|(19,20,1.0000,1.0000,1.0000)|(16,17,0.0000,0.0000,0.7903)|(23,17,1.0000,0.9519,1.0000)|(15,19,0.6870,1.0000,0.8004)|(19,20,0.0000,0.7397,1.0000)|(19,20,1.0000,1.0000,1.0000)|(7,12,1.0000,0.9104,1.0000)",0|0|0|0|0|0|0|0|0,1.000000|1.000000|1.000000|1.000000|1.000000|1.000000|1.000000|1.000000|1.000000,192,40,0.5,0.9,0.9,32,0.1,1337,cuda,fastprior
28,9,9,0.999512,0|1|2|3|4|5|6|7|8,0|1|0|0|0|0|0|0|0,40,70848,"(13,19,0.9769,1.0000,1.0000)|(25,17,1.0000,0.8043,0.4129)|(15,14,0.8680,1.0000,1.0000)|(22,29,0.9973,1.0000,1.0000)|(22,6,0.3705,0.9980,0.9786)|(1,14,0.4210,1.0000,1.0000)|(19,14,0.7576,1.0000,0.2628)|(21,29,0.3210,1.0000,1.0000)|(23,29,0.1705,1.0000,1.0000)",9|9|1|9|9|9|9|9|9,0.995605|1.000000|0.792969|1.000000|0.999512|0.997559|0.997559|1.000000|1.000000,192,40,0.5,0.9,0.9,32,0.1,1337,cuda,fastprior
29,6,6,0.995117,0|1|2|3|4|5|7|8|9,0|0|0|0|0|0|0|0|0,40,70848,"(26,28,1.0000,1.0000,0.9875)|(22,25,1.0000,1.0000,0.9333)|(11,7,1.0000,0.9442,0.0000)|(16,15,1.0000,1.0000,1.0000)|(9,19,1.0000,0.9993,1.0000)|(14,10,1.0000,1.0000,1.0000)|(14,10,1.0000,1.0000,0.9963)|(14,9,1.0000,1.0000,0.8556)|(12,8,1.0000,1.0000,0.9350)",6|6|6|6|6|6|6|6|6,0.969238|0.973633|0.928711|0.944824|0.997070|0.983887|0.983887|0.979492|0.989258,192,40,0.5,0.9,0.9,32,0.1,1337,cuda,fastprior
30,6,6,0.997559,0|1|2|3|4|5|7|8|9,0|0|0|1|0|0|0|0|0,40,70848,"(12,16,1.0000,1.0000,1.0000)|(14,11,0.7094,0.7261,0.8241)|(8,24,1.0000,0.6392,0.2004)|(19,19,0.8209,1.0000,1.0000)|(8,22,1.0000,0.9720,0.8554)|(10,13,0.8538,0.6658,0.6369)|(14,19,0.0501,0.9126,1.0000)|(24,9,0.6801,0.6723,0.8036)|(11,15,0.6412,0.6561,0.8648)",3|3|6|6|6|3|3|6|3,0.865234|0.891602|0.999023|0.998535|0.996094|0.433105|0.730957|0.996582|0.817871,192,40,0.5,0.9,0.9,32,0.1,1337,cuda,fastprior
31,5,5,1.000000,0|1|2|3|4|6|7|8|9,0|0|0|0|0|0|0|0|0,40,70848,"(15,9,1.0000,1.0000,1.0000)|(13,12,1.0000,1.0000,1.0000)|(19,11,0.0000,0.3884,1.0000)|(11,8,0.0000,1.0000,0.7084)|(9,25,0.6248,0.0000,0.1329)|(9,25,0.0000,0.4939,1.0000)|(12,14,0.6441,1.0000,1.0000)|(10,10,0.5923,1.0000,1.0000)|(12,14,0.6021,1.0000,1.0000)",5|5|5|5|5|5|5|5|5,1.000000|0.990723|0.896973|0.997070|1.000000|1.000000|0.833496|1.000000|0.809570,192,40,0.5,0.9,0.9,32,0.1,1337,cuda,fastprior
32,4,4,1.000000,0|1|2|3|5|6|7|8|9,0|0|0|0|0|0|0|0|0,40,70848,"(17,15,0.0000,0.0000,0.1308)|(16,11,0.0000,0.0000,0.1614)|(14,16,0.9662,0.0534,0.0989)|(10,6,0.2286,0.0000,0.0391)|(16,11,0.0000,0.0000,0.4471)|(8,5,0.0000,0.0000,0.7827)|(14,16,0.0000,0.0000,0.7023)|(10,9,0.0000,0.0000,0.7900)|(8,10,0.0000,0.0000,0.3475)",4|4|4|4|4|4|4|4|4,0.690430|1.000000|1.000000|1.000000|1.000000|1.000000|0.978516|0.998047|0.993652,192,40,0.5,0.9,0.9,32,0.1,1337,cuda,fastprior
33,5,5,0.997070,0|1|2|3|4|6|7|8|9,0|0|0|0|0|0|0|0|0,40,70848,"(20,22,1.0000,1.0000,1.0000)|(19,25,1.0000,1.0000,1.0000)|(18,19,0.6231,1.0000,0.0900)|(11,21,1.0000,1.0000,1.0000)|(26,18,1.0000,1.0000,0.8228)|(13,18,0.2134,1.0000,0.0000)|(18,19,1.0000,1.0000,0.6321)|(26,18,0.3149,1.0000,0.0000)|(13,18,1.0000,1.0000,0.5698)",5|5|5|5|5|5|5|5|5,0.968262|0.941406|0.672852|0.874023|0.996582|0.995117|0.880859|0.999023|0.996582,192,40,0.5,0.9,0.9,32,0.1,1337,cuda,fastprior
34,9,9,1.000000,0|1|2|3|4|5|6|7|8,0|0|0|0|0|0|0|0|0,40,70848,"(7,16,1.0000,1.0000,1.0000)|(7,27,1.0000,0.9907,1.0000)|(8,14,1.0000,1.0000,0.9430)|(8,17,1.0000,1.0000,0.8920)|(1,20,0.3358,0.1287,0.2315)|(12,19,0.3574,0.7282,0.7832)|(30,11,0.2688,0.2219,0.9804)|(7,18,1.0000,1.0000,0.9851)|(9,17,0.7444,1.0000,1.0000)",9|9|9|9|9|9|9|9|9,1.000000|1.000000|1.000000|1.000000|1.000000|1.000000|1.000000|1.000000|1.000000,192,40,0.5,0.9,0.9,32,0.1,1337,cuda,fastprior
35,2,2,0.974609,0|1|3|4|5|6|7|8|9,0|0|0|0|0|0|0|0|0,40,70848,"(12,6,0.0000,0.0000,0.0034)|(22,15,0.6358,1.0000,0.4068)|(20,13,1.0000,1.0000,1.0000)|(29,14,0.3049,1.0000,1.0000)|(14,10,0.0000,1.0000,1.0000)|(16,8,0.0000,1.0000,0.0715)|(29,11,0.2583,1.0000,0.4872)|(20,6,1.0000,1.0000,1.0000)|(29,14,0.6421,1.0000,0.4243)",2|2|3|2|2|2|2|2|2,0.768066|0.744629|0.664551|0.641602|0.766602|0.747070|0.880371|0.984375|0.771973,192,40,0.5,0.9,0.9,32,0.1,1337,cuda,fastprior
36,4,4,0.979004,0|1|2|3|5|6|7|8|9,0|0|0|0|1|0|0|0|0,40,70848,"(20,8,0.0000,1.0000,0.0801)|(20,18,0.0000,0.0000,1.0000)|(20,4,0.0000,0.0000,1.0000)|(17,3,0.0000,1.0000,0.0000)|(19,10,0.0000,0.0000,0.3735)|(15,16,0.0000,1.0000,0.0000)|(18,22,0.0000,0.0000,0.9562)|(24,8,1.0000,0.0005,0.0000)|(22,17,1.0000,0.0000,0.0000)",4|4|4|4|4|4|4|4|4,0.678711|0.642090|0.978516|0.987305|0.996582|0.946289|0.988281|0.626465|0.884766,192,40,0.5,0.9,0.9,32,0.1,1337,cuda,fastprior
37,1,1,0.700195,0|2|3|4|5|6|7|8|9,0|0|0|0|0|0|0|0|1,40,70848,"(11,28,0.7582,0.9209,0.8408)|(20,9,0.0000,0.0000,0.8724)|(7,18,0.0000,0.0000,0.0258)|(7,2,0.0000,0.0000,0.1569)|(13,19,0.3802,0.0000,0.0000)|(13,4,0.4720,0.1536,0.0000)|(7,2,0.0000,0.0000,1.0000)|(9,27,0.7473,0.2851,0.0000)|(7,2,0.6212,0.1560,0.0000)",9|1|1|9|9|1|9|9|9,0.473633|0.992188|0.887207|0.604492|0.967773|0.784668|0.651367|0.498779|0.496826,192,40,0.5,0.9,0.9,32,0.1,1337,cuda,fastprior
38,9,9,1.000000,0|1|2|3|4|5|6|7|8,0|0|0|0|0|0|0|0|0,40,70848,"(14,27,0.0000,0.0000,0.4414)|(3,22,0.0000,0.0000,0.5094)|(7,22,0.6665,0.5323,0.9612)|(14,27,0.0000,0.0000,0.3137)|(24,30,0.0000,0.0000,0.5131)|(23,31,0.0097,0.0000,0.3008)|(7,23,0.0000,0.0000,0.4880)|(20,29,0.0000,0.0000,0.3374)|(14,27,0.0000,0.0000,0.3237)",9|9|9|9|9|9|9|9|9,1.000000|1.000000|1.000000|1.000000|1.000000|1.000000|1.000000|1.000000|1.000000,192,40,0.5,0.9,0.9,32,0.1,1337,cuda,fastprior
39,5,5,1.000000,0|1|2|3|4|6|7|8|9,0|0|0|0|0|0|0|0|0,40,70848,"(22,17,0.0000,0.0609,0.0844)|(3,16,0.0000,0.1713,0.0000)|(17,10,0.3128,0.4802,0.8412)|(8,19,1.0000,0.5356,1.0000)|(17,24,0.0000,0.1772,0.2016)|(15,24,0.0000,0.7068,0.3395)|(15,24,0.0000,0.3776,0.2750)|(18,26,0.0000,1.0000,0.0000)|(19,8,0.0009,0.5904,0.4919)",5|5|5|5|5|5|5|5|5,1.000000|1.000000|1.000000|1.000000|1.000000|1.000000|1.000000|1.000000|1.000000,192,40,0.5,0.9,0.9,32,0.1,1337,cuda,fastprior
40,4,4,1.000000,0|1|2|3|5|6|7|8|9,0|0|0|0|0|0|0|0|0,40,70848,"(28,12,0.0000,1.0000,1.0000)|(16,21,0.8916,1.0000,1.0000)|(13,19,1.0000,0.9995,1.0000)|(11,11,0.8855,0.0000,0.0000)|(22,10,0.0000,0.0000,1.0000)|(22,10,0.0000,0.0000,1.0000)|(22,10,0.0000,0.0000,1.0000)|(14,13,1.0000,1.0000,1.0000)|(22,10,0.0000,0.0000,0.9992)",4|4|4|4|4|4|4|4|4,1.000000|0.983398|0.995605|0.979004|0.989258|0.989258|0.989258|1.000000|0.989258,192,40,0.5,0.9,0.9,32,0.1,1337,cuda,fastprior
41,6,6,1.000000,0|1|2|3|4|5|7|8|9,0|0|0|0|0|0|0|0|0,40,70848,"(19,24,1.0000,1.0000,1.0000)|(17,22,1.0000,1.0000,0.9673)|(16,23,1.0000,0.9179,0.2179)|(5,18,0.7246,1.0000,1.0000)|(26,15,1.0000,1.0000,1.0000)|(19,24,1.0000,1.0000,0.9701)|(16,21,1.0000,0.9973,0.6459)|(18,26,1.0000,1.0000,0.9115)|(15,25,1.0000,1.0000,0.9980)",6|6|6|6|6|6|6|6|6,1.000000|1.000000|1.000000|1.000000|1.000000|1.000000|1.000000|1.000000|1.000000,192,40,0.5,0.9,0.9,32,0.1,1337,cuda,fastprior
42,5,5,0.999512,0|1|2|3|4|6|7|8|9,0|0|0|0|0|0|0|0|0,40,70848,"(14,23,0.8317,1.0000,0.0725)|(13,14,1.0000,1.0000,0.4449)|(20,14,1.0000,0.5106,0.9852)|(23,17,1.0000,1.0000,0.5638)|(12,14,1.0000,1.0000,1.0000)|(13,24,1.0000,1.0000,1.0000)|(17,14,1.0000,1.0000,0.9780)|(23,17,1.0000,1.0000,0.6558)|(14,12,1.0000,1.0000,0.7079)",5|5|5|5|5|5|5|5|5,1.000000|0.983398|0.999023|0.727539|0.981934|1.000000|1.000000|0.746094|0.999512,192,40,0.5,0.9,0.9,32,0.1,1337,cuda,fastprior
43,6,6,1.000000,0|1|2|3|4|5|7|8|9,0|0|0|0|0|0|0|0|0,40,70848,"(2,2,1.0000,1.0000,1.0000)|(16,9,1.0000,1.0000,1.0000)|(3,1,0.9678,0.6944,1.0000)|(16,9,1.0000,1.0000,1.0000)|(16,9,1.0000,1.0000,1.0000)|(17,13,1.0000,1.0000,1.0000)|(3,1,1.0000,1.0000,1.0000)|(16,9,1.0000,1.0000,1.0000)|(14,6,1.0000,1.0000,1.0000)",6|6|6|6|6|6|6|6|6,1.000000|0.996582|1.000000|0.996582|0.996582|1.000000|1.000000|0.996582|1.000000,192,40,0.5,0.9,0.9,32,0.1,1337,cuda,fastprior
44,0,0,1.000000,1|2|3|4|5|6|7|8|9,0|0|0|0|0|0|0|0|0,40,70848,"(2,14,0.2231,0.0000,0.1490)|(14,11,1.0000,1.0000,1.0000)|(2,18,0.8797,0.5390,0.3744)|(3,14,1.0000,1.0000,1.0000)|(30,22,0.0908,0.1353,0.9952)|(14,18,0.4305,0.2090,0.8790)|(13,11,1.0000,0.9497,0.9569)|(30,22,0.0765,0.0000,0.0000)|(22,18,0.0000,0.0409,0.8815)",0|0|0|0|0|0|0|0|0,1.000000|1.000000|1.000000|1.000000|1.000000|1.000000|1.000000|1.000000|1.000000,192,40,0.5,0.9,0.9,32,0.1,1337,cuda,fastprior
45,9,9,1.000000,0|1|2|3|4|5|6|7|8,0|0|0|0|0|0|0|0|0,40,70848,"(19,25,0.0000,0.0000,1.0000)|(7,26,0.9043,1.0000,1.0000)|(13,23,1.0000,0.6585,0.9941)|(22,22,0.9886,0.9482,0.1264)|(5,21,1.0000,0.2367,0.9293)|(2,25,1.0000,0.9872,0.9771)|(12,29,0.8383,0.5493,1.0000)|(25,15,0.0000,0.0000,0.0114)|(15,27,1.0000,0.0000,0.0000)",9|9|9|9|9|9|9|9|9,1.000000|1.000000|1.000000|1.000000|1.000000|1.000000|1.000000|1.000000|1.000000,192,40,0.5,0.9,0.9,32,0.1,1337,cuda,fastprior
46,3,3,0.998047,0|1|2|4|5|6|7|8|9,0|0|0|0|0|0|0|0|0,40,70848,"(19,12,0.0000,0.0000,0.5990)|(17,27,0.0000,0.0000,0.5538)|(10,1,0.0806,0.0438,0.0000)|(23,27,0.2810,0.0000,0.2111)|(19,13,0.9970,0.7689,0.8703)|(17,29,0.5835,0.2251,0.5032)|(16,13,0.0406,0.0000,0.5031)|(24,27,0.5302,0.4799,0.5726)|(10,1,0.7333,0.8800,1.0000)",3|3|3|2|3|3|3|3|3,0.955566|0.999512|0.996582|0.490479|0.996582|0.996094|0.808594|0.998047|0.690918,192,40,0.5,0.9,0.9,32,0.1,1337,cuda,fastprior
47,9,9,0.443848,0|1|2|3|4|5|6|7|8,1|0|0|0|0|0|0|0|0,40,70848,"(7,18,0.9754,1.0000,1.0000)|(18,14,0.6019,0.9465,0.2513)|(12,28,1.0000,1.0000,1.0000)|(12,19,0.8673,0.7249,0.3194)|(4,19,0.0000,0.3500,0.5664)|(19,25,0.0000,0.0000,1.0000)|(3,19,0.6371,0.9671,0.5664)|(8,22,1.0000,0.0312,1.0000)|(8,21,0.0000,1.0000,0.7835)",0|9|9|8|9|9|9|0|0,0.963379|0.427490|0.472900|0.502441|0.595215|0.509766|0.855469|0.768066|0.454834,192,40,0.5,0.9,0.9,32,0.1,1337,cuda,fastprior
48,7,7,1.000000,0|1|2|3|4|5|6|8|9,0|0|0|0|0|0|0|0|0,40,70848,"(10,16,1.0000,1.0000,1.0000)|(16,24,1.0000,1.0000,1.0000)|(6,11,1.0000,1.0000,1.0000)|(10,15,1.0000,1.0000,1.0000)|(7,9,1.0000,1.0000,1.0000)|(6,11,1.0000,1.0000,1.0000)|(7,11,0.9822,1.0000,1.0000)|(7,9,0.9747,1.0000,1.0000)|(7,9,1.0000,1.0000,1.0000)",7|7|7|7|7|7|7|7|7,0.999023|1.000000|0.998047|0.999023|0.997070|0.998047|0.999023|0.997070|0.997070,192,40,0.5,0.9,0.9,32,0.1,1337,cuda,fastprior
49,6,6,0.999512,0|1|2|3|4|5|7|8|9,0|0|0|0|0|0|0|0|0,40,70848,"(13,13,0.9995,1.0000,1.0000)|(13,11,1.0000,1.0000,1.0000)|(15,6,1.0000,1.0000,1.0000)|(12,10,1.0000,0.7251,1.0000)|(15,6,0.9933,0.1357,0.5000)|(11,10,1.0000,0.3470,0.0000)|(14,9,1.0000,0.0990,0.1837)|(14,8,1.0000,0.1376,0.6951)|(15,10,0.9522,0.0000,0.2591)",6|6|2|6|6|6|6|6|6,0.665527|0.998535|0.646484|1.000000|0.625977|1.000000|1.000000|0.999023|1.000000,192,40,0.5,0.9,0.9,32,0.1,1337,cuda,fastprior
50,9,9,1.000000,0|1|2|3|4|5|6|7|8,0|0|0|0|0|0|0|0|0,40,70848,"(9,21,0.4378,0.5604,0.9897)|(26,17,1.0000,1.0000,1.0000)|(13,22,0.0000,0.0654,0.9835)|(24,26,0.0000,0.4214,0.5906)|(26,17,1.0000,0.9038,1.0000)|(24,26,0.0000,0.2358,1.0000)|(12,20,0.0000,0.1994,0.9572)|(26,25,0.0000,0.0000,1.0000)|(20,23,0.0000,0.3123,0.9157)",9|9|9|9|9|9|9|9|9,1.000000|0.998535|1.000000|1.000000|0.998535|1.000000|1.000000|0.999023|0.997070,192,40,0.5,0.9,0.9,32,0.1,1337,cuda,fastprior
51,8,8,1.000000,0|1|2|3|4|5|6|7|9,0|0|0|0|0|0|0|0|0,40,70848,"(13,26,1.0000,0.8269,1.0000)|(17,9,1.0000,1.0000,1.0000)|(18,9,1.0000,1.0000,1.0000)|(21,16,1.0000,1.0000,0.6822)|(8,25,1.0000,1.0000,1.0000)|(20,30,1.0000,0.9950,1.0000)|(20,30,1.0000,1.0000,1.0000)|(20,30,1.0000,1.0000,1.0000)|(15,8,1.0000,1.0000,0.3833)",8|8|8|8|8|8|8|8|8,0.999512|1.000000|1.000000|1.000000|1.000000|0.999023|0.999023|0.999023|1.000000,192,40,0.5,0.9,0.9,32,0.1,1337,cuda,fastprior
53,3,3,0.995605,0|1|2|4|5|6|7|8|9,0|0|0|0|1|0|0|0|0,40,70848,"(14,4,1.0000,0.9782,0.5780)|(13,9,1.0000,1.0000,0.5325)|(11,9,1.0000,1.0000,0.5278)|(22,10,0.3101,0.1382,1.0000)|(10,10,1.0000,0.7128,1.0000)|(10,4,0.5310,1.0000,0.4496)|(13,13,0.4014,1.0000,1.0000)|(11,13,0.6931,1.0000,0.3294)|(11,9,1.0000,0.9904,0.6867)",3|5|3|3|5|3|3|3|3,0.999512|0.708496|0.610840|0.998047|0.944336|1.000000|0.945312|0.998535|0.513672,192,40,0.5,0.9,0.9,32,0.1,1337,cuda,fastprior
54,8,8,1.000000,0|1|2|3|4|5|6|7|9,0|0|0|0|0|0|0|0|0,40,70848,"(21,10,0.9992,1.0000,1.0000)|(21,10,0.9992,1.0000,1.0000)|(24,15,0.4228,0.0000,0.0000)|(23,14,0.0000,0.0000,0.0000)|(28,13,0.0000,0.0000,0.0000)|(6,7,0.0000,0.0000,0.2069)|(27,14,0.0000,0.0000,0.1028)|(6,7,0.0000,0.0000,0.1354)|(6,7,0.0000,0.0000,0.0327)",8|8|8|8|8|8|8|8|8,0.849121|0.849121|1.000000|1.000000|1.000000|0.997559|1.000000|0.997559|0.997559,192,40,0.5,0.9,0.9,32,0.1,1337,cuda,fastprior
55,8,8,1.000000,0|1|2|3|4|5|6|7|9,0|0|0|0|0|0|0|0|0,40,70848,"(17,23,1.0000,0.9996,1.0000)|(7,24,1.0000,1.0000,0.8854)|(3,26,1.0000,1.0000,0.9176)|(9,27,1.0000,1.0000,0.7579)|(13,19,1.0000,1.0000,0.8527)|(20,21,1.0000,1.0000,0.8901)|(17,23,1.0000,1.0000,0.7485)|(17,23,1.0000,1.0000,0.7558)|(17,23,0.4436,1.0000,0.5942)",8|8|8|8|8|8|8|8|8,0.994629|1.000000|1.000000|1.000000|1.000000|1.000000|0.995605|0.995605|0.999512,192,40,0.5,0.9,0.9,32,0.1,1337,cuda,fastprior
56,7,7,1.000000,0|1|2|3|4|5|6|8|9,0|0|0|0|0|0|0|0|0,40,70848,"(16,15,0.0000,0.0000,0.7079)|(16,20,0.0000,0.0000,1.0000)|(21,18,0.0000,0.4529,0.0000)|(18,16,0.0000,0.1426,0.6106)|(20,19,0.0000,0.0000,0.6383)|(16,20,0.0000,0.0000,0.8992)|(16,20,0.0000,0.0343,0.5771)|(16,20,0.0000,0.0000,0.9642)|(16,15,1.0000,1.0000,1.0000)",7|7|7|7|7|7|7|7|7,1.000000|0.999023|1.000000|1.000000|1.000000|0.999023|0.999023|0.999023|1.000000,192,40,0.5,0.9,0.9,32,0.1,1337,cuda,fastprior
58,4,4,0.535156,0|1|2|3|5|6|7|8|9,0|0|0|0|1|0|0|0|0,40,70848,"(9,18,0.2072,0.0000,0.5089)|(21,17,0.0000,0.2360,0.1613)|(26,13,1.0000,0.0000,0.0000)|(19,11,0.0000,0.9093,0.0000)|(25,13,0.0000,0.0000,0.5963)|(24,9,0.4108,1.0000,0.0000)|(25,13,1.0000,1.0000,0.9903)|(9,18,0.2684,0.0989,0.2238)|(15,12,0.0000,0.1076,0.0521)",4|5|4|5|5|4|4|4|5,0.904297|0.873535|0.640625|0.883301|0.785156|0.529297|0.680176|0.911133|0.705078,192,40,0.5,0.9,0.9,32,0.1,1337,cuda,fastprior
60,7,7,1.000000,0|1|2|3|4|5|6|8|9,0|0|0|0|0|0|0|0|0,40,70848,"(3,15,0.0000,0.0000,1.0000)|(3,15,0.0000,0.0000,1.0000)|(3,15,0.0000,0.0000,1.0000)|(28,24,0.0000,0.0000,1.0000)|(3,15,0.0000,0.0000,1.0000)|(3,15,0.0000,0.0000,1.0000)|(18,19,0.0000,0.0000,1.0000)|(4,16,0.0000,0.0000,1.0000)|(4,16,0.0000,0.0000,1.0000)",7|7|7|7|7|7|7|7|7,0.996094|0.996094|0.996094|1.000000|0.996094|0.996094|1.000000|0.999023|0.999023,192,40,0.5,0.9,0.9,32,0.1,1337,cuda,fastprior
62,6,6,1.000000,0|1|2|3|4|5|7|8|9,0|0|0|1|0|0|0|0|0,40,70848,"(21,6,1.0000,1.0000,1.0000)|(23,7,1.0000,1.0000,1.0000)|(13,14,1.0000,1.0000,1.0000)|(13,14,1.0000,0.9014,0.4847)|(13,15,1.0000,1.0000,1.0000)|(5,8,0.0000,0.0000,1.0000)|(13,15,1.0000,1.0000,0.9119)|(14,18,0.0000,0.0000,0.0000)|(14,17,1.0000,1.0000,0.9899)",6|6|6|6|6|6|6|6|6,0.791504|0.993164|1.000000|1.000000|1.000000|1.000000|1.000000|0.983887|0.997559,192,40,0.5,0.9,0.9,32,0.1,1337,cuda,fastprior
63,3,3,0.956543,0|1|2|4|5|6|7|8|9,0|0|0|0|0|0|0|0|0,40,70848,"(14,19,0.9933,0.8615,0.5969)|(15,14,1.0000,0.9987,1.0000)|(15,16,0.9392,0.8152,1.0000)|(16,13,1.0000,1.0000,1.0000)|(29,19,0.7068,0.6101,1.0000)|(25,23,1.0000,0.8833,1.0000)|(22,24,0.8780,0.8098,1.0000)|(25,23,1.0000,0.9642,1.0000)|(19,22,1.0000,0.7886,0.3208)",1|1|1|3|3|3|3|3|3,0.502441|0.731934|0.498291|0.722656|0.713379|0.597168|0.950684|0.612305|0.760254,192,40,0.5,0.9,0.9,32,0.1,1337,cuda,fastprior
64,6,6,1.000000,0|1|2|3|4|5|7|8|9,0|0|0|0|0|0|0|0|0,40,70848,"(13,8,1.0000,1.0000,1.0000)|(20,7,1.0000,1.0000,0.0000)|(13,8,1.0000,0.9985,1.0000)|(21,14,1.0000,1.0000,1.0000)|(18,20,1.0000,0.8843,0.1777)|(19,19,1.0000,0.2837,0.1023)|(23,22,1.0000,1.0000,1.0000)|(18,20,1.0000,0.0000,0.9077)|(14,4,1.0000,0.9794,0.0000)",6|6|6|6|6|6|6|6|6,0.981934|1.000000|0.981934|0.997559|0.981445|0.999512|1.000000|0.985352|1.000000,192,40,0.5,0.9,0.9,32,0.1,1337,cuda,fastprior
65,2,2,1.000000,0|1|3|4|5|6|7|8|9,0|0|0|0|0|0|0|0|0,40,70848,"(16,19,0.9547,1.0000,1.0000)|(16,22,0.9418,0.9207,0.0710)|(17,19,1.0000,1.0000,0.9690)|(18,16,1.0000,1.0000,1.0000)|(10,13,0.9601,0.7477,0.8926)|(14,18,0.0000,0.0000,0.6626)|(24,21,0.4748,0.1386,0.7874)|(3,15,0.4092,0.4220,0.6919)|(17,18,0.7408,0.0423,0.8497)",2|2|2|2|2|2|2|2|2,1.000000|1.000000|1.000000|1.000000|1.000000|1.000000|1.000000|1.000000|1.000000,192,40,0.5,0.9,0.9,32,0.1,1337,cuda,fastprior
66,1,1,0.999023,0|2|3|4|5|6|7|8|9,0|0|0|0|0|0|0|0|0,40,70848,"(18,26,1.0000,0.9959,1.0000)|(16,24,1.0000,1.0000,1.0000)|(21,23,0.5639,0.0000,0.0000)|(16,24,0.7611,0.1722,0.2657)|(19,19,1.0000,1.0000,1.0000)|(23,16,0.7084,0.0000,0.3587)|(21,22,0.6038,0.0000,0.0000)|(23,12,0.0884,0.9258,0.0000)|(25,11,0.8226,1.0000,1.0000)",1|1|1|1|1|1|1|1|1,0.996094|0.997070|0.999023|0.999023|0.999512|0.999512|0.999512|0.989258|0.999512,192,40,0.5,0.9,0.9,32,0.1,1337,cuda,fastprior
67,2,2,0.999512,0|1|3|4|5|6|7|8|9,0|0|0|0|0|0|0|0|0,40,70848,"(15,5,0.0000,0.0000,0.1862)|(22,6,1.0000,0.0000,0.0000)|(22,6,1.0000,0.0000,0.0000)|(15,5,0.0000,0.0000,0.0241)|(18,7,1.0000,0.0000,0.0000)|(13,20,1.0000,0.0000,0.0000)|(15,5,0.0000,0.0000,0.0000)|(24,10,0.0000,0.0000,0.0000)|(17,13,0.0000,0.0000,0.0539)",2|2|2|2|2|2|2|2|2,0.942871|0.999023|0.999023|0.943359|0.997559|0.984375|0.943848|0.999023|0.999023,192,40,0.5,0.9,0.9,32,0.1,1337,cuda,fastprior
68,3,3,0.945312,0|1|2|4|5|6|7|8|9,0|0|0|0|1|0|0|0|0,40,70848,"(18,18,0.0000,0.7872,1.0000)|(21,16,0.0463,0.7339,1.0000)|(20,16,0.5949,0.9685,0.9601)|(18,18,0.0000,0.5842,1.0000)|(29,20,0.0000,0.3428,1.0000)|(16,17,0.0127,0.9000,0.0000)|(20,16,0.1761,0.7952,1.0000)|(20,16,0.0000,1.0000,0.0000)|(19,20,0.0000,0.9053,1.0000)",3|3|3|3|3|3|3|3|3,0.468506|0.999512|0.999023|0.392334|0.665527|0.476318|0.999023|0.998047|0.994629,192,40,0.5,0.9,0.9,32,0.1,1337,cuda,fastprior
69,7,7,0.856934,0|1|2|3|4|5|6|8|9,0|0|0|0|0|0|0|0|0,40,70848,"(1,28,0.0000,0.0000,0.9529)|(16,18,0.2570,0.0000,0.0000)|(19,18,1.0000,1.0000,1.0000)|(6,17,1.0000,1.0000,1.0000)|(16,9,1.0000,1.0000,1.0000)|(20,25,1.0000,1.0000,1.0000)|(26,11,0.0000,0.0000,0.0184)|(2,18,0.4888,0.0000,0.0000)|(10,2,0.0000,0.0000,0.0000)",7|7|7|7|4|7|7|7|7,0.847168|0.980469|0.990234|0.577148|0.699707|0.971680|0.836914|0.825684|0.965332,192,40,0.5,0.9,0.9,32,0.1,1337,cuda,fastprior
70,2,2,0.787598,0|1|3|4|5|6|7|8|9,1|0|1|0|0|0|0|0|0,40,70848,"(9,16,1.0000,0.0000,0.0000)|(14,25,0.3397,1.0000,0.5299)|(21,8,0.0583,0.6773,0.1549)|(22,8,0.5723,0.4805,0.0000)|(23,18,0.0234,0.0000,0.3098)|(9,16,0.0000,1.0000,0.0000)|(20,11,0.6180,0.3097,0.3950)|(22,8,0.6374,0.0000,0.0000)|(23,9,0.0000,1.0000,0.7298)",0|2|3|2|5|0|2|2|2,0.965820|0.882324|0.946289|0.448730|0.391846|0.544434|0.965820|0.913086|0.544922,192,40,0.5,0.9,0.9,32,0.1,1337,cuda,fastprior
71,6,6,0.999512,0|1|2|3|4|5|7|8|9,0|0|0|1|0|0|0|0|0,40,70848,"(8,7,1.0000,1.0000,1.0000)|(7,14,1.0000,1.0000,1.0000)|(7,13,0.0000,0.0000,0.6711)|(5,15,0.0000,0.0000,1.0000)|(21,13,1.0000,0.9628,1.0000)|(8,14,0.0000,0.0000,0.7007)|(7,14,1.0000,0.9965,1.0000)|(6,16,0.0000,0.0000,0.6349)|(7,14,1.0000,1.0000,1.0000)",6|6|6|6|6|6|6|6|6,0.999512|0.931152|0.963867|0.999512|0.779785|0.982910|0.930664|0.998535|0.931152,192,40,0.5,0.9,0.9,32,0.1,1337,cuda,fastprior
72,8,8,1.000000,0|1|2|3|4|5|6|7|9,1|0|0|0|0|0|0|0|0,40,70848,"(12,13,0.0000,0.0000,0.4575)|(24,29,1.0000,1.0000,1.0000)|(14,7,0.0000,0.0000,0.7774)|(17,22,0.9988,0.5950,1.0000)|(14,8,0.8578,1.0000,0.8712)|(20,17,1.0000,1.0000,1.0000)|(17,22,1.0000,0.9787,0.5237)|(17,22,1.0000,1.0000,1.0000)|(17,22,0.9926,1.0000,0.9586)",8|8|8|8|8|8|0|0|0,0.998047|0.998535|0.993652|0.534668|1.000000|1.000000|0.528320|0.526855|0.536621,192,40,0.5,0.9,0.9,32,0.1,1337,cuda,fastprior
73,8,8,0.999512,0|1|2|3|4|5|6|7|9,0|0|0|0|0|0|0|0|0,40,70848,"(5,14,0.0000,0.0000,0.1187)|(29,26,1.0000,1.0000,0.0000)|(13,10,0.9500,0.0000,0.0000)|(15,14,0.2160,0.0000,0.0058)|(29,26,1.0000,1.0000,0.8953)|(29,26,1.0000,1.0000,0.8793)|(14,13,1.0000,0.9990,0.7606)|(29,26,1.0000,1.0000,0.9028)|(15,16,1.0000,1.0000,0.6451)",8|8|8|8|8|8|8|8|8,0.998047|0.975586|0.998535|0.997559|0.936035|0.937012|0.995605|0.936035|1.000000,192,40,0.5,0.9,0.9,32,0.1,1337,cuda,fastprior
74,0,0,0.888672,1|2|3|4|5|6|7|8|9,0|0|0|0|0|0|0|0|0,40,70848,"(14,22,1.0000,1.0000,0.0000)|(18,16,1.0000,0.3011,0.0000)|(14,22,1.0000,1.0000,0.1517)|(14,22,1.0000,0.9617,0.3508)|(14,22,1.0000,1.0000,0.0199)|(21,16,1.0000,1.0000,0.1612)|(20,8,1.0000,1.0000,0.0000)|(13,11,0.7937,0.5000,0.0714)|(19,18,0.0000,1.0000,0.0822)",0|0|0|0|0|0|0|0|0,0.617676|0.968262|0.660645|0.747559|0.623047|0.986816|0.770508|0.944336|0.993652,192,40,0.5,0.9,0.9,32,0.1,1337,cuda,fastprior
75,2,2,1.000000,0|1|3|4|5|6|7|8|9,0|0|0|0|0|0|0|0|0,40,70848,"(15,5,1.0000,1.0000,1.0000)|(13,18,1.0000,1.0000,1.0000)|(13,20,1.0000,0.6179,1.0000)|(13,21,0.9984,1.0000,1.0000)|(10,2,1.0000,1.0000,1.0000)|(10,2,1.0000,1.0000,1.0000)|(16,18,1.0000,1.0000,1.0000)|(11,8,1.0000,1.0000,1.0000)|(16,18,1.0000,0.4220,1.0000)",2|2|2|2|2|2|2|2|2,1.000000|1.000000|1.000000|1.000000|1.000000|1.000000|1.000000|1.000000|1.000000,192,40,0.5,0.9,0.9,32,0.1,1337,cuda,fastprior
76,9,9,1.000000,0|1|2|3|4|5|6|7|8,0|0|0|0|0|0|0|0|0,40,70848,"(6,20,0.0000,0.0000,0.7717)|(13,20,0.0000,0.0000,0.8015)|(11,20,1.0000,1.0000,1.0000)|(5,18,0.0000,0.0000,0.7452)|(23,18,0.0000,0.0000,0.9095)|(2,16,0.0000,0.0000,0.6931)|(3,18,0.0000,0.0000,0.7522)|(23,18,0.0000,0.0000,0.5624)|(14,26,0.0000,0.0000,0.8094)",9|9|9|9|9|9|9|9|9,1.000000|0.993652|0.997559|1.000000|1.000000|1.000000|1.000000|1.000000|1.000000,192,40,0.5,0.9,0.9,32,0.1,1337,cuda,fastprior
77,3,3,1.000000,0|1|2|4|5|6|7|8|9,0|0|0|0|0|0|0|0|0,40,70848,"(22,9,0.0000,0.0000,1.0000)|(11,5,0.0000,0.0000,1.0000)|(22,8,0.0000,0.0000,1.0000)|(20,15,0.3273,0.0000,0.9432)|(21,5,0.2700,0.0000,0.7038)|(12,5,0.0000,0.0000,0.8860)|(21,12,0.0000,0.0000,1.0000)|(22,11,0.0000,0.0000,0.7036)|(20,15,0.0256,0.0000,0.9745)",3|3|3|3|3|3|3|3|3,1.000000|1.000000|1.000000|0.999512|1.000000|1.000000|1.000000|1.000000|0.999512,192,40,0.5,0.9,0.9,32,0.1,1337,cuda,fastprior
79,8,8,1.000000,0|1|2|3|4|5|6|7|9,0|0|0|0|0|0|0|0|0,40,70848,"(13,20,1.0000,1.0000,1.0000)|(16,11,1.0000,1.0000,1.0000)|(10,19,1.0000,1.0000,1.0000)|(7,27,0.0000,0.0000,0.2722)|(6,21,1.0000,1.0000,1.0000)|(6,21,1.0000,1.0000,1.0000)|(6,20,1.0000,1.0000,0.9978)|(11,19,1.0000,1.0000,1.0000)|(3,26,1.0000,1.0000,1.0000)",8|8|8|8|8|8|8|8|8,0.980957|1.000000|0.996582|1.000000|0.998047|0.998047|0.999512|0.998047|1.000000,192,40,0.5,0.9,0.9,32,0.1,1337,cuda,fastprior
80,8,8,1.000000,0|1|2|3|4|5|6|7|9,0|0|0|0|0|0|0|0|0,40,70848,"(15,19,0.0000,0.0000,0.5109)|(19,20,0.0000,0.0000,0.5786)|(23,9,0.0000,0.0000,0.0811)|(19,20,0.0000,0.0000,0.4628)|(23,8,0.0000,0.0000,0.5564)|(11,6,0.0000,0.0000,0.4971)|(16,19,0.0000,0.0000,0.5620)|(19,20,0.0000,0.0000,0.5253)|(25,10,0.0000,0.0000,0.0000)",8|8|8|8|8|8|8|8|8,0.999512|0.999023|1.000000|0.999023|1.000000|1.000000|1.000000|0.998535|1.000000,192,40,0.5,0.9,0.9,32,0.1,1337,cuda,fastprior
81,1,1,0.974121,0|2|3|4|5|6|7|8|9,0|0|0|0|0|0|0|0|0,40,70848,"(21,26,1.0000,0.8938,1.0000)|(19,10,0.3635,1.0000,1.0000)|(17,8,0.8976,1.0000,0.3886)|(21,3,0.3621,1.0000,1.0000)|(8,18,0.3223,0.7664,1.0000)|(19,10,0.3877,0.9134,1.0000)|(19,10,0.3640,1.0000,0.9233)|(6,6,1.0000,1.0000,1.0000)|(6,27,1.0000,0.9096,0.1438)",1|1|1|1|1|1|1|1|1,0.699219|0.753418|0.860352|0.995605|0.978516|0.744629|0.745605|0.932129|0.687012,192,40,0.5,0.9,0.9,32,0.1,1337,cuda,fastprior
82,1,1,1.000000,0|2|3|4|5|6|7|8|9,0|0|0|0|0|0|0|0|0,40,70848,"(19,9,0.0000,0.0000,1.0000)|(9,3,0.0000,0.0000,1.0000)|(19,9,0.0000,0.0000,0.7147)|(19,9,0.0000,0.0000,1.0000)|(18,2,0.0000,0.0000,1.0000)|(13,5,0.0000,0.0000,1.0000)|(19,9,0.0000,0.0000,1.0000)|(12,9,0.0014,0.0000,1.0000)|(11,8,0.0000,0.0000,1.0000)",1|1|1|1|1|1|1|1|1,0.997070|1.000000|0.998535|0.997070|1.000000|1.000000|0.997070|1.000000|0.999512,192,40,0.5,0.9,0.9,32,0.1,1337,cuda,fastprior
83,7,7,1.000000,0|1|2|3|4|5|6|8|9,0|0|0|0|0|0|0|0|0,40,70848,"(7,18,0.0000,0.0000,0.4405)|(22,7,0.0803,0.0000,0.0213)|(23,10,0.0000,0.0000,0.4007)|(22,6,0.5204,0.0000,0.0000)|(22,19,0.0000,0.0000,0.6492)|(23,22,0.0000,0.0000,0.3649)|(20,14,0.1787,0.0000,0.0210)|(20,15,0.1469,0.0000,0.0000)|(6,4,0.0000,0.0000,0.4669)",7|7|7|7|7|7|7|7|7,1.000000|1.000000|1.000000|1.000000|1.000000|1.000000|1.000000|1.000000|1.000000,192,40,0.5,0.9,0.9,32,0.1,1337,cuda,fastprior
84,2,2,0.985352,0|1|3|4|5|6|7|8|9,0|0|0|0|1|0|1|0|0,40,70848,"(7,10,0.0292,0.0000,0.3029)|(12,12,1.0000,1.0000,1.0000)|(19,19,0.0000,1.0000,0.0014)|(20,18,0.0000,0.0000,0.2429)|(8,10,0.0000,0.0000,0.2049)|(20,19,0.1021,1.0000,1.0000)|(12,7,0.4753,0.0000,0.7563)|(14,15,0.0000,0.0723,0.8723)|(18,21,0.0000,0.0000,0.9940)",5|2|2|2|5|2|7|2|2,0.821777|0.823730|0.998047|0.999512|0.959961|0.999512|0.981445|0.864746|0.981934,192,40,0.5,0.9,0.9,32,0.1,1337,cuda,fastprior
85,5,5,1.000000,0|1|2|3|4|6|7|8|9,0|0|0|0|0|0|0|0|0,40,70848,"(15,14,1.0000,1.0000,1.0000)|(15,14,1.0000,1.0000,1.0000)|(20,10,1.0000,0.9993,1.0000)|(18,28,1.0000,1.0000,1.0000)|(15,17,1.0000,1.0000,0.7516)|(18,9,1.0000,1.0000,1.0000)|(15,14,0.9599,1.0000,0.1369)|(18,28,1.0000,1.0000,1.0000)|(18,9,1.0000,1.0000,0.0481)",5|5|5|5|5|5|7|5|5,0.412109|0.412109|1.000000|1.000000|0.573242|1.000000|0.785156|1.000000|1.000000,192,40,0.5,0.9,0.9,32,0.1,1337,cuda,fastprior
86,2,2,0.998535,0|1|3|4|5|6|7|8|9,0|0|0|0|0|0|0|0|0,40,70848,"(12,17,1.0000,1.0000,1.0000)|(13,15,0.9994,1.0000,1.0000)|(5,20,1.0000,1.0000,1.0000)|(23,19,1.0000,1.0000,1.0000)|(22,19,1.0000,1.0000,1.0000)|(21,21,1.0000,1.0000,1.0000)|(13,14,0.4231,1.0000,1.0000)|(13,15,0.2360,0.8354,1.0000)|(13,15,0.9991,1.0000,1.0000)",0|2|2|2|2|2|2|2|2,0.799316|0.604004|0.997070|0.946777|0.986816|0.994141|0.896973|0.760254|0.604004,192,40,0.5,0.9,0.9,32,0.1,1337,cuda,fastprior
88,8,8,1.000000,0|1|2|3|4|5|6|7|9,0|0|0|0|0|0|0|0|0,40,70848,"(21,24,0.0000,0.0000,0.3160)|(17,11,0.0000,0.0000,0.2856)|(20,20,0.0000,0.0000,0.3429)|(15,12,0.0000,0.0000,0.3918)|(9,8,0.0000,0.0000,1.0000)|(23,11,0.0000,0.0000,0.1598)|(11,1,0.0000,0.0000,0.2371)|(9,8,0.0000,0.0000,0.7653)|(11,1,0.0000,0.0000,0.3435)",8|8|8|8|8|8|8|8|8,1.000000|1.000000|1.000000|1.000000|1.000000|1.000000|1.000000|1.000000|1.000000,192,40,0.5,0.9,0.9,32,0.1,1337,cuda,fastprior
89,9,9,1.000000,0|1|2|3|4|5|6|7|8,0|0|0|0|0|0|0|0|0,40,70848,"(1,21,0.0000,0.0000,0.4596)|(17,23,0.0000,0.0000,0.4685)|(26,7,0.0000,0.0000,0.4265)|(25,29,0.0000,0.0000,0.7805)|(21,19,0.0000,0.0000,0.2603)|(19,23,0.0000,0.0000,0.3227)|(25,29,0.0000,0.0000,0.3689)|(21,13,0.0000,0.0000,0.2429)|(25,29,1.0000,0.0082,0.1181)",9|9|9|9|9|9|9|9|9,1.000000|1.000000|1.000000|0.999512|1.000000|1.000000|0.999512|1.000000|0.999512,192,40,0.5,0.9,0.9,32,0.1,1337,cuda,fastprior
90,0,0,1.000000,1|2|3|4|5|6|7|8|9,0|0|0|0|0|0|0|0|0,40,70848,"(21,24,1.0000,0.0000,0.0000)|(15,17,0.0000,0.6462,1.0000)|(6,22,0.0000,0.0000,0.3312)|(13,9,0.0000,0.0000,0.7745)|(9,9,0.0000,0.0000,0.7069)|(15,17,0.4881,0.1068,0.4952)|(6,23,1.0000,0.0000,0.2449)|(10,9,0.8028,0.0000,0.0000)|(7,19,0.0000,0.0000,0.6676)",0|0|0|0|0|0|0|0|0,1.000000|1.000000|1.000000|1.000000|1.000000|1.000000|1.000000|1.000000|1.000000,192,40,0.5,0.9,0.9,32,0.1,1337,cuda,fastprior
91,3,3,1.000000,0|1|2|4|5|6|7|8|9,0|0|0|0|0|0|0|0|0,40,70848,"(29,15,1.0000,0.6484,1.0000)|(23,20,1.0000,0.5269,1.0000)|(23,7,1.0000,0.6836,1.0000)|(22,7,0.0000,0.0000,0.4040)|(13,13,1.0000,0.5892,1.0000)|(23,19,0.0000,0.0000,0.8100)|(23,18,0.0000,0.0000,0.5512)|(22,7,1.0000,0.2025,0.9905)|(23,7,1.0000,0.7043,0.9504)",3|3|3|3|3|3|3|3|3,1.000000|1.000000|0.999512|0.999512|1.000000|1.000000|1.000000|0.999023|0.999512,192,40,0.5,0.9,0.9,32,0.1,1337,cuda,fastprior
92,8,8,1.000000,0|1|2|3|4|5|6|7|9,0|0|0|0|0|0|0|0|0,40,70848,"(20,4,0.0000,0.0010,0.0000)|(17,3,0.0000,0.0000,0.0327)|(14,1,0.0000,0.0000,0.8514)|(25,18,0.0000,0.0000,0.0000)|(9,24,0.3682,0.0000,0.0000)|(27,30,0.0000,0.0000,0.0880)|(18,1,0.0000,0.0000,0.1399)|(28,29,0.0000,0.0000,0.0000)|(21,9,1.0000,1.0000,1.0000)",8|8|8|8|8|8|8|8|8,1.000000|1.000000|1.000000|1.000000|1.000000|1.000000|1.000000|1.000000|1.000000,192,40,0.5,0.9,0.9,32,0.1,1337,cuda,fastprior
93,6,6,1.000000,0|1|2|3|4|5|7|8|9,0|0|0|0|0|0|0|0|0,40,70848,"(21,8,1.0000,1.0000,1.0000)|(15,16,1.0000,0.9976,1.0000)|(20,19,1.0000,1.0000,1.0000)|(17,14,1.0000,1.0000,1.0000)|(15,16,1.0000,1.0000,1.0000)|(16,16,1.0000,1.0000,1.0000)|(15,16,1.0000,1.0000,1.0000)|(15,16,1.0000,1.0000,1.0000)|(15,16,1.0000,1.0000,1.0000)",6|6|6|6|6|6|6|6|6,1.000000|1.000000|1.000000|1.000000|1.000000|1.000000|1.000000|1.000000|1.000000,192,40,0.5,0.9,0.9,32,0.1,1337,cuda,fastprior
94,4,4,1.000000,0|1|2|3|5|6|7|8|9,0|0|0|0|0|0|0|0|0,40,70848,"(8,10,1.0000,1.0000,0.9992)|(17,11,1.0000,1.0000,1.0000)|(17,11,1.0000,1.0000,1.0000)|(17,11,1.0000,1.0000,1.0000)|(17,9,1.0000,1.0000,1.0000)|(16,11,0.0000,0.0000,0.5915)|(18,9,0.0000,0.0000,0.9806)|(18,17,0.0000,0.0000,0.5677)|(8,9,1.0000,1.0000,1.0000)",4|4|4|4|4|4|4|4|4,1.000000|0.627930|0.627930|0.627930|0.921387|0.905762|0.973633|1.000000|1.000000,192,40,0.5,0.9,0.9,32,0.1,1337,cuda,fastprior
95,6,6,0.661621,0|1|2|3|4|5|7|8|9,0|0|0|1|0|0|0|0|0,40,70848,"(5,10,0.9986,1.0000,1.0000)|(9,13,0.0000,0.0048,0.3953)|(17,17,1.0000,1.0000,1.0000)|(18,17,0.0191,0.1036,0.2458)|(18,17,1.0000,1.0000,1.0000)|(10,14,0.6505,0.8055,0.9496)|(9,13,0.0000,0.0000,0.2006)|(5,10,0.0000,0.0000,0.3238)|(6,22,0.0000,0.0000,0.5728)",6|6|3|3|3|6|6|6|6,0.633789|0.456299|0.823242|0.935547|0.791992|0.509277|0.487549|0.651367|0.708008,192,40,0.5,0.9,0.9,32,0.1,1337,cuda,fastprior
96,6,6,0.999023,0|1|2|3|4|5|7|8|9,0|0|0|0|0|0|0|0|0,40,70848,"(17,6,1.0000,1.0000,1.0000)|(10,14,0.0000,0.0000,0.1137)|(15,9,0.8551,1.0000,1.0000)|(3,16,0.0000,0.0000,0.0000)|(19,10,0.0000,0.1834,0.1170)|(10,14,1.0000,1.0000,1.0000)|(9,20,0.0000,0.2522,0.7122)|(17,6,1.0000,1.0000,1.0000)|(3,18,0.9969,1.0000,1.0000)",6|6|6|6|6|6|6|6|6,0.997070|0.751953|0.997070|1.000000|0.993164|0.835938|0.999512|0.997070|1.000000,192,40,0.5,0.9,0.9,32,0.1,1337,cuda,fastprior
97,0,0,0.919922,1|2|3|4|5|6|7|8|9,0|1|0|0|0|0|0|0|0,40,70848,"(12,24,0.2299,0.6220,1.0000)|(12,25,0.9645,0.0000,0.0000)|(10,24,0.6009,0.4143,0.9554)|(9,25,0.1448,1.0000,0.0097)|(3,14,0.5343,0.3416,1.0000)|(5,13,0.6739,0.0591,1.0000)|(11,25,0.1821,0.9775,0.7482)|(12,25,0.1874,0.9471,0.4856)|(11,11,0.0470,1.0000,0.8931)",0|0|0|0|0|0|0|0|0,0.980957|0.985352|0.937988|0.910645|0.906250|0.949219|0.976074|0.982910|0.792969,192,40,0.5,0.9,0.9,32,0.1,1337,cuda,fastprior
98,0,0,1.000000,1|2|3|4|5|6|7|8|9,0|0|0|0|0|0|0|0|0,40,70848,"(3,11,0.2234,0.0000,0.0000)|(9,14,0.0000,0.0000,0.6723)|(10,14,0.6119,0.3363,0.0000)|(8,16,0.0000,0.0000,0.1577)|(4,9,0.0000,0.0000,0.1888)|(17,11,0.0000,0.0000,0.1847)|(26,17,0.0000,0.0000,0.2205)|(3,3,0.4694,0.2752,0.0000)|(22,6,0.0000,0.0000,0.0884)",0|0|0|0|0|0|0|0|0,0.999023|1.000000|1.000000|1.000000|0.998535|1.000000|1.000000|1.000000|1.000000,192,40,0.5,0.9,0.9,32,0.1,1337,cuda,fastprior
99,7,7,1.000000,0|1|2|3|4|5|6|8|9,0|0|0|0|0|0|0|0|0,40,70848,"(6,20,1.0000,1.0000,1.0000)|(12,10,0.0000,0.0028,0.0000)|(5,17,0.0000,1.0000,1.0000)|(12,10,0.0000,0.1083,0.0147)|(9,9,1.0000,1.0000,0.9638)|(12,10,0.0089,0.0000,0.0571)|(12,19,1.0000,1.0000,0.4082)|(8,12,0.9609,0.7158,0.0082)|(6,21,1.0000,0.8426,0.4696)",7|7|7|7|7|7|7|7|7,1.000000|1.000000|1.000000|1.000000|1.000000|1.000000|1.000000|1.000000|1.000000,192,40,0.5,0.9,0.9,32,0.1,1337,cuda,fastprior
100,4,4,1.000000,0|1|2|3|5|6|7|8|9,0|0|0|0|0|0|0|0|0,40,70848,"(14,10,1.0000,1.0000,1.0000)|(16,7,1.0000,1.0000,1.0000)|(18,16,0.0000,0.0000,0.8943)|(13,7,1.0000,0.8105,1.0000)|(14,7,0.0000,0.0000,0.5430)|(12,5,0.0000,0.0000,0.5370)|(18,16,0.0000,0.0000,0.7259)|(14,7,0.0000,0.0000,0.5313)|(14,7,1.0000,1.0000,1.0000)",4|4|4|4|4|4|4|4|4,0.988770|1.000000|0.999512|1.000000|1.000000|1.000000|0.999512|1.000000|1.000000,192,40,0.5,0.9,0.9,32,0.1,1337,cuda,fastprior
101,5,5,0.885742,0|1|2|3|4|6|7|8|9,0|0|0|0|0|0|0|0|0,40,70848,"(18,20,0.0000,0.9464,1.0000)|(19,20,0.4273,0.9455,0.0282)|(18,24,0.6768,0.3719,0.6320)|(11,7,0.6362,0.4917,0.5583)|(19,20,0.0000,0.0597,0.3195)|(16,23,0.0000,1.0000,1.0000)|(12,13,0.0013,0.0000,0.0257)|(19,20,0.3393,1.0000,0.0000)|(11,7,0.0000,0.0000,0.9502)",5|5|5|5|4|5|5|5|5,0.646973|0.653809|0.803711|0.948730|0.638184|0.976074|0.996094|0.609375|0.999512,192,40,0.5,0.9,0.9,32,0.1,1337,cuda,fastprior
102,6,6,1.000000,0|1|2|3|4|5|7|8|9,0|0|0|0|0|0|0|0|0,40,70848,"(28,24,0.9838,1.0000,0.9605)|(18,3,1.0000,1.0000,1.0000)|(20,5,1.0000,1.0000,1.0000)|(5,17,1.0000,0.9449,1.0000)|(16,3,1.0000,1.0000,1.0000)|(7,3,1.0000,1.0000,1.0000)|(25,9,1.0000,1.0000,1.0000)|(7,3,1.0000,1.0000,0.9852)|(23,4,1.0000,1.0000,1.0000)",6|6|6|6|6|6|6|6|6,1.000000|1.000000|1.000000|1.000000|1.000000|1.000000|1.000000|1.000000|0.999512,192,40,0.5,0.9,0.9,32,0.1,1337,cuda,fastprior
103,3,3,1.000000,0|1|2|4|5|6|7|8|9,0|0|0|0|0|0|0|0|0,40,70848,"(16,21,0.0000,0.0000,0.6772)|(8,10,0.0000,0.0000,0.7434)|(20,22,0.0000,0.0000,0.8782)|(5,26,0.0000,0.0000,1.0000)|(16,16,0.0000,0.0000,0.7818)|(14,10,0.9288,0.3171,0.4563)|(20,11,0.0000,0.0000,0.5725)|(16,14,0.0000,0.0000,0.7062)|(8,10,0.0014,0.0443,0.7904)",3|3|3|3|3|3|3|3|3,1.000000|0.999512|1.000000|1.000000|1.000000|1.000000|1.000000|1.000000|0.999512,192,40,0.5,0.9,0.9,32,0.1,1337,cuda,fastprior
104,1,1,1.000000,0|2|3|4|5|6|7|8|9,0|0|0|0|0|0|0|0|0,40,70848,"(21,12,1.0000,1.0000,1.0000)|(21,12,1.0000,1.0000,1.0000)|(23,25,1.0000,1.0000,1.0000)|(17,14,0.9981,1.0000,1.0000)|(21,26,1.0000,1.0000,0.9995)|(21,12,1.0000,1.0000,1.0000)|(21,12,1.0000,1.0000,1.0000)|(21,26,1.0000,1.0000,1.0000)|(24,25,1.0000,1.0000,1.0000)",1|1|1|1|1|1|1|1|1,0.999023|0.999023|1.000000|1.000000|1.000000|0.999023|0.999023|1.000000|1.000000,192,40,0.5,0.9,0.9,32,0.1,1337,cuda,fastprior
105,1,1,1.000000,0|2|3|4|5|6|7|8|9,0|0|0|0|0|0|0|0|0,40,70848,"(9,21,0.0000,0.0000,1.0000)|(12,14,0.0000,0.0473,1.0000)|(23,17,0.3962,0.0187,0.0266)|(12,14,0.0000,0.0000,0.9371)|(15,11,0.0000,0.0000,1.0000)|(14,5,0.1025,0.0000,0.0000)|(19,16,1.0000,0.1983,0.0000)|(15,11,1.0000,0.0000,0.0000)|(14,5,0.0000,0.0000,0.4463)",1|1|1|1|1|1|1|1|1,1.000000|1.000000|0.999512|1.000000|0.999512|0.995117|1.000000|0.999023|0.996094,192,40,0.5,0.9,0.9,32,0.1,1337,cuda,fastprior
106,3,3,0.997070,0|1|2|4|5|6|7|8|9,0|0|0|0|0|0|0|0|0,40,70848,"(21,3,1.0000,0.7583,1.0000)|(19,3,0.0000,0.0000,0.4040)|(20,5,1.0000,0.6869,1.0000)|(15,11,0.0000,0.0000,0.3982)|(21,3,1.0000,0.9980,1.0000)|(17,13,1.0000,1.0000,0.9409)|(17,13,1.0000,1.0000,1.0000)|(15,11,0.0000,0.0000,0.3200)|(2,14,1.0000,1.0000,1.0000)",3|3|3|3|3|3|3|3|3,0.617676|0.966309|0.673340|0.874023|0.591309|0.997070|0.997070|0.874023|0.996582,192,40,0.5,0.9,0.9,32,0.1,1337,cuda,fastprior
107,6,6,1.000000,0|1|2|3|4|5|7|8|9,0|0|0|0|0|0|0|0|0,40,70848,"(12,13,1.0000,1.0000,1.0000)|(14,25,1.0000,0.7054,1.0000)|(5,9,1.0000,1.0000,1.0000)|(5,20,1.0000,0.9373,1.0000)|(12,24,1.0000,1.0000,1.0000)|(5,9,0.8805,0.6089,1.0000)|(10,24,0.7668,1.0000,0.7482)|(6,9,0.9852,0.8809,0.8153)|(27,24,1.0000,1.0000,0.6785)",6|6|6|6|6|6|6|6|6,1.000000|1.000000|1.000000|1.000000|1.000000|1.000000|1.000000|1.000000|1.000000,192,40,0.5,0.9,0.9,32,0.1,1337,cuda,fastprior
108,8,8,0.999023,0|1|2|3|4|5|6|7|9,0|0|0|0|0|0|0|0|0,40,70848,"(16,10,1.0000,1.0000,1.0000)|(30,16,1.0000,1.0000,1.0000)|(30,27,1.0000,1.0000,1.0000)|(13,18,0.8181,1.0000,1.0000)|(30,16,1.0000,1.0000,1.0000)|(15,12,1.0000,1.0000,1.0000)|(15,10,1.0000,0.9876,1.0000)|(8,18,1.0000,0.9850,1.0000)|(30,27,1.0000,1.0000,1.0000)",8|8|8|8|8|8|8|8|8,0.999512|0.985352|0.998047|0.999512|0.985352|0.999512|0.999512|0.999023|0.998047,192,40,0.5,0.9,0.9,32,0.1,1337,cuda,fastprior
109,7,7,1.000000,0|1|2|3|4|5|6|8|9,0|0|0|0|0|0|0|0|0,40,70848,"(17,15,0.0000,0.0000,0.4086)|(15,14,0.0000,0.0000,0.3417)|(15,14,0.0003,0.0000,0.5000)|(10,16,0.5746,0.0000,0.0000)|(20,15,0.0002,0.0000,1.0000)|(19,8,0.0000,0.0000,0.4900)|(17,15,0.0000,0.0000,0.4056)|(16,18,0.0000,0.0000,0.3833)|(17,15,0.0000,0.0000,0.4490)",7|7|7|7|7|7|7|7|7,0.992676|0.999512|0.999512|1.000000|1.000000|1.000000|0.992676|0.999512|0.992188,192,40,0.5,0.9,0.9,32,0.1,1337,cuda,fastprior
110,4,4,1.000000,0|1|2|3|5|6|7|8|9,0|0|0|0|0|0|0|0|0,40,70848,"(22,6,0.0000,0.0000,0.4563)|(7,26,0.0000,0.0000,0.3816)|(25,18,0.0000,0.0000,0.4761)|(25,9,0.0000,0.0000,0.6918)|(17,5,0.2194,0.0000,0.0204)|(11,20,0.0000,0.0000,0.2492)|(11,20,0.0000,0.0000,0.2069)|(11,19,0.0000,0.0000,0.3606)|(11,20,0.0000,0.0000,0.2078)",4|4|4|4|4|4|4|4|4,1.000000|1.000000|0.993164|1.000000|1.000000|0.994629|0.994629|0.994629|0.994629,192,40,0.5,0.9,0.9,32,0.1,1337,cuda,fastprior
111,0,0,1.000000,1|2|3|4|5|6|7|8|9,0|0|0|0|0|0|0|0|0,40,70848,"(15,6,1.0000,1.0000,0.0457)|(26,22,1.0000,1.0000,0.9862)|(14,13,0.0731,1.0000,0.0000)|(17,13,0.0280,1.0000,0.0000)|(17,13,0.1433,0.9992,0.0000)|(19,23,0.0000,1.0000,0.0000)|(2,9,1.0000,0.9020,1.0000)|(15,12,0.0000,1.0000,0.0000)|(24,21,0.8693,0.0868,0.2055)",0|0|0|0|0|0|0|0|0,1.000000|1.000000|0.999512|0.999023|0.999023|0.999512|1.000000|0.998047|1.000000,192,40,0.5,0.9,0.9,32,0.1,1337,cuda,fastprior
112,6,6,1.000000,0|1|2|3|4|5|7|8|9,0|0|0|0|0|0|0|0|0,40,70848,"(7,7,0.0000,0.0000,0.9201)|(22,18,1.0000,1.0000,1.0000)|(24,3,0.0000,0.0000,0.8856)|(26,4,0.0000,0.0051,1.0000)|(21,4,0.0000,0.0035,1.0000)|(24,3,0.0000,0.0000,0.9040)|(6,13,0.0000,0.0000,0.9960)|(13,5,0.0000,0.0053,1.0000)|(13,16,0.0000,0.0000,1.0000)",6|6|6|6|6|6|6|6|6,0.995605|0.993652|0.944824|0.983398|0.999023|0.944824|1.000000|0.997559|0.994141,192,40,0.5,0.9,0.9,32,0.1,1337,cuda,fastprior
113,2,2,1.000000,0|1|3|4|5|6|7|8|9,0|0|0|0|0|0|0|0|0,40,70848,"(17,6,0.5275,1.0000,1.0000)|(17,6,0.4947,1.0000,1.0000)|(7,8,1.0000,1.0000,1.0000)|(20,11,0.5047,1.0000,1.0000)|(16,19,0.6173,1.0000,1.0000)|(13,13,0.0000,0.0000,0.5068)|(18,22,0.6955,1.0000,1.0000)|(20,11,0.6810,1.0000,1.0000)|(10,7,0.5883,1.0000,1.0000)",2|2|2|2|2|2|2|2|2,1.000000|1.000000|1.000000|0.999023|1.000000|0.999023|1.000000|0.999023|1.000000,192,40,0.5,0.9,0.9,32,0.1,1337,cuda,fastprior
114,1,1,0.999023,0|2|3|4|5|6|7|8|9,0|0|0|0|0|0|0|0|0,40,70848,"(15,3,0.0031,0.0222,0.2552)|(20,13,0.0089,0.0000,0.6209)|(20,14,0.0000,0.0000,0.5220)|(5,25,0.0000,0.0000,0.7037)|(20,14,0.0000,0.0000,0.6653)|(9,15,0.0000,0.0000,0.4952)|(13,21,0.0000,0.0000,0.5561)|(4,6,0.0000,0.0000,0.5000)|(20,14,0.0000,0.0000,0.4663)",1|1|1|1|1|1|1|1|1,0.999512|0.983887|0.958496|0.999023|0.959961|0.999512|0.996094|0.999512|0.959473,192,40,0.5,0.9,0.9,32,0.1,1337,cuda,fastprior
115,3,3,1.000000,0|1|2|4|5|6|7|8|9,0|0|0|0|0|0|0|0|0,40,70848,"(7,15,1.0000,1.0000,1.0000)|(8,19,1.0000,0.9162,0.0000)|(19,18,0.0000,0.0000,0.8876)|(9,22,0.0000,1.0000,0.7248)|(15,17,1.0000,0.0000,0.0000)|(9,22,1.0000,0.1589,0.0000)|(15,17,1.0000,0.1461,0.0000)|(14,16,1.0000,0.3241,0.0000)|(15,17,0.0000,1.0000,0.8831)",3|3|3|3|3|3|3|3|3,1.000000|1.000000|0.999512|0.999023|0.813477|1.000000|0.838867|0.969727|0.977051,192,40,0.5,0.9,0.9,32,0.1,1337,cuda,fastprior
116,0,0,1.000000,1|2|3|4|5|6|7|8|9,0|0|0|0|0|0|0|0|0,40,70848,"(19,26,0.0294,0.2407,0.7773)|(15,16,1.0000,1.0000,0.7669)|(19,19,0.8942,0.0000,0.0154)|(8,20,1.0000,1.0000,0.7661)|(22,20,0.0000,0.0000,0.8737)|(7,9,0.6811,0.9587,0.9516)|(25,21,0.0000,0.0000,0.2835)|(20,26,0.7056,0.3353,0.0000)|(20,21,0.6134,1.0000,1.0000)",0|0|0|0|0|0|0|0|0,1.000000|1.000000|1.000000|1.000000|1.000000|1.000000|1.000000|1.000000|1.000000,192,40,0.5,0.9,0.9,32,0.1,1337,cuda,fastprior
117,4,4,1.000000,0|1|2|3|5|6|7|8|9,0|0|0|0|0|0|0|0|0,40,70848,"(3,14,1.0000,1.0000,1.0000)|(18,10,1.0000,1.0000,1.0000)|(3,24,0.0000,0.5583,1.0000)|(7,21,1.0000,0.6402,0.9845)|(8,13,0.0000,1.0000,0.0000)|(18,10,0.2596,1.0000,0.0000)|(22,13,0.0000,1.0000,0.1426)|(17,17,0.0000,1.0000,1.0000)|(18,14,0.0000,0.8612,0.0000)",4|4|4|4|4|4|4|4|4,0.990723|0.999023|1.000000|0.999512|1.000000|0.997559|1.000000|1.000000|0.994629,192,40,0.5,0.9,0.9,32,0.1,1337,cuda,fastprior
119,7,7,0.993164,0|1|2|3|4|5|6|8|9,0|0|0|0|0|0|0|0|0,40,70848,"(17,22,0.0000,0.0000,0.4008)|(7,18,1.0000,1.0000,1.0000)|(12,22,1.0000,1.0000,1.0000)|(4,17,1.0000,1.0000,0.9663)|(24,5,0.7603,0.6994,0.5745)|(7,26,1.0000,1.0000,1.0000)|(10,13,0.0000,0.0000,0.3674)|(8,15,1.0000,1.0000,1.0000)|(24,5,0.2437,0.9585,1.0000)",7|7|7|7|7|7|7|7|7,0.985840|0.967773|0.991211|0.989258|0.971680|0.998047|0.994629|0.988770|0.993164,192,40,0.5,0.9,0.9,32,0.1,1337,cuda,fastprior
120,8,8,1.000000,0|1|2|3|4|5|6|7|9,0|0|0|0|0|0|0|0|0,40,70848,"(9,14,0.0000,0.0000,0.9931)|(14,12,0.0000,0.0036,0.9630)|(10,14,0.0000,0.0000,0.7233)|(6,29,0.0000,0.0000,0.2628)|(9,15,0.0059,0.0000,0.6276)|(8,18,0.0000,0.0004,0.9114)|(9,15,0.0000,0.0003,1.0000)|(9,15,0.0000,0.0000,0.9943)|(10,13,0.0002,0.0000,0.7657)",0|8|8|8|0|8|0|0|8,0.797852|1.000000|0.789551|1.000000|0.576172|0.990723|0.592285|0.589355|0.883789,192,40,0.5,0.9,0.9,32,0.1,1337,cuda,fastprior
121,3,3,0.983887,0|1|2|4|5|6|7|8|9,0|0|0|0|0|0|0|0|0,40,70848,"(9,7,0.1189,0.1674,1.0000)|(22,7,0.7568,1.0000,1.0000)|(18,5,1.0000,1.0000,0.9894)|(22,7,1.0000,1.0000,0.9895)|(18,3,0.6852,1.0000,1.0000)|(22,7,1.0000,1.0000,0.3269)|(24,3,1.0000,0.8022,0.3823)|(20,4,1.0000,1.0000,0.3970)|(19,6,1.0000,1.0000,1.0000)",3|3|3|3|3|3|3|3|3,0.994629|0.658203|0.965332|0.683594|0.991211|0.723145|0.944336|0.947754|0.906738,192,40,0.5,0.9,0.9,32,0.1,1337,cuda,fastprior
122,1,1,0.998535,0|2|3|4|5|6|7|8|9,0|0|0|0|0|0|0|0|0,40,70848,"(20,19,1.0000,1.0000,0.9152)|(15,24,1.0000,0.9143,0.9387)|(13,21,1.0000,0.8246,1.0000)|(14,21,1.0000,0.6558,0.6894)|(11,18,0.3527,1.0000,0.2848)|(12,16,0.0000,1.0000,0.5374)|(20,19,0.0605,1.0000,0.7279)|(11,17,1.0000,0.6741,0.7615)|(10,19,1.0000,0.6151,0.7635)",1|1|1|1|1|1|1|1|1,0.999512|0.922363|0.987305|0.984863|0.999512|0.998047|0.999512|1.000000|1.000000,192,40,0.5,0.9,0.9,32,0.1,1337,cuda,fastprior
123,2,2,1.000000,0|1|3|4|5|6|7|8|9,0|0|0|0|0|0|0|0|0,40,70848,"(20,12,1.0000,1.0000,1.0000)|(12,16,1.0000,0.9293,0.7875)|(17,14,0.0000,0.9877,1.0000)|(24,8,0.0000,0.0000,1.0000)|(10,14,0.0000,1.0000,0.9872)|(20,12,0.0000,1.0000,1.0000)|(17,14,0.0036,1.0000,1.0000)|(10,14,0.3451,0.3761,0.5258)|(9,19,0.1637,1.0000,0.9230)",2|2|2|2|2|2|2|2|2,1.000000|1.000000|1.000000|1.000000|1.000000|1.000000|1.000000|1.000000|1.000000,192,40,0.5,0.9,0.9,32,0.1,1337,cuda,fastprior
124,8,8,1.000000,0|1|2|3|4|5|6|7|9,1|0|0|0|0|0|0|0|0,40,70848,"(11,17,1.0000,1.0000,1.0000)|(17,18,1.0000,1.0000,0.6516)|(20,7,1.0000,0.7257,1.0000)|(15,14,1.0000,1.0000,1.0000)|(9,17,1.0000,0.7424,0.6121)|(9,17,1.0000,0.6072,0.6892)|(19,10,0.1923,0.9978,0.6832)|(9,17,0.9510,0.7209,0.6066)|(22,3,1.0000,0.9342,0.4928)",0|1|8|8|0|8|8|8|8,0.901367|0.792969|1.000000|0.889648|0.486816|0.472168|1.000000|0.541504|1.000000,192,40,0.5,0.9,0.9,32,0.1,1337,cuda,fastprior
126,8,8,1.000000,0|1|2|3|4|5|6|7|9,0|0|0|0|0|0|0|0|0,40,70848,"(18,3,1.0000,1.0000,1.0000)|(7,16,1.0000,1.0000,1.0000)|(5,17,1.0000,0.9976,1.0000)|(18,3,1.0000,1.0000,1.0000)|(14,12,1.0000,1.0000,1.0000)|(5,17,1.0000,1.0000,0.9738)|(4,17,1.0000,1.0000,1.0000)|(4,17,1.0000,1.0000,1.0000)|(5,17,1.0000,1.0000,1.0000)",8|8|8|8|8|8|8|8|8,1.000000|1.000000|0.999512|1.000000|0.990234|0.999512|1.000000|1.000000|0.999512,192,40,0.5,0.9,0.9,32,0.1,1337,cuda,fastprior
127,3,3,1.000000,0|1|2|4|5|6|7|8|9,0|0|0|0|0|0|0|0|0,40,70848,"(17,4,0.0000,0.0000,0.9773)|(16,9,0.0000,0.0000,0.9904)|(20,14,0.0000,0.0000,1.0000)|(21,14,0.0000,0.2188,1.0000)|(20,14,0.0000,0.0000,0.8007)|(16,9,0.0000,0.0000,0.9900)|(16,9,0.0000,0.2091,1.0000)|(15,13,0.0000,0.0000,0.9861)|(21,14,0.0000,0.0000,0.9776)",3|3|3|3|3|3|3|3|3,1.000000|0.860352|1.000000|1.000000|1.000000|0.860352|0.898438|0.998047|1.000000,192,40,0.5,0.9,0.9,32,0.1,1337,cuda,fastprior
129,2,2,1.000000,0|1|3|4|5|6|7|8|9,0|0|0|0|0|0|0|0|0,40,70848,"(13,13,0.0000,0.0000,1.0000)|(12,3,0.0070,0.0000,0.9800)|(22,14,0.0000,0.0000,0.4832)|(15,8,0.0000,0.0000,0.9080)|(13,12,0.0000,0.0000,0.9680)|(27,7,0.0000,0.0000,0.6723)|(27,12,0.0000,0.0000,0.2523)|(10,15,0.0000,0.0000,0.9993)|(11,17,0.0000,0.0000,0.9774)",2|2|2|2|2|2|2|2|2,0.998535|1.000000|1.000000|1.000000|1.000000|1.000000|1.000000|0.971191|0.970215,192,40,0.5,0.9,0.9,32,0.1,1337,cuda,fastprior
130,4,4,1.000000,0|1|2|3|5|6|7|8|9,0|0|0|0|0|0|0|0|0,40,70848,"(16,9,1.0000,1.0000,1.0000)|(7,14,1.0000,1.0000,1.0000)|(18,17,1.0000,1.0000,1.0000)|(18,17,1.0000,1.0000,1.0000)|(18,18,1.0000,1.0000,1.0000)|(14,17,0.0000,0.0000,0.9852)|(14,17,1.0000,1.0000,1.0000)|(14,17,0.0000,0.0000,1.0000)|(16,9,1.0000,1.0000,1.0000)",4|4|4|4|4|4|4|4|4,1.000000|1.000000|0.912109|0.912109|0.942871|0.999023|0.984375|0.999512|1.000000,192,40,0.5,0.9,0.9,32,0.1,1337,cuda,fastprior
131,1,1,1.000000,0|2|3|4|5|6|7|8|9,0|0|0|0|0|0|0|0|0,40,70848,"(7,20,0.0000,0.0000,1.0000)|(10,20,0.0000,0.0000,1.0000)|(9,20,0.7218,0.0000,0.0000)|(9,21,1.0000,0.0000,0.0000)|(18,3,0.0000,0.0000,1.0000)|(19,4,1.0000,0.0000,0.0000)|(17,3,0.0000,0.0000,1.0000)|(19,4,1.0000,0.0351,0.0000)|(18,3,0.0000,0.0000,1.0000)",1|1|1|1|1|1|1|1|1,1.000000|1.000000|1.000000|1.000000|0.999512|1.000000|0.999512|1.000000|0.999512,192,40,0.5,0.9,0.9,32,0.1,1337,cuda,fastprior
132,8,8,1.000000,0|1|2|3|4|5|6|7|9,0|0|0|0|0|0|0|0|0,40,70848,"(27,25,1.0000,1.0000,1.0000)|(24,20,1.0000,0.9942,0.7577)|(30,23,1.0000,1.0000,0.5159)|(23,25,1.0000,1.0000,0.6711)|(21,21,1.0000,1.0000,0.6880)|(21,21,1.0000,1.0000,0.7060)|(10,6,1.0000,1.0000,0.6873)|(10,5,1.0000,1.0000,0.6771)|(21,21,1.0000,1.0000,0.6711)",8|8|8|8|8|8|8|8|8,1.000000|1.000000|1.000000|1.000000|0.890137|0.890625|1.000000|1.000000|0.890137,192,40,0.5,0.9,0.9,32,0.1,1337,cuda,fastprior
133,9,9,1.000000,0|1|2|3|4|5|6|7|8,0|0|0|0|0|0|0|0|0,40,70848,"(5,24,0.0000,0.0000,0.1698)|(26,13,0.0000,0.0000,0.7030)|(3,12,1.0000,1.0000,1.0000)|(25,17,0.9652,1.0000,0.9638)|(25,17,0.0000,0.8825,1.0000)|(25,18,0.0000,0.0000,0.4489)|(9,30,0.4785,0.0000,0.0127)|(25,18,0.0000,0.3235,0.9132)|(23,5,1.0000,1.0000,1.0000)",9|9|9|9|9|9|9|9|9,1.000000|1.000000|1.000000|1.000000|1.000000|1.000000|1.000000|1.000000|1.000000,192,40,0.5,0.9,0.9,32,0.1,1337,cuda,fastprior
134,1,1,0.996582,0|2|3|4|5|6|7|8|9,0|0|0|0|0|0|0|0|0,40,70848,"(10,12,1.0000,1.0000,1.0000)|(15,14,0.7615,0.4935,0.0000)|(25,16,1.0000,1.0000,1.0000)|(23,16,0.2633,0.0660,0.1245)|(18,14,1.0000,0.8684,1.0000)|(16,13,0.1684,1.0000,0.0575)|(19,15,0.9728,0.8530,1.0000)|(18,14,0.3765,0.0000,0.0095)|(24,13,0.0305,1.0000,0.5656)",1|1|1|1|1|1|1|1|1,0.999512|0.995605|0.998047|0.996094|0.972656|0.964844|0.966309|0.969727|0.999023,192,40,0.5,0.9,0.9,32,0.1,1337,cuda,fastprior
135,2,2,1.000000,0|1|3|4|5|6|7|8|9,0|0|0|0|0|0|0|0|0,40,70848,"(18,13,1.0000,1.0000,1.0000)|(20,2,1.0000,1.0000,0.9737)|(18,17,0.0000,0.0000,0.1719)|(22,8,0.0000,0.0000,0.7774)|(25,9,1.0000,1.0000,1.0000)|(18,17,1.0000,1.0000,1.0000)|(20,22,1.0000,1.0000,1.0000)|(23,2,1.0000,1.0000,1.0000)|(9,13,0.9454,1.0000,0.8945)",2|2|2|2|2|2|2|2|2,1.000000|1.000000|1.000000|1.000000|1.000000|1.000000|1.000000|1.000000|1.000000,192,40,0.5,0.9,0.9,32,0.1,1337,cuda,fastprior
136,9,9,1.000000,0|1|2|3|4|5|6|7|8,0|0|0|0|0|0|0|0|0,40,70848,"(15,17,0.8958,0.8919,0.0224)|(24,17,0.8268,0.9374,1.0000)|(22,19,0.4745,0.9652,0.1828)|(24,17,0.9669,0.1955,0.8018)|(21,21,0.9998,0.5676,0.7532)|(17,4,0.0000,0.0000,0.4726)|(15,28,0.0404,0.1328,0.8496)|(24,17,0.9290,0.7839,0.9411)|(23,16,0.0000,0.8494,1.0000)",9|9|9|9|9|9|9|9|9,1.000000|1.000000|1.000000|1.000000|1.000000|1.000000|1.000000|1.000000|1.000000,192,40,0.5,0.9,0.9,32,0.1,1337,cuda,fastprior
137,7,7,0.999512,0|1|2|3|4|5|6|8|9,0|0|0|0|0|0|0|0|0,40,70848,"(5,18,1.0000,1.0000,1.0000)|(16,13,0.0000,0.0000,0.1887)|(9,13,1.0000,1.0000,1.0000)|(16,13,0.0000,0.0000,0.0013)|(9,7,0.0000,0.0000,0.1457)|(15,20,0.0000,0.0000,0.1589)|(9,7,0.0000,0.0000,0.1552)|(24,22,0.0000,0.0000,0.1761)|(15,21,0.0000,0.0000,0.1717)",7|7|7|7|7|7|7|7|7,0.994629|0.981934|0.997559|0.982910|0.976074|1.000000|0.975586|1.000000|0.999512,192,40,0.5,0.9,0.9,32,0.1,1337,cuda,fastprior
138,2,2,1.000000,0|1|3|4|5|6|7|8|9,0|0|0|0|0|0|0|0|0,40,70848,"(14,11,0.0000,0.0000,0.8257)|(16,14,0.0000,0.0000,0.5520)|(16,17,0.0000,0.0000,0.6814)|(23,22,0.0000,0.0000,0.5824)|(28,19,0.0000,0.0000,0.5691)|(16,14,0.0000,0.0000,0.5015)|(19,8,0.0012,0.0000,0.5638)|(16,5,0.0000,0.0000,0.5970)|(16,17,0.0000,0.0000,0.7504)",2|2|2|2|2|2|2|2|2,1.000000|0.983398|0.970215|1.000000|1.000000|0.983887|1.000000|1.000000|0.969238,192,40,0.5,0.9,0.9,32,0.1,1337,cuda,fastprior
139,9,9,0.796875,0|1|2|3|4|5|6|7|8,0|0|0|0|0|0|0|0|0,40,70848,"(19,26,0.0887,0.0000,0.0000)|(21,27,0.6960,1.0000,1.0000)|(18,26,0.0000,0.0000,0.4586)|(20,24,1.0000,1.0000,0.5519)|(28,17,0.1255,0.0000,0.0000)|(4,20,0.9863,0.0000,0.0000)|(28,17,0.0000,0.0891,0.0549)|(20,24,0.0000,0.0000,0.0000)|(4,18,0.4995,0.0000,0.0000)",9|9|9|9|9|9|9|9|9,0.935547|0.812988|0.963867|0.520508|0.508789|0.648926|0.640137|0.735352|0.558594,192,40,0.5,0.9,0.9,32,0.1,1337,cuda,fastprior
140,6,6,1.000000,0|1|2|3|4|5|7|8|9,0|0|0|0|0|0|0|0|0,40,70848,"(10,18,1.0000,1.0000,1.0000)|(10,18,1.0000,1.0000,0.7107)|(26,8,1.0000,1.0000,1.0000)|(9,21,1.0000,1.0000,1.0000)|(14,22,1.0000,1.0000,1.0000)|(4,17,0.0000,0.0000,0.5316)|(4,22,0.0000,0.0000,0.5943)|(18,7,1.0000,0.9966,1.0000)|(4,23,0.9995,1.0000,1.0000)",6|6|6|6|6|6|6|6|6,0.926758|0.939453|1.000000|0.999512|0.999512|0.999512|1.000000|0.979980|1.000000,192,40,0.5,0.9,0.9,32,0.1,1337,cuda,fastprior
141,5,5,0.996582,0|1|2|3|4|6|7|8|9,0|0|0|0|0|0|0|0|0,40,70848,"(17,10,1.0000,1.0000,1.0000)|(16,10,1.0000,1.0000,0.7088)|(12,20,1.0000,0.1267,0.2780)|(17,10,1.0000,1.0000,1.0000)|(12,30,1.0000,1.0000,0.7112)|(10,22,0.6188,0.0000,0.0000)|(12,30,1.0000,1.0000,0.7711)|(12,30,0.9607,1.0000,1.0000)|(16,23,1.0000,0.8061,0.5444)",5|5|5|5|5|5|5|5|5,0.774902|0.999023|1.000000|0.774902|0.659668|1.000000|0.671875|0.769043|1.000000,192,40,0.5,0.9,0.9,32,0.1,1337,cuda,fastprior
142,6,6,1.000000,0|1|2|3|4|5|7|8|9,0|0|0|0|0|0|0|0|0,40,70848,"(15,22,0.0000,0.0000,0.6421)|(29,7,0.0000,0.0000,0.4928)|(8,14,0.0000,0.0003,1.0000)|(20,19,0.0000,0.0676,1.0000)|(15,16,0.0000,0.0000,1.0000)|(15,22,0.0000,0.0000,0.6488)|(15,22,0.0000,0.0000,0.7370)|(20,19,0.0000,0.0000,1.0000)|(15,22,0.0000,0.0029,0.6642)",6|6|6|6|6|6|6|6|6,1.000000|1.000000|1.000000|1.000000|1.000000|1.000000|1.000000|1.000000|1.000000,192,40,0.5,0.9,0.9,32,0.1,1337,cuda,fastprior
143,3,3,0.574707,0|1|2|4|5|6|7|8|9,0|0|0|0|1|0|0|0|0,40,70848,"(14,7,0.0000,0.4595,1.0000)|(17,8,0.0000,0.3672,1.0000)|(8,3,0.9592,0.9474,1.0000)|(15,6,1.0000,0.0000,0.3562)|(14,6,1.0000,1.0000,1.0000)|(7,12,0.0000,0.1714,0.4509)|(21,13,1.0000,0.5740,0.0000)|(17,8,0.0000,0.4548,0.8946)|(8,3,0.0000,0.1744,1.0000)",5|5|5|5|5|3|3|5|5,0.670410|0.600098|0.743164|0.704102|0.622070|0.929199|0.888184|0.557129|0.825684,192,40,0.5,0.9,0.9,32,0.1,1337,cuda,fastprior
144,8,8,1.000000,0|1|2|3|4|5|6|7|9,0|0|0|0|0|0|0|0|0,40,70848,"(10,4,1.0000,1.0000,1.0000)|(23,30,1.0000,1.0000,1.0000)|(10,30,1.0000,1.0000,1.0000)|(15,22,1.0000,0.8713,1.0000)|(11,22,1.0000,1.0000,1.0000)|(24,17,1.0000,1.0000,1.0000)|(10,19,1.0000,0.8255,1.0000)|(10,4,1.0000,1.0000,1.0000)|(12,9,1.0000,1.0000,1.0000)",8|8|8|8|8|8|8|8|8,1.000000|1.000000|1.000000|0.998535|0.999512|1.000000|1.000000|1.000000|1.000000,192,40,0.5,0.9,0.9,32,0.1,1337,cuda,fastprior
145,7,7,0.979492,0|1|2|3|4|5|6|8|9,0|0|1|0|0|0|0|0|0,40,70848,"(23,9,1.0000,0.8179,1.0000)|(20,11,1.0000,1.0000,0.8469)|(21,8,1.0000,1.0000,0.6684)|(8,17,1.0000,1.0000,0.9887)|(20,15,0.5464,0.2580,0.1211)|(20,15,1.0000,0.2930,0.0702)|(23,13,1.0000,0.2543,1.0000)|(21,9,1.0000,0.6700,1.0000)|(24,16,0.9306,1.0000,0.6960)",7|7|7|7|7|7|7|7|7,0.891113|0.560059|0.964355|0.522949|0.957031|0.707520|0.703613|0.914551|0.792480,192,40,0.5,0.9,0.9,32,0.1,1337,cuda,fastprior
146,6,6,1.000000,0|1|2|3|4|5|7|8|9,0|0|0|0|0|0|0|0|0,40,70848,"(22,30,0.0000,0.0000,0.4962)|(9,15,0.0000,0.0000,0.5403)|(27,17,1.0000,1.0000,1.0000)|(11,21,0.0000,0.0000,0.4340)|(10,12,0.0000,0.0000,0.5727)|(10,12,0.0000,0.0000,0.5323)|(22,30,0.0000,0.0000,0.6487)|(10,12,0.0000,0.0000,0.5673)|(8,15,0.0000,0.0000,0.5025)",6|6|6|6|6|6|6|6|6,1.000000|1.000000|1.000000|1.000000|1.000000|1.000000|1.000000|1.000000|1.000000,192,40,0.5,0.9,0.9,32,0.1,1337,cuda,fastprior
148,5,5,0.996094,0|1|2|3|4|6|7|8|9,0|0|0|0|0|0|0|0|0,40,70848,"(14,7,1.0000,1.0000,1.0000)|(17,4,1.0000,1.0000,1.0000)|(17,4,1.0000,1.0000,1.0000)|(18,28,1.0000,1.0000,1.0000)|(17,4,0.0113,1.0000,0.0000)|(17,10,0.9190,1.0000,0.2838)|(17,10,1.0000,1.0000,0.6501)|(24,23,1.0000,1.0000,0.9969)|(9,9,1.0000,1.0000,1.0000)",5|5|5|5|5|5|5|5|5,0.910156|0.994629|0.994629|0.994629|0.987793|0.983887|0.984375|0.997070|0.965332,192,40,0.5,0.9,0.9,32,0.1,1337,cuda,fastprior
149,2,2,1.000000,0|1|3|4|5|6|7|8|9,0|0|0|0|0|0|0|0|0,40,70848,"(25,16,0.0000,0.0000,0.8438)|(8,15,0.0000,0.0000,1.0000)|(27,17,0.0000,0.0000,1.0000)|(12,19,0.0000,0.0000,1.0000)|(5,10,0.0000,0.0000,0.8589)|(6,11,0.0000,0.0000,1.0000)|(8,16,0.0510,0.2875,0.8970)|(15,4,0.0000,0.0000,1.0000)|(6,8,0.0000,0.0000,0.8849)",2|2|2|2|2|2|2|2|2,1.000000|0.999512|1.000000|0.989746|0.999512|0.990234|0.999512|1.000000|0.986328,192,40,0.5,0.9,0.9,32,0.1,1337,cuda,fastprior
150,8,8,0.996094,0|1|2|3|4|5|6|7|9,0|0|0|0|0|0|0|0|0,40,70848,"(13,25,1.0000,0.9775,1.0000)|(15,24,0.8583,1.0000,0.6524)|(10,7,0.0000,0.0000,1.0000)|(14,28,1.0000,0.9431,0.9555)|(14,25,0.3963,0.5826,0.9060)|(14,28,1.0000,0.0000,0.1409)|(14,7,1.0000,0.0000,0.5928)|(10,7,0.0000,0.0000,1.0000)|(14,28,1.0000,0.8218,0.8488)",8|8|8|8|8|8|8|8|8,0.666016|0.527344|0.924316|0.571777|0.590332|0.800781|0.998047|0.924316|0.654297,192,40,0.5,0.9,0.9,32,0.1,1337,cuda,fastprior
151,9,9,0.981445,0|1|2|3|4|5|6|7|8,0|0|0|0|0|0|0|0|0,40,70848,"(9,25,0.9159,0.8935,1.0000)|(10,11,0.4303,0.0000,0.0000)|(10,26,1.0000,0.9007,1.0000)|(10,11,0.0853,0.0000,0.0652)|(10,25,1.0000,1.0000,1.0000)|(12,23,1.0000,0.5847,0.0011)|(11,21,0.2681,0.0000,0.6717)|(12,23,1.0000,0.5932,0.0000)|(11,24,0.8138,0.0000,0.0000)",9|9|9|9|9|9|9|9|9,0.773926|0.708984|0.904297|0.748047|0.767578|0.555664|0.988770|0.556641|0.684082,192,40,0.5,0.9,0.9,32,0.1,1337,cuda,fastprior
152,6,6,1.000000,0|1|2|3|4|5|7|8|9,0|0|0|0|0|0|0|0|0,40,70848,"(26,20,1.0000,0.9946,1.0000)|(10,12,1.0000,1.0000,1.0000)|(7,11,1.0000,1.0000,1.0000)|(7,10,1.0000,1.0000,0.9935)|(19,24,1.0000,0.9988,1.0000)|(20,21,1.0000,1.0000,1.0000)|(8,13,0.9992,1.0000,1.0000)|(23,20,1.0000,1.0000,1.0000)|(7,10,1.0000,1.0000,1.0000)",6|6|6|6|6|6|6|6|6,0.991211|0.950684|0.882324|0.853027|1.000000|0.999023|0.974609|0.992676|0.853027,192,40,0.5,0.9,0.9,32,0.1,1337,cuda,fastprior
153,0,0,1.000000,1|2|3|4|5|6|7|8|9,0|0|0|0|0|0|0|0|0,40,70848,"(21,23,0.0000,0.0000,1.0000)|(20,20,0.0000,0.9160,0.2675)|(14,25,0.0000,0.0000,0.6128)|(22,9,1.0000,0.8590,1.0000)|(19,23,0.8802,0.2345,0.9386)|(6,14,1.0000,1.0000,0.4801)|(6,3,0.2008,0.0000,0.7596)|(22,4,0.0153,1.0000,0.1733)|(24,4,0.0000,0.0000,0.2881)",0|0|0|0|0|0|0|0|0,1.000000|1.000000|1.000000|1.000000|1.000000|1.000000|1.000000|1.000000|1.000000,192,40,0.5,0.9,0.9,32,0.1,1337,cuda,fastprior
154,0,0,1.000000,1|2|3|4|5|6|7|8|9,0|0|0|0|0|0|0|0|0,40,70848,"(18,10,1.0000,1.0000,0.9661)|(22,11,1.0000,1.0000,0.5022)|(20,12,1.0000,1.0000,0.7414)|(20,12,0.3797,1.0000,0.4518)|(20,12,0.5000,1.0000,0.5386)|(11,5,0.2859,1.0000,0.4211)|(20,12,0.5073,1.0000,0.6084)|(20,12,1.0000,1.0000,0.9768)|(20,11,0.5910,1.0000,0.5059)",0|0|0|0|0|0|0|0|0,1.000000|0.982422|0.973633|0.977539|0.976562|1.000000|0.977051|0.976074|0.994629,192,40,0.5,0.9,0.9,32,0.1,1337,cuda,fastprior
155,5,5,1.000000,0|1|2|3|4|6|7|8|9,0|0|0|0|0|0|0|0|0,40,70848,"(18,7,0.0000,0.0000,0.1855)|(16,6,1.0000,1.0000,1.0000)|(17,10,0.5803,0.7214,0.0000)|(17,10,0.0000,0.3895,0.0000)|(14,13,0.8217,0.9623,0.4423)|(18,6,0.0477,1.0000,1.0000)|(18,10,0.0000,0.0000,0.2327)|(18,23,1.0000,1.0000,1.0000)|(18,23,1.0000,1.0000,1.0000)",5|5|5|5|5|5|5|5|5,1.000000|1.000000|1.000000|0.962402|1.000000|1.000000|1.000000|0.976074|0.976074,192,40,0.5,0.9,0.9,32,0.1,1337,cuda,fastprior
156,2,2,0.999512,0|1|3|4|5|6|7|8|9,0|0|0|0|0|0|0|0|0,40,70848,"(18,12,0.0000,0.0000,0.9789)|(20,2,0.8731,0.6763,0.0002)|(20,2,0.7955,0.0000,0.0000)|(18,16,0.0000,0.0000,0.8142)|(27,2,0.0000,0.0000,0.0256)|(12,6,0.1558,0.5790,0.0000)|(24,3,0.8387,0.3853,0.6059)|(9,18,1.0000,0.0000,0.0000)|(19,9,0.8853,0.5769,0.2174)",2|2|2|2|2|2|2|2|2,0.997559|0.999512|0.999512|1.000000|0.999512|0.996094|0.994141|1.000000|1.000000,192,40,0.5,0.9,0.9,32,0.1,1337,cuda,fastprior
157,9,9,0.999023,0|1|2|3|4|5|6|7|8,0|0|0|0|0|0|0|0|0,40,70848,"(9,15,1.0000,1.0000,1.0000)|(18,25,1.0000,1.0000,1.0000)|(27,20,1.0000,1.0000,1.0000)|(8,17,1.0000,1.0000,1.0000)|(27,20,1.0000,1.0000,1.0000)|(14,1,1.0000,1.0000,1.0000)|(27,20,1.0000,0.9988,1.0000)|(9,15,1.0000,1.0000,1.0000)|(19,24,1.0000,0.9985,1.0000)",9|9|9|9|9|9|9|9|9,0.999023|0.997070|0.980469|0.998535|0.980469|0.999023|0.980469|0.999023|0.998047,192,40,0.5,0.9,0.9,32,0.1,1337,cuda,fastprior
159,4,4,1.000000,0|1|2|3|5|6|7|8|9,0|0|0|0|0|0|0|0|0,40,70848,"(10,7,0.9566,0.0000,0.0000)|(23,18,1.0000,1.0000,1.0000)|(9,8,1.0000,1.0000,1.0000)|(12,6,0.0000,0.1596,1.0000)|(14,10,0.1291,0.7744,1.0000)|(11,6,0.6515,0.0732,0.0475)|(10,6,0.7780,1.0000,1.0000)|(23,18,1.0000,1.0000,1.0000)|(7,15,1.0000,1.0000,0.8618)",4|4|4|4|4|4|4|4|4,1.000000|1.000000|1.000000|1.000000|1.000000|1.000000|1.000000|1.000000|1.000000,192,40,0.5,0.9,0.9,32,0.1,1337,cuda,fastprior
160,2,2,0.979980,0|1|3|4|5|6|7|8|9,0|0|0|0|0|0|0|0|0,40,70848,"(19,23,0.1106,0.9408,1.0000)|(17,6,0.9464,1.0000,0.0000)|(12,14,1.0000,0.8937,1.0000)|(20,23,0.6670,0.0000,0.0000)|(20,6,0.1503,0.0000,0.5230)|(18,6,1.0000,0.5896,0.0000)|(17,5,1.0000,0.4141,0.0000)|(22,25,0.3646,0.8990,0.2665)|(19,7,0.8498,1.0000,0.0000)",0|2|2|2|2|2|2|2|2,0.558105|0.912109|0.979492|0.933105|0.766113|0.579102|0.840332|0.959473|0.858887,192,40,0.5,0.9,0.9,32,0.1,1337,cuda,fastprior
161,1,1,0.995117,0|2|3|4|5|6|7|8|9,0|0|0|0|0|0|0|0|0,40,70848,"(6,12,1.0000,1.0000,1.0000)|(9,5,1.0000,1.0000,0.7229)|(4,15,1.0000,0.8449,0.7388)|(17,6,0.8445,0.7072,0.5000)|(9,5,1.0000,0.8702,0.8470)|(17,6,0.0000,1.0000,0.0000)|(16,7,0.7409,0.9950,0.8399)|(4,25,0.1462,0.2579,0.0206)|(4,15,0.9438,1.0000,0.6689)",1|1|1|1|1|1|1|1|1,0.997559|0.913086|0.992676|0.997559|0.919922|0.996582|0.999023|0.995117|0.992676,192,40,0.5,0.9,0.9,32,0.1,1337,cuda,fastprior
162,6,6,0.953125,0|1|2|3|4|5|7|8|9,0|0|0|0|0|0|0|0|0,40,70848,"(15,14,0.0000,0.0000,1.0000)|(27,3,0.0000,0.0000,1.0000)|(21,10,0.0000,0.1806,1.0000)|(19,5,0.0000,0.0000,0.0000)|(17,8,0.0000,0.4432,1.0000)|(29,6,0.0000,0.0000,0.6732)|(25,6,0.0000,0.0000,0.8424)|(26,2,0.0000,0.0000,1.0000)|(17,8,0.0000,0.0000,0.6750)",3|6|6|3|6|6|6|6|6,0.400391|0.929688|0.851562|0.791504|0.993652|0.988281|0.998535|0.932617|0.967773,192,40,0.5,0.9,0.9,32,0.1,1337,cuda,fastprior
163,6,6,0.999512,0|1|2|3|4|5|7|8|9,0|0|0|0|0|0|0|0|0,40,70848,"(21,19,0.9993,1.0000,1.0000)|(16,10,1.0000,1.0000,1.0000)|(5,11,1.0000,1.0000,1.0000)|(19,11,1.0000,1.0000,1.0000)|(26,19,0.0000,0.0000,0.8511)|(19,16,1.0000,1.0000,0.9963)|(15,8,1.0000,1.0000,1.0000)|(13,20,1.0000,1.0000,1.0000)|(24,17,1.0000,1.0000,1.0000)",6|6|6|6|6|6|6|6|6,0.998535|1.000000|0.999023|0.999023|0.999023|0.999512|1.000000|0.998047|0.950195,192,40,0.5,0.9,0.9,32,0.1,1337,cuda,fastprior
164,8,8,0.635742,0|1|2|3|4|5|6|7|9,1|0|0|0|0|0|0|0|0,40,70848,"(15,9,0.0000,0.0991,0.5329)|(20,24,1.0000,1.0000,1.0000)|(18,25,0.8938,0.6440,0.3771)|(18,23,1.0000,1.0000,1.0000)|(21,18,0.0000,0.0000,0.0981)|(21,18,0.0000,0.4698,0.8414)|(18,23,1.0000,1.0000,1.0000)|(14,11,0.2398,0.0000,0.7630)|(21,24,1.0000,1.0000,1.0000)",0|8|8|8|0|0|8|8|0,0.734863|0.644043|0.826172|0.709961|0.947754|0.894043|0.709961|0.525879|0.469238,192,40,0.5,0.9,0.9,32,0.1,1337,cuda,fastprior
165,4,4,0.847656,0|1|2|3|5|6|7|8|9,0|0|1|0|0|0|0|0|0,40,70848,"(22,27,0.0000,0.0000,0.9963)|(21,13,0.2597,1.0000,0.0144)|(22,21,0.9669,0.7221,0.3303)|(24,16,0.0000,0.1635,0.9849)|(17,11,0.0000,0.0248,1.0000)|(22,21,0.0000,0.0000,1.0000)|(22,16,0.9110,1.0000,1.0000)|(23,17,1.0000,0.0000,0.0000)|(20,19,1.0000,0.0000,0.0000)",7|4|2|4|4|2|7|2|4,0.437012|0.785645|0.858887|0.811035|0.976074|0.741211|0.728516|0.487793|0.537598,192,40,0.5,0.9,0.9,32,0.1,1337,cuda,fastprior
166,8,8,1.000000,0|1|2|3|4|5|6|7|9,0|0|0|0|0|0|0|0|0,40,70848,"(4,16,0.0000,0.0000,0.1051)|(4,18,0.0000,0.0000,0.0746)|(13,26,0.0000,0.0000,1.0000)|(7,8,0.0000,0.0018,0.0000)|(4,16,0.0000,0.0000,1.0000)|(17,27,1.0000,1.0000,1.0000)|(9,17,0.0000,0.0000,0.1069)|(8,1,0.0000,0.0000,0.5748)|(17,27,1.0000,1.0000,0.9219)",8|8|8|8|8|8|8|8|8,0.988770|0.987793|0.999512|0.934082|0.988281|0.976562|0.947754|0.999023|0.977539,192,40,0.5,0.9,0.9,32,0.1,1337,cuda,fastprior
167,4,4,1.000000,0|1|2|3|5|6|7|8|9,0|0|0|0|0|0|0|0|0,40,70848,"(16,17,1.0000,0.8494,1.0000)|(7,22,1.0000,1.0000,1.0000)|(17,17,1.0000,0.9992,1.0000)|(18,17,1.0000,1.0000,0.9996)|(8,21,1.0000,1.0000,1.0000)|(28,16,1.0000,1.0000,1.0000)|(18,17,1.0000,1.0000,1.0000)|(7,22,1.0000,0.8238,1.0000)|(13,6,1.0000,1.0000,1.0000)",4|4|2|4|4|4|4|4|2,0.905273|1.000000|0.674805|0.792480|1.000000|1.000000|0.791016|1.000000|0.583008,192,40,0.5,0.9,0.9,32,0.1,1337,cuda,fastprior
168,5,5,1.000000,0|1|2|3|4|6|7|8|9,0|0|0|0|0|0|0|0|0,40,70848,"(23,24,1.0000,1.0000,1.0000)|(14,19,1.0000,1.0000,0.9918)|(16,20,1.0000,0.6322,1.0000)|(14,21,1.0000,1.0000,1.0000)|(16,20,1.0000,1.0000,1.0000)|(26,21,0.1642,0.0000,0.6465)|(22,24,1.0000,1.0000,1.0000)|(28,15,1.0000,1.0000,1.0000)|(13,16,1.0000,1.0000,1.0000)",5|5|5|5|5|5|5|5|5,1.000000|1.000000|0.999023|0.997559|0.998535|1.000000|1.000000|1.000000|1.000000,192,40,0.5,0.9,0.9,32,0.1,1337,cuda,fastprior
170,9,9,1.000000,0|1|2|3|4|5|6|7|8,0|0|0|0|0|0|0|0|0,40,70848,"(20,25,0.0000,0.0000,0.0000)|(4,2,0.0000,0.0000,0.0000)|(3,16,1.0000,0.7045,0.9664)|(28,22,0.2113,0.0000,0.0000)|(18,15,0.3785,0.0000,0.0000)|(18,15,0.0944,0.0000,0.0000)|(20,25,0.3518,0.0000,0.0000)|(16,13,0.0000,0.0000,0.0000)|(7,4,0.0000,0.0000,0.0051)",9|9|9|9|9|9|9|9|9,1.000000|1.000000|1.000000|1.000000|0.999023|0.998535|1.000000|1.000000|1.000000,192,40,0.5,0.9,0.9,32,0.1,1337,cuda,fastprior
172,9,9,1.000000,0|1|2|3|4|5|6|7|8,0|0|0|0|0|0|0|0|0,40,70848,"(25,25,0.0000,0.0000,0.9421)|(26,19,1.0000,0.0000,0.0000)|(20,3,0.0000,0.0000,1.0000)|(8,16,0.0000,0.0000,0.9110)|(9,18,0.0000,0.0009,0.7578)|(9,18,0.0000,0.0000,0.7261)|(6,16,0.0000,0.0000,1.0000)|(15,9,0.0000,0.0000,0.9284)|(6,17,0.0000,0.0000,1.0000)",9|9|9|9|9|9|9|9|9,1.000000|1.000000|0.999512|1.000000|1.000000|1.000000|1.000000|1.000000|1.000000,192,40,0.5,0.9,0.9,32,0.1,1337,cuda,fastprior
173,8,8,0.999512,0|1|2|3|4|5|6|7|9,0|0|0|0|0|0|0|0|0,40,70848,"(9,24,1.0000,0.6426,1.0000)|(10,26,0.9125,0.2735,0.6153)|(10,19,0.1190,0.1323,0.7104)|(10,26,0.9246,0.7127,0.6446)|(23,28,1.0000,0.7418,0.6387)|(23,27,0.7743,0.4468,0.2682)|(9,10,0.8331,0.3940,0.5006)|(11,24,0.9545,0.6642,0.8862)|(19,18,1.0000,0.8187,0.3805)",8|8|8|8|8|8|8|8|8,0.937500|0.946777|0.999512|0.940430|0.999512|0.999512|1.000000|0.941406|1.000000,192,40,0.5,0.9,0.9,32,0.1,1337,cuda,fastprior
174,9,9,0.999023,0|1|2|3|4|5|6|7|8,0|0|0|0|0|0|0|0|0,40,70848,"(8,14,0.0000,0.1637,0.6073)|(8,14,0.0000,0.0000,0.9277)|(18,4,0.0000,0.5283,1.0000)|(19,4,0.0000,0.5284,0.8486)|(18,4,0.0708,0.4695,1.0000)|(11,2,0.0000,0.5778,1.0000)|(29,14,0.0000,0.0000,0.8027)|(23,24,0.0000,0.5382,0.7651)|(10,7,0.2717,0.0000,0.0000)",9|9|9|9|9|9|9|9|9,0.998047|0.998047|0.997559|0.998047|0.997559|0.999512|0.999512|0.999023|0.999512,192,40,0.5,0.9,0.9,32,0.1,1337,cuda,fastprior
175,9,9,1.000000,0|1|2|3|4|5|6|7|8,0|0|0|0|0|0|0|0|0,40,70848,"(7,23,0.5973,1.0000,1.0000)|(7,23,1.0000,1.0000,0.7756)|(5,23,0.7660,1.0000,1.0000)|(19,22,0.7826,1.0000,1.0000)|(5,26,0.3298,0.7156,0.9407)|(15,26,1.0000,0.9752,0.7599)|(15,5,0.9458,0.9324,0.4890)|(5,17,1.0000,0.8026,1.0000)|(16,11,0.7324,1.0000,1.0000)",9|9|9|9|9|9|9|9|9,1.000000|1.000000|1.000000|1.000000|1.000000|1.000000|1.000000|1.000000|1.000000,192,40,0.5,0.9,0.9,32,0.1,1337,cuda,fastprior
176,3,3,0.997559,0|1|2|4|5|6|7|8|9,0|0|0|0|1|0|0|0|0,40,70848,"(24,14,1.0000,0.0316,0.0000)|(15,9,0.0000,0.0000,1.0000)|(24,14,0.0000,0.0000,1.0000)|(24,14,0.7763,0.0000,0.1779)|(26,11,0.0000,0.0001,0.2851)|(19,20,0.8628,0.0000,0.0727)|(19,7,0.0804,0.2145,1.0000)|(13,23,0.0000,0.0000,0.9907)|(15,9,0.0000,0.0000,0.9717)",3|3|5|3|3|3|3|3|3,0.999512|0.672852|0.979004|0.999512|0.862305|0.952637|0.994141|0.995605|0.667969,192,40,0.5,0.9,0.9,32,0.1,1337,cuda,fastprior
177,7,7,1.000000,0|1|2|3|4|5|6|8|9,0|0|0|0|0|0|0|0|0,40,70848,"(17,25,1.0000,0.8257,1.0000)|(17,13,1.0000,0.8397,1.0000)|(10,18,1.0000,0.8729,1.0000)|(10,18,1.0000,0.8839,1.0000)|(10,13,1.0000,0.8654,0.9967)|(15,13,1.0000,1.0000,1.0000)|(24,17,1.0000,1.0000,0.6681)|(7,19,1.0000,0.9733,0.8443)|(17,8,1.0000,1.0000,0.8601)",7|7|7|7|7|7|7|7|7,1.000000|0.999512|1.000000|1.000000|1.000000|1.000000|1.000000|1.000000|1.000000,192,40,0.5,0.9,0.9,32,0.1,1337,cuda,fastprior
179,0,0,1.000000,1|2|3|4|5|6|7|8|9,0|0|0|0|0|0|0|0|0,40,70848,"(21,20,0.0000,0.7643,0.0000)|(20,13,0.4957,0.0000,0.3264)|(20,17,0.0000,0.9316,0.2316)|(22,15,0.4438,0.0000,0.3500)|(22,15,0.8471,0.5105,0.5975)|(25,13,0.4342,0.1973,0.1255)|(24,18,0.0000,1.0000,0.0000)|(16,21,0.0000,1.0000,0.0000)|(16,21,0.0000,1.0000,0.0000)",0|0|0|0|0|0|0|0|0,1.000000|1.000000|1.000000|1.000000|1.000000|1.000000|1.000000|1.000000|1.000000,192,40,0.5,0.9,0.9,32,0.1,1337,cuda,fastprior
180,0,0,0.993164,1|2|3|4|5|6|7|8|9,0|0|0|0|0|0|0|0|0,40,70848,"(10,18,1.0000,1.0000,1.0000)|(12,20,0.0000,0.0000,0.7566)|(16,4,0.2305,0.0000,0.0000)|(9,17,1.0000,1.0000,1.0000)|(6,16,0.0000,0.0000,0.1925)|(10,18,1.0000,1.0000,1.0000)|(19,16,1.0000,1.0000,0.8663)|(9,17,0.9944,1.0000,1.0000)|(9,18,0.6765,0.9384,0.8662)",0|0|0|0|0|0|0|0|0,0.987305|0.999023|0.958496|0.912109|0.944336|0.987305|0.991211|0.912598|0.940918,192,40,0.5,0.9,0.9,32,0.1,1337,cuda,fastprior
181,5,5,1.000000,0|1|2|3|4|6|7|8|9,0|0|0|0|0|0|0|0|0,40,70848,"(11,10,0.0000,0.0000,1.0000)|(12,10,0.0000,0.0000,1.0000)|(22,17,1.0000,0.7525,1.0000)|(23,23,0.0000,0.0000,1.0000)|(13,9,0.0000,0.0000,0.8986)|(21,16,0.0000,0.0000,1.0000)|(16,17,1.0000,1.0000,1.0000)|(12,10,0.0000,0.0000,1.0000)|(21,16,0.0000,0.0000,0.9182)",5|5|5|5|5|5|5|5|5,0.999023|0.997559|0.999023|1.000000|0.999023|0.999023|0.999512|0.997559|0.999023,192,40,0.5,0.9,0.9,32,0.1,1337,cuda,fastprior
182,2,2,1.000000,0|1|3|4|5|6|7|8|9,0|0|0|0|0|0|0|0|0,40,70848,"(6,22,0.0000,0.0000,0.3938)|(2,8,0.0000,0.0000,0.2848)|(20,27,0.0000,0.0000,0.9523)|(6,5,0.4627,0.0000,0.0000)|(11,4,0.0000,0.0000,0.0000)|(25,14,0.9332,1.0000,1.0000)|(26,17,1.0000,0.9840,1.0000)|(25,1,0.0890,0.0000,0.1825)|(26,17,0.9899,1.0000,1.0000)",2|2|2|2|2|2|2|2|2,1.000000|1.000000|1.000000|1.000000|1.000000|1.000000|1.000000|1.000000|1.000000,192,40,0.5,0.9,0.9,32,0.1,1337,cuda,fastprior
184,3,3,0.998047,0|1|2|4|5|6|7|8|9,0|0|0|0|0|0|0|0|0,40,70848,"(23,16,0.0000,1.0000,1.0000)|(27,6,0.0000,0.9623,0.9952)|(8,17,1.0000,1.0000,0.5204)|(20,6,0.2319,0.0000,0.8755)|(26,7,0.0000,0.0000,0.8008)|(26,10,0.2599,0.2890,1.0000)|(25,15,0.0000,0.0000,0.5452)|(20,6,0.6026,0.0000,0.0000)|(20,6,0.9199,1.0000,0.4906)",3|3|3|5|3|3|5|5|3,0.997559|0.999023|1.000000|0.745605|0.966309|0.996094|0.855469|0.684082|0.998047,192,40,0.5,0.9,0.9,32,0.1,1337,cuda,fastprior
185,8,8,1.000000,0|1|2|3|4|5|6|7|9,0|0|0|0|0|0|0|0|0,40,70848,"(17,15,0.0000,0.0000,1.0000)|(12,15,0.0000,0.0000,0.9849)|(18,6,0.0000,0.0000,1.0000)|(28,22,0.0000,0.0000,1.0000)|(17,8,0.0000,0.0000,1.0000)|(12,10,0.0000,0.0000,0.6706)|(20,2,0.0000,0.0000,0.9409)|(17,15,0.0000,0.0000,0.6882)|(17,8,0.0035,0.0000,0.7718)",8|8|8|8|8|8|8|8|8,1.000000|1.000000|1.000000|1.000000|1.000000|1.000000|1.000000|1.000000|1.000000,192,40,0.5,0.9,0.9,32,0.1,1337,cuda,fastprior
186,6,6,1.000000,0|1|2|3|4|5|7|8|9,0|0|0|0|0|0|0|0|0,40,70848,"(11,24,1.0000,1.0000,0.9376)|(9,23,1.0000,1.0000,1.0000)|(16,14,0.4179,1.0000,1.0000)|(20,29,1.0000,1.0000,1.0000)|(19,5,1.0000,1.0000,1.0000)|(11,24,1.0000,1.0000,1.0000)|(8,6,0.9793,1.0000,1.0000)|(9,19,1.0000,0.9901,1.0000)|(12,24,0.8527,1.0000,0.4723)",6|6|6|6|6|6|6|6|6,1.000000|1.000000|1.000000|1.000000|1.000000|1.000000|1.000000|1.000000|1.000000,192,40,0.5,0.9,0.9,32,0.1,1337,cuda,fastprior
187,3,3,1.000000,0|1|2|4|5|6|7|8|9,0|0|0|0|0|0|0|0|0,40,70848,"(16,17,1.0000,1.0000,1.0000)|(16,17,0.0000,0.6304,0.8868)|(14,17,0.9551,0.9061,0.5326)|(19,18,1.0000,0.1342,0.1747)|(22,18,0.0051,0.6137,0.9292)|(18,16,0.0418,0.6250,0.9287)|(17,15,0.0026,0.6959,0.8088)|(17,15,0.0000,0.7358,1.0000)|(17,15,0.0052,0.4860,0.8992)",3|3|3|3|3|3|3|3|3,1.000000|1.000000|1.000000|1.000000|1.000000|1.000000|0.998535|0.998047|0.998535,192,40,0.5,0.9,0.9,32,0.1,1337,cuda,fastprior
189,0,0,0.980469,1|2|3|4|5|6|7|8|9,0|0|0|0|0|0|0|0|0,40,70848,"(29,20,0.7111,0.0818,0.0000)|(5,29,0.9571,0.8902,0.6402)|(19,29,0.3493,0.5441,0.0000)|(22,8,0.3192,0.3795,0.4828)|(29,20,0.6987,0.0000,0.0000)|(17,7,0.0000,1.0000,0.0000)|(15,28,0.7526,0.1187,0.0000)|(11,26,0.7292,0.1002,0.0000)|(29,20,0.0000,1.0000,0.0000)",0|0|0|0|0|0|0|0|0,0.937988|0.995117|0.957031|0.986816|0.946777|0.996582|0.997559|0.998047|0.946289,192,40,0.5,0.9,0.9,32,0.1,1337,cuda,fastprior
190,5,5,1.000000,0|1|2|3|4|6|7|8|9,0|0|0|0|0|0|0|0|0,40,70848,"(16,9,0.0017,0.0000,1.0000)|(17,18,0.0000,0.0000,1.0000)|(20,16,0.0000,0.0000,1.0000)|(13,16,0.0885,0.0000,1.0000)|(19,16,0.0264,0.0000,1.0000)|(16,9,0.2650,0.0000,0.9725)|(16,16,0.0000,0.0000,0.7129)|(16,9,0.0254,0.0000,1.0000)|(16,17,0.0000,0.0000,0.6934)",5|5|5|5|5|5|5|5|5,0.997559|1.000000|1.000000|1.000000|0.999023|0.998047|1.000000|0.997559|1.000000,192,40,0.5,0.9,0.9,32,0.1,1337,cuda,fastprior
191,8,8,1.000000,0|1|2|3|4|5|6|7|9,0|0|0|0|0|0|0|0|0,40,70848,"(11,19,0.0000,0.0000,0.0965)|(15,10,0.0000,0.0015,0.0526)|(11,19,0.0000,0.0000,0.0373)|(13,19,0.0000,0.4919,0.6798)|(13,7,0.0000,0.0822,0.6239)|(8,17,0.0000,0.0000,0.8782)|(3,28,0.0000,0.0000,0.0300)|(11,19,0.0000,0.0000,0.0874)|(7,11,0.0000,0.0000,0.0000)",8|8|8|8|8|8|8|8|8,0.998535|1.000000|0.998535|1.000000|1.000000|1.000000|1.000000|0.998535|0.999512,192,40,0.5,0.9,0.9,32,0.1,1337,cuda,fastprior
192,0,0,0.825684,1|2|3|4|5|6|7|8|9,0|0|0|0|0|0|0|0|0,40,70848,"(10,15,0.0000,0.0000,0.8182)|(11,2,0.0000,0.0000,0.1755)|(11,2,0.0000,0.0000,0.0000)|(14,16,0.3470,0.0000,0.3602)|(11,11,0.1879,0.0385,0.0000)|(7,7,0.6173,0.0000,0.0000)|(18,15,0.0000,1.0000,0.0251)|(15,14,0.0000,0.2835,1.0000)|(11,14,1.0000,1.0000,0.8262)",0|2|2|0|0|2|0|0|0,0.928223|0.899414|0.892578|0.812988|0.831543|0.326904|0.565430|0.957520|0.844727,192,40,0.5,0.9,0.9,32,0.1,1337,cuda,fastprior
193,1,1,0.996094,0|2|3|4|5|6|7|8|9,0|0|0|0|0|0|0|0|0,40,70848,"(7,27,1.0000,1.0000,1.0000)|(16,22,1.0000,1.0000,1.0000)|(17,17,0.0000,0.0000,0.0904)|(21,17,0.0000,0.0000,0.0000)|(21,17,0.0000,0.1836,0.0000)|(19,18,0.4519,1.0000,0.0000)|(16,22,0.4051,0.9372,0.0000)|(16,15,0.5513,1.0000,1.0000)|(16,20,0.0266,0.0000,0.0000)",1|1|1|1|1|1|1|1|9,0.997070|0.636719|0.991211|0.859375|0.843750|0.950684|0.938477|0.995605|0.653320,192,40,0.5,0.9,0.9,32,0.1,1337,cuda,fastprior
194,7,7,1.000000,0|1|2|3|4|5|6|8|9,0|0|0|0|0|0|0|0|0,40,70848,"(8,23,1.0000,1.0000,1.0000)|(23,11,1.0000,1.0000,1.0000)|(14,14,1.0000,1.0000,1.0000)|(16,11,0.9993,0.9998,1.0000)|(16,11,1.0000,1.0000,0.9990)|(21,13,1.0000,1.0000,1.0000)|(18,13,1.0000,1.0000,0.9990)|(16,11,1.0000,1.0000,1.0000)|(16,9,1.0000,1.0000,1.0000)",7|7|7|7|7|7|7|7|7,1.000000|1.000000|1.000000|0.998535|0.998535|1.000000|1.000000|0.998535|0.999512,192,40,0.5,0.9,0.9,32,0.1,1337,cuda,fastprior
195,2,2,0.883789,0|1|3|4|5|6|7|8|9,0|0|0|0|0|0|0|0|0,40,70848,"(21,5,0.4679,0.7741,0.0000)|(14,13,1.0000,1.0000,1.0000)|(18,11,0.0000,0.1138,0.0000)|(14,12,0.5616,0.3999,0.4041)|(21,5,0.8976,0.6280,0.2008)|(13,10,0.0000,1.0000,0.2148)|(29,21,1.0000,0.2335,0.0337)|(21,3,0.0000,0.8688,0.5584)|(27,21,0.5813,1.0000,1.0000)",2|2|2|2|2|2|7|2|2,0.904297|0.995605|0.760742|0.937012|0.885742|0.943359|0.498779|0.546875|0.499023,192,40,0.5,0.9,0.9,32,0.1,1337,cuda,fastprior
196,8,8,1.000000,0|1|2|3|4|5|6|7|9,0|0|0|0|0|0|0|0|0,40,70848,"(25,8,0.9983,1.0000,1.0000)|(11,19,0.9318,0.0000,0.0000)|(2,27,1.0000,1.0000,1.0000)|(10,19,1.0000,0.9883,1.0000)|(27,7,1.0000,1.0000,1.0000)|(5,19,1.0000,1.0000,1.0000)|(20,8,1.0000,0.9936,1.0000)|(2,27,1.0000,1.0000,0.9975)|(24,19,0.4644,1.0000,0.4445)",8|8|8|8|8|8|8|8|8,0.999512|1.000000|1.000000|1.000000|1.000000|1.000000|0.999512|1.000000|1.000000,192,40,0.5,0.9,0.9,32,0.1,1337,cuda,fastprior
197,8,8,1.000000,0|1|2|3|4|5|6|7|9,0|0|0|0|0|0|0|0|0,40,70848,"(12,21,0.0000,0.0000,0.9989)|(10,22,0.0000,0.0000,0.5755)|(17,2,0.0000,0.0000,0.9890)|(22,12,0.0000,0.0000,1.0000)|(25,13,0.0000,0.0000,1.0000)|(10,20,0.0287,0.0000,0.3092)|(5,8,0.0000,0.0000,1.0000)|(7,5,0.0000,0.0000,0.4348)|(5,3,0.0000,0.0006,1.0000)",8|8|8|8|8|8|8|8|8,1.000000|0.999512|0.888184|0.999512|0.986328|1.000000|0.989258|0.988281|0.995605,192,40,0.5,0.9,0.9,32,0.1,1337,cuda,fastprior
198,7,7,1.000000,0|1|2|3|4|5|6|8|9,0|0|0|0|0|0|0|0|0,40,70848,"(10,10,0.9963,1.0000,1.0000)|(16,17,1.0000,0.8550,0.9471)|(15,17,0.9174,1.0000,0.9235)|(17,15,1.0000,0.9997,1.0000)|(14,11,1.0000,1.0000,1.0000)|(14,15,0.9992,0.9480,0.8610)|(19,19,0.9681,0.8906,0.7732)|(14,11,1.0000,0.9230,0.7850)|(14,11,1.0000,0.9502,0.8197)",7|7|7|7|4|7|7|4|4,0.820312|0.997559|1.000000|0.676758|0.617188|0.999512|0.999512|0.523926|0.554199,192,40,0.5,0.9,0.9,32,0.1,1337,cuda,fastprior
199,8,8,1.000000,0|1|2|3|4|5|6|7|9,0|0|0|0|0|0|0|0|0,40,70848,"(25,18,0.0000,0.0000,0.0307)|(22,21,0.0000,0.0000,1.0000)|(13,12,0.0000,0.0000,0.5937)|(21,17,0.0000,0.0000,0.8535)|(25,18,0.0000,0.0000,1.0000)|(21,15,0.0000,0.0000,1.0000)|(14,13,0.0024,0.0000,0.0365)|(21,17,0.0000,0.0000,1.0000)|(8,24,0.0000,0.0000,0.4175)",8|8|8|8|8|8|8|8|8,1.000000|1.000000|1.000000|1.000000|1.000000|1.000000|0.996582|1.000000|1.000000,192,40,0.5,0.9,0.9,32,0.1,1337,cuda,fastprior
200,5,5,0.999512,0|1|2|3|4|6|7|8|9,0|0|0|0|0|0|0|0|0,40,70848,"(18,11,1.0000,1.0000,1.0000)|(15,5,1.0000,0.9929,0.9949)|(13,8,1.0000,0.9951,1.0000)|(13,8,0.0000,1.0000,1.0000)|(15,9,0.0000,1.0000,1.0000)|(19,5,1.0000,1.0000,1.0000)|(16,7,0.2304,1.0000,0.2883)|(14,9,0.2208,1.0000,0.1821)|(12,9,1.0000,1.0000,1.0000)",5|5|5|5|5|5|5|5|5,0.930176|1.000000|0.998535|0.999023|0.991699|0.999512|0.999512|0.999023|1.000000,192,40,0.5,0.9,0.9,32,0.1,1337,cuda,fastprior
201,1,1,0.778809,0|2|3|4|5|6|7|8|9,1|0|0|0|0|0|0|0|0,40,70848,"(17,13,0.0000,0.0000,0.9730)|(22,23,1.0000,1.0000,1.0000)|(18,15,1.0000,1.0000,0.6983)|(21,24,1.0000,0.0000,0.0000)|(21,24,1.0000,0.0000,0.0000)|(21,24,1.0000,0.0000,0.0000)|(27,21,1.0000,0.5879,0.4111)|(15,10,0.6411,0.0026,0.0000)|(17,12,0.0304,0.0000,0.1190)",9|1|1|1|1|1|0|0|1,0.490723|0.956055|0.653809|0.757324|0.757324|0.757324|0.551270|0.615234|0.587891,192,40,0.5,0.9,0.9,32,0.1,1337,cuda,fastprior
202,8,8,1.000000,0|1|2|3|4|5|6|7|9,0|0|0|0|0|0|0|0|0,40,70848,"(16,26,1.0000,1.0000,0.8052)|(12,21,1.0000,1.0000,0.9874)|(3,27,1.0000,0.9996,1.0000)|(27,26,1.0000,1.0000,1.0000)|(20,6,1.0000,1.0000,0.9589)|(10,19,1.0000,0.9639,1.0000)|(10,19,1.0000,1.0000,1.0000)|(5,26,1.0000,1.0000,1.0000)|(14,27,1.0000,1.0000,0.9906)",8|8|8|8|8|8|8|8|8,1.000000|0.999512|1.000000|1.000000|1.000000|0.999512|0.999512|1.000000|1.000000,192,40,0.5,0.9,0.9,32,0.1,1337,cuda,fastprior
203,7,7,0.995117,0|1|2|3|4|5|6|8|9,0|0|0|0|0|0|0|0|0,40,70848,"(16,17,0.8496,0.7869,1.0000)|(14,17,0.9304,0.6100,1.0000)|(17,18,0.8739,0.6131,1.0000)|(14,17,0.9162,0.7205,0.0790)|(3,26,0.1720,0.0000,0.5346)|(18,18,0.7550,0.5556,0.0000)|(16,15,0.9922,0.5459,1.0000)|(10,15,1.0000,0.4170,0.8155)|(10,15,0.9844,0.6636,0.6864)",9|7|9|7|7|7|7|7|7,0.576660|0.623535|0.856934|0.761230|0.993164|0.710449|0.917969|0.934570|0.936523,192,40,0.5,0.9,0.9,32,0.1,1337,cuda,fastprior
204,1,1,1.000000,0|2|3|4|5|6|7|8|9,0|0|0|0|0|0|0|0|0,40,70848,"(8,20,1.0000,0.9400,1.0000)|(12,4,1.0000,1.0000,1.0000)|(8,20,1.0000,1.0000,1.0000)|(8,20,1.0000,0.9376,1.0000)|(8,20,1.0000,0.8464,1.0000)|(8,20,1.0000,0.8797,0.7889)|(30,17,0.0000,0.0000,0.2266)|(8,13,1.0000,1.0000,1.0000)|(11,15,1.0000,0.8618,1.0000)",1|1|1|1|1|1|1|1|1,1.000000|1.000000|1.000000|1.000000|1.000000|1.000000|1.000000|1.000000|1.000000,192,40,0.5,0.9,0.9,32,0.1,1337,cuda,fastprior
205,3,3,1.000000,0|1|2|4|5|6|7|8|9,0|0|0|0|0|0|0|0|0,40,70848,"(14,10,0.0251,0.0000,1.0000)|(23,11,0.1466,0.0000,0.8730)|(20,22,0.0000,0.0921,1.0000)|(22,22,0.0000,0.0000,0.7707)|(22,10,0.0000,0.0000,0.8493)|(18,22,0.1684,0.1395,0.8952)|(22,21,0.0000,0.0000,0.5960)|(22,16,0.2407,0.0000,1.0000)|(10,9,0.0000,0.0581,0.5732)",3|3|3|3|3|3|3|3|3,1.000000|1.000000|1.000000|1.000000|0.991699|1.000000|1.000000|1.000000|1.000000,192,40,0.5,0.9,0.9,32,0.1,1337,cuda,fastprior
206,0,0,0.996582,1|2|3|4|5|6|7|8|9,0|0|0|0|0|0|0|0|0,40,70848,"(19,26,1.0000,1.0000,1.0000)|(25,4,1.0000,1.0000,1.0000)|(7,12,1.0000,1.0000,1.0000)|(20,21,1.0000,0.8488,0.6424)|(28,6,1.0000,1.0000,1.0000)|(11,5,0.7554,1.0000,0.9473)|(27,6,0.5569,1.0000,0.9393)|(21,22,1.0000,1.0000,1.0000)|(9,5,0.4805,1.0000,1.0000)",0|0|0|0|0|0|0|0|0,0.999512|0.867676|1.000000|1.000000|0.998047|0.997559|0.995605|1.000000|0.995605,192,40,0.5,0.9,0.9,32,0.1,1337,cuda,fastprior
207,5,5,1.000000,0|1|2|3|4|6|7|8|9,0|0|0|0|0|0|0|0|0,40,70848,"(18,19,0.6399,0.3606,0.4035)|(25,11,0.0000,0.0000,0.8119)|(25,11,0.0000,0.0000,0.8610)|(10,19,0.9269,1.0000,1.0000)|(10,26,0.0000,0.0000,0.2059)|(7,21,0.0453,0.0000,0.7891)|(17,2,0.0000,0.0000,1.0000)|(12,18,0.0000,0.0000,0.9531)|(5,8,0.0643,0.3445,0.6348)",5|5|5|5|5|5|5|5|5,1.000000|1.000000|1.000000|1.000000|1.000000|1.000000|1.000000|1.000000|1.000000,192,40,0.5,0.9,0.9,32,0.1,1337,cuda,fastprior
208,7,7,1.000000,0|1|2|3|4|5|6|8|9,0|0|0|0|0|0|0|0|0,40,70848,"(11,2,0.5325,0.1658,0.3664)|(8,2,0.4385,0.0000,0.0997)|(11,6,0.4256,0.2421,0.4136)|(6,20,0.8444,0.8326,0.6141)|(9,1,0.5334,0.0000,0.1126)|(14,13,0.0000,0.0000,0.3195)|(5,0,0.6347,0.0000,0.2892)|(4,24,0.0279,0.0127,0.4477)|(11,2,0.6494,0.0096,0.4717)",7|7|7|7|7|7|7|7|7,1.000000|1.000000|1.000000|1.000000|1.000000|1.000000|1.000000|1.000000|1.000000,192,40,0.5,0.9,0.9,32,0.1,1337,cuda,fastprior
209,9,9,0.999512,0|1|2|3|4|5|6|7|8,0|0|0|0|0|0|0|0|0,40,70848,"(13,6,0.0000,0.0000,1.0000)|(19,16,0.0391,0.0000,0.7590)|(13,6,0.0000,0.0000,0.9052)|(13,3,0.0000,0.0000,1.0000)|(13,6,0.0000,0.0000,0.0000)|(17,15,0.0000,0.0000,0.0000)|(17,15,0.3023,0.0000,0.6020)|(5,16,0.4520,0.0678,1.0000)|(22,10,0.3787,0.5635,1.0000)",9|9|9|9|9|9|9|9|9,0.996094|0.999512|0.996582|0.963379|0.997070|0.999023|0.999023|0.999023|0.999512,192,40,0.5,0.9,0.9,32,0.1,1337,cuda,fastprior
210,7,7,1.000000,0|1|2|3|4|5|6|8|9,0|0|0|0|0|0|0|0|0,40,70848,"(10,11,1.0000,1.0000,1.0000)|(14,15,1.0000,1.0000,1.0000)|(17,15,1.0000,1.0000,1.0000)|(16,10,1.0000,1.0000,1.0000)|(17,15,1.0000,1.0000,1.0000)|(17,12,1.0000,1.0000,0.9975)|(7,21,0.9996,1.0000,1.0000)|(21,18,1.0000,0.8971,0.9979)|(16,8,1.0000,1.0000,1.0000)",7|3|7|3|7|7|7|7|7,0.988281|0.469238|0.846680|0.854980|0.846680|0.637695|1.000000|0.999512|0.999512,192,40,0.5,0.9,0.9,32,0.1,1337,cuda,fastprior
211,4,4,0.997070,0|1|2|3|5|6|7|8|9,0|0|0|0|0|0|0|0|0,40,70848,"(23,20,0.9921,1.0000,1.0000)|(8,22,1.0000,1.0000,0.7051)|(6,22,1.0000,1.0000,0.0354)|(23,20,1.0000,1.0000,1.0000)|(11,25,1.0000,1.0000,1.0000)|(23,20,1.0000,0.8988,0.6501)|(6,22,0.0000,0.9429,1.0000)|(23,20,1.0000,1.0000,0.8325)|(6,22,1.0000,1.0000,0.9509)",0|4|4|0|4|0|4|0|4,0.828125|0.941895|0.972168|0.827148|0.990234|0.602539|0.959961|0.774414|0.961426,192,40,0.5,0.9,0.9,32,0.1,1337,cuda,fastprior
212,5,5,1.000000,0|1|2|3|4|6|7|8|9,0|0|0|0|0|0|0|0|0,40,70848,"(18,24,0.0000,0.0000,0.0000)|(21,21,0.8438,1.0000,0.8769)|(16,6,1.0000,1.0000,1.0000)|(21,21,0.4938,0.0000,0.0000)|(9,18,0.0487,0.1394,0.0028)|(18,24,0.0632,0.1514,0.0000)|(20,3,0.0000,0.0000,1.0000)|(21,21,0.8024,1.0000,0.9777)|(18,24,0.0385,0.1972,0.0000)",5|5|5|5|5|5|5|5|5,1.000000|1.000000|1.000000|1.000000|1.000000|1.000000|1.000000|1.000000|1.000000,192,40,0.5,0.9,0.9,32,0.1,1337,cuda,fastprior
214,8,8,0.901855,0|1|2|3|4|5|6|7|9,0|0|0|0|0|0|0|0|0,40,70848,"(6,21,0.0000,0.0000,0.0000)|(22,9,0.0000,0.0000,0.2953)|(10,18,1.0000,0.3937,0.1198)|(23,16,0.3748,0.7915,0.9674)|(6,19,0.0234,0.0000,1.0000)|(23,30,0.7166,0.3172,1.0000)|(6,21,1.0000,0.8410,1.0000)|(7,20,0.0000,0.0000,0.8316)|(8,27,0.0000,0.0000,0.4150)",8|8|8|8|8|8|8|8|8,0.797852|0.954590|0.621582|0.812012|0.548828|0.601074|0.951660|0.967285|0.800293,192,40,0.5,0.9,0.9,32,0.1,1337,cuda,fastprior
215,0,0,0.999512,1|2|3|4|5|6|7|8|9,0|0|0|0|0|0|0|0|0,40,70848,"(21,24,0.0000,0.0000,1.0000)|(22,15,0.0000,1.0000,0.0000)|(19,20,0.5997,0.0000,0.0000)|(23,16,0.0020,0.1094,1.0000)|(4,2,0.0000,0.0000,0.7748)|(23,15,0.0000,0.0000,1.0000)|(16,6,0.0000,0.5900,0.4997)|(20,21,0.0000,0.3910,0.0000)|(4,2,0.0000,0.0000,1.0000)",0|0|0|0|0|0|0|0|0,0.999023|0.999512|0.987793|0.999023|0.984375|1.000000|0.996582|0.989746|0.983887,192,40,0.5,0.9,0.9,32,0.1,1337,cuda,fastprior
216,7,7,1.000000,0|1|2|3|4|5|6|8|9,0|0|0|0|0|0|0|0|0,40,70848,"(12,19,1.0000,1.0000,1.0000)|(17,21,1.0000,1.0000,1.0000)|(12,19,1.0000,1.0000,1.0000)|(12,19,1.0000,1.0000,1.0000)|(12,19,1.0000,1.0000,1.0000)|(10,17,1.0000,1.0000,1.0000)|(17,21,1.0000,1.0000,1.0000)|(12,19,1.0000,1.0000,1.0000)|(8,3,1.0000,1.0000,1.0000)",7|7|7|7|7|7|7|7|7,0.999512|1.000000|0.999512|0.999512|0.999512|1.000000|1.000000|0.999512|1.000000,192,40,0.5,0.9,0.9,32,0.1,1337,cuda,fastprior
217,9,9,0.977539,0|1|2|3|4|5|6|7|8,0|0|0|0|0|0|0|0|0,40,70848,"(11,18,0.4870,0.0000,0.0000)|(11,18,0.9993,0.6945,0.0000)|(15,5,0.0000,0.0000,1.0000)|(11,18,0.0000,0.0000,0.1096)|(19,20,0.9707,0.3338,0.0000)|(15,4,0.0000,0.1273,1.0000)|(15,10,1.0000,0.0000,0.0333)|(15,22,0.0000,0.0000,0.4365)|(11,18,1.0000,0.3364,0.0000)",9|9|9|9|9|9|9|9|9,0.905762|0.775391|0.977051|0.935059|0.972168|0.985840|0.984375|0.964355|0.786133,192,40,0.5,0.9,0.9,32,0.1,1337,cuda,fastprior
218,8,8,0.975098,0|1|2|3|4|5|6|7|9,1|0|0|0|0|0|0|0|0,40,70848,"(21,5,0.0000,0.0085,0.6891)|(10,18,0.0000,0.0000,0.6434)|(15,22,1.0000,1.0000,0.9066)|(21,16,0.7977,0.0000,0.0000)|(9,18,0.0000,0.0841,0.3304)|(18,17,0.0000,0.0000,1.0000)|(6,19,0.2878,0.2715,0.1812)|(16,22,0.0000,0.0000,1.0000)|(6,24,0.0000,0.0000,0.7479)",8|8|8|3|8|0|8|0|8,0.972168|0.884277|0.913086|0.864258|0.961426|0.672852|0.967285|0.861816|0.695312,192,40,0.5,0.9,0.9,32,0.1,1337,cuda,fastprior
219,2,2,1.000000,0|1|3|4|5|6|7|8|9,0|0|0|0|0|0|0|0|0,40,70848,"(12,15,0.8535,0.9060,1.0000)|(8,18,1.0000,1.0000,1.0000)|(8,18,0.9518,0.9638,1.0000)|(8,18,0.7106,1.0000,1.0000)|(11,8,1.0000,1.0000,0.9265)|(11,8,0.8815,1.0000,0.8730)|(11,8,1.0000,0.9130,0.7499)|(11,8,0.8566,1.0000,1.0000)|(14,16,1.0000,1.0000,1.0000)",2|2|2|2|2|2|2|2|2,1.000000|1.000000|1.000000|1.000000|1.000000|1.000000|1.000000|1.000000|1.000000,192,40,0.5,0.9,0.9,32,0.1,1337,cuda,fastprior
220,7,7,0.997070,0|1|2|3|4|5|6|8|9,0|0|0|0|0|0|0|0|0,40,70848,"(24,11,1.0000,1.0000,1.0000)|(15,11,1.0000,0.9378,0.5833)|(22,6,0.9976,1.0000,1.0000)|(17,17,0.8277,0.2755,0.0000)|(17,17,0.0062,0.6199,0.1376)|(23,11,0.9973,1.0000,1.0000)|(19,14,1.0000,1.0000,0.9961)|(24,14,1.0000,1.0000,1.0000)|(25,10,1.0000,1.0000,0.9879)",7|7|7|7|7|7|7|7|7,0.987305|0.999512|0.879883|0.996582|0.998535|0.993652|0.998535|0.999023|0.999512,192,40,0.5,0.9,0.9,32,0.1,1337,cuda,fastprior
221,6,6,0.898438,0|1|2|3|4|5|7|8|9,0|0|0|0|0|1|0|0|0,40,70848,"(18,23,1.0000,1.0000,0.9968)|(18,10,0.0000,0.0000,0.4287)|(28,9,1.0000,1.0000,1.0000)|(18,13,1.0000,1.0000,1.0000)|(29,7,0.0000,0.8469,1.0000)|(26,12,1.0000,1.0000,1.0000)|(19,24,0.0000,0.5857,1.0000)|(16,12,0.0000,0.0000,0.6237)|(29,7,1.0000,1.0000,1.0000)",5|6|5|6|6|5|6|6|5,0.626465|0.667480|0.646973|0.764648|0.505859|0.991699|0.587891|0.830078|0.722656,192,40,0.5,0.9,0.9,32,0.1,1337,cuda,fastprior
222,9,9,0.998535,0|1|2|3|4|5|6|7|8,0|0|0|0|0|0|0|0|0,40,70848,"(16,12,0.3376,0.8681,0.6875)|(24,21,0.1226,0.0000,0.1066)|(13,3,0.4771,0.0000,0.0000)|(16,4,0.0000,0.9875,0.8541)|(15,16,0.2812,1.0000,0.8782)|(16,4,0.0000,1.0000,1.0000)|(8,16,0.3391,0.9169,1.0000)|(25,2,0.0687,1.0000,0.6382)|(3,19,0.1825,1.0000,0.0211)",9|9|9|9|9|9|9|9|9,0.996582|0.999023|0.999023|0.999512|0.997559|0.999512|0.998047|0.999512|0.998047,192,40,0.5,0.9,0.9,32,0.1,1337,cuda,fastprior
223,4,4,0.983887,0|1|2|3|5|6|7|8|9,0|0|0|0|1|0|0|0|0,40,70848,"(17,24,0.0000,0.0000,1.0000)|(19,19,0.6451,0.0280,0.2851)|(16,6,1.0000,0.0000,0.0000)|(1,20,0.5000,0.0000,0.0000)|(17,21,1.0000,1.0000,1.0000)|(20,17,0.5434,0.0000,0.0000)|(13,11,0.4884,0.5000,0.5000)|(23,18,0.6738,0.0000,0.4542)|(13,11,0.0000,0.0000,0.9840)",5|4|4|4|5|6|4|4|4,0.995117|0.943848|0.979492|0.986816|0.999023|0.380127|0.888184|0.988281|0.993164,192,40,0.5,0.9,0.9,32,0.1,1337,cuda,fastprior
224,3,3,0.981934,0|1|2|4|5|6|7|8|9,0|0|0|0|0|0|0|0|0,40,70848,"(11,20,0.9973,1.0000,1.0000)|(21,3,0.0525,0.9777,1.0000)|(19,12,0.0000,0.0000,1.0000)|(12,22,0.7265,1.0000,0.4335)|(21,10,0.3475,0.9168,0.4830)|(20,10,0.0000,1.0000,0.0000)|(11,20,0.9028,1.0000,0.3792)|(17,10,0.0000,1.0000,0.7122)|(11,10,0.1882,1.0000,0.5923)",3|3|3|3|3|3|3|3|3,0.499512|0.990723|0.995605|0.937012|0.995605|0.949219|0.589844|0.562500|0.989258,192,40,0.5,0.9,0.9,32,0.1,1337,cuda,fastprior
225,9,9,1.000000,0|1|2|3|4|5|6|7|8,0|0|0|0|0|0|0|0|0,40,70848,"(15,16,0.9945,1.0000,1.0000)|(15,16,0.4930,1.0000,1.0000)|(15,15,1.0000,1.0000,1.0000)|(15,15,0.3426,0.6760,1.0000)|(16,7,0.7427,0.9623,0.9869)|(19,8,0.6592,1.0000,1.0000)|(19,15,0.6965,0.8969,1.0000)|(26,12,0.9445,1.0000,1.0000)|(16,7,0.6883,1.0000,1.0000)",9|9|9|9|9|9|9|9|9,1.000000|1.000000|1.000000|1.000000|0.997559|0.999512|1.000000|1.000000|0.997559,192,40,0.5,0.9,0.9,32,0.1,1337,cuda,fastprior
227,4,4,1.000000,0|1|2|3|5|6|7|8|9,0|0|0|0|0|0|0|0|0,40,70848,"(21,25,1.0000,1.0000,1.0000)|(16,26,1.0000,0.9118,1.0000)|(21,25,1.0000,1.0000,1.0000)|(22,14,1.0000,1.0000,0.9680)|(15,25,0.0000,0.0000,1.0000)|(22,13,0.9233,1.0000,1.0000)|(19,22,1.0000,0.8567,1.0000)|(21,25,1.0000,1.0000,1.0000)|(19,22,0.9705,0.8457,1.0000)",4|4|4|4|4|4|4|4|4,1.000000|1.000000|1.000000|1.000000|1.000000|1.000000|1.000000|1.000000|1.000000,192,40,0.5,0.9,0.9,32,0.1,1337,cuda,fastprior
229,6,6,0.849121,0|1|2|3|4|5|7|8|9,0|0|1|0|0|0|0|0|0,40,70848,"(12,11,1.0000,1.0000,1.0000)|(18,3,1.0000,1.0000,1.0000)|(17,17,0.9997,1.0000,1.0000)|(11,14,1.0000,1.0000,1.0000)|(15,11,0.0000,0.0000,0.6287)|(18,10,1.0000,1.0000,0.7963)|(11,6,1.0000,1.0000,1.0000)|(17,11,0.9267,1.0000,0.8266)|(12,7,0.0000,0.9176,1.0000)",2|6|2|3|6|6|7|2|6,0.739258|0.875488|0.812012|0.483398|0.761230|0.485596|0.614258|0.941895|0.738770,192,40,0.5,0.9,0.9,32,0.1,1337,cuda,fastprior
230,5,5,1.000000,0|1|2|3|4|6|7|8|9,0|0|0|0|0|0|0|0|0,40,70848,"(21,19,0.5682,0.1347,0.5407)|(26,14,1.0000,1.0000,0.9246)|(20,4,0.5008,0.6755,0.5663)|(26,15,0.6805,0.1633,0.0834)|(26,13,1.0000,1.0000,1.0000)|(22,17,0.9303,0.3479,0.5610)|(25,15,0.3984,1.0000,0.0000)|(16,22,0.3357,0.5005,0.9559)|(26,14,1.0000,1.0000,1.0000)",5|5|5|5|5|5|5|5|5,1.000000|1.000000|1.000000|1.000000|1.000000|1.000000|1.000000|1.000000|1.000000,192,40,0.5,0.9,0.9,32,0.1,1337,cuda,fastprior
231,1,1,1.000000,0|2|3|4|5|6|7|8|9,0|0|0|0|0|0|0|0|0,40,70848,"(9,6,1.0000,0.8798,1.0000)|(22,17,0.6926,0.6986,1.0000)|(25,17,0.6615,0.0000,0.0000)|(25,17,0.0000,0.4646,0.4944)|(9,6,0.3112,1.0000,1.0000)|(17,26,0.5675,0.7847,1.0000)|(22,17,0.4659,0.8306,1.0000)|(14,19,0.9583,0.9444,1.0000)|(23,17,0.0000,0.8619,0.7395)",1|1|1|1|1|1|1|1|1,1.000000|1.000000|1.000000|1.000000|1.000000|1.000000|1.000000|1.000000|1.000000,192,40,0.5,0.9,0.9,32,0.1,1337,cuda,fastprior
233,8,8,1.000000,0|1|2|3|4|5|6|7|9,0|1|0|0|0|0|0|0|0,40,70848,"(19,21,1.0000,0.8692,1.0000)|(9,22,1.0000,0.9928,1.0000)|(18,21,1.0000,1.0000,1.0000)|(17,16,0.9124,1.0000,1.0000)|(19,21,1.0000,0.8314,1.0000)|(17,16,1.0000,1.0000,1.0000)|(18,21,1.0000,1.0000,1.0000)|(20,20,0.6235,0.7707,0.9871)|(19,21,1.0000,0.8888,0.4358)",8|8|8|8|8|8|8|8|8,0.692871|0.999512|0.611328|1.000000|0.712402|1.000000|0.611328|0.762695|0.838867,192,40,0.5,0.9,0.9,32,0.1,1337,cuda,fastprior
234,8,8,1.000000,0|1|2|3|4|5|6|7|9,0|0|0|0|0|0|0|0|0,40,70848,"(24,8,1.0000,1.0000,1.0000)|(17,28,1.0000,0.9991,1.0000)|(11,8,0.0000,0.0000,1.0000)|(17,28,1.0000,1.0000,1.0000)|(16,10,1.0000,1.0000,1.0000)|(23,23,1.0000,1.0000,1.0000)|(11,8,1.0000,1.0000,1.0000)|(20,23,1.0000,1.0000,0.9995)|(23,23,1.0000,0.9966,1.0000)",8|8|8|8|8|8|8|8|8,1.000000|0.999512|1.000000|0.999512|1.000000|0.955078|1.000000|0.979004|0.955078,192,40,0.5,0.9,0.9,32,0.1,1337,cuda,fastprior
235,0,0,1.000000,1|2|3|4|5|6|7|8|9,0|0|0|0|0|0|0|0|0,40,70848,"(21,7,1.0000,0.9858,0.0506)|(20,7,1.0000,1.0000,1.0000)|(13,18,0.7227,0.5632,0.5482)|(7,20,0.2898,0.2334,0.0393)|(9,21,0.1332,0.2701,0.0000)|(18,23,1.0000,1.0000,0.0471)|(9,22,0.1196,0.1781,0.0000)|(8,7,1.0000,0.0000,0.0000)|(7,14,0.1523,0.1950,0.0000)",0|0|0|0|0|0|0|0|0,0.999512|0.999512|1.000000|1.000000|1.000000|1.000000|1.000000|0.999512|0.999512,192,40,0.5,0.9,0.9,32,0.1,1337,cuda,fastprior
236,4,4,1.000000,0|1|2|3|5|6|7|8|9,0|0|0|0|0|0|0|0|0,40,70848,"(19,7,1.0000,1.0000,1.0000)|(15,18,0.9997,0.9612,0.4537)|(13,4,0.8848,1.0000,1.0000)|(19,16,1.0000,1.0000,1.0000)|(12,16,1.0000,0.8239,0.7254)|(19,8,1.0000,0.9787,0.9097)|(19,7,1.0000,1.0000,1.0000)|(19,10,0.9803,0.9299,0.8077)|(20,16,1.0000,0.8827,1.0000)",4|4|4|4|4|4|4|4|4,0.999512|1.000000|0.998535|1.000000|1.000000|1.000000|0.999512|1.000000|1.000000,192,40,0.5,0.9,0.9,32,0.1,1337,cuda,fastprior
237,0,0,0.999512,1|2|3|4|5|6|7|8|9,0|0|0|0|0|0|0|0|0,40,70848,"(16,22,0.4457,1.0000,0.3218)|(14,29,1.0000,0.8125,0.3331)|(14,29,0.1793,1.0000,0.5695)|(13,18,0.1441,1.0000,0.1327)|(16,22,0.2119,1.0000,0.0823)|(17,20,0.2224,1.0000,0.2831)|(15,21,0.0000,1.0000,0.2083)|(15,24,0.1748,1.0000,0.2600)|(15,20,1.0000,1.0000,0.0000)",0|0|0|0|0|0|0|0|0,0.470703|1.000000|1.000000|1.000000|0.558105|0.476318|0.652344|0.997559|0.778320,192,40,0.5,0.9,0.9,32,0.1,1337,cuda,fastprior
238,5,5,1.000000,0|1|2|3|4|6|7|8|9,0|0|0|0|0|0|0|0|0,40,70848,"(3,18,0.0000,0.0000,0.8815)|(20,12,0.0000,0.0000,0.8824)|(20,18,0.0000,0.0000,0.8368)|(16,13,0.0000,0.0000,1.0000)|(19,16,0.0000,0.0000,0.8999)|(20,12,0.0000,0.0000,1.0000)|(7,13,0.0000,0.0000,0.7381)|(21,10,0.0000,0.0000,0.8177)|(22,11,0.0000,0.0000,0.9752)",5|5|5|5|5|5|5|5|5,1.000000|1.000000|1.000000|0.993652|1.000000|1.000000|1.000000|1.000000|1.000000,192,40,0.5,0.9,0.9,32,0.1,1337,cuda,fastprior
239,5,5,1.000000,0|1|2|3|4|6|7|8|9,0|0|0|0|0|0|0|0|0,40,70848,"(6,5,0.2026,0.7094,0.4564)|(24,19,0.9135,0.3588,0.4664)|(8,6,0.0000,0.0835,0.2620)|(9,7,1.0000,1.0000,1.0000)|(8,5,0.0000,0.0000,0.2749)|(13,21,0.0000,0.0809,0.2964)|(14,19,1.0000,0.1140,0.5893)|(11,10,0.3274,0.8855,0.1408)|(13,21,0.6508,0.4862,0.9457)",5|5|5|5|5|5|5|5|5,1.000000|1.000000|1.000000|1.000000|1.000000|1.000000|1.000000|1.000000|1.000000,192,40,0.5,0.9,0.9,32,0.1,1337,cuda,fastprior
240,1,1,1.000000,0|2|3|4|5|6|7|8|9,0|0|0|0|0|0|0|0|0,40,70848,"(7,3,1.0000,0.9087,1.0000)|(25,18,0.9323,0.9523,0.9416)|(4,2,1.0000,1.0000,1.0000)|(18,26,1.0000,0.6293,0.7692)|(5,4,1.0000,1.0000,1.0000)|(13,28,1.0000,1.0000,1.0000)|(25,18,1.0000,0.8821,1.0000)|(13,28,1.0000,0.9533,0.9895)|(13,28,0.9529,1.0000,1.0000)",1|1|1|1|1|1|1|1|1,1.000000|1.000000|1.000000|1.000000|1.000000|1.000000|1.000000|1.000000|1.000000,192,40,0.5,0.9,0.9,32,0.1,1337,cuda,fastprior
241,1,1,0.999512,0|2|3|4|5|6|7|8|9,0|0|0|0|0|0|0|0|0,40,70848,"(19,19,0.1343,0.0000,0.0000)|(9,12,0.1871,0.0019,0.1122)|(19,22,0.2770,0.1093,0.0191)|(27,13,0.0000,0.1007,0.0000)|(21,22,0.1756,0.0000,0.0000)|(1,19,0.2574,0.1585,0.0000)|(21,19,0.1961,0.0000,0.0000)|(21,19,0.1033,0.0000,0.0000)|(27,13,0.1499,0.0000,0.0000)",1|1|1|1|1|1|1|1|1,0.888184|0.999023|0.995117|1.000000|0.985840|0.998535|0.994141|0.994629|1.000000,192,40,0.5,0.9,0.9,32,0.1,1337,cuda,fastprior
242,8,8,0.973633,0|1|2|3|4|5|6|7|9,0|0|0|0|0|0|0|0|0,40,70848,"(26,14,1.0000,1.0000,1.0000)|(3,28,1.0000,1.0000,0.9514)|(2,17,1.0000,0.9739,1.0000)|(15,3,1.0000,1.0000,1.0000)|(26,12,1.0000,1.0000,1.0000)|(3,15,1.0000,1.0000,1.0000)|(25,20,1.0000,1.0000,0.9985)|(12,29,1.0000,1.0000,1.0000)|(3,15,1.0000,1.0000,0.9987)",8|8|8|8|8|8|8|8|8,0.966309|0.795410|0.955566|0.963379|0.987305|0.704590|0.980469|0.613281|0.704590,192,40,0.5,0.9,0.9,32,0.1,1337,cuda,fastprior
243,9,9,1.000000,0|1|2|3|4|5|6|7|8,0|0|0|0|0|0|0|0|0,40,70848,"(24,24,0.9496,0.4952,1.0000)|(15,28,1.0000,0.1076,0.3380)|(20,20,1.0000,0.0000,0.0103)|(19,21,0.0949,0.9507,1.0000)|(26,21,1.0000,0.1074,0.1712)|(14,22,0.9383,0.8285,1.0000)|(14,23,0.9874,0.0000,0.0000)|(15,25,0.0000,0.0000,0.5645)|(12,29,0.9921,0.0000,0.0000)",9|9|9|9|9|9|9|9|9,1.000000|0.999023|1.000000|1.000000|1.000000|1.000000|1.000000|1.000000|0.999023,192,40,0.5,0.9,0.9,32,0.1,1337,cuda,fastprior
244,0,0,1.000000,1|2|3|4|5|6|7|8|9,0|0|0|0|0|0|0|0|0,40,70848,"(22,13,1.0000,1.0000,1.0000)|(17,15,1.0000,1.0000,0.9772)|(17,16,1.0000,1.0000,1.0000)|(20,15,1.0000,1.0000,0.4687)|(24,25,0.2852,0.8139,0.9154)|(22,13,0.9187,0.2658,0.4743)|(12,14,0.6746,1.0000,1.0000)|(12,14,0.5776,0.5461,0.1385)|(23,16,0.6964,0.6688,0.8924)",0|0|0|0|0|0|0|0|0,1.000000|1.000000|1.000000|1.000000|1.000000|1.000000|1.000000|1.000000|1.000000,192,40,0.5,0.9,0.9,32,0.1,1337,cuda,fastprior
245,3,3,0.997070,0|1|2|4|5|6|7|8|9,0|0|0|0|0|0|0|0|0,40,70848,"(26,8,1.0000,0.8581,0.0000)|(17,7,1.0000,1.0000,0.0000)|(20,6,1.0000,1.0000,0.0552)|(18,8,1.0000,0.3051,0.0000)|(20,6,1.0000,1.0000,0.1343)|(19,10,0.9113,1.0000,0.0000)|(18,12,1.0000,1.0000,0.0000)|(17,7,1.0000,0.9819,0.0719)|(17,5,1.0000,0.5425,0.0000)",3|3|3|3|3|3|3|3|3,0.978516|0.859375|0.849609|0.966797|0.857422|1.000000|0.998535|0.871094|0.920898,192,40,0.5,0.9,0.9,32,0.1,1337,cuda,fastprior
246,1,1,1.000000,0|2|3|4|5|6|7|8|9,0|0|0|0|0|0|0|0|0,40,70848,"(17,14,0.0000,0.0000,1.0000)|(20,25,0.0000,0.3991,0.0000)|(20,25,0.0000,0.0402,0.9783)|(23,18,0.0000,0.0023,1.0000)|(11,20,0.1005,0.0000,0.0000)|(19,14,0.0281,0.2966,1.0000)|(11,20,0.1959,0.0000,0.0705)|(12,6,0.0000,0.0000,1.0000)|(12,25,0.1306,0.0000,0.0000)",1|1|1|1|1|1|1|1|1,1.000000|1.000000|0.999512|1.000000|0.999512|1.000000|0.999512|1.000000|1.000000,192,40,0.5,0.9,0.9,32,0.1,1337,cuda,fastprior
248,2,2,0.999512,0|1|3|4|5|6|7|8|9,0|0|0|0|0|0|0|0|0,40,70848,"(24,11,0.3066,0.8665,0.9585)|(14,10,0.0000,0.0000,0.2770)|(12,8,0.0000,0.0007,0.0000)|(24,11,0.0000,0.0000,0.2592)|(15,7,0.0000,0.0000,0.4708)|(14,9,0.0000,0.0000,0.2110)|(15,7,0.0000,0.0000,0.3616)|(15,10,0.0000,0.0000,0.3921)|(26,20,0.0000,0.0000,0.4111)",2|2|2|2|2|2|2|2|2,0.999512|0.999512|0.925293|0.999512|0.981934|0.999512|0.979980|0.999512|1.000000,192,40,0.5,0.9,0.9,32,0.1,1337,cuda,fastprior
249,2,2,0.871582,0|1|3|4|5|6|7|8|9,1|0|0|0|0|0|0|0|0,40,70848,"(20,26,0.8546,0.9861,0.7378)|(16,9,0.6730,1.0000,1.0000)|(17,9,1.0000,1.0000,0.6620)|(16,10,0.2758,0.3234,0.3966)|(16,10,1.0000,0.0000,0.0000)|(7,17,1.0000,0.7790,1.0000)|(3,19,0.0000,1.0000,1.0000)|(3,19,0.0930,0.8762,0.2956)|(7,17,1.0000,0.8227,1.0000)",0|2|2|2|2|0|0|2|0,0.912109|0.882324|0.731445|0.909668|0.585449|0.651855|0.653809|0.583496|0.711914,192,40,0.5,0.9,0.9,32,0.1,1337,cuda,fastprior
250,5,5,1.000000,0|1|2|3|4|6|7|8|9,0|0|0|0|0|0|0|0|0,40,70848,"(15,16,1.0000,0.9984,1.0000)|(15,16,0.7208,1.0000,1.0000)|(16,13,1.0000,1.0000,0.9982)|(15,13,0.3936,1.0000,1.0000)|(9,8,0.4985,1.0000,1.0000)|(15,16,0.3853,1.0000,1.0000)|(14,15,0.3810,1.0000,1.0000)|(16,18,0.4983,1.0000,1.0000)|(20,14,0.4686,1.0000,1.0000)",5|5|5|5|5|5|5|5|5,0.771484|0.737793|0.999023|0.988281|0.999512|0.708008|0.979492|0.998047|0.998535,192,40,0.5,0.9,0.9,32,0.1,1337,cuda,fastprior
251,3,3,1.000000,0|1|2|4|5|6|7|8|9,0|0|0|0|0|0|0|0|0,40,70848,"(10,14,0.0000,0.0000,1.0000)|(18,26,0.0000,0.0000,1.0000)|(21,14,1.0000,1.0000,1.0000)|(23,24,0.0000,0.0000,0.8739)|(19,26,0.0000,0.0000,0.7405)|(8,16,1.0000,1.0000,1.0000)|(9,3,0.0000,0.0000,1.0000)|(9,3,1.0000,1.0000,1.0000)|(7,13,0.0000,0.0000,0.8747)",3|3|3|3|3|3|3|3|3,0.998047|1.000000|0.993164|1.000000|1.000000|1.000000|1.000000|0.992676|0.999023,192,40,0.5,0.9,0.9,32,0.1,1337,cuda,fastprior
252,9,9,1.000000,0|1|2|3|4|5|6|7|8,0|0|0|0|0|0|0|0|0,40,70848,"(8,10,1.0000,0.7625,0.5211)|(11,30,1.0000,1.0000,1.0000)|(10,26,0.7173,0.2053,0.0327)|(7,20,0.0000,0.0000,0.2947)|(8,30,1.0000,0.9244,0.8539)|(8,10,0.9717,1.0000,1.0000)|(8,10,1.0000,0.7953,1.0000)|(7,26,1.0000,1.0000,0.9544)|(8,10,0.9638,1.0000,1.0000)",9|9|9|9|9|9|9|9|9,1.000000|1.000000|1.000000|1.000000|1.000000|1.000000|1.000000|1.000000|1.000000,192,40,0.5,0.9,0.9,32,0.1,1337,cuda,fastprior
253,9,9,1.000000,0|1|2|3|4|5|6|7|8,0|0|0|0|0|0|0|0|0,40,70848,"(19,14,1.0000,0.9970,1.0000)|(12,11,1.0000,1.0000,1.0000)|(21,12,1.0000,1.0000,1.0000)|(14,22,1.0000,1.0000,1.0000)|(21,12,1.0000,1.0000,1.0000)|(20,13,1.0000,1.0000,1.0000)|(19,10,1.0000,1.0000,1.0000)|(26,26,1.0000,1.0000,1.0000)|(24,28,1.0000,1.0000,0.9958)",9|9|9|9|9|9|9|9|9,0.999512|1.000000|0.998047|1.000000|0.998047|0.999512|0.999512|1.000000|1.000000,192,40,0.5,0.9,0.9,32,0.1,1337,cuda,fastprior
254,4,4,0.999023,0|1|2|3|5|6|7|8|9,0|0|0|0|0|0|0|0|0,40,70848,"(9,6,1.0000,0.5031,1.0000)|(10,6,0.0000,0.0000,0.8308)|(23,8,1.0000,1.0000,1.0000)|(10,10,0.0014,0.0025,1.0000)|(14,17,0.0000,0.0000,0.0000)|(22,27,0.0000,0.0000,0.8700)|(8,6,0.0000,0.0000,1.0000)|(7,5,0.0000,0.0000,0.7302)|(10,6,1.0000,0.7899,1.0000)",4|4|4|4|4|4|4|4|4,0.979980|0.993652|0.998535|0.884766|0.997559|0.997070|0.979004|0.970215|0.992676,192,40,0.5,0.9,0.9,32,0.1,1337,cuda,fastprior
255,0,0,0.998535,1|2|3|4|5|6|7|8|9,0|0|0|0|0|0|0|0|0,40,70848,"(23,21,0.0000,0.8416,0.7234)|(13,22,0.0000,0.7420,0.0000)|(20,23,0.6278,0.0000,0.0000)|(10,18,0.0000,1.0000,0.3613)|(7,18,0.0700,0.6609,0.0058)|(13,16,0.0000,0.9979,0.4390)|(10,16,0.0000,1.0000,0.6062)|(4,21,0.0000,1.0000,0.7084)|(20,23,0.0000,0.9881,0.6869)",0|0|0|0|0|0|0|0|0,1.000000|0.999023|1.000000|1.000000|0.999512|0.999512|1.000000|0.985352|1.000000,192,40,0.5,0.9,0.9,32,0.1,1337,cuda,fastprior
256,3,3,1.000000,0|1|2|4|5|6|7|8|9,0|0|0|0|0|0|0|0|0,40,70848,"(28,9,0.0000,0.0000,0.5066)|(13,5,0.0000,0.0000,0.9707)|(3,24,0.0000,0.0000,0.4885)|(4,27,0.0000,0.0000,0.4983)|(6,28,0.0000,0.0000,0.5176)|(4,25,0.0000,0.0000,0.6607)|(8,25,0.0000,0.0907,0.6188)|(6,28,0.0000,0.0000,0.3560)|(22,11,0.0000,0.0000,0.6464)",3|3|3|3|3|3|3|3|3,1.000000|1.000000|1.000000|1.000000|1.000000|1.000000|1.000000|1.000000|1.000000,192,40,0.5,0.9,0.9,32,0.1,1337,cuda,fastprior
257,0,0,1.000000,1|2|3|4|5|6|7|8|9,0|0|0|0|0|0|0|0|0,40,70848,"(4,16,0.9724,1.0000,1.0000)|(2,25,0.6809,0.0041,0.0000)|(3,25,0.0405,0.3792,0.9270)|(26,11,1.0000,0.0000,0.3206)|(12,30,0.8537,0.2025,0.2806)|(1,25,0.5581,0.3764,0.2080)|(3,26,0.6492,0.3972,0.3949)|(13,30,0.2506,0.0000,0.9415)|(1,25,0.8955,1.0000,0.7377)",0|0|0|0|0|0|0|0|0,1.000000|1.000000|1.000000|1.000000|1.000000|1.000000|1.000000|1.000000|1.000000,192,40,0.5,0.9,0.9,32,0.1,1337,cuda,fastprior
258,0,0,0.936035,1|2|3|4|5|6|7|8|9,0|0|0|0|0|0|0|0|0,40,70848,"(6,11,0.0000,0.0000,0.8409)|(6,11,0.0000,0.0000,0.7066)|(21,13,0.0043,0.0000,0.5700)|(8,28,0.0000,0.0597,0.7358)|(10,11,0.0000,0.0000,0.6722)|(17,11,0.0000,0.0000,0.4237)|(10,11,0.0000,0.0000,0.6017)|(6,11,0.6025,0.0000,0.0000)|(12,29,0.0000,0.0137,1.0000)",8|8|0|0|0|0|0|8|0,0.696289|0.723633|0.747070|0.930176|0.961426|0.999512|0.959961|0.885254|0.978516,192,40,0.5,0.9,0.9,32,0.1,1337,cuda,fastprior
259,9,9,1.000000,0|1|2|3|4|5|6|7|8,0|0|0|0|0|0|0|0|0,40,70848,"(14,21,1.0000,0.7396,1.0000)|(13,22,0.8815,1.0000,1.0000)|(18,10,0.5227,0.2858,0.1083)|(16,5,0.5299,0.3264,0.0205)|(19,10,1.0000,0.6308,0.1944)|(13,21,0.4868,0.5888,1.0000)|(13,23,0.6138,0.3244,0.0000)|(14,23,1.0000,0.6137,0.0838)|(19,11,0.4507,0.3127,0.9886)",9|9|9|9|9|9|9|9|9,0.997559|1.000000|1.000000|1.000000|0.999512|0.998535|0.999512|0.998535|1.000000,192,40,0.5,0.9,0.9,32,0.1,1337,cuda,fastprior
260,8,8,1.000000,0|1|2|3|4|5|6|7|9,0|0|0|0|0|0|0|0|0,40,70848,"(25,23,0.3098,0.0995,0.8290)|(2,21,0.6626,0.5883,0.9345)|(9,30,0.1492,0.2077,0.0912)|(25,23,0.7079,0.4084,0.0338)|(4,28,0.4548,0.6781,0.2824)|(26,22,0.1363,0.8653,0.3870)|(4,22,0.6685,0.4996,0.9587)|(9,30,0.3534,0.7075,0.8709)|(4,22,0.0573,1.0000,1.0000)",8|8|8|8|8|8|8|8|8,1.000000|1.000000|1.000000|1.000000|1.000000|1.000000|1.000000|1.000000|1.000000,192,40,0.5,0.9,0.9,32,0.1,1337,cuda,fastprior
261,1,1,0.999023,0|2|3|4|5|6|7|8|9,0|0|0|0|0|0|0|0|0,40,70848,"(8,21,1.0000,0.8455,1.0000)|(4,15,1.0000,0.8538,0.7583)|(8,21,0.9337,0.7005,0.7671)|(8,20,0.2550,0.8434,1.0000)|(11,24,1.0000,0.8060,0.8018)|(8,21,1.0000,0.6938,0.9059)|(9,18,1.0000,0.8927,0.6713)|(8,20,0.1055,0.3527,0.0000)|(13,28,0.0000,1.0000,1.0000)",1|1|1|1|1|1|1|1|1,0.987305|1.000000|0.986816|0.995605|0.999023|0.986816|0.998535|0.998535|0.993164,192,40,0.5,0.9,0.9,32,0.1,1337,cuda,fastprior
262,5,5,1.000000,0|1|2|3|4|6|7|8|9,0|0|0|1|0|0|0|0|0,40,70848,"(8,5,0.0000,1.0000,1.0000)|(15,14,0.0776,0.4877,1.0000)|(8,9,1.0000,1.0000,1.0000)|(12,15,1.0000,1.0000,0.5788)|(14,12,1.0000,0.0693,0.0000)|(9,8,1.0000,0.0972,0.4174)|(13,14,0.0000,1.0000,0.8793)|(9,3,0.0455,0.5654,1.0000)|(10,11,0.0000,0.7726,0.7851)",5|3|5|5|5|5|5|5|5,0.994629|0.510254|0.999512|0.930664|0.764648|0.999512|0.560547|0.999512|1.000000,192,40,0.5,0.9,0.9,32,0.1,1337,cuda,fastprior
263,7,7,0.999512,0|1|2|3|4|5|6|8|9,0|0|0|1|0|1|0|0|0,40,70848,"(14,13,1.0000,1.0000,1.0000)|(21,13,1.0000,1.0000,1.0000)|(22,16,1.0000,1.0000,1.0000)|(21,16,1.0000,1.0000,1.0000)|(19,14,1.0000,1.0000,1.0000)|(14,13,1.0000,1.0000,1.0000)|(28,11,1.0000,1.0000,1.0000)|(25,14,1.0000,1.0000,1.0000)|(14,13,1.0000,1.0000,1.0000)",5|7|3|3|7|5|7|7|5,0.980957|0.936035|0.966309|0.997070|1.000000|0.980957|1.000000|0.999512|0.980957,192,40,0.5,0.9,0.9,32,0.1,1337,cuda,fastprior
264,0,0,0.978027,1|2|3|4|5|6|7|8|9,0|0|0|0|0|0|0|0|0,40,70848,"(14,9,0.0000,0.0000,0.7843)|(10,7,0.0000,0.0000,0.2722)|(14,18,0.0270,0.7592,0.5506)|(8,15,0.0000,0.0000,0.2682)|(14,9,0.2653,0.0000,0.5917)|(10,8,0.2707,0.0000,0.2578)|(6,7,0.3001,0.0000,0.0777)|(16,18,1.0000,0.1862,0.0000)|(9,10,0.0418,0.0000,0.0000)",0|0|0|0|0|0|0|0|0,0.899902|0.760742|0.993164|0.936523|0.862793|0.828125|0.971191|0.991699|0.983398,192,40,0.5,0.9,0.9,32,0.1,1337,cuda,fastprior
265,8,8,1.000000,0|1|2|3|4|5|6|7|9,0|0|0|0|0|0|0|0|0,40,70848,"(19,13,1.0000,1.0000,1.0000)|(13,19,0.9740,1.0000,0.7013)|(11,26,1.0000,1.0000,0.9696)|(5,16,1.0000,0.7311,0.8166)|(17,21,1.0000,0.7420,0.7435)|(13,19,0.8360,0.9024,0.7516)|(22,15,0.6539,1.0000,0.6562)|(13,19,0.9064,0.8585,0.6730)|(13,19,1.0000,0.7441,0.7981)",8|2|8|8|8|2|8|2|2,1.000000|0.536133|0.999512|0.854980|0.711426|0.401367|1.000000|0.381836|0.382568,192,40,0.5,0.9,0.9,32,0.1,1337,cuda,fastprior
266,2,2,0.991699,0|1|3|4|5|6|7|8|9,0|0|1|0|0|0|0|0|0,40,70848,"(10,13,0.0000,0.0000,1.0000)|(10,13,0.0000,0.0000,1.0000)|(22,19,0.2802,0.0000,0.0000)|(11,8,0.4319,0.0000,0.1571)|(12,1,0.0048,0.0000,0.0000)|(18,16,0.0199,1.0000,0.0009)|(22,19,0.8620,0.1187,0.0131)|(2,19,0.2239,0.2300,0.9512)|(11,7,0.0000,1.0000,0.0000)",3|3|2|2|2|2|2|2|3,0.471436|0.471436|0.998535|0.997070|0.484131|0.999023|0.998047|0.984375|0.598145,192,40,0.5,0.9,0.9,32,0.1,1337,cuda,fastprior
267,4,4,1.000000,0|1|2|3|5|6|7|8|9,0|0|0|0|0|0|0|0|0,40,70848,"(11,18,0.0000,0.0000,0.8145)|(29,14,0.0000,0.0000,0.5166)|(10,17,0.0000,0.0000,0.2260)|(9,10,0.0000,0.0000,0.8365)|(23,17,0.0000,0.0000,0.8967)|(17,12,0.0000,0.0000,0.7598)|(10,17,0.0000,0.0000,0.5234)|(10,17,0.0000,0.0014,0.4660)|(23,17,0.0000,0.0000,0.5312)",4|4|4|4|4|4|4|4|4,0.999023|1.000000|0.999512|1.000000|1.000000|1.000000|0.999512|0.999512|1.000000,192,40,0.5,0.9,0.9,32,0.1,1337,cuda,fastprior
268,7,7,1.000000,0|1|2|3|4|5|6|8|9,0|0|0|0|0|0|0|0|0,40,70848,"(12,12,0.0000,0.0000,0.8356)|(12,12,0.0000,0.0000,1.0000)|(19,29,0.0000,0.0000,0.3119)|(15,16,0.0000,0.0000,0.9450)|(25,21,0.0000,0.0000,0.9145)|(19,14,0.0000,0.0000,0.3914)|(16,26,0.0000,0.0000,0.5036)|(16,25,0.0000,0.0000,0.4176)|(25,21,0.0000,0.0000,0.8910)",7|7|7|7|7|7|7|7|7,1.000000|1.000000|1.000000|1.000000|1.000000|1.000000|1.000000|1.000000|1.000000,192,40,0.5,0.9,0.9,32,0.1,1337,cuda,fastprior
270,2,2,1.000000,0|1|3|4|5|6|7|8|9,0|0|0|0|0|0|0|0|0,40,70848,"(24,3,0.0000,0.0000,0.6629)|(19,10,0.3432,0.7638,0.7503)|(22,10,0.9543,0.8064,0.5656)|(23,2,0.3512,0.1733,0.1787)|(23,2,0.3368,0.1740,0.2346)|(16,21,1.0000,0.7558,0.3760)|(14,21,0.9639,0.7793,0.8442)|(20,10,0.9195,0.7986,0.6836)|(19,10,0.8671,0.9937,0.0804)",2|2|2|2|2|2|2|2|2,1.000000|1.000000|1.000000|1.000000|1.000000|1.000000|1.000000|1.000000|1.000000,192,40,0.5,0.9,0.9,32,0.1,1337,cuda,fastprior
272,6,6,1.000000,0|1|2|3|4|5|7|8|9,0|0|0|0|0|0|0|0|0,40,70848,"(14,13,1.0000,1.0000,1.0000)|(16,22,1.0000,0.9996,1.0000)|(15,23,1.0000,1.0000,0.9983)|(16,26,1.0000,1.0000,0.9985)|(14,14,0.9935,1.0000,1.0000)|(17,22,1.0000,1.0000,1.0000)|(19,24,1.0000,1.0000,1.0000)|(8,22,1.0000,1.0000,1.0000)|(5,24,1.0000,1.0000,0.6541)",6|6|6|6|6|6|6|6|6,1.000000|0.999512|0.999512|1.000000|1.000000|1.000000|0.999512|1.000000|1.000000,192,40,0.5,0.9,0.9,32,0.1,1337,cuda,fastprior
273,3,3,0.999512,0|1|2|4|5|6|7|8|9,0|0|0|0|0|0|0|0|0,40,70848,"(19,9,1.0000,1.0000,1.0000)|(22,16,0.0000,0.0000,0.6480)|(12,16,0.0000,0.0000,0.8077)|(22,16,0.1020,0.1070,0.9193)|(16,6,0.0295,0.0000,0.0000)|(15,16,0.0000,0.0905,1.0000)|(15,18,0.6998,0.0144,0.0000)|(12,16,0.0000,0.0671,1.0000)|(12,16,0.0000,0.6641,1.0000)",3|3|5|3|3|3|3|5|5,0.951660|0.998535|0.690918|0.999023|0.958008|0.989258|0.941895|0.810547|0.642578,192,40,0.5,0.9,0.9,32,0.1,1337,cuda,fastprior
274,8,8,1.000000,0|1|2|3|4|5|6|7|9,0|0|0|0|0|0|0|0|0,40,70848,"(20,23,0.8891,0.8627,1.0000)|(20,23,1.0000,1.0000,0.9874)|(4,11,0.0000,0.0000,1.0000)|(20,23,0.9668,0.9957,0.7862)|(10,27,0.0000,0.0000,0.5729)|(8,9,1.0000,1.0000,0.7988)|(7,8,1.0000,1.0000,0.7347)|(8,8,1.0000,1.0000,0.7829)|(26,22,1.0000,0.7932,0.5205)",8|8|8|8|8|8|8|8|8,0.796387|0.696289|0.999023|0.736816|1.000000|1.000000|1.000000|1.000000|0.980957,192,40,0.5,0.9,0.9,32,0.1,1337,cuda,fastprior
276,0,0,1.000000,1|2|3|4|5|6|7|8|9,0|0|0|0|0|0|0|0|0,40,70848,"(14,19,1.0000,1.0000,0.0631)|(18,20,1.0000,0.9850,0.1213)|(18,16,0.9819,1.0000,0.0493)|(14,19,1.0000,0.7286,0.5324)|(12,18,1.0000,1.0000,0.0290)|(9,17,0.9957,0.9026,0.2194)|(9,16,1.0000,1.0000,0.1219)|(14,19,0.8771,0.9010,0.0818)|(18,16,1.0000,0.7667,0.2684)",0|0|0|0|0|0|0|0|0,0.998047|1.000000|1.000000|0.998535|0.999512|1.000000|1.000000|0.998535|1.000000,192,40,0.5,0.9,0.9,32,0.1,1337,cuda,fastprior
278,4,4,0.999512,0|1|2|3|5|6|7|8|9,0|0|0|0|0|0|0|0|0,40,70848,"(21,12,1.0000,1.0000,1.0000)|(21,12,1.0000,1.0000,1.0000)|(16,9,1.0000,1.0000,1.0000)|(13,8,1.0000,0.6997,1.0000)|(16,7,1.0000,1.0000,1.0000)|(13,7,1.0000,0.8648,1.0000)|(21,12,1.0000,1.0000,1.0000)|(16,9,1.0000,1.0000,1.0000)|(12,12,1.0000,0.9988,1.0000)",4|4|4|4|4|4|4|4|4,0.934082|0.934082|0.958008|1.000000|0.910156|1.000000|0.934082|0.958008|0.998535,192,40,0.5,0.9,0.9,32,0.1,1337,cuda,fastprior
279,3,3,0.998535,0|1|2|4|5|6|7|8|9,0|0|0|0|0|0|0|0|0,40,70848,"(9,6,1.0000,1.0000,0.9505)|(20,9,0.0000,0.0000,1.0000)|(11,5,1.0000,1.0000,1.0000)|(25,3,1.0000,0.8687,0.9340)|(18,9,1.0000,0.7911,0.4808)|(11,5,1.0000,0.0000,0.1971)|(13,18,0.0000,0.0763,1.0000)|(18,2,0.7207,0.0000,1.0000)|(19,11,0.0000,0.8225,1.0000)",3|3|5|3|3|5|3|3|3,0.749512|0.756836|0.627930|0.995117|0.999023|0.469482|0.999023|0.944824|0.999023,192,40,0.5,0.9,0.9,32,0.1,1337,cuda,fastprior
280,9,9,1.000000,0|1|2|3|4|5|6|7|8,0|0|0|0|0|0|0|0|0,40,70848,"(26,15,1.0000,0.9194,1.0000)|(8,18,1.0000,0.0000,0.1466)|(16,25,1.0000,0.0000,0.0000)|(17,23,1.0000,0.0000,0.0000)|(20,19,1.0000,0.0000,0.0000)|(23,15,1.0000,0.0000,0.4046)|(16,24,1.0000,0.7277,1.0000)|(8,18,1.0000,0.0000,0.0000)|(26,13,0.0000,0.0000,0.0841)",9|9|9|9|9|9|9|9|9,1.000000|1.000000|1.000000|1.000000|1.000000|0.998535|1.000000|1.000000|0.999512,192,40,0.5,0.9,0.9,32,0.1,1337,cuda,fastprior
281,0,0,0.996582,1|2|3|4|5|6|7|8|9,0|0|0|0|0|0|0|0|0,40,70848,"(14,21,0.9800,1.0000,0.8617)|(6,29,1.0000,1.0000,1.0000)|(14,21,1.0000,1.0000,0.9817)|(13,21,0.9709,1.0000,0.8612)|(11,19,0.9787,1.0000,0.8960)|(14,21,1.0000,1.0000,1.0000)|(14,21,1.0000,1.0000,1.0000)|(12,28,0.9753,1.0000,0.9893)|(3,22,1.0000,1.0000,1.0000)",0|0|0|0|0|0|0|0|0,0.651855|0.998047|0.658691|0.916016|0.996094|0.661133|0.661133|0.999512|0.999023,192,40,0.5,0.9,0.9,32,0.1,1337,cuda,fastprior
282,6,6,0.999512,0|1|2|3|4|5|7|8|9,0|0|0|0|0|0|0|0|0,40,70848,"(12,14,1.0000,1.0000,1.0000)|(28,6,1.0000,1.0000,1.0000)|(23,14,1.0000,1.0000,1.0000)|(20,14,1.0000,0.9994,1.0000)|(12,14,1.0000,1.0000,1.0000)|(26,14,1.0000,1.0000,1.0000)|(12,14,1.0000,1.0000,1.0000)|(12,14,1.0000,1.0000,1.0000)|(18,15,1.0000,1.0000,1.0000)",6|6|6|6|6|6|6|6|6,0.695312|0.997559|1.000000|0.999512|0.695312|1.000000|0.695312|0.695312|0.921875,192,40,0.5,0.9,0.9,32,0.1,1337,cuda,fastprior
283,1,1,1.000000,0|2|3|4|5|6|7|8|9,0|0|0|0|0|0|0|0|0,40,70848,"(25,19,1.0000,0.7392,0.7656)|(10,11,0.0000,0.0000,1.0000)|(23,22,1.0000,0.6389,0.7011)|(21,18,1.0000,0.4387,0.7966)|(15,10,1.0000,0.7763,0.7145)|(19,12,1.0000,0.7795,0.5375)|(15,9,1.0000,0.7341,0.4864)|(22,3,0.9838,0.3160,0.0000)|(25,20,0.9121,0.4124,0.1371)",1|1|1|1|1|1|1|1|1,0.998535|1.000000|1.000000|1.000000|1.000000|1.000000|1.000000|0.999512|0.998047,192,40,0.5,0.9,0.9,32,0.1,1337,cuda,fastprior
284,0,0,0.996094,1|2|3|4|5|6|7|8|9,0|0|0|0|0|0|0|0|0,40,70848,"(8,20,0.9773,0.7964,0.0000)|(8,20,0.0204,0.7047,1.0000)|(19,26,1.0000,1.0000,0.9949)|(9,25,1.0000,0.8460,0.7260)|(18,14,0.0000,1.0000,1.0000)|(18,14,0.0000,1.0000,1.0000)|(18,14,0.0695,1.0000,1.0000)|(20,26,0.0000,0.9933,1.0000)|(19,29,0.0000,1.0000,1.0000)",0|0|0|0|0|0|0|0|0,0.854004|0.968750|0.999512|1.000000|0.734863|0.734863|0.736816|1.000000|0.999512,192,40,0.5,0.9,0.9,32,0.1,1337,cuda,fastprior
285,9,9,1.000000,0|1|2|3|4|5|6|7|8,0|0|0|0|0|0|0|0|0,40,70848,"(12,9,1.0000,1.0000,1.0000)|(12,9,1.0000,1.0000,1.0000)|(12,9,0.9950,0.9882,1.0000)|(9,9,0.4022,1.0000,0.8056)|(13,6,1.0000,1.0000,1.0000)|(12,9,0.9903,1.0000,1.0000)|(9,20,1.0000,1.0000,1.0000)|(3,7,1.0000,1.0000,1.0000)|(11,7,0.8773,1.0000,1.0000)",9|9|9|9|9|9|9|9|9,0.999023|0.999023|0.999023|0.999512|1.000000|0.999023|1.000000|1.000000|0.999512,192,40,0.5,0.9,0.9,32,0.1,1337,cuda,fastprior
286,1,1,0.979004,0|2|3|4|5|6|7|8|9,0|0|0|0|0|0|0|0|0,40,70848,"(21,16,1.0000,1.0000,1.0000)|(22,7,0.5425,0.0000,0.0000)|(22,19,0.6765,0.0000,0.1149)|(22,19,1.0000,1.0000,1.0000)|(11,10,0.9971,1.0000,1.0000)|(20,21,0.6195,0.0000,0.0308)|(16,15,1.0000,1.0000,1.0000)|(20,21,0.4922,0.0000,0.0000)|(20,21,0.8117,0.0132,0.0000)",1|1|1|1|1|1|1|1|1,0.951660|0.983887|0.955078|0.924316|0.946777|0.861816|0.989746|0.852539|0.884277,192,40,0.5,0.9,0.9,32,0.1,1337,cuda,fastprior
288,7,7,0.996094,0|1|2|3|4|5|6|8|9,0|0|0|0|0|0|0|0|0,40,70848,"(16,15,1.0000,0.9188,0.7873)|(14,13,1.0000,1.0000,1.0000)|(16,8,1.0000,1.0000,0.9944)|(20,14,1.0000,1.0000,0.7907)|(21,15,0.8666,1.0000,0.0743)|(16,14,1.0000,1.0000,1.0000)|(8,13,1.0000,1.0000,1.0000)|(16,12,1.0000,1.0000,1.0000)|(23,13,1.0000,1.0000,1.0000)",7|7|7|7|7|7|7|7|7,0.926270|0.997559|0.998535|0.994141|0.932129|0.973633|0.991211|0.995117|0.959961,192,40,0.5,0.9,0.9,32,0.1,1337,cuda,fastprior
289,9,9,1.000000,0|1|2|3|4|5|6|7|8,0|0|0|0|0|0|0|0|0,40,70848,"(24,20,0.0000,0.0000,0.5561)|(18,19,1.0000,1.0000,1.0000)|(24,20,1.0000,0.0000,0.0154)|(7,12,1.0000,1.0000,1.0000)|(8,24,0.4208,0.0000,0.0000)|(7,12,1.0000,1.0000,1.0000)|(7,12,1.0000,1.0000,1.0000)|(19,16,0.7956,0.0000,0.0000)|(20,19,1.0000,0.0000,0.0000)",9|9|9|9|9|9|9|9|9,1.000000|1.000000|1.000000|0.999023|1.000000|0.999023|0.999023|1.000000|1.000000,192,40,0.5,0.9,0.9,32,0.1,1337,cuda,fastprior
290,1,1,1.000000,0|2|3|4|5|6|7|8|9,0|0|0|0|0|0|0|0|0,40,70848,"(9,15,1.0000,0.9170,1.0000)|(18,25,1.0000,1.0000,0.7157)|(9,14,1.0000,1.0000,0.8679)|(20,19,1.0000,0.9656,0.9529)|(13,14,0.9006,0.7334,0.9049)|(11,14,0.0000,0.9349,0.0162)|(18,25,1.0000,0.8837,0.7699)|(18,25,0.8576,1.0000,1.0000)|(6,26,1.0000,1.0000,0.1684)",1|1|1|1|1|1|1|1|1,1.000000|1.000000|1.000000|1.000000|1.000000|1.000000|1.000000|1.000000|1.000000,192,40,0.5,0.9,0.9,32,0.1,1337,cuda,fastprior
291,2,2,1.000000,0|1|3|4|5|6|7|8|9,0|0|0|0|0|0|0|0|0,40,70848,"(16,11,1.0000,1.0000,1.0000)|(19,9,0.2984,0.0822,0.0766)|(20,15,0.8794,1.0000,1.0000)|(9,4,0.0000,0.0000,0.9854)|(23,14,0.2523,0.6871,0.5182)|(11,16,1.0000,0.9922,0.5417)|(16,12,0.4559,0.4414,0.2170)|(16,12,0.2761,0.0539,0.3855)|(18,10,0.9742,0.3417,0.1700)",2|2|2|2|2|2|2|2|2,1.000000|1.000000|1.000000|1.000000|1.000000|1.000000|1.000000|1.000000|1.000000,192,40,0.5,0.9,0.9,32,0.1,1337,cuda,fastprior
292,6,6,1.000000,0|1|2|3|4|5|7|8|9,0|0|0|0|0|0|0|0|0,40,70848,"(27,20,1.0000,1.0000,1.0000)|(22,23,1.0000,1.0000,1.0000)|(22,23,0.9955,1.0000,1.0000)|(12,9,1.0000,0.9985,1.0000)|(4,6,1.0000,1.0000,1.0000)|(26,8,1.0000,1.0000,1.0000)|(22,2,0.9975,0.9892,1.0000)|(6,27,1.0000,1.0000,1.0000)|(22,2,1.0000,1.0000,1.0000)",6|6|6|6|6|6|6|6|6,1.000000|0.999512|0.999512|1.000000|1.000000|0.999023|0.962402|1.000000|0.962402,192,40,0.5,0.9,0.9,32,0.1,1337,cuda,fastprior
293,9,9,0.797363,0|1|2|3|4|5|6|7|8,0|1|0|0|0|0|0|0|0,40,70848,"(8,25,0.8167,1.0000,1.0000)|(23,7,1.0000,1.0000,1.0000)|(23,6,0.5129,1.0000,0.1054)|(8,23,1.0000,1.0000,1.0000)|(8,23,0.8277,1.0000,1.0000)|(16,9,1.0000,0.9653,1.0000)|(15,22,1.0000,0.8030,0.9129)|(21,3,1.0000,0.8334,1.0000)|(16,9,0.0000,0.0000,0.9755)",9|9|9|9|9|9|9|1|9,0.846680|0.615234|0.930664|0.852539|0.860840|0.958496|0.759277|0.505859|0.992676,192,40,0.5,0.9,0.9,32,0.1,1337,cuda,fastprior
294,3,3,1.000000,0|1|2|4|5|6|7|8|9,0|0|0|0|0|0|0|0|0,40,70848,"(25,12,1.0000,1.0000,1.0000)|(8,14,0.0000,0.0000,0.6434)|(27,14,1.0000,0.7550,0.9966)|(8,14,0.0057,0.0863,0.8122)|(11,18,0.0000,0.0000,1.0000)|(26,13,0.0000,0.0000,0.9861)|(26,9,1.0000,0.9550,1.0000)|(26,15,1.0000,1.0000,1.0000)|(11,18,0.0000,0.0518,0.6265)",3|3|3|3|3|3|3|3|3,1.000000|0.995117|0.999512|0.995605|1.000000|1.000000|1.000000|0.999023|1.000000,192,40,0.5,0.9,0.9,32,0.1,1337,cuda,fastprior
295,4,4,0.997559,0|1|2|3|5|6|7|8|9,0|0|1|0|0|0|0|0|0,40,70848,"(19,16,0.0000,0.0000,0.3510)|(14,29,0.0000,0.0000,0.6135)|(17,20,1.0000,0.7171,1.0000)|(22,26,0.0000,0.0000,0.4498)|(21,27,0.5695,1.0000,0.7171)|(17,17,0.0000,0.0000,0.2625)|(27,29,0.7209,1.0000,0.5976)|(5,22,0.0000,0.0000,0.2636)|(7,8,0.4313,0.8312,0.7467)",4|4|2|4|4|4|4|4|4,0.942871|0.980957|0.946289|0.998047|0.999023|0.814453|0.997070|0.999512|0.997559,192,40,0.5,0.9,0.9,32,0.1,1337,cuda,fastprior
296,6,6,1.000000,0|1|2|3|4|5|7|8|9,0|0|0|0|0|0|0|0|0,40,70848,"(9,3,0.0467,0.9280,0.2649)|(7,12,0.0000,0.0000,0.9451)|(8,21,0.5661,1.0000,1.0000)|(13,25,1.0000,1.0000,1.0000)|(9,1,0.0000,0.0000,0.8018)|(17,19,0.0000,0.0112,1.0000)|(17,21,0.7466,0.0976,0.1084)|(12,13,0.0150,0.0000,1.0000)|(6,4,0.0000,0.0000,0.7974)",6|6|6|6|6|6|6|6|6,1.000000|1.000000|1.000000|1.000000|1.000000|1.000000|1.000000|1.000000|1.000000,192,40,0.5,0.9,0.9,32,0.1,1337,cuda,fastprior
297,0,0,1.000000,1|2|3|4|5|6|7|8|9,0|0|0|0|0|0|0|0|0,40,70848,"(25,25,1.0000,1.0000,0.3392)|(2,23,1.0000,1.0000,0.6777)|(14,12,0.7859,1.0000,0.3606)|(21,19,1.0000,1.0000,0.3993)|(27,13,0.7159,1.0000,1.0000)|(21,26,0.8179,1.0000,1.0000)|(15,12,0.6238,0.9205,0.2203)|(14,12,1.0000,0.0000,0.0000)|(12,19,1.0000,1.0000,0.3837)",0|0|0|0|0|0|0|0|0,1.000000|1.000000|1.000000|1.000000|1.000000|1.000000|1.000000|1.000000|0.999023,192,40,0.5,0.9,0.9,32,0.1,1337,cuda,fastprior
298,0,0,1.000000,1|2|3|4|5|6|7|8|9,0|0|0|0|0|0|0|0|0,40,70848,"(12,12,1.0000,0.0000,0.0198)|(12,20,1.0000,0.0000,0.0000)|(20,6,0.0000,0.3431,0.9933)|(10,18,0.0246,0.6111,1.0000)|(1,9,1.0000,0.2415,0.0443)|(28,11,0.0000,1.0000,0.0000)|(1,7,0.9954,0.0000,0.0000)|(10,25,1.0000,0.0000,0.0000)|(16,10,0.0000,0.6227,1.0000)",0|0|0|0|0|0|0|0|0,1.000000|1.000000|1.000000|1.000000|0.999512|1.000000|1.000000|0.999023|1.000000,192,40,0.5,0.9,0.9,32,0.1,1337,cuda,fastprior
299,6,6,1.000000,0|1|2|3|4|5|7|8|9,0|0|0|0|0|0|0|0|0,40,70848,"(7,12,0.0000,0.0264,1.0000)|(18,17,1.0000,1.0000,1.0000)|(26,15,0.0000,0.0000,1.0000)|(19,16,0.1518,0.2858,0.2066)|(10,15,1.0000,1.0000,1.0000)|(23,11,0.0000,0.0000,0.3454)|(18,17,0.1240,0.1088,0.0546)|(26,15,1.0000,0.0000,0.0000)|(18,14,0.0992,0.0000,0.3704)",6|6|6|6|6|6|6|6|6,1.000000|1.000000|1.000000|1.000000|1.000000|1.000000|1.000000|1.000000|1.000000,192,40,0.5,0.9,0.9,32,0.1,1337,cuda,fastprior
300,6,6,1.000000,0|1|2|3|4|5|7|8|9,0|0|0|0|0|0|0|0|0,40,70848,"(20,19,0.9491,0.8773,0.9209)|(10,19,1.0000,1.0000,0.8141)|(9,22,0.9535,0.9199,0.8086)|(8,17,1.0000,1.0000,1.0000)|(17,13,0.1800,1.0000,1.0000)|(7,19,1.0000,1.0000,1.0000)|(23,12,0.8289,1.0000,0.9667)|(19,13,0.9963,1.0000,1.0000)|(10,19,1.0000,0.9838,0.7910)",6|6|6|6|6|6|6|6|6,1.000000|1.000000|1.000000|1.000000|1.000000|1.000000|1.000000|1.000000|1.000000,192,40,0.5,0.9,0.9,32,0.1,1337,cuda,fastprior
301,6,6,1.000000,0|1|2|3|4|5|7|8|9,0|0|0|0|0|0|0|0|0,40,70848,"(10,15,1.0000,1.0000,1.0000)|(9,19,1.0000,1.0000,1.0000)|(11,19,1.0000,0.9975,1.0000)|(7,6,1.0000,1.0000,0.9555)|(10,19,1.0000,1.0000,0.9178)|(10,15,1.0000,1.0000,1.0000)|(11,19,1.0000,1.0000,1.0000)|(10,15,1.0000,1.0000,1.0000)|(10,19,1.0000,1.0000,0.9895)",6|6|6|6|6|6|6|6|6,0.999512|1.000000|1.000000|1.000000|1.000000|0.999512|1.000000|0.999512|1.000000,192,40,0.5,0.9,0.9,32,0.1,1337,cuda,fastprior
302,3,3,0.677246,0|1|2|4|5|6|7|8|9,0|0|0|0|1|0|0|0|0,40,70848,"(13,16,0.8650,1.0000,1.0000)|(19,15,0.0000,1.0000,0.9922)|(10,4,1.0000,1.0000,1.0000)|(10,12,0.0740,1.0000,0.9947)|(21,6,1.0000,0.8785,1.0000)|(20,12,0.0000,0.8133,1.0000)|(26,3,0.7710,0.0000,0.0000)|(15,13,0.0000,0.0000,1.0000)|(19,16,1.0000,1.0000,1.0000)",3|3|5|5|5|3|5|5|3,0.567871|1.000000|0.964355|0.687500|0.995117|0.962891|0.910645|0.699219|1.000000,192,40,0.5,0.9,0.9,32,0.1,1337,cuda,fastprior
303,2,2,1.000000,0|1|3|4|5|6|7|8|9,0|0|0|0|0|0|0|0|0,40,70848,"(26,19,1.0000,0.9995,1.0000)|(27,19,0.1181,0.0000,0.6844)|(26,19,0.0000,0.0000,0.5000)|(26,16,1.0000,1.0000,1.0000)|(27,19,0.1378,0.0000,0.8047)|(20,17,0.0000,0.0000,0.2515)|(14,15,0.0000,0.0000,1.0000)|(16,20,0.0000,0.0000,0.7551)|(20,17,0.0000,0.0000,0.7858)",2|2|2|2|2|2|2|2|2,0.814453|0.999512|0.998535|0.926270|0.999512|0.983887|1.000000|0.994629|0.975586,192,40,0.5,0.9,0.9,32,0.1,1337,cuda,fastprior
304,6,6,0.995605,0|1|2|3|4|5|7|8|9,0|0|0|1|0|0|0|0|0,40,70848,"(6,15,1.0000,0.1830,0.7942)|(15,4,1.0000,0.0000,1.0000)|(19,5,0.0000,0.0000,0.7487)|(22,18,0.6096,1.0000,1.0000)|(17,7,0.3725,0.0000,0.0000)|(18,5,0.8151,1.0000,1.0000)|(17,4,0.9845,0.0000,0.9011)|(17,16,1.0000,0.4664,0.5439)|(5,14,1.0000,0.0000,1.0000)",6|6|2|6|6|5|6|6|6,0.996582|0.938477|0.489990|0.982422|0.571777|0.505859|0.614746|0.996582|0.996582,192,40,0.5,0.9,0.9,32,0.1,1337,cuda,fastprior
305,1,1,0.946289,0|2|3|4|5|6|7|8|9,1|0|0|0|0|0|0|0|0,40,70848,"(17,16,1.0000,0.0000,0.0000)|(15,11,0.9911,0.0000,0.0000)|(12,14,0.6732,0.0000,0.0000)|(14,13,0.6366,0.0162,0.5093)|(7,21,0.8878,0.0000,0.4472)|(23,20,1.0000,0.0000,0.7993)|(20,17,0.7448,0.0000,0.5696)|(17,15,1.0000,0.0000,0.8914)|(28,15,1.0000,0.0000,0.3055)",1|1|0|0|1|1|1|1|1,0.973633|0.600586|0.818848|0.502441|0.994629|0.976074|0.916992|0.979492|0.777344,192,40,0.5,0.9,0.9,32,0.1,1337,cuda,fastprior
306,8,8,1.000000,0|1|2|3|4|5|6|7|9,0|0|0|0|0|0|0|0|0,40,70848,"(19,30,1.0000,1.0000,1.0000)|(14,14,1.0000,1.0000,0.9362)|(23,20,1.0000,1.0000,1.0000)|(14,27,1.0000,1.0000,1.0000)|(14,27,1.0000,1.0000,0.9957)|(14,27,1.0000,1.0000,1.0000)|(23,30,0.9980,1.0000,1.0000)|(22,18,1.0000,1.0000,1.0000)|(14,27,1.0000,1.0000,0.9891)",8|8|8|8|8|8|8|8|8,0.993652|0.997070|0.987793|0.599121|0.600098|0.599121|0.994141|0.996094|0.600098,192,40,0.5,0.9,0.9,32,0.1,1337,cuda,fastprior
307,2,2,1.000000,0|1|3|4|5|6|7|8|9,0|0|0|0|0|0|0|0|0,40,70848,"(10,11,1.0000,1.0000,1.0000)|(18,19,0.0000,0.0000,0.1948)|(13,18,1.0000,1.0000,0.9826)|(14,10,0.2470,0.1060,0.2919)|(14,11,0.0000,0.0045,0.3087)|(13,19,0.1515,1.0000,0.1687)|(9,16,0.0064,0.4737,1.0000)|(10,5,0.0000,0.5177,0.3222)|(26,15,1.0000,1.0000,0.8291)",2|2|2|2|2|2|2|2|2,1.000000|1.000000|0.991211|0.992676|0.935059|0.999023|0.999512|0.998047|1.000000,192,40,0.5,0.9,0.9,32,0.1,1337,cuda,fastprior
308,1,1,0.988281,0|2|3|4|5|6|7|8|9,0|0|0|0|0|0|0|0|0,40,70848,"(23,13,0.2763,0.0000,0.9637)|(10,19,0.9392,0.0000,0.0000)|(20,28,1.0000,0.0000,0.0000)|(20,28,1.0000,1.0000,1.0000)|(30,8,1.0000,0.2682,0.0000)|(16,18,0.0000,0.5460,0.1643)|(16,26,0.0000,0.4396,0.1732)|(24,12,0.0000,0.5952,0.2563)|(30,8,0.3054,0.2462,0.6105)",1|1|1|1|1|1|1|1|1,0.959473|0.988770|0.960449|0.970703|0.991699|0.986816|0.988770|0.962402|0.987793,192,40,0.5,0.9,0.9,32,0.1,1337,cuda,fastprior
309,6,6,0.997070,0|1|2|3|4|5|7|8|9,0|0|1|0|0|0|0|0|0,40,70848,"(11,22,1.0000,1.0000,1.0000)|(3,19,0.0000,0.0000,0.5905)|(16,22,1.0000,1.0000,1.0000)|(8,10,0.0351,0.1078,0.4328)|(16,5,0.9944,0.4473,0.4469)|(8,20,0.0079,0.0000,1.0000)|(3,19,0.0000,0.0000,0.6233)|(14,5,0.0000,0.9766,1.0000)|(16,18,0.0000,0.0000,0.2732)",0|6|2|3|6|6|6|6|2,0.801758|0.691406|0.568848|0.417969|0.960449|0.453369|0.698730|0.834473|0.697754,192,40,0.5,0.9,0.9,32,0.1,1337,cuda,fastprior
310,8,8,0.980469,0|1|2|3|4|5|6|7|9,1|0|0|0|0|0|0|0|0,40,70848,"(17,26,1.0000,0.9998,1.0000)|(14,23,1.0000,1.0000,1.0000)|(12,22,1.0000,1.0000,1.0000)|(18,8,1.0000,1.0000,0.6702)|(17,26,1.0000,1.0000,0.6720)|(16,29,1.0000,1.0000,0.6413)|(20,12,0.9044,0.9954,0.3573)|(12,22,0.9084,1.0000,0.5661)|(10,30,1.0000,1.0000,0.3740)",0|0|8|8|0|8|8|8|8,0.901367|0.483643|0.727051|0.997070|0.868164|0.566895|0.975586|0.684082|0.610352,192,40,0.5,0.9,0.9,32,0.1,1337,cuda,fastprior
311,6,6,0.999512,0|1|2|3|4|5|7|8|9,0|0|0|0|0|0|0|0|0,40,70848,"(8,15,0.0000,0.0000,0.7602)|(9,12,0.0000,0.0000,0.4617)|(9,12,0.0590,0.2038,0.9663)|(6,20,0.0000,0.0000,0.9179)|(6,20,0.0000,0.0000,0.5528)|(11,15,0.0000,0.0000,0.8219)|(9,12,0.0000,0.0000,0.8492)|(9,22,0.0000,0.0000,0.7568)|(25,23,0.0000,0.0000,0.8522)",6|6|6|6|6|6|6|6|6,0.999512|0.981934|0.982910|0.998535|0.999512|1.000000|0.981445|0.999512|0.999023,192,40,0.5,0.9,0.9,32,0.1,1337,cuda,fastprior
312,8,8,0.676758,0|1|2|3|4|5|6|7|9,1|0|0|0|0|0|0|0|0,40,70848,"(18,12,0.0000,0.0000,0.1711)|(27,16,1.0000,1.0000,1.0000)|(16,16,1.0000,1.0000,1.0000)|(27,16,1.0000,0.7321,0.6239)|(9,12,1.0000,0.3761,0.0000)|(10,10,0.6076,0.0703,0.0000)|(17,16,1.0000,0.1077,0.0000)|(9,9,0.5818,0.0979,0.0778)|(11,21,0.7447,0.3814,0.0000)",0|0|0|0|0|0|0|0|0,0.661621|0.881836|0.890137|0.723145|0.639160|0.785645|0.626465|0.945312|0.995117,192,40,0.5,0.9,0.9,32,0.1,1337,cuda,fastprior
314,4,4,1.000000,0|1|2|3|5|6|7|8|9,0|0|0|0|0|0|0|0|0,40,70848,"(11,10,1.0000,1.0000,1.0000)|(8,18,1.0000,1.0000,0.7000)|(23,12,1.0000,1.0000,1.0000)|(10,17,1.0000,1.0000,0.8695)|(20,12,1.0000,0.3556,0.0000)|(19,21,1.0000,1.0000,1.0000)|(9,17,1.0000,1.0000,1.0000)|(9,17,1.0000,1.0000,1.0000)|(22,12,1.0000,1.0000,1.0000)",4|4|4|4|4|4|4|4|4,0.701660|0.994629|1.000000|0.984863|1.000000|1.000000|0.992188|0.992188|1.000000,192,40,0.5,0.9,0.9,32,0.1,1337,cuda,fastprior
315,0,0,1.000000,1|2|3|4|5|6|7|8|9,0|0|0|0|0|0|0|0|0,40,70848,"(15,13,1.0000,1.0000,0.6325)|(8,20,1.0000,1.0000,0.7166)|(8,11,0.6922,0.6313,1.0000)|(8,10,0.0000,1.0000,0.3055)|(16,24,0.6337,1.0000,0.0000)|(8,11,0.7984,0.5953,0.8879)|(14,12,0.6547,0.5787,1.0000)|(11,9,0.0427,1.0000,0.0000)|(13,12,0.5668,0.5713,0.7255)",0|0|0|0|0|0|0|0|0,0.999512|1.000000|0.998535|0.999512|1.000000|0.998535|1.000000|1.000000|1.000000,192,40,0.5,0.9,0.9,32,0.1,1337,cuda,fastprior
316,7,7,0.620117,0|1|2|3|4|5|6|8|9,0|0|0|0|1|0|0|0|0,40,70848,"(27,9,0.0000,0.0000,1.0000)|(20,14,0.9621,0.8711,1.0000)|(21,20,0.0000,0.0000,0.6096)|(24,16,1.0000,0.1318,0.0000)|(27,6,0.5537,1.0000,0.7274)|(18,13,1.0000,0.8542,1.0000)|(23,15,0.8345,0.0000,0.0000)|(6,17,1.0000,0.0391,0.0000)|(27,9,0.9014,1.0000,0.0691)",4|7|7|7|4|7|7|7|7,0.841309|0.955566|0.814941|0.688965|0.697266|0.811523|0.795898|0.902832|0.511719,192,40,0.5,0.9,0.9,32,0.1,1337,cuda,fastprior
317,7,7,0.999512,0|1|2|3|4|5|6|8|9,0|0|0|0|0|0|0|0|0,40,70848,"(24,9,1.0000,1.0000,1.0000)|(14,11,1.0000,0.9514,1.0000)|(15,8,1.0000,1.0000,1.0000)|(18,9,1.0000,1.0000,1.0000)|(18,14,1.0000,0.8188,1.0000)|(19,11,0.0000,0.0000,0.4490)|(14,11,0.0000,0.0000,0.4855)|(14,11,1.0000,0.9145,1.0000)|(14,11,1.0000,0.9554,1.0000)",7|7|7|7|7|7|7|7|7,0.999512|0.848145|1.000000|0.999023|0.999512|1.000000|0.860352|0.846191|0.847168,192,40,0.5,0.9,0.9,32,0.1,1337,cuda,fastprior
318,5,5,1.000000,0|1|2|3|4|6|7|8|9,0|0|0|0|0|0|0|0|0,40,70848,"(4,18,0.0000,0.0000,0.3023)|(10,19,0.0000,0.0000,0.1868)|(18,14,0.0000,0.0000,0.3542)|(4,18,0.3314,1.0000,1.0000)|(16,11,0.0000,0.0000,0.1434)|(17,16,0.0000,0.0000,0.1723)|(15,27,0.0000,0.0000,0.5345)|(16,11,0.0000,0.0000,0.1900)|(18,18,0.0000,0.0000,0.0000)",5|5|5|5|5|5|5|5|5,0.999512|1.000000|1.000000|1.000000|1.000000|1.000000|1.000000|1.000000|1.000000,192,40,0.5,0.9,0.9,32,0.1,1337,cuda,fastprior
319,5,5,1.000000,0|1|2|3|4|6|7|8|9,0|0|0|0|0|0|0|0|0,40,70848,"(12,8,0.6762,0.2900,0.2492)|(21,19,0.2039,0.2018,0.8456)|(13,6,0.3142,0.3987,0.9384)|(13,6,0.4094,0.5395,0.0234)|(17,19,0.5175,0.1252,0.3696)|(15,21,0.0386,0.9736,0.1885)|(16,20,0.7845,0.5997,0.9073)|(17,4,0.9122,0.3129,0.0349)|(15,19,0.2348,0.4525,0.5107)",5|5|5|5|5|5|5|5|5,1.000000|1.000000|1.000000|1.000000|1.000000|1.000000|1.000000|1.000000|1.000000,192,40,0.5,0.9,0.9,32,0.1,1337,cuda,fastprior
320,3,3,1.000000,0|1|2|4|5|6|7|8|9,0|0|0|0|0|0|0|0|0,40,70848,"(15,10,0.0000,0.0000,1.0000)|(16,10,0.0000,0.0000,1.0000)|(14,9,0.0000,0.0000,1.0000)|(14,12,0.0000,0.0000,1.0000)|(7,13,0.0000,0.0004,1.0000)|(16,10,0.0000,0.0000,0.9459)|(16,8,0.0000,0.0000,1.0000)|(14,12,0.0000,0.1526,0.9034)|(16,10,0.0045,0.0422,0.9734)",3|3|3|3|3|3|3|3|3,1.000000|0.999512|1.000000|1.000000|1.000000|0.999512|1.000000|1.000000|0.999512,192,40,0.5,0.9,0.9,32,0.1,1337,cuda,fastprior
321,5,5,1.000000,0|1|2|3|4|6|7|8|9,0|0|0|0|0|0|0|0|0,40,70848,"(9,22,0.0000,0.0000,0.0000)|(17,9,1.0000,1.0000,0.2781)|(19,2,0.0000,0.0000,0.0000)|(12,26,0.0000,0.0428,0.0000)|(17,9,0.0000,0.0000,0.9729)|(16,13,0.0000,0.0000,0.0000)|(18,13,0.0000,0.0000,0.0000)|(18,13,1.0000,1.0000,0.3247)|(10,20,1.0000,1.0000,0.2023)",5|5|5|5|5|5|5|5|5,1.000000|1.000000|1.000000|1.000000|1.000000|1.000000|1.000000|1.000000|1.000000,192,40,0.5,0.9,0.9,32,0.1,1337,cuda,fastprior
322,2,2,1.000000,0|1|3|4|5|6|7|8|9,0|0|0|0|0|0|0|0|0,40,70848,"(13,14,0.0000,0.0000,0.6940)|(16,16,0.0000,0.0000,0.7133)|(13,14,0.0000,0.0000,0.3892)|(15,12,1.0000,1.0000,1.0000)|(14,13,0.0000,0.0000,0.7026)|(13,14,0.0000,0.0000,0.6917)|(17,14,1.0000,1.0000,1.0000)|(17,16,0.0000,0.0000,0.7574)|(13,14,0.0000,0.0000,0.7552)",2|2|2|2|2|2|2|2|2,0.999512|1.000000|0.999512|1.000000|1.000000|0.999512|1.000000|1.000000|0.999512,192,40,0.5,0.9,0.9,32,0.1,1337,cuda,fastprior
323,3,3,0.627930,0|1|2|4|5|6|7|8|9,0|0|1|0|1|1|0|0|0,40,70848,"(9,14,1.0000,1.0000,0.9394)|(19,8,0.1168,0.9845,0.0000)|(20,11,1.0000,1.0000,1.0000)|(14,12,0.0000,0.6956,0.0000)|(11,7,0.0000,0.0042,0.8684)|(16,17,0.8418,0.0114,0.1452)|(15,3,0.0000,1.0000,0.0000)|(16,15,1.0000,0.0589,0.0000)|(12,15,0.9031,0.0000,0.2074)",2|6|3|4|3|3|3|3|3,0.938965|0.862793|0.680664|0.372314|0.986328|0.919434|0.955566|0.418457|0.856445,192,40,0.5,0.9,0.9,32,0.1,1337,cuda,fastprior
325,1,1,1.000000,0|2|3|4|5|6|7|8|9,0|0|0|0|0|0|0|0|0,40,70848,"(23,4,1.0000,1.0000,1.0000)|(9,13,1.0000,1.0000,1.0000)|(28,21,1.0000,1.0000,1.0000)|(9,23,0.9955,1.0000,1.0000)|(28,21,1.0000,1.0000,1.0000)|(24,5,1.0000,1.0000,1.0000)|(29,20,1.0000,1.0000,1.0000)|(28,21,1.0000,1.0000,1.0000)|(27,22,1.0000,1.0000,1.0000)",1|1|1|1|1|1|1|1|1,1.000000|1.000000|0.955078|1.000000|0.955078|1.000000|0.973633|0.955078|0.993652,192,40,0.5,0.9,0.9,32,0.1,1337,cuda,fastprior
326,7,7,1.000000,0|1|2|3|4|5|6|8|9,0|0|0|0|0|0|0|0|0,40,70848,"(13,17,0.0000,0.0000,0.7040)|(16,17,0.0000,0.0000,0.8694)|(9,9,0.0000,0.0000,0.7312)|(24,17,0.0000,0.0000,0.8006)|(11,10,0.0164,0.0000,0.7949)|(11,10,0.0000,0.0000,0.8588)|(12,7,0.0000,0.0000,0.8443)|(11,10,0.0000,0.0000,0.8108)|(6,22,0.0000,0.0000,0.8433)",7|7|7|7|7|7|7|7|7,1.000000|1.000000|0.999512|1.000000|0.968750|0.964355|1.000000|0.964355|1.000000,192,40,0.5,0.9,0.9,32,0.1,1337,cuda,fastprior
327,5,5,1.000000,0|1|2|3|4|6|7|8|9,0|0|0|0|0|0|0|0|0,40,70848,"(19,25,0.0264,0.0000,1.0000)|(26,13,0.0000,0.0000,1.0000)|(23,30,0.0000,0.0257,0.7370)|(19,25,0.0000,0.0000,0.2501)|(7,21,0.0000,0.0000,0.9362)|(7,3,0.5587,0.0000,0.0082)|(7,2,0.0000,0.0000,0.2293)|(17,20,0.0045,0.0895,0.9963)|(8,19,0.0000,0.0000,0.1403)",5|5|5|5|5|5|5|5|5,1.000000|1.000000|1.000000|1.000000|1.000000|1.000000|1.000000|1.000000|1.000000,192,40,0.5,0.9,0.9,32,0.1,1337,cuda,fastprior
328,4,4,1.000000,0|1|2|3|5|6|7|8|9,0|0|0|0|0|0|0|0|0,40,70848,"(19,13,1.0000,1.0000,1.0000)|(20,17,1.0000,0.8781,1.0000)|(25,18,1.0000,1.0000,1.0000)|(13,9,1.0000,0.5977,0.7051)|(20,26,1.0000,0.7110,0.7500)|(25,18,0.9145,0.7128,1.0000)|(19,14,1.0000,1.0000,1.0000)|(24,10,0.9258,0.0000,0.0000)|(17,20,1.0000,0.8502,1.0000)",4|4|4|4|4|4|4|4|4,1.000000|0.935059|0.998535|1.000000|0.999512|0.999023|1.000000|1.000000|0.942871,192,40,0.5,0.9,0.9,32,0.1,1337,cuda,fastprior
329,6,6,1.000000,0|1|2|3|4|5|7|8|9,0|0|0|0|0|0|0|0|0,40,70848,"(10,15,0.0031,0.0000,0.1231)|(10,17,0.0000,0.0000,0.3055)|(12,16,0.0000,0.0000,0.8795)|(12,16,0.0000,0.0000,0.6101)|(10,16,0.0000,0.0000,0.6352)|(9,16,0.0000,0.0000,0.6634)|(9,16,0.0000,0.0000,0.8037)|(10,15,0.0000,0.0000,0.3393)|(10,4,0.0000,0.0000,0.6969)",6|6|6|6|6|6|6|6|6,0.998047|1.000000|1.000000|1.000000|0.999512|1.000000|1.000000|0.998047|1.000000,192,40,0.5,0.9,0.9,32,0.1,1337,cuda,fastprior
330,1,1,1.000000,0|2|3|4|5|6|7|8|9,0|0|0|0|0|0|0|0|0,40,70848,"(16,23,1.0000,1.0000,1.0000)|(18,20,1.0000,1.0000,1.0000)|(14,11,1.0000,1.0000,1.0000)|(14,11,0.9926,0.3490,0.2323)|(18,19,1.0000,1.0000,1.0000)|(14,22,1.0000,0.0604,0.0000)|(14,11,0.9986,1.0000,1.0000)|(10,9,1.0000,0.0000,0.0000)|(19,18,1.0000,1.0000,1.0000)",1|1|1|1|1|1|1|1|1,1.000000|1.000000|0.999023|0.999512|1.000000|1.000000|0.999023|0.999512|1.000000,192,40,0.5,0.9,0.9,32,0.1,1337,cuda,fastprior
331,9,9,1.000000,0|1|2|3|4|5|6|7|8,0|0|0|0|0|0|0|0|0,40,70848,"(20,3,1.0000,1.0000,1.0000)|(17,29,1.0000,1.0000,1.0000)|(20,3,1.0000,1.0000,0.9990)|(19,4,1.0000,1.0000,1.0000)|(15,21,1.0000,1.0000,1.0000)|(19,3,1.0000,1.0000,1.0000)|(27,20,0.5960,1.0000,1.0000)|(18,13,1.0000,1.0000,1.0000)|(25,22,1.0000,1.0000,1.0000)",9|9|9|9|9|9|9|9|9,0.996582|0.998535|0.996582|0.996094|1.000000|0.996094|1.000000|0.996094|0.999023,192,40,0.5,0.9,0.9,32,0.1,1337,cuda,fastprior
333,6,6,1.000000,0|1|2|3|4|5|7|8|9,0|0|0|0|0|0|0|0|0,40,70848,"(17,14,0.9769,1.0000,1.0000)|(17,27,1.0000,1.0000,1.0000)|(13,9,0.9961,1.0000,1.0000)|(19,15,1.0000,1.0000,1.0000)|(14,11,1.0000,1.0000,0.8840)|(10,16,0.7913,1.0000,1.0000)|(10,16,1.0000,1.0000,1.0000)|(10,9,1.0000,1.0000,0.8678)|(21,14,1.0000,0.9839,0.7298)",6|6|6|6|6|6|6|6|6,1.000000|1.000000|1.000000|1.000000|1.000000|0.999023|0.999023|1.000000|1.000000,192,40,0.5,0.9,0.9,32,0.1,1337,cuda,fastprior
334,6,6,1.000000,0|1|2|3|4|5|7|8|9,0|0|0|0|0|0|0|0|0,40,70848,"(22,11,0.0000,0.1334,1.0000)|(12,21,0.0000,0.2087,1.0000)|(24,12,1.0000,0.7852,0.0134)|(23,16,1.0000,1.0000,1.0000)|(24,12,0.0000,0.0000,0.5362)|(21,18,1.0000,0.9427,1.0000)|(21,18,1.0000,1.0000,0.0961)|(10,16,1.0000,0.9045,0.0200)|(21,18,1.0000,1.0000,1.0000)",6|6|6|6|6|6|6|6|6,1.000000|1.000000|1.000000|1.000000|1.000000|1.000000|1.000000|1.000000|1.000000,192,40,0.5,0.9,0.9,32,0.1,1337,cuda,fastprior
335,9,9,0.998047,0|1|2|3|4|5|6|7|8,0|0|0|0|0|0|0|0|0,40,70848,"(24,20,1.0000,0.8276,1.0000)|(8,9,1.0000,1.0000,1.0000)|(18,22,1.0000,0.9368,1.0000)|(8,5,0.3147,0.0200,0.0000)|(8,6,0.9755,0.6391,0.7542)|(22,22,0.0000,0.0000,0.7937)|(12,15,0.9372,0.6741,1.0000)|(8,5,1.0000,1.0000,1.0000)|(14,14,0.9897,0.5138,1.0000)",9|9|9|9|9|9|9|9|9,0.998047|0.818848|0.994629|0.994141|0.977539|1.000000|0.982910|0.982422|0.996582,192,40,0.5,0.9,0.9,32,0.1,1337,cuda,fastprior
336,3,3,1.000000,0|1|2|4|5|6|7|8|9,0|0|0|0|0|0|0|0|0,40,70848,"(22,9,1.0000,1.0000,1.0000)|(24,20,0.0000,0.0000,0.6461)|(13,21,0.0000,0.0000,0.5868)|(10,17,0.0000,0.0000,0.5590)|(22,9,1.0000,1.0000,1.0000)|(10,17,0.0000,0.0000,0.6409)|(24,20,0.2836,0.0000,0.6294)|(10,17,0.0000,0.0000,0.5695)|(8,11,0.0000,0.0000,0.6666)",3|3|3|3|3|3|3|3|3,0.997559|0.999512|1.000000|0.998047|0.997559|0.998047|0.999512|0.998047|1.000000,192,40,0.5,0.9,0.9,32,0.1,1337,cuda,fastprior
337,8,8,1.000000,0|1|2|3|4|5|6|7|9,0|0|0|0|0|0|0|0|0,40,70848,"(14,25,1.0000,1.0000,0.9416)|(14,25,1.0000,1.0000,0.9030)|(20,11,1.0000,1.0000,0.9509)|(10,7,0.9996,1.0000,1.0000)|(14,25,1.0000,1.0000,0.9172)|(8,7,1.0000,1.0000,0.9103)|(14,25,1.0000,1.0000,0.8155)|(14,25,1.0000,1.0000,0.9367)|(14,25,1.0000,1.0000,0.8502)",8|8|8|8|8|8|8|8|8,0.995117|0.995117|1.000000|1.000000|0.995117|1.000000|0.995117|0.995117|0.995117,192,40,0.5,0.9,0.9,32,0.1,1337,cuda,fastprior
338,0,0,0.999512,1|2|3|4|5|6|7|8|9,0|0|0|0|0|0|0|0|0,40,70848,"(14,12,1.0000,1.0000,1.0000)|(14,12,1.0000,1.0000,1.0000)|(12,25,0.0000,0.0000,0.6944)|(17,17,0.7287,0.7035,0.5171)|(14,12,1.0000,1.0000,1.0000)|(19,10,0.8725,1.0000,0.9281)|(24,19,1.0000,1.0000,1.0000)|(14,11,1.0000,1.0000,1.0000)|(14,12,1.0000,1.0000,1.0000)",0|0|0|0|0|0|0|0|0,0.974609|0.974609|0.999023|0.999023|0.974609|1.000000|1.000000|0.972656|0.974609,192,40,0.5,0.9,0.9,32,0.1,1337,cuda,fastprior
339,7,7,0.999023,0|1|2|3|4|5|6|8|9,0|0|0|0|0|0|0|0|0,40,70848,"(14,18,0.0000,0.0000,0.5277)|(18,19,0.0000,0.0000,0.3747)|(18,19,0.0000,0.0000,0.3724)|(2,18,0.0000,0.0000,0.3634)|(17,22,0.0000,0.0000,0.2807)|(9,11,0.0000,0.0000,0.4969)|(5,17,0.0000,0.0000,0.5253)|(18,19,0.0006,0.0000,0.5177)|(10,14,0.0025,0.0000,0.2829)",7|7|7|7|7|7|7|7|7,0.999512|0.910645|0.910645|0.997070|0.999512|0.999023|0.999023|0.914551|0.998047,192,40,0.5,0.9,0.9,32,0.1,1337,cuda,fastprior
340,2,2,0.834961,0|1|3|4|5|6|7|8|9,0|0|0|0|0|0|0|0|0,40,70848,"(22,21,0.0000,0.0000,0.3739)|(5,6,0.0000,0.0000,0.3543)|(9,9,0.2169,0.3791,0.0161)|(17,21,0.0000,0.0000,0.3760)|(19,19,0.0000,0.0000,1.0000)|(5,15,0.0000,0.0160,0.6164)|(9,9,0.0000,0.3624,1.0000)|(10,5,0.0000,0.0000,1.0000)|(17,21,0.0000,0.0000,0.3117)",2|2|2|2|2|3|2|2|2,0.902832|0.997559|0.892090|0.840332|0.785645|0.626953|0.648438|0.443359|0.842285,192,40,0.5,0.9,0.9,32,0.1,1337,cuda,fastprior
341,6,6,0.992188,0|1|2|3|4|5|7|8|9,0|0|0|1|0|0|0|0|0,40,70848,"(14,17,0.0000,0.0000,1.0000)|(9,14,0.0000,0.0000,0.8877)|(14,9,0.0000,0.0000,0.0000)|(20,6,0.0000,0.0000,1.0000)|(19,8,0.0000,0.0004,1.0000)|(15,7,0.0000,0.0058,1.0000)|(19,9,0.0002,0.0000,1.0000)|(9,14,0.0154,0.0000,1.0000)|(14,17,0.0000,0.0000,1.0000)",6|6|6|6|6|3|6|6|6,0.876953|0.590332|0.742188|0.991211|0.993164|0.622070|0.677246|0.583008|0.876953,192,40,0.5,0.9,0.9,32,0.1,1337,cuda,fastprior
342,2,2,0.853516,0|1|3|4|5|6|7|8|9,1|0|0|0|0|0|0|0|0,40,70848,"(12,16,0.0000,0.0000,1.0000)|(23,11,0.2140,0.4364,1.0000)|(23,14,0.3100,0.2600,0.0000)|(24,10,0.2780,0.0000,0.5333)|(23,8,0.0000,0.0000,1.0000)|(13,8,0.6798,0.0844,0.3325)|(18,12,0.9703,0.2752,0.9228)|(21,18,0.1300,0.4297,1.0000)|(6,20,0.0062,0.5543,1.0000)",0|2|2|2|2|2|2|0|0,0.999512|0.971191|0.991211|0.922363|0.957520|0.878906|0.759277|0.441650|0.759766,192,40,0.5,0.9,0.9,32,0.1,1337,cuda,fastprior
343,5,5,0.988281,0|1|2|3|4|6|7|8|9,0|0|0|0|0|0|0|0|0,40,70848,"(12,24,0.0516,1.0000,1.0000)|(21,19,0.6646,0.9967,0.6362)|(20,18,0.6632,1.0000,0.0514)|(21,19,0.0000,0.9349,0.0000)|(18,15,0.0000,1.0000,0.6454)|(14,27,0.1142,0.0208,0.9842)|(11,16,0.0000,0.0000,0.9394)|(11,17,0.0395,0.2978,0.8347)|(11,17,0.5199,0.1595,1.0000)",5|5|3|3|5|5|5|3|3,0.994141|0.602051|0.599609|0.885742|0.998047|0.962891|0.698730|0.655762|0.523438,192,40,0.5,0.9,0.9,32,0.1,1337,cuda,fastprior
344,8,8,1.000000,0|1|2|3|4|5|6|7|9,0|0|0|0|0|0|0|0|0,40,70848,"(7,3,1.0000,1.0000,1.0000)|(6,13,1.0000,1.0000,1.0000)|(25,29,1.0000,1.0000,1.0000)|(6,10,1.0000,1.0000,1.0000)|(25,29,0.0175,1.0000,0.0000)|(25,29,1.0000,1.0000,1.0000)|(25,29,1.0000,1.0000,1.0000)|(25,29,1.0000,1.0000,1.0000)|(25,29,1.0000,0.9961,0.9994)",8|8|8|8|8|8|8|8|8,1.000000|1.000000|0.999512|1.000000|0.999512|0.999512|0.999512|0.999512|0.999512,192,40,0.5,0.9,0.9,32,0.1,1337,cuda,fastprior
345,5,5,0.981934,0|1|2|3|4|6|7|8|9,0|0|0|1|0|0|0|0|0,40,70848,"(21,12,1.0000,1.0000,0.7881)|(4,12,1.0000,1.0000,0.8373)|(24,7,1.0000,1.0000,0.8657)|(18,13,0.0000,0.0000,0.1491)|(21,12,0.0000,1.0000,0.0000)|(15,14,0.9968,1.0000,0.5188)|(15,13,0.0000,1.0000,0.0000)|(21,13,1.0000,1.0000,0.8588)|(23,7,1.0000,1.0000,0.7272)",5|5|5|3|5|5|5|5|5,0.789551|0.631348|0.999512|0.938477|0.994629|0.646484|0.527344|0.579102|1.000000,192,40,0.5,0.9,0.9,32,0.1,1337,cuda,fastprior
346,4,4,0.675781,0|1|2|3|5|6|7|8|9,0|0|0|1|0|0|0|0|0,40,70848,"(18,10,0.3377,1.0000,1.0000)|(12,5,0.0000,0.0000,0.6118)|(13,8,1.0000,1.0000,1.0000)|(19,15,0.9748,1.0000,1.0000)|(22,18,0.0000,0.0000,0.3128)|(12,16,0.0000,0.0000,0.9849)|(15,11,0.8565,1.0000,1.0000)|(20,11,1.0000,1.0000,1.0000)|(12,16,0.0000,0.0000,0.7238)",4|4|3|4|4|3|3|4|3,0.644043|0.511719|0.877930|0.817383|0.944824|0.818359|0.719238|0.501953|0.801758,192,40,0.5,0.9,0.9,32,0.1,1337,cuda,fastprior
347,6,6,1.000000,0|1|2|3|4|5|7|8|9,0|0|0|0|0|0|0|0|0,40,70848,"(14,13,0.9966,1.0000,1.0000)|(14,14,0.0000,0.0000,0.6876)|(17,1,1.0000,0.9992,1.0000)|(14,13,1.0000,1.0000,1.0000)|(14,12,1.0000,1.0000,1.0000)|(10,10,0.0000,0.0000,0.6405)|(10,8,1.0000,0.9980,1.0000)|(5,17,1.0000,0.9998,1.0000)|(14,14,0.0000,0.0000,0.7361)",6|6|6|6|6|6|6|6|6,0.807617|0.927246|1.000000|0.807129|0.998047|0.999023|0.999512|0.999512|0.923828,192,40,0.5,0.9,0.9,32,0.1,1337,cuda,fastprior
348,8,8,1.000000,0|1|2|3|4|5|6|7|9,0|0|0|0|0|0|0|0|0,40,70848,"(10,10,1.0000,1.0000,0.9992)|(16,6,1.0000,1.0000,1.0000)|(27,4,1.0000,1.0000,1.0000)|(15,13,1.0000,1.0000,1.0000)|(12,7,1.0000,1.0000,1.0000)|(21,21,1.0000,1.0000,1.0000)|(12,8,0.9914,0.8289,0.7078)|(28,14,1.0000,1.0000,1.0000)|(16,13,1.0000,1.0000,1.0000)",8|8|8|8|8|8|8|8|8,0.985352|0.999512|0.999512|1.000000|0.997559|1.000000|0.999512|1.000000|1.000000,192,40,0.5,0.9,0.9,32,0.1,1337,cuda,fastprior
349,9,9,1.000000,0|1|2|3|4|5|6|7|8,0|0|0|0|0|0|0|0|0,40,70848,"(15,22,0.0000,0.0000,0.8844)|(2,28,0.8084,0.2807,1.0000)|(18,26,0.7519,0.6888,0.8564)|(14,30,0.7321,1.0000,0.7480)|(18,15,0.8592,0.4162,0.9659)|(18,26,0.7889,1.0000,0.7137)|(19,7,0.8284,1.0000,0.7411)|(29,28,0.9118,0.5566,0.8700)|(18,26,0.7057,1.0000,0.7137)",9|9|9|9|9|9|9|9|9,1.000000|1.000000|0.999512|1.000000|1.000000|0.999512|1.000000|1.000000|0.999512,192,40,0.5,0.9,0.9,32,0.1,1337,cuda,fastprior
350,9,9,1.000000,0|1|2|3|4|5|6|7|8,0|0|0|0|0|0|0|0|0,40,70848,"(8,8,1.0000,1.0000,1.0000)|(10,30,1.0000,1.0000,1.0000)|(23,8,1.0000,0.4667,0.0520)|(26,14,0.5000,1.0000,1.0000)|(9,30,1.0000,0.4934,0.0000)|(9,29,1.0000,0.8070,0.9290)|(19,7,0.0124,0.0827,0.8612)|(9,29,1.0000,0.7057,0.0329)|(29,4,1.0000,0.5631,0.0000)",9|9|9|9|9|9|9|9|9,1.000000|1.000000|1.000000|1.000000|1.000000|1.000000|1.000000|1.000000|1.000000,192,40,0.5,0.9,0.9,32,0.1,1337,cuda,fastprior
351,1,1,1.000000,0|2|3|4|5|6|7|8|9,0|0|0|0|0|0|0|0|0,40,70848,"(17,16,0.8998,1.0000,1.0000)|(7,27,1.0000,1.0000,1.0000)|(27,13,1.0000,0.8285,0.7176)|(24,13,1.0000,1.0000,1.0000)|(17,9,1.0000,1.0000,1.0000)|(18,7,1.0000,1.0000,1.0000)|(18,9,0.9192,1.0000,1.0000)|(7,27,1.0000,1.0000,1.0000)|(15,6,1.0000,1.0000,1.0000)",1|1|1|1|1|1|1|1|1,1.000000|1.000000|1.000000|1.000000|1.000000|1.000000|1.000000|1.000000|1.000000,192,40,0.5,0.9,0.9,32,0.1,1337,cuda,fastprior
352,0,0,0.915039,1|2|3|4|5|6|7|8|9,0|0|0|0|0|0|0|0|0,40,70848,"(12,7,0.0000,0.0535,0.5371)|(13,7,0.0000,0.0000,0.5054)|(24,22,0.6817,0.0000,0.0000)|(24,20,0.0796,0.3669,1.0000)|(13,7,0.6894,0.0000,0.0000)|(22,12,0.4595,0.0000,0.8490)|(13,7,0.4987,0.0000,0.9567)|(25,23,0.5490,0.0000,0.0192)|(20,14,0.4526,0.0000,1.0000)",0|0|0|0|0|0|0|0|0,0.867676|0.845703|0.985840|0.985840|0.702148|0.991211|0.805176|0.673340|0.458740,192,40,0.5,0.9,0.9,32,0.1,1337,cuda,fastprior
353,2,2,1.000000,0|1|3|4|5|6|7|8|9,0|0|0|0|0|0|0|0|0,40,70848,"(28,8,0.0000,0.0000,0.9796)|(26,11,0.0543,0.8733,1.0000)|(19,11,1.0000,0.3943,0.7078)|(28,10,0.0000,0.0000,0.9995)|(18,9,0.0000,0.0000,1.0000)|(11,7,0.0000,0.0000,1.0000)|(8,11,0.0982,1.0000,1.0000)|(16,10,0.0668,0.7687,1.0000)|(26,6,0.1488,0.6745,0.9839)",2|2|2|2|2|2|2|2|2,1.000000|1.000000|1.000000|1.000000|1.000000|1.000000|1.000000|1.000000|1.000000,192,40,0.5,0.9,0.9,32,0.1,1337,cuda,fastprior
354,2,2,1.000000,0|1|3|4|5|6|7|8|9,0|0|0|0|0|0|0|0|0,40,70848,"(19,7,0.0011,0.0000,1.0000)|(9,11,0.0000,0.0000,1.0000)|(20,7,0.0000,0.0000,1.0000)|(20,9,0.0000,0.0000,0.7303)|(10,11,0.0000,0.0000,0.9121)|(25,24,0.2755,0.0000,0.3775)|(4,17,1.0000,0.4097,0.5209)|(25,24,0.2000,1.0000,1.0000)|(25,13,0.0000,0.0000,0.9037)",2|2|2|2|2|2|2|2|2,1.000000|1.000000|0.999023|1.000000|1.000000|1.000000|1.000000|1.000000|1.000000,192,40,0.5,0.9,0.9,32,0.1,1337,cuda,fastprior
356,3,3,0.995605,0|1|2|4|5|6|7|8|9,0|0|0|1|1|0|0|0|0,40,70848,"(9,10,0.0000,0.0000,0.8537)|(16,8,0.1331,1.0000,1.0000)|(15,19,0.0000,0.0000,1.0000)|(15,6,0.9777,1.0000,1.0000)|(14,14,0.0000,0.0000,0.5575)|(14,15,0.0000,1.0000,0.4827)|(19,16,0.1890,1.0000,1.0000)|(16,8,0.0000,1.0000,1.0000)|(15,12,1.0000,1.0000,1.0000)",3|4|3|4|5|3|3|4|3,0.548340|0.443848|0.993652|0.988281|0.986328|0.942383|0.984375|0.380859|0.997559,192,40,0.5,0.9,0.9,32,0.1,1337,cuda,fastprior
357,2,2,0.973633,0|1|3|4|5|6|7|8|9,0|0|1|0|0|0|0|0|0,40,70848,"(15,16,0.8500,1.0000,1.0000)|(4,22,0.5391,1.0000,0.7279)|(15,10,0.6379,0.9431,0.5252)|(18,23,0.0000,0.0000,0.5005)|(15,17,0.0000,0.5545,1.0000)|(17,11,0.0380,1.0000,0.0912)|(15,10,0.3440,1.0000,0.3525)|(18,23,0.0000,0.0000,0.4294)|(12,16,0.4186,1.0000,0.2336)",2|2|3|2|2|2|3|2|2,0.559570|0.916504|0.970215|0.418701|0.976562|0.998535|0.875977|0.418701|0.988281,192,40,0.5,0.9,0.9,32,0.1,1337,cuda,fastprior
358,8,8,1.000000,0|1|2|3|4|5|6|7|9,0|0|0|0|0|0|0|0|0,40,70848,"(8,15,1.0000,1.0000,0.9563)|(25,28,1.0000,1.0000,1.0000)|(5,16,1.0000,0.9937,1.0000)|(8,18,1.0000,1.0000,1.0000)|(8,21,1.0000,1.0000,0.9715)|(10,17,1.0000,1.0000,1.0000)|(5,18,0.5273,1.0000,0.3888)|(10,17,1.0000,1.0000,1.0000)|(8,18,1.0000,1.0000,1.0000)",8|8|8|8|8|8|8|8|8,1.000000|1.000000|1.000000|0.999512|1.000000|0.998047|1.000000|0.998047|0.999512,192,40,0.5,0.9,0.9,32,0.1,1337,cuda,fastprior
359,0,0,1.000000,1|2|3|4|5|6|7|8|9,0|0|0|0|0|0|0|0|0,40,70848,"(22,21,1.0000,1.0000,0.5192)|(22,21,0.1434,0.2430,0.2070)|(23,16,1.0000,1.0000,1.0000)|(27,18,0.9691,1.0000,1.0000)|(13,22,1.0000,0.9788,0.7574)|(6,25,0.8290,1.0000,0.1321)|(21,23,1.0000,1.0000,0.9352)|(25,16,1.0000,1.0000,0.3730)|(24,26,1.0000,1.0000,0.4576)",0|0|0|0|0|0|0|0|0,1.000000|1.000000|1.000000|1.000000|1.000000|1.000000|1.000000|1.000000|1.000000,192,40,0.5,0.9,0.9,32,0.1,1337,cuda,fastprior
360,9,9,1.000000,0|1|2|3|4|5|6|7|8,0|0|0|0|0|0|0|0|0,40,70848,"(18,10,1.0000,1.0000,1.0000)|(7,19,1.0000,1.0000,1.0000)|(18,10,1.0000,0.8817,1.0000)|(4,17,0.0520,0.4721,1.0000)|(10,14,1.0000,0.9528,1.0000)|(9,13,1.0000,0.5851,0.5468)|(7,18,1.0000,0.0000,0.5541)|(21,11,1.0000,1.0000,0.9388)|(22,20,1.0000,0.8069,0.8380)",9|9|9|9|9|9|9|9|9,1.000000|1.000000|1.000000|1.000000|1.000000|1.000000|1.000000|1.000000|1.000000,192,40,0.5,0.9,0.9,32,0.1,1337,cuda,fastprior
361,5,5,1.000000,0|1|2|3|4|6|7|8|9,0|0|0|0|0|0|0|0|0,40,70848,"(6,14,0.0000,0.0000,1.0000)|(21,26,0.0000,0.0000,0.9996)|(6,22,0.0000,0.0000,0.9184)|(9,9,1.0000,0.0000,0.0000)|(9,9,0.0000,0.0000,1.0000)|(6,13,0.0000,0.0000,1.0000)|(16,16,0.0000,0.0000,1.0000)|(17,15,0.0000,0.0000,1.0000)|(9,9,0.0000,0.0000,1.0000)",5|5|5|5|5|5|5|5|5,1.000000|1.000000|1.000000|0.952148|0.962891|0.998535|1.000000|1.000000|0.962891,192,40,0.5,0.9,0.9,32,0.1,1337,cuda,fastprior
362,8,8,1.000000,0|1|2|3|4|5|6|7|9,0|0|0|0|0|0|0|0|0,40,70848,"(16,9,1.0000,1.0000,1.0000)|(17,8,1.0000,1.0000,1.0000)|(2,23,1.0000,1.0000,0.9221)|(5,7,0.0000,0.0000,0.7439)|(2,23,1.0000,1.0000,0.7007)|(10,12,0.0000,0.0000,1.0000)|(30,26,0.0000,0.0000,0.7975)|(17,8,0.0000,0.0000,0.8689)|(17,8,1.0000,1.0000,1.0000)",8|8|8|8|8|8|8|8|8,1.000000|1.000000|0.999512|0.997559|0.999512|1.000000|1.000000|1.000000|1.000000,192,40,0.5,0.9,0.9,32,0.1,1337,cuda,fastprior
363,1,1,0.999023,0|2|3|4|5|6|7|8|9,0|0|0|0|0|0|0|0|0,40,70848,"(8,14,1.0000,1.0000,0.9971)|(11,16,1.0000,1.0000,0.9399)|(20,28,1.0000,1.0000,1.0000)|(19,26,1.0000,1.0000,1.0000)|(20,28,1.0000,1.0000,0.7435)|(9,21,1.0000,1.0000,1.0000)|(20,28,1.0000,1.0000,0.8812)|(20,28,1.0000,1.0000,1.0000)|(20,17,1.0000,1.0000,1.0000)",1|1|1|1|1|1|1|1|1,0.973633|0.999023|0.964844|0.987793|0.965820|0.989258|0.965332|0.964844|1.000000,192,40,0.5,0.9,0.9,32,0.1,1337,cuda,fastprior
364,9,9,1.000000,0|1|2|3|4|5|6|7|8,0|0|0|0|0|0|0|0|0,40,70848,"(19,27,0.0000,0.0000,0.9756)|(17,9,0.0000,0.0000,0.8414)|(24,17,0.0000,0.0000,0.4272)|(26,8,0.0000,0.0000,0.4190)|(25,3,0.0000,0.0000,0.7448)|(18,18,0.0000,0.0000,0.6537)|(27,24,0.0000,0.0000,0.5663)|(27,25,0.0000,0.0000,0.9204)|(27,25,0.0000,0.0000,1.0000)",9|9|9|9|9|9|9|9|9,1.000000|1.000000|1.000000|1.000000|1.000000|1.000000|1.000000|1.000000|1.000000,192,40,0.5,0.9,0.9,32,0.1,1337,cuda,fastprior
365,4,4,1.000000,0|1|2|3|5|6|7|8|9,0|0|0|0|0|0|0|0|0,40,70848,"(22,4,0.0000,0.0000,0.9480)|(1,15,0.0000,0.0000,1.0000)|(1,20,0.0000,0.0000,0.9978)|(22,4,0.0000,0.0000,0.4730)|(22,4,0.0000,0.0000,0.8312)|(2,14,0.0000,0.0000,1.0000)|(12,12,0.0000,0.0000,1.0000)|(12,11,0.0000,0.0000,1.0000)|(17,11,0.0000,0.0000,1.0000)",4|4|4|4|4|4|4|4|4,0.986816|1.000000|1.000000|0.990723|0.987305|0.999512|0.985840|0.996582|0.999512,192,40,0.5,0.9,0.9,32,0.1,1337,cuda,fastprior
366,1,1,0.999512,0|2|3|4|5|6|7|8|9,0|0|0|0|0|0|0|0|0,40,70848,"(10,10,1.0000,0.0000,0.0000)|(9,6,0.3531,1.0000,0.4094)|(10,8,0.9783,0.0000,0.0300)|(10,8,1.0000,0.0215,0.0451)|(21,10,0.3635,1.0000,0.3428)|(3,12,0.0000,0.0000,0.9684)|(22,15,0.3581,1.0000,0.3394)|(8,6,0.0000,0.0000,0.5587)|(11,17,0.0000,0.0000,1.0000)",1|1|1|1|1|1|1|1|1,0.999512|0.998047|0.994141|0.994141|0.999512|1.000000|0.999512|0.988770|0.999512,192,40,0.5,0.9,0.9,32,0.1,1337,cuda,fastprior
367,3,3,1.000000,0|1|2|4|5|6|7|8|9,0|0|0|0|0|0|0|0|0,40,70848,"(7,21,0.0000,0.0000,0.5462)|(15,7,0.0000,0.0000,0.4774)|(30,6,1.0000,1.0000,0.7021)|(7,21,0.1100,0.0000,0.4945)|(3,7,0.1948,0.0277,0.6788)|(24,7,0.7681,0.0000,0.0000)|(30,6,0.0000,0.0000,0.4078)|(24,7,0.0000,0.0000,1.0000)|(15,7,0.0000,0.0000,0.5066)",3|3|3|3|3|3|3|3|3,1.000000|0.993164|0.999512|1.000000|1.000000|1.000000|1.000000|0.999512|0.993164,192,40,0.5,0.9,0.9,32,0.1,1337,cuda,fastprior
368,8,8,0.900879,0|1|2|3|4|5|6|7|9,0|0|0|0|0|0|0|0|0,40,70848,"(24,16,0.8598,0.0000,0.0000)|(17,16,1.0000,1.0000,1.0000)|(11,9,1.0000,1.0000,1.0000)|(14,11,0.4267,0.0000,0.0000)|(14,24,1.0000,0.0000,0.0000)|(18,13,0.3034,0.0000,0.1671)|(10,13,1.0000,1.0000,1.0000)|(19,15,1.0000,1.0000,1.0000)|(18,12,0.3711,0.0613,0.0427)",8|8|2|8|4|8|8|2|8,0.371338|0.948242|0.613770|0.988281|0.850098|0.797852|0.836914|0.638672|0.901367,192,40,0.5,0.9,0.9,32,0.1,1337,cuda,fastprior
369,1,1,0.998535,0|2|3|4|5|6|7|8|9,0|0|0|0|0|0|0|0|0,40,70848,"(20,19,0.0000,0.0000,1.0000)|(9,14,0.4210,0.0000,0.9509)|(7,4,0.1557,0.4885,0.0000)|(12,10,0.4722,0.0000,0.7667)|(11,13,0.5130,0.0000,0.7683)|(12,13,0.1446,0.0761,0.4580)|(9,18,0.5000,0.0000,0.7093)|(11,20,0.0000,0.3428,0.5347)|(5,3,0.3762,0.0000,0.5030)",1|1|1|1|1|1|1|1|1,0.997559|0.999023|0.998535|0.999023|0.999023|0.997559|0.993164|0.995117|0.999023,192,40,0.5,0.9,0.9,32,0.1,1337,cuda,fastprior
371,7,7,1.000000,0|1|2|3|4|5|6|8|9,0|0|0|0|0|0|0|0|0,40,70848,"(6,6,1.0000,1.0000,1.0000)|(2,13,1.0000,1.0000,1.0000)|(11,2,0.9970,1.0000,1.0000)|(11,2,1.0000,1.0000,0.9992)|(6,6,0.9894,1.0000,1.0000)|(6,6,1.0000,1.0000,0.9996)|(11,3,1.0000,1.0000,1.0000)|(6,6,0.9881,1.0000,1.0000)|(2,14,0.9913,1.0000,1.0000)",7|7|7|7|7|7|7|7|7,0.999512|1.000000|1.000000|1.000000|0.999512|0.999512|1.000000|0.999512|1.000000,192,40,0.5,0.9,0.9,32,0.1,1337,cuda,fastprior
372,9,9,1.000000,0|1|2|3|4|5|6|7|8,0|0|0|0|0|0|0|0|0,40,70848,"(19,4,0.0000,0.0000,0.9451)|(8,3,0.0000,0.0000,1.0000)|(18,19,0.0000,0.0000,0.0000)|(18,19,0.0000,0.0000,0.0000)|(30,15,0.0000,0.0000,1.0000)|(16,22,0.0000,0.0000,1.0000)|(16,17,0.0000,0.0000,1.0000)|(28,12,0.0000,0.0000,0.9996)|(29,13,0.3123,0.0000,0.0425)",9|9|9|9|9|9|9|9|9,1.000000|0.999512|0.996582|0.996582|1.000000|0.999512|0.999512|1.000000|1.000000,192,40,0.5,0.9,0.9,32,0.1,1337,cuda,fastprior
373,4,4,0.935547,0|1|2|3|5|6|7|8|9,0|0|0|0|0|0|0|0|0,40,70848,"(15,14,1.0000,1.0000,1.0000)|(11,16,1.0000,0.9961,1.0000)|(11,16,1.0000,0.8427,0.9945)|(16,13,1.0000,0.9852,0.9013)|(17,17,1.0000,0.8844,1.0000)|(17,13,1.0000,0.4925,0.2175)|(17,13,0.9997,1.0000,1.0000)|(18,11,1.0000,0.0000,0.8874)|(19,21,0.6917,0.7804,0.0553)",4|4|4|3|4|4|4|4|4,0.564453|0.998535|0.997559|0.770508|0.698242|0.919434|0.950195|0.328613|0.509277,192,40,0.5,0.9,0.9,32,0.1,1337,cuda,fastprior
374,2,2,1.000000,0|1|3|4|5|6|7|8|9,0|0|0|0|0|0|0|0|0,40,70848,"(16,28,1.0000,1.0000,1.0000)|(9,20,1.0000,1.0000,1.0000)|(20,15,0.9975,0.0386,0.0415)|(15,27,1.0000,0.0000,0.2740)|(19,18,1.0000,1.0000,1.0000)|(15,20,1.0000,1.0000,1.0000)|(12,20,1.0000,1.0000,1.0000)|(12,20,1.0000,1.0000,1.0000)|(18,21,1.0000,1.0000,1.0000)",2|2|2|2|2|2|2|2|2,1.000000|1.000000|1.000000|1.000000|1.000000|1.000000|1.000000|1.000000|0.999023,192,40,0.5,0.9,0.9,32,0.1,1337,cuda,fastprior
375,7,7,1.000000,0|1|2|3|4|5|6|8|9,0|0|0|0|0|0|0|0|0,40,70848,"(18,10,1.0000,0.9999,0.9295)|(15,15,1.0000,1.0000,0.7560)|(16,16,1.0000,0.8434,0.5884)|(15,14,1.0000,0.8614,0.4154)|(16,10,1.0000,0.8241,0.7444)|(15,14,1.0000,0.8696,0.7157)|(15,15,1.0000,1.0000,0.7856)|(14,14,1.0000,0.9617,0.7957)|(10,7,1.0000,0.9869,0.4827)",7|7|7|7|7|7|7|7|7,0.992676|0.996582|0.993652|0.999512|0.996094|0.999023|0.996094|1.000000|0.999512,192,40,0.5,0.9,0.9,32,0.1,1337,cuda,fastprior
376,0,0,0.944824,1|2|3|4|5|6|7|8|9,0|0|0|0|0|0|0|0|1,40,70848,"(24,23,1.0000,1.0000,0.0000)|(14,12,1.0000,0.4888,1.0000)|(24,21,0.0000,1.0000,0.0000)|(17,11,0.3244,0.5331,0.0497)|(18,13,1.0000,0.7417,0.4643)|(20,23,0.5000,1.0000,0.2727)|(14,13,0.1672,0.0645,0.6265)|(19,27,0.6316,0.2977,0.0000)|(24,23,1.0000,0.8890,1.0000)",0|2|0|0|0|0|0|0|0,0.993164|0.499756|0.972168|0.433594|0.517578|0.916016|0.896973|0.733887|0.988770,192,40,0.5,0.9,0.9,32,0.1,1337,cuda,fastprior
377,7,7,1.000000,0|1|2|3|4|5|6|8|9,0|0|0|0|0|0|0|0|0,40,70848,"(12,26,0.5501,0.5765,1.0000)|(13,16,1.0000,1.0000,1.0000)|(11,21,0.3844,1.0000,0.0000)|(12,26,1.0000,1.0000,0.7081)|(3,15,0.2556,0.7944,0.3522)|(12,20,1.0000,1.0000,1.0000)|(12,20,1.0000,1.0000,1.0000)|(12,14,1.0000,0.7457,0.6652)|(11,14,1.0000,0.8670,0.8836)",7|7|7|7|7|7|7|7|7,1.000000|0.999023|0.930176|1.000000|1.000000|0.543457|0.543457|0.999512|0.999512,192,40,0.5,0.9,0.9,32,0.1,1337,cuda,fastprior
379,6,6,1.000000,0|1|2|3|4|5|7|8|9,0|0|0|0|0|0|0|0|0,40,70848,"(6,17,0.8752,1.0000,1.0000)|(6,17,1.0000,0.9808,1.0000)|(6,17,1.0000,0.9059,1.0000)|(17,12,0.0000,0.0000,0.2098)|(6,17,1.0000,1.0000,1.0000)|(5,20,1.0000,0.9790,1.0000)|(18,11,1.0000,1.0000,1.0000)|(20,11,0.9079,0.5164,0.8601)|(17,11,0.8591,0.7618,0.8463)",6|6|6|6|6|6|6|6|6,1.000000|1.000000|1.000000|1.000000|1.000000|1.000000|1.000000|1.000000|1.000000,192,40,0.5,0.9,0.9,32,0.1,1337,cuda,fastprior
380,6,6,1.000000,0|1|2|3|4|5|7|8|9,0|0|0|0|0|0|0|0|0,40,70848,"(7,19,1.0000,1.0000,1.0000)|(18,26,1.0000,1.0000,1.0000)|(17,21,1.0000,1.0000,1.0000)|(16,17,1.0000,0.6530,0.3849)|(12,12,1.0000,1.0000,0.3203)|(16,2,1.0000,1.0000,1.0000)|(8,19,0.6638,0.0000,0.8743)|(18,26,1.0000,1.0000,1.0000)|(18,23,1.0000,1.0000,1.0000)",6|6|6|6|6|6|6|6|6,1.000000|0.998047|0.999512|0.995605|1.000000|0.999023|0.999512|0.998047|1.000000,192,40,0.5,0.9,0.9,32,0.1,1337,cuda,fastprior
381,9,9,0.999512,0|1|2|3|4|5|6|7|8,0|0|0|0|0|0|0|0|0,40,70848,"(14,12,0.0000,0.0000,0.0000)|(27,23,0.5000,0.0000,0.0000)|(27,15,0.0000,0.0000,0.0000)|(26,23,0.0885,0.0000,0.0000)|(12,15,0.0000,0.0000,0.5395)|(15,12,0.3346,0.0000,0.4638)|(26,22,0.0000,0.0000,0.7145)|(27,24,0.0000,0.0000,0.0000)|(26,22,0.0000,0.0000,0.6300)",9|9|9|9|9|9|9|9|9,0.583008|1.000000|0.996582|1.000000|0.998047|0.735352|0.997070|1.000000|0.997070,192,40,0.5,0.9,0.9,32,0.1,1337,cuda,fastprior
382,0,0,1.000000,1|2|3|4|5|6|7|8|9,0|0|0|0|0|0|0|0|0,40,70848,"(20,18,1.0000,0.5128,0.6805)|(12,21,1.0000,0.7459,1.0000)|(19,19,1.0000,1.0000,0.7756)|(20,18,1.0000,1.0000,1.0000)|(20,18,0.9828,0.8193,1.0000)|(20,18,1.0000,0.0341,0.9742)|(21,22,1.0000,0.6561,0.8053)|(23,23,1.0000,0.0000,0.0000)|(20,18,1.0000,0.4832,0.6606)",0|0|0|0|0|0|0|0|0,0.996094|1.000000|0.999023|0.996582|0.996582|0.996582|1.000000|1.000000|0.996094,192,40,0.5,0.9,0.9,32,0.1,1337,cuda,fastprior
383,9,9,0.825684,0|1|2|3|4|5|6|7|8,0|0|0|0|0|0|0|0|0,40,70848,"(13,27,0.0000,0.0278,1.0000)|(20,8,0.0000,0.0000,0.9612)|(14,15,0.0000,0.0000,1.0000)|(5,8,0.5038,0.0000,0.0000)|(16,7,0.2148,0.0000,0.0000)|(12,12,0.1175,0.0448,1.0000)|(12,12,0.5776,0.0000,0.0000)|(5,8,0.9979,0.0000,0.0000)|(8,7,1.0000,0.0000,0.0000)",0|9|9|9|1|9|9|9|9,0.763672|0.708496|0.461426|0.761230|0.555664|0.640137|0.594727|0.820312|0.812500,192,40,0.5,0.9,0.9,32,0.1,1337,cuda,fastprior
386,7,7,1.000000,0|1|2|3|4|5|6|8|9,0|0|0|0|0|0|0|0|0,40,70848,"(18,21,1.0000,1.0000,0.4490)|(20,7,1.0000,1.0000,1.0000)|(18,21,1.0000,0.9081,0.5129)|(11,21,1.0000,1.0000,1.0000)|(15,21,0.2911,0.0000,0.3859)|(25,11,1.0000,1.0000,0.9945)|(19,21,1.0000,1.0000,0.4417)|(18,21,1.0000,0.9552,0.4370)|(18,21,1.0000,0.9662,0.4807)",7|7|7|7|7|7|7|7|7,1.000000|1.000000|1.000000|1.000000|1.000000|1.000000|1.000000|1.000000|1.000000,192,40,0.5,0.9,0.9,32,0.1,1337,cuda,fastprior
387,2,2,0.530273,0|1|3|4|5|6|7|8|9,0|0|0|0|1|0|0|0|0,40,70848,"(27,22,0.0476,0.0000,0.8559)|(15,25,0.0000,0.5007,0.0000)|(26,2,0.6778,0.2530,0.2355)|(18,27,0.8723,0.0000,0.5969)|(15,23,0.4492,0.0000,1.0000)|(24,7,0.0000,1.0000,0.0051)|(10,5,1.0000,0.6975,1.0000)|(15,25,1.0000,0.9539,1.0000)|(26,4,1.0000,0.5409,1.0000)",2|2|5|2|5|2|2|5|2,0.822266|0.457275|0.506836|0.571777|0.943848|0.552246|0.807617|0.575684|0.537598,192,40,0.5,0.9,0.9,32,0.1,1337,cuda,fastprior
388,2,2,0.992188,0|1|3|4|5|6|7|8|9,0|0|1|0|1|0|0|0|0,40,70848,"(18,8,0.9985,1.0000,1.0000)|(17,13,1.0000,0.8965,1.0000)|(18,11,0.9782,0.4920,0.4820)|(16,18,0.0628,0.0000,0.2714)|(17,13,0.0000,0.6779,1.0000)|(20,22,0.9024,0.0736,0.6616)|(12,17,1.0000,1.0000,1.0000)|(19,11,0.2242,1.0000,0.1253)|(15,23,1.0000,1.0000,1.0000)",2|2|2|3|2|5|5|2|5,0.935547|0.479736|0.968750|0.748535|0.861328|0.893555|0.854492|0.883301|0.746582,192,40,0.5,0.9,0.9,32,0.1,1337,cuda,fastprior
389,5,5,1.000000,0|1|2|3|4|6|7|8|9,0|0|0|0|0|0|0|0|0,40,70848,"(17,13,0.8212,1.0000,1.0000)|(17,10,0.7102,0.9975,1.0000)|(17,17,1.0000,1.0000,0.9978)|(21,12,0.6457,1.0000,1.0000)|(21,11,0.7486,1.0000,1.0000)|(18,13,0.8108,1.0000,1.0000)|(19,19,0.4554,1.0000,1.0000)|(21,9,0.7042,1.0000,1.0000)|(21,12,0.7108,1.0000,1.0000)",5|5|5|5|5|5|5|5|5,0.999023|1.000000|0.998047|0.999023|1.000000|0.998047|0.999512|1.000000|0.999023,192,40,0.5,0.9,0.9,32,0.1,1337,cuda,fastprior
390,1,1,1.000000,0|2|3|4|5|6|7|8|9,0|0|0|0|0|0|0|0|0,40,70848,"(18,6,1.0000,1.0000,1.0000)|(9,22,1.0000,1.0000,1.0000)|(14,4,1.0000,1.0000,0.6503)|(9,22,1.0000,1.0000,1.0000)|(18,6,1.0000,1.0000,0.9983)|(19,12,0.0000,0.0000,0.5888)|(16,7,0.0251,0.0000,1.0000)|(17,5,1.0000,1.0000,0.9863)|(14,3,1.0000,1.0000,1.0000)",1|1|1|1|1|1|1|1|1,1.000000|0.999512|1.000000|0.999512|1.000000|1.000000|1.000000|1.000000|1.000000,192,40,0.5,0.9,0.9,32,0.1,1337,cuda,fastprior
391,2,2,1.000000,0|1|3|4|5|6|7|8|9,0|0|0|0|0|0|0|0|0,40,70848,"(7,15,1.0000,1.0000,1.0000)|(26,15,1.0000,1.0000,0.0063)|(17,10,1.0000,0.0466,0.2303)|(15,11,0.9045,0.3072,0.0000)|(22,5,1.0000,1.0000,1.0000)|(7,15,1.0000,1.0000,0.7744)|(7,15,1.0000,1.0000,1.0000)|(22,5,0.7935,0.0000,1.0000)|(17,11,0.8197,0.1444,0.7500)",2|2|2|2|2|2|2|2|2,1.000000|1.000000|1.000000|1.000000|1.000000|1.000000|1.000000|1.000000|1.000000,192,40,0.5,0.9,0.9,32,0.1,1337,cuda,fastprior
392,6,6,1.000000,0|1|2|3|4|5|7|8|9,0|0|0|0|0|0|0|0|0,40,70848,"(10,13,1.0000,1.0000,1.0000)|(9,10,1.0000,1.0000,1.0000)|(6,19,1.0000,1.0000,1.0000)|(21,7,1.0000,1.0000,0.9849)|(8,11,0.9743,0.6545,0.4710)|(20,7,1.0000,1.0000,1.0000)|(6,19,0.0181,0.0000,1.0000)|(10,9,1.0000,1.0000,1.0000)|(10,9,1.0000,1.0000,1.0000)",6|6|6|6|6|6|6|6|6,1.000000|1.000000|1.000000|1.000000|1.000000|1.000000|1.000000|1.000000|1.000000,192,40,0.5,0.9,0.9,32,0.1,1337,cuda,fastprior
393,2,2,0.999512,0|1|3|4|5|6|7|8|9,0|0|0|0|1|0|0|0|0,40,70848,"(9,13,0.5750,0.0000,0.6031)|(17,13,0.0000,0.0000,1.0000)|(9,13,0.7121,0.3474,0.6732)|(13,4,0.5943,0.0000,1.0000)|(10,8,0.0000,0.0000,0.9806)|(7,14,0.7430,0.0000,0.8829)|(17,13,0.5966,0.0000,0.6865)|(11,6,0.8224,0.1893,0.8038)|(6,15,0.7554,0.2913,0.7018)",2|5|2|2|2|2|2|2|2,1.000000|0.791504|1.000000|0.875000|0.994629|1.000000|0.619629|0.680664|1.000000,192,40,0.5,0.9,0.9,32,0.1,1337,cuda,fastprior
394,9,9,0.895020,0|1|2|3|4|5|6|7|8,0|1|0|0|0|0|0|0|0,40,70848,"(12,6,1.0000,1.0000,1.0000)|(19,13,1.0000,1.0000,1.0000)|(5,16,1.0000,1.0000,1.0000)|(21,11,0.0000,0.0000,0.0000)|(12,16,0.3413,0.0000,0.9620)|(12,6,1.0000,0.7579,0.7577)|(19,19,1.0000,0.6449,0.5715)|(8,7,1.0000,1.0000,0.4087)|(21,12,1.0000,0.3993,1.0000)",9|9|9|9|9|9|9|9|9,0.607910|0.951660|0.985840|0.662109|0.725586|0.607422|0.996582|0.583008|0.773926,192,40,0.5,0.9,0.9,32,0.1,1337,cuda,fastprior
395,6,6,1.000000,0|1|2|3|4|5|7|8|9,0|0|0|0|0|0|0|0|0,40,70848,"(20,25,0.0000,0.0000,0.5466)|(20,25,0.3615,0.2632,0.0000)|(9,25,0.0000,0.0000,0.6058)|(20,26,0.0000,0.0000,0.1497)|(22,16,0.6461,1.0000,1.0000)|(10,12,0.0000,0.0013,0.5707)|(17,10,0.5912,1.0000,1.0000)|(26,22,0.0000,0.0000,0.5146)|(11,11,1.0000,0.9910,1.0000)",6|6|6|6|6|6|6|6|6,0.999512|1.000000|1.000000|0.999512|1.000000|1.000000|0.999512|0.994629|0.999023,192,40,0.5,0.9,0.9,32,0.1,1337,cuda,fastprior
396,2,2,1.000000,0|1|3|4|5|6|7|8|9,0|0|0|0|0|0|0|0|0,40,70848,"(22,4,1.0000,1.0000,1.0000)|(15,22,1.0000,0.8082,0.1487)|(22,4,0.9186,1.0000,1.0000)|(14,22,1.0000,0.7611,0.7128)|(14,23,1.0000,0.5428,0.0029)|(16,18,1.0000,0.9091,0.4586)|(16,18,1.0000,0.8402,0.3608)|(20,2,1.0000,0.8455,1.0000)|(16,19,1.0000,0.8483,0.0000)",2|2|2|2|2|2|2|2|2,0.969727|0.966797|0.971680|0.998047|1.000000|0.400146|0.353760|0.996094|0.545898,192,40,0.5,0.9,0.9,32,0.1,1337,cuda,fastprior
397,3,3,1.000000,0|1|2|4|5|6|7|8|9,0|0|0|0|0|0|0|0|0,40,70848,"(26,15,1.0000,0.8690,1.0000)|(17,10,1.0000,1.0000,1.0000)|(22,21,1.0000,0.9545,1.0000)|(8,11,0.0000,0.3209,0.7326)|(9,10,0.0480,0.3695,0.8209)|(15,10,1.0000,0.0174,0.4993)|(9,10,0.0000,0.1457,1.0000)|(9,10,0.0000,0.2143,1.0000)|(9,10,0.0000,0.2108,1.0000)",3|3|3|3|3|3|3|3|3,0.991211|0.971680|0.999512|0.995605|0.846680|0.991211|0.799316|0.811523|0.808105,192,40,0.5,0.9,0.9,32,0.1,1337,cuda,fastprior
398,0,0,0.929199,1|2|3|4|5|6|7|8|9,0|0|0|0|0|0|0|0|0,40,70848,"(22,24,1.0000,0.2381,0.5693)|(21,13,0.6629,0.6743,0.7498)|(26,25,0.7628,0.5397,0.3736)|(24,18,0.7363,0.5285,0.3293)|(24,18,0.9672,0.4328,0.6318)|(9,23,0.8177,0.4222,0.5193)|(21,13,0.9639,0.8981,0.2422)|(25,14,0.9006,0.6189,0.3680)|(12,18,0.4146,1.0000,0.0000)",0|0|0|0|0|0|0|0|0,0.997559|0.997559|0.989258|0.645996|0.642090|0.844727|0.994141|0.987305|0.995605,192,40,0.5,0.9,0.9,32,0.1,1337,cuda,fastprior
399,3,3,1.000000,0|1|2|4|5|6|7|8|9,0|0|0|0|0|0|0|0|0,40,70848,"(18,7,0.0000,0.0000,0.8087)|(17,17,0.0000,0.0000,0.0000)|(17,5,0.0000,0.0000,0.7838)|(12,8,0.0000,0.0000,0.7907)|(17,5,0.0000,0.0000,0.7601)|(18,8,0.0000,0.0000,1.0000)|(17,5,0.0000,0.0672,0.7670)|(14,7,1.0000,0.0000,0.0000)|(18,14,0.0000,0.0000,0.0911)",3|3|3|3|3|3|3|3|3,1.000000|1.000000|1.000000|1.000000|1.000000|1.000000|1.000000|1.000000|1.000000,192,40,0.5,0.9,0.9,32,0.1,1337,cuda,fastprior
400,9,9,1.000000,0|1|2|3|4|5|6|7|8,0|0|0|0|0|0|0|0|0,40,70848,"(8,28,0.0000,0.0000,0.8839)|(16,14,0.0000,0.0000,1.0000)|(9,26,0.0000,0.0000,0.8571)|(16,25,0.0000,0.0000,0.3041)|(15,25,0.0000,0.0000,0.5567)|(17,26,0.0000,0.0000,1.0000)|(16,13,0.0000,0.0000,0.1150)|(17,15,0.0000,0.0000,0.8714)|(9,26,0.0000,0.0000,0.2698)",9|9|9|9|9|9|9|9|9,1.000000|1.000000|1.000000|1.000000|1.000000|1.000000|1.000000|1.000000|1.000000,192,40,0.5,0.9,0.9,32,0.1,1337,cuda,fastprior
401,8,8,1.000000,0|1|2|3|4|5|6|7|9,0|0|0|0|0|0|0|0|0,40,70848,"(2,16,1.0000,1.0000,1.0000)|(16,28,1.0000,1.0000,0.4151)|(7,13,1.0000,1.0000,1.0000)|(12,12,1.0000,1.0000,0.8802)|(13,12,1.0000,0.9997,1.0000)|(12,12,1.0000,0.9993,0.7576)|(7,28,1.0000,1.0000,0.9530)|(7,27,1.0000,1.0000,0.9063)|(7,13,1.0000,0.5183,0.6516)",8|8|8|8|8|8|8|8|8,1.000000|1.000000|1.000000|1.000000|1.000000|1.000000|1.000000|1.000000|1.000000,192,40,0.5,0.9,0.9,32,0.1,1337,cuda,fastprior
402,7,7,1.000000,0|1|2|3|4|5|6|8|9,0|0|0|0|0|0|0|0|0,40,70848,"(26,19,0.0000,0.0000,0.6671)|(22,11,0.0000,0.0000,0.6575)|(13,18,0.0000,0.0000,0.6594)|(13,18,0.0000,0.0000,0.6246)|(13,18,0.0000,0.0000,0.6694)|(30,21,0.0000,0.0000,0.7224)|(13,18,0.0000,0.0000,0.6538)|(13,18,0.0000,0.0000,0.5157)|(13,18,0.0000,0.0000,0.6914)",7|7|7|7|7|7|7|7|7,1.000000|1.000000|0.902832|0.901367|0.902344|1.000000|0.902344|0.905762|0.903809,192,40,0.5,0.9,0.9,32,0.1,1337,cuda,fastprior
403,8,8,1.000000,0|1|2|3|4|5|6|7|9,0|0|0|0|0|0|0|0|0,40,70848,"(8,9,1.0000,1.0000,1.0000)|(17,22,0.3409,0.0000,0.0000)|(7,7,1.0000,1.0000,1.0000)|(22,20,0.0000,0.0000,0.0860)|(17,22,1.0000,0.0000,0.0000)|(22,20,0.0000,0.0000,0.0000)|(27,20,0.0000,0.0000,0.0440)|(22,20,0.0000,0.0000,0.1117)|(7,9,0.0000,0.0000,0.0000)",8|8|8|8|8|8|8|8|8,1.000000|0.942383|1.000000|0.973145|0.994141|0.973145|1.000000|0.973145|0.999512,192,40,0.5,0.9,0.9,32,0.1,1337,cuda,fastprior
404,8,8,1.000000,0|1|2|3|4|5|6|7|9,0|0|0|0|0|0|0|0|0,40,70848,"(16,23,1.0000,0.9714,1.0000)|(16,23,1.0000,1.0000,0.9685)|(27,13,1.0000,1.0000,0.8580)|(16,23,1.0000,1.0000,1.0000)|(16,23,1.0000,1.0000,1.0000)|(20,27,1.0000,1.0000,0.9671)|(23,8,1.0000,1.0000,0.9669)|(17,7,1.0000,1.0000,0.9831)|(13,29,1.0000,1.0000,0.8846)",8|8|8|8|8|8|8|8|8,0.868652|0.874023|0.998535|0.868652|0.868652|0.998535|1.000000|1.000000|1.000000,192,40,0.5,0.9,0.9,32,0.1,1337,cuda,fastprior
405,4,4,0.972168,0|1|2|3|5|6|7|8|9,0|0|0|0|0|1|0|0|0,40,70848,"(8,27,1.0000,0.9989,1.0000)|(17,15,1.0000,0.7065,0.6912)|(26,14,1.0000,0.8513,0.6280)|(15,19,1.0000,1.0000,0.4186)|(24,13,1.0000,0.8754,1.0000)|(15,23,1.0000,0.7063,1.0000)|(8,27,1.0000,1.0000,1.0000)|(20,21,0.7822,0.1460,0.0000)|(16,12,1.0000,0.3832,0.5344)",4|4|4|4|4|4|4|4|4,0.861816|1.000000|0.864746|0.745605|0.865723|0.992676|0.861816|0.980957|0.965332,192,40,0.5,0.9,0.9,32,0.1,1337,cuda,fastprior
406,0,0,1.000000,1|2|3|4|5|6|7|8|9,0|0|0|0|0|0|0|0|0,40,70848,"(18,22,0.0000,0.1534,0.8204)|(4,9,0.8369,1.0000,1.0000)|(18,22,0.5125,1.0000,1.0000)|(12,24,0.5541,0.0378,0.0265)|(21,15,0.1744,0.8420,0.2674)|(12,24,0.0911,0.5791,0.8216)|(18,23,0.1676,0.9668,0.7106)|(22,7,0.8276,0.0000,0.1600)|(15,15,0.5709,1.0000,1.0000)",0|0|0|0|0|0|0|0|0,1.000000|1.000000|1.000000|1.000000|1.000000|1.000000|1.000000|1.000000|1.000000,192,40,0.5,0.9,0.9,32,0.1,1337,cuda,fastprior
407,1,1,0.995117,0|2|3|4|5|6|7|8|9,0|0|0|0|0|0|0|0|0,40,70848,"(25,15,0.7712,1.0000,1.0000)|(18,15,0.5181,0.1670,0.0000)|(20,14,1.0000,1.0000,1.0000)|(18,15,1.0000,0.7875,1.0000)|(20,13,1.0000,0.7586,1.0000)|(19,11,1.0000,0.0000,0.4028)|(22,13,0.0014,1.0000,1.0000)|(14,15,0.9006,0.0014,0.0000)|(17,14,1.0000,0.7875,0.3603)",1|1|1|1|1|1|1|1|1,0.723145|0.984863|0.847656|0.934570|0.905273|0.662109|0.876953|0.848633|0.937988,192,40,0.5,0.9,0.9,32,0.1,1337,cuda,fastprior
408,8,8,1.000000,0|1|2|3|4|5|6|7|9,0|0|0|0|0|0|0|0|0,40,70848,"(22,6,0.0000,0.0000,0.5815)|(8,7,0.0000,0.0000,0.8010)|(21,6,0.0000,0.0000,0.8220)|(24,5,0.0000,0.0000,0.8908)|(24,7,0.0000,0.0000,1.0000)|(29,13,0.0000,0.0000,0.6373)|(24,12,0.0000,0.0000,0.8347)|(8,12,0.0000,0.0000,1.0000)|(28,14,0.0000,0.0000,0.5872)",8|8|8|8|8|8|8|8|8,1.000000|1.000000|1.000000|1.000000|1.000000|1.000000|1.000000|1.000000|1.000000,192,40,0.5,0.9,0.9,32,0.1,1337,cuda,fastprior
409,2,2,0.999512,0|1|3|4|5|6|7|8|9,0|0|0|0|0|0|0|0|0,40,70848,"(16,18,1.0000,1.0000,1.0000)|(20,22,1.0000,1.0000,0.8142)|(14,18,0.2345,0.0000,0.0131)|(14,15,0.0000,0.0000,0.9165)|(16,13,0.0000,0.0000,0.6122)|(20,22,1.0000,1.0000,0.8541)|(19,12,0.9486,1.0000,0.2790)|(16,18,1.0000,1.0000,0.7403)|(14,11,1.0000,1.0000,0.2649)",2|2|2|2|2|2|2|2|2,0.997070|0.472412|0.767578|0.999512|0.998047|0.467529|0.999512|0.998047|0.999512,192,40,0.5,0.9,0.9,32,0.1,1337,cuda,fastprior
410,7,7,1.000000,0|1|2|3|4|5|6|8|9,0|0|0|0|0|0|0|0|0,40,70848,"(23,3,0.0000,0.0000,0.1224)|(26,14,0.0000,0.0000,0.4079)|(20,27,0.0000,0.0000,0.1961)|(14,15,0.0000,0.0000,0.4257)|(14,15,0.0000,0.0000,0.5826)|(17,11,0.0000,0.0000,0.6850)|(26,15,0.0000,0.0000,0.6013)|(14,15,0.0000,0.0000,0.4178)|(14,15,0.0000,0.0000,0.5492)",7|7|7|7|7|7|7|7|7,1.000000|1.000000|1.000000|0.999023|0.999023|1.000000|1.000000|0.999023|0.999023,192,40,0.5,0.9,0.9,32,0.1,1337,cuda,fastprior
411,9,9,0.997070,0|1|2|3|4|5|6|7|8,0|0|0|0|0|0|0|0|0,40,70848,"(11,24,0.0000,0.0000,0.1461)|(26,12,0.2562,0.1311,0.4160)|(24,21,0.0000,0.0000,1.0000)|(11,14,0.0000,0.1687,0.0744)|(10,12,0.0254,0.0000,0.5774)|(9,9,0.0000,0.0000,0.4981)|(25,12,0.0000,0.0000,0.4853)|(8,8,0.0000,0.0010,1.0000)|(25,12,0.2049,0.0000,0.3717)",9|9|9|9|9|9|9|9|9,0.759277|0.964355|0.990234|0.957031|0.998535|0.993652|0.891113|0.971680|0.920898,192,40,0.5,0.9,0.9,32,0.1,1337,cuda,fastprior
413,6,6,0.955566,0|1|2|3|4|5|7|8|9,0|0|0|0|0|0|0|0|0,40,70848,"(21,20,1.0000,0.3287,0.2660)|(23,25,0.1195,0.0000,0.0961)|(22,12,1.0000,1.0000,0.8676)|(20,20,1.0000,1.0000,0.8069)|(22,25,1.0000,0.4652,0.0000)|(24,25,0.1348,0.0019,0.3516)|(23,25,1.0000,1.0000,1.0000)|(23,24,0.0000,0.7551,1.0000)|(20,20,1.0000,1.0000,0.9116)",6|6|6|6|6|6|6|6|6,0.915527|0.931152|0.989746|0.860352|0.965332|0.917480|0.921387|0.938965|0.858398,192,40,0.5,0.9,0.9,32,0.1,1337,cuda,fastprior
414,1,1,0.999512,0|2|3|4|5|6|7|8|9,0|0|0|0|0|0|0|0|0,40,70848,"(17,22,1.0000,0.7597,0.7585)|(18,16,1.0000,0.7770,0.7107)|(21,6,1.0000,0.7318,0.8266)|(17,22,1.0000,0.7329,0.7760)|(16,14,1.0000,0.8196,0.6651)|(17,13,0.9929,0.8135,0.6538)|(4,16,1.0000,0.7522,0.7784)|(16,21,1.0000,0.7953,0.7133)|(21,6,1.0000,0.0000,0.0000)",1|1|1|1|1|1|1|1|1,0.979980|1.000000|1.000000|0.980469|0.999512|0.999023|1.000000|0.992676|1.000000,192,40,0.5,0.9,0.9,32,0.1,1337,cuda,fastprior
415,9,9,1.000000,0|1|2|3|4|5|6|7|8,0|0|0|0|0|0|0|0|0,40,70848,"(20,10,1.0000,1.0000,1.0000)|(26,11,1.0000,1.0000,1.0000)|(26,11,1.0000,1.0000,1.0000)|(26,11,1.0000,1.0000,0.9777)|(26,11,0.9835,0.9902,0.8975)|(26,11,0.0000,0.0000,0.0000)|(26,11,1.0000,1.0000,1.0000)|(27,10,0.0000,0.0000,0.0000)|(23,25,0.0000,0.0000,0.0000)",9|9|9|9|9|9|9|9|9,1.000000|1.000000|1.000000|1.000000|1.000000|1.000000|1.000000|1.000000|1.000000,192,40,0.5,0.9,0.9,32,0.1,1337,cuda,fastprior
416,0,0,0.999512,1|2|3|4|5|6|7|8|9,0|0|0|0|0|0|0|0|0,40,70848,"(20,19,0.9671,1.0000,0.2475)|(9,12,1.0000,1.0000,0.4438)|(8,17,0.7993,0.4555,0.0000)|(22,21,0.0000,0.4796,0.7311)|(17,27,1.0000,0.1786,0.2002)|(6,19,0.6052,0.3206,0.0000)|(19,19,1.0000,0.2111,0.0000)|(21,20,1.0000,1.0000,0.7101)|(20,19,1.0000,1.0000,0.4254)",0|0|0|0|0|0|0|0|0,0.999512|0.999512|0.999512|0.999512|0.946289|1.000000|1.000000|0.998535|0.999512,192,40,0.5,0.9,0.9,32,0.1,1337,cuda,fastprior
417,7,7,0.998535,0|1|2|3|4|5|6|8|9,0|0|0|0|0|1|0|0|0,40,70848,"(11,8,0.0000,0.0000,0.8494)|(22,7,1.0000,1.0000,1.0000)|(20,18,0.1560,0.0000,0.1850)|(11,13,0.5848,0.0000,0.0000)|(20,7,1.0000,1.0000,0.7382)|(19,7,0.0000,0.0000,1.0000)|(28,17,0.7428,0.5104,0.5353)|(1,8,0.6486,0.5285,0.5634)|(20,7,1.0000,1.0000,1.0000)",5|7|7|7|7|7|7|7|7,0.770996|0.983887|0.969238|0.967285|0.986328|0.999023|0.998535|0.997070|0.986816,192,40,0.5,0.9,0.9,32,0.1,1337,cuda,fastprior
418,3,3,0.882324,0|1|2|4|5|6|7|8|9,0|0|1|0|0|0|0|0|0,40,70848,"(18,17,0.0000,0.0000,0.9919)|(16,17,1.0000,0.0000,0.0000)|(15,18,0.0000,0.0138,0.6485)|(18,20,1.0000,0.8260,0.7470)|(22,21,0.0000,0.0401,1.0000)|(17,15,1.0000,0.0978,0.0000)|(17,23,0.0000,0.3182,0.9895)|(18,22,0.0000,0.0000,0.8159)|(16,22,0.0089,1.0000,1.0000)",2|3|2|2|3|2|3|2|2,0.895508|0.534180|0.997559|0.955566|0.856445|0.827148|0.673340|0.852539|0.702148,192,40,0.5,0.9,0.9,32,0.1,1337,cuda,fastprior
419,7,7,1.000000,0|1|2|3|4|5|6|8|9,0|0|0|0|0|0|0|0|0,40,70848,"(13,12,1.0000,1.0000,1.0000)|(18,16,1.0000,1.0000,1.0000)|(11,16,0.9255,0.9576,0.9990)|(19,20,1.0000,1.0000,1.0000)|(13,12,1.0000,1.0000,1.0000)|(11,16,1.0000,1.0000,1.0000)|(21,14,1.0000,1.0000,0.9207)|(13,12,1.0000,1.0000,0.8786)|(13,12,0.9928,1.0000,1.0000)",7|7|7|7|7|7|7|7|7,0.999512|1.000000|1.000000|1.000000|0.999512|1.000000|1.000000|1.000000|0.999512,192,40,0.5,0.9,0.9,32,0.1,1337,cuda,fastprior
420,4,4,1.000000,0|1|2|3|5|6|7|8|9,0|0|0|0|0|0|0|0|0,40,70848,"(3,9,1.0000,0.9645,1.0000)|(9,15,1.0000,1.0000,1.0000)|(25,7,1.0000,1.0000,1.0000)|(21,11,0.9973,1.0000,1.0000)|(10,22,0.0116,0.0000,0.8296)|(10,22,0.3023,1.0000,1.0000)|(3,9,1.0000,0.8347,1.0000)|(16,28,0.0000,0.0000,0.7594)|(3,9,1.0000,0.8560,1.0000)",4|4|4|4|4|4|4|4|4,0.948242|0.999512|0.999512|1.000000|0.998535|0.999512|0.958008|1.000000|0.957031,192,40,0.5,0.9,0.9,32,0.1,1337,cuda,fastprior
421,5,5,0.998047,0|1|2|3|4|6|7|8|9,0|0|0|0|0|0|0|0|0,40,70848,"(17,20,0.9302,1.0000,1.0000)|(11,23,0.8130,0.9557,1.0000)|(20,17,1.0000,1.0000,1.0000)|(20,16,0.6560,1.0000,1.0000)|(17,11,0.0000,0.0000,0.6473)|(16,25,1.0000,1.0000,1.0000)|(15,11,0.0000,0.0000,1.0000)|(17,15,1.0000,1.0000,1.0000)|(11,24,0.0011,1.0000,1.0000)",5|5|5|5|4|5|5|5|5,0.997070|0.998535|0.879883|0.628906|0.846191|1.000000|0.811523|0.992676|0.999512,192,40,0.5,0.9,0.9,32,0.1,1337,cuda,fastprior
422,0,0,0.851074,1|2|3|4|5|6|7|8|9,0|0|0|0|0|0|0|1|0,40,70848,"(25,10,1.0000,0.9495,1.0000)|(19,5,0.3834,0.0012,0.0452)|(24,28,1.0000,0.0000,0.0000)|(23,9,0.1071,0.0000,0.0000)|(23,18,0.4664,0.0000,0.5465)|(19,5,0.6713,0.0000,0.0000)|(22,15,1.0000,0.0000,0.0000)|(22,15,1.0000,0.5004,1.0000)|(22,15,0.9792,0.0000,0.0000)",0|8|0|0|0|8|8|8|8,0.738770|0.588867|0.844727|0.908691|0.699219|0.678711|0.764648|0.919922|0.761230,192,40,0.5,0.9,0.9,32,0.1,1337,cuda,fastprior
423,0,0,1.000000,1|2|3|4|5|6|7|8|9,0|0|0|0|0|0|0|0|0,40,70848,"(17,11,0.9977,0.6623,0.4032)|(11,6,1.0000,0.8925,1.0000)|(7,13,1.0000,0.5604,0.2954)|(11,6,1.0000,0.2966,0.5858)|(16,11,0.8687,0.5228,0.3678)|(24,14,0.8748,0.2112,0.7896)|(23,8,1.0000,0.8403,1.0000)|(17,11,1.0000,0.7722,1.0000)|(11,8,1.0000,0.5057,0.6004)",0|0|0|0|0|0|0|0|0,1.000000|1.000000|1.000000|1.000000|1.000000|1.000000|1.000000|1.000000|1.000000,192,40,0.5,0.9,0.9,32,0.1,1337,cuda,fastprior
424,2,2,1.000000,0|1|3|4|5|6|7|8|9,0|0|0|0|0|0|0|0|0,40,70848,"(16,25,0.0000,0.0000,0.9860)|(21,24,1.0000,0.1274,0.0000)|(20,23,0.0000,0.0000,1.0000)|(6,11,0.8345,0.0577,0.0400)|(21,24,0.9695,0.0000,0.0000)|(21,24,0.0000,0.7185,0.9857)|(3,16,0.9483,0.0000,0.0134)|(21,24,1.0000,0.0000,0.0000)|(20,9,0.0000,0.0000,0.9026)",2|2|2|2|2|2|2|2|2,1.000000|1.000000|1.000000|1.000000|1.000000|1.000000|1.000000|1.000000|1.000000,192,40,0.5,0.9,0.9,32,0.1,1337,cuda,fastprior
425,9,9,0.999512,0|1|2|3|4|5|6|7|8,0|0|0|0|0|0|0|0|0,40,70848,"(22,25,0.0000,0.0000,0.3163)|(9,16,0.0000,0.0000,1.0000)|(28,13,0.0000,0.0000,0.1504)|(28,11,0.0000,0.0150,0.7726)|(27,15,0.0000,0.0000,0.2008)|(28,12,0.1083,0.0000,0.9711)|(20,23,0.0000,0.0000,0.8394)|(9,14,0.0000,0.0692,0.9485)|(22,25,1.0000,0.1339,1.0000)",9|9|9|9|9|9|9|9|9,0.998047|1.000000|1.000000|1.000000|0.999512|1.000000|0.999023|0.999512|0.999023,192,40,0.5,0.9,0.9,32,0.1,1337,cuda,fastprior
427,4,4,1.000000,0|1|2|3|5|6|7|8|9,0|0|0|0|0|0|0|0|0,40,70848,"(10,13,1.0000,1.0000,1.0000)|(17,23,1.0000,0.9992,1.0000)|(10,16,0.0000,0.0000,0.8561)|(8,15,1.0000,1.0000,0.9969)|(26,13,1.0000,1.0000,1.0000)|(17,15,1.0000,0.9995,1.0000)|(17,15,0.9990,0.9893,1.0000)|(18,23,1.0000,1.0000,1.0000)|(16,15,1.0000,0.9512,1.0000)",4|4|4|4|4|4|4|4|4,0.999512|0.994141|0.961914|1.000000|1.000000|0.967285|0.967773|0.987305|0.978516,192,40,0.5,0.9,0.9,32,0.1,1337,cuda,fastprior
428,0,0,0.997070,1|2|3|4|5|6|7|8|9,0|0|0|0|0|0|0|0|0,40,70848,"(26,14,1.0000,0.8322,1.0000)|(18,8,0.6066,1.0000,1.0000)|(25,8,1.0000,0.8154,1.0000)|(16,10,0.0000,0.0000,0.9086)|(9,20,0.0000,0.0000,0.3334)|(24,15,0.0000,0.0000,0.1002)|(16,11,0.7444,1.0000,0.8381)|(24,15,1.0000,1.0000,1.0000)|(20,21,0.0000,0.0000,0.3061)",0|0|0|0|0|0|0|0|0,0.748535|0.998047|0.962891|0.993164|0.943359|0.949219|0.994141|0.760742|0.993164,192,40,0.5,0.9,0.9,32,0.1,1337,cuda,fastprior
429,6,6,1.000000,0|1|2|3|4|5|7|8|9,0|0|0|0|0|0|0|0|0,40,70848,"(14,10,0.0000,0.0000,0.9457)|(23,18,0.0000,0.0000,1.0000)|(23,18,0.0000,0.0000,0.8925)|(20,11,0.0000,0.0000,0.8393)|(16,9,0.0000,0.0000,0.9634)|(16,15,0.0000,0.0000,0.8550)|(21,9,0.0000,0.0000,0.9201)|(25,11,0.0000,0.0000,0.9608)|(16,15,0.0000,0.0000,0.9700)",6|6|6|6|6|6|6|6|6,1.000000|1.000000|1.000000|1.000000|1.000000|0.896973|1.000000|1.000000|0.900879,192,40,0.5,0.9,0.9,32,0.1,1337,cuda,fastprior
430,2,2,0.994141,0|1|3|4|5|6|7|8|9,0|0|0|1|0|0|0|0|0,40,70848,"(16,6,0.2853,0.9059,1.0000)|(12,3,0.7463,1.0000,0.6619)|(14,17,0.2000,1.0000,1.0000)|(11,6,0.0330,0.0000,0.5102)|(11,16,1.0000,1.0000,1.0000)|(19,9,0.5800,0.0000,0.5323)|(11,16,1.0000,1.0000,1.0000)|(5,20,1.0000,0.0000,0.7642)|(19,17,1.0000,0.9531,0.8795)",2|2|2|2|2|2|2|2|4,0.856445|0.997070|0.815918|0.999512|0.758301|0.967285|0.758301|0.996094|0.976562,192,40,0.5,0.9,0.9,32,0.1,1337,cuda,fastprior
431,5,5,1.000000,0|1|2|3|4|6|7|8|9,0|0|0|0|0|0|0|0|0,40,70848,"(21,18,0.0000,0.0000,0.7002)|(13,5,0.0000,0.0000,0.6629)|(13,5,0.0000,0.0000,0.6024)|(15,6,0.8663,0.7001,0.1967)|(13,5,0.0000,0.0000,0.6085)|(19,19,0.7466,0.8475,0.2314)|(13,5,0.0000,0.0000,0.7543)|(17,12,0.6566,0.8628,0.0000)|(16,12,0.7021,0.8612,0.2615)",5|5|5|5|5|5|5|5|5,1.000000|0.997070|0.997070|1.000000|0.997070|0.999512|0.997070|1.000000|1.000000,192,40,0.5,0.9,0.9,32,0.1,1337,cuda,fastprior
432,3,3,0.999512,0|1|2|4|5|6|7|8|9,0|0|0|0|0|0|0|0|0,40,70848,"(15,16,0.0000,0.0000,0.6704)|(14,15,0.0000,0.0000,0.6003)|(15,16,0.0000,0.0392,1.0000)|(14,15,0.0000,0.0000,0.7628)|(5,10,0.0000,0.0000,0.6144)|(15,16,0.0000,0.5103,1.0000)|(2,11,0.0000,0.0000,0.6800)|(14,15,0.0088,0.0000,1.0000)|(15,15,0.0000,0.0000,0.9822)",3|3|3|3|3|3|3|3|3,0.692871|0.859863|0.692871|0.892090|1.000000|0.796875|1.000000|0.928711|0.999512,192,40,0.5,0.9,0.9,32,0.1,1337,cuda,fastprior
433,7,7,0.569824,0|1|2|3|4|5|6|8|9,1|0|0|0|0|0|0|0|0,40,70848,"(20,21,1.0000,1.0000,1.0000)|(13,1,1.0000,0.9292,1.0000)|(21,9,1.0000,1.0000,1.0000)|(18,8,0.3237,1.0000,1.0000)|(20,21,0.3161,1.0000,0.9985)|(20,19,1.0000,0.6831,0.7837)|(22,21,1.0000,1.0000,1.0000)|(12,1,1.0000,1.0000,1.0000)|(20,21,0.9330,0.3802,0.5619)",0|0|0|7|0|0|0|0|0,0.995117|0.450928|0.974609|0.479004|0.975098|0.990723|0.912109|0.373779|0.985840,192,40,0.5,0.9,0.9,32,0.1,1337,cuda,fastprior
434,3,3,1.000000,0|1|2|4|5|6|7|8|9,0|0|0|0|0|0|0|0|0,40,70848,"(16,10,0.0000,0.0000,0.6577)|(12,8,0.0000,0.0000,0.6728)|(12,8,0.0000,0.0000,0.7234)|(17,14,0.0000,0.0000,0.6119)|(12,10,0.0000,0.0000,1.0000)|(17,14,0.0000,0.0000,0.6867)|(14,6,0.0000,0.0000,0.5874)|(11,11,0.0000,0.0000,0.6747)|(15,8,0.0000,0.0000,0.6253)",3|3|3|3|3|3|3|3|3,1.000000|1.000000|1.000000|0.943359|0.984863|0.944336|1.000000|1.000000|1.000000,192,40,0.5,0.9,0.9,32,0.1,1337,cuda,fastprior
435,7,7,1.000000,0|1|2|3|4|5|6|8|9,0|0|0|0|0|0|0|0|0,40,70848,"(20,19,1.0000,1.0000,1.0000)|(12,18,1.0000,1.0000,0.9973)|(15,27,1.0000,1.0000,1.0000)|(19,20,1.0000,0.9868,1.0000)|(19,18,1.0000,1.0000,0.9971)|(12,18,1.0000,0.9328,1.0000)|(20,20,1.0000,0.9686,1.0000)|(21,7,1.0000,1.0000,1.0000)|(24,20,1.0000,0.9930,1.0000)",7|7|7|7|7|7|7|7|7,1.000000|0.999023|1.000000|1.000000|1.000000|0.999023|1.000000|1.000000|1.000000,192,40,0.5,0.9,0.9,32,0.1,1337,cuda,fastprior
436,2,2,1.000000,0|1|3|4|5|6|7|8|9,0|0|0|0|0|0|0|0|0,40,70848,"(7,12,0.0000,0.0000,1.0000)|(23,8,0.0000,0.0000,1.0000)|(23,17,1.0000,1.0000,1.0000)|(23,17,0.0000,0.0000,1.0000)|(24,15,1.0000,0.9035,1.0000)|(13,9,0.0000,0.0000,0.4149)|(13,3,0.0000,0.0000,0.4711)|(7,12,0.0000,0.0000,1.0000)|(7,12,0.0088,0.0000,1.0000)",2|2|2|2|2|2|2|2|2,0.996094|1.000000|0.973633|1.000000|0.992676|1.000000|0.999023|0.996094|0.996582,192,40,0.5,0.9,0.9,32,0.1,1337,cuda,fastprior
437,5,5,0.999023,0|1|2|3|4|6|7|8|9,0|0|0|1|0|0|0|0|0,40,70848,"(16,11,0.3048,1.0000,0.7909)|(15,14,1.0000,0.8552,1.0000)|(13,11,0.7637,0.6873,0.3242)|(17,12,0.9714,1.0000,0.9534)|(12,19,0.8242,1.0000,1.0000)|(15,12,0.3440,1.0000,0.3234)|(12,13,0.9925,0.8807,1.0000)|(13,10,0.6260,0.6376,0.5411)|(14,17,1.0000,1.0000,1.0000)",5|3|5|3|5|5|5|5|3,0.982910|0.999023|0.897461|0.960938|0.971680|0.956055|0.545898|0.969238|0.687012,192,40,0.5,0.9,0.9,32,0.1,1337,cuda,fastprior
438,3,3,1.000000,0|1|2|4|5|6|7|8|9,0|0|0|0|0|0|0|0|0,40,70848,"(20,14,1.0000,0.8106,1.0000)|(13,14,1.0000,0.8399,1.0000)|(19,11,1.0000,1.0000,1.0000)|(10,15,1.0000,0.8353,1.0000)|(19,11,1.0000,0.8442,0.8834)|(16,23,1.0000,0.8389,1.0000)|(21,4,1.0000,0.8335,0.9541)|(19,11,1.0000,0.8606,1.0000)|(14,6,1.0000,0.8326,0.9452)",3|3|3|3|3|3|3|3|3,0.999512|1.000000|0.961426|1.000000|0.950195|1.000000|1.000000|0.952637|1.000000,192,40,0.5,0.9,0.9,32,0.1,1337,cuda,fastprior
440,1,1,1.000000,0|2|3|4|5|6|7|8|9,0|0|0|0|0|0|0|0|0,40,70848,"(30,9,0.0000,0.0000,0.3821)|(17,21,0.0000,0.0000,0.3794)|(17,23,0.9798,0.6912,0.2147)|(17,21,0.0000,0.0000,0.4266)|(19,13,0.0000,0.0000,0.2054)|(9,6,0.0000,0.0000,0.2319)|(30,10,0.0000,0.0000,0.2684)|(17,21,0.0000,0.0000,0.3824)|(17,23,0.0000,0.0000,0.4493)",1|1|1|1|1|1|1|1|1,1.000000|1.000000|1.000000|1.000000|1.000000|1.000000|1.000000|1.000000|1.000000,192,40,0.5,0.9,0.9,32,0.1,1337,cuda,fastprior
441,4,4,1.000000,0|1|2|3|5|6|7|8|9,0|0|1|0|0|0|0|0|0,40,70848,"(17,16,0.9995,1.0000,1.0000)|(17,15,1.0000,0.1096,0.0214)|(20,18,1.0000,1.0000,1.0000)|(18,11,1.0000,1.0000,1.0000)|(21,12,0.9969,1.0000,1.0000)|(19,19,1.0000,0.6396,0.3987)|(13,18,1.0000,0.0000,0.0000)|(17,15,1.0000,0.1409,0.0000)|(17,9,1.0000,0.0831,0.0000)",4|4|2|4|4|4|4|4|4,0.688477|0.726074|0.901855|1.000000|0.999023|0.838867|1.000000|0.725586|1.000000,192,40,0.5,0.9,0.9,32,0.1,1337,cuda,fastprior
442,9,9,1.000000,0|1|2|3|4|5|6|7|8,0|0|0|0|0|0|0|0|0,40,70848,"(15,2,0.0000,0.0000,0.7407)|(28,18,1.0000,0.9998,1.0000)|(15,11,0.0000,0.1806,0.6561)|(23,11,1.0000,1.0000,1.0000)|(25,12,0.1836,0.0000,0.8998)|(22,19,0.0000,0.0000,0.0898)|(25,21,1.0000,1.0000,1.0000)|(24,25,0.0578,0.0000,0.7426)|(24,25,1.0000,0.0000,0.0000)",9|9|9|9|9|9|9|9|9,1.000000|1.000000|1.000000|1.000000|1.000000|1.000000|1.000000|0.999512|1.000000,192,40,0.5,0.9,0.9,32,0.1,1337,cuda,fastprior
443,9,9,0.984863,0|1|2|3|4|5|6|7|8,0|0|0|0|0|0|0|0|0,40,70848,"(13,13,0.0000,0.0000,0.3756)|(13,13,1.0000,0.0000,0.0000)|(12,12,0.0000,0.0000,0.9794)|(8,29,0.5713,0.0376,0.0000)|(11,26,0.0000,0.0000,0.4069)|(14,11,0.0000,0.0000,0.4947)|(23,28,0.0000,0.0020,0.7203)|(12,12,0.0000,0.0000,0.7196)|(6,2,1.0000,0.0000,0.0000)",9|9|9|9|9|9|9|9|9,0.773438|0.724121|0.863770|0.897461|0.996094|0.849121|0.989746|0.862793|0.984863,192,40,0.5,0.9,0.9,32,0.1,1337,cuda,fastprior
444,5,5,1.000000,0|1|2|3|4|6|7|8|9,0|0|0|0|0|0|0|0|0,40,70848,"(19,19,0.0000,0.0000,0.8156)|(18,16,0.0000,0.4272,0.3818)|(12,19,0.0000,0.0000,0.8631)|(10,17,0.7748,1.0000,1.0000)|(19,19,0.0000,0.5426,0.3859)|(13,11,0.0000,0.4180,0.2971)|(13,17,0.0000,0.0000,0.7171)|(12,19,0.0000,0.1272,0.5411)|(19,19,0.0000,0.1491,0.7559)",5|5|5|5|5|5|5|5|5,0.966309|1.000000|1.000000|0.999512|0.920410|0.999512|1.000000|1.000000|0.962402,192,40,0.5,0.9,0.9,32,0.1,1337,cuda,fastprior
445,7,7,1.000000,0|1|2|3|4|5|6|8|9,0|0|0|0|0|0|0|0|0,40,70848,"(14,12,0.0000,0.0000,0.2055)|(14,12,0.0000,0.0000,0.0000)|(17,20,0.0000,0.0000,0.0000)|(12,17,0.0000,0.2624,0.0000)|(13,12,0.0000,0.0000,0.7821)|(14,13,0.0000,0.0003,0.0000)|(14,12,0.0000,0.0000,0.0000)|(13,12,0.0000,0.0000,0.4206)|(13,16,0.0000,0.0000,0.0000)",7|7|7|7|7|7|7|7|7,0.872559|0.868652|1.000000|0.999512|0.903809|0.834473|0.868652|0.875000|0.999512,192,40,0.5,0.9,0.9,32,0.1,1337,cuda,fastprior
446,5,5,1.000000,0|1|2|3|4|6|7|8|9,0|0|0|1|0|0|0|0|0,40,70848,"(19,15,0.0000,0.0000,1.0000)|(6,6,0.9920,1.0000,1.0000)|(25,14,0.0000,0.0000,1.0000)|(16,14,0.3645,0.0000,0.0000)|(13,12,1.0000,0.8165,0.9223)|(6,6,0.0000,0.0000,0.0000)|(19,16,0.9127,1.0000,1.0000)|(15,15,0.9919,1.0000,0.6647)|(26,10,1.0000,1.0000,1.0000)",5|5|5|3|5|5|5|3|5,0.997070|1.000000|1.000000|0.979004|0.631836|1.000000|0.998047|0.517578|1.000000,192,40,0.5,0.9,0.9,32,0.1,1337,cuda,fastprior
447,0,0,0.712402,1|2|3|4|5|6|7|8|9,0|0|0|0|0|0|0|0|0,40,70848,"(20,10,0.7141,0.0571,0.0000)|(11,15,1.0000,0.7738,0.0000)|(19,21,0.2229,0.0000,0.0000)|(4,14,0.7003,0.0000,0.0833)|(17,21,0.8468,0.0992,0.0000)|(21,10,0.4155,0.0000,0.0000)|(19,21,0.6346,0.0000,0.0000)|(19,21,0.5562,0.0147,0.0000)|(22,14,0.5806,0.0000,0.0000)",0|0|0|0|0|0|0|0|0,0.956543|0.977051|0.799805|0.948242|0.500000|0.673828|0.661621|0.680664|0.956055,192,40,0.5,0.9,0.9,32,0.1,1337,cuda,fastprior
448,2,2,1.000000,0|1|3|4|5|6|7|8|9,0|0|0|0|0|0|0|0|0,40,70848,"(27,11,0.8380,0.2095,0.5845)|(25,12,0.6231,0.0259,0.3782)|(19,18,0.8937,0.8262,0.7751)|(23,8,0.2759,0.3904,0.5823)|(21,1,0.7016,0.1714,0.1417)|(19,17,0.2259,0.0381,0.9308)|(21,18,0.2503,0.0000,0.0190)|(20,17,0.0845,0.9540,0.9808)|(21,1,0.6761,0.1256,0.9032)",2|2|2|2|2|2|2|2|2,1.000000|1.000000|1.000000|1.000000|1.000000|1.000000|1.000000|1.000000|1.000000,192,40,0.5,0.9,0.9,32,0.1,1337,cuda,fastprior
449,2,2,0.901855,0|1|3|4|5|6|7|8|9,1|0|0|0|0|0|0|0|0,40,70848,"(21,25,0.1732,0.0000,0.0000)|(24,13,1.0000,0.8128,0.8448)|(14,21,1.0000,0.8243,0.7927)|(20,11,1.0000,0.3062,0.9737)|(25,10,1.0000,0.8291,0.9615)|(15,18,0.9461,0.6349,0.6124)|(14,21,0.0000,0.0000,0.2594)|(21,6,1.0000,0.6992,0.6690)|(21,6,0.9027,0.6780,0.7181)",2|2|2|2|2|2|2|2|2,0.930176|0.882812|0.879883|0.521484|0.937988|0.815918|0.671387|0.798340|0.815918,192,40,0.5,0.9,0.9,32,0.1,1337,cuda,fastprior
450,2,2,1.000000,0|1|3|4|5|6|7|8|9,0|0|0|0|0|0|0|0|0,40,70848,"(15,12,0.8590,0.0913,0.1523)|(6,18,1.0000,0.8107,0.2731)|(11,14,0.0000,0.0000,1.0000)|(3,22,0.0000,0.0000,1.0000)|(7,20,0.0000,0.8503,1.0000)|(3,23,0.0064,0.9009,1.0000)|(3,23,0.0000,0.0000,1.0000)|(14,17,1.0000,0.0000,0.0000)|(3,22,0.0000,0.0000,0.9103)",2|2|2|2|2|2|2|2|2,1.000000|1.000000|1.000000|1.000000|1.000000|1.000000|1.000000|1.000000|1.000000,192,40,0.5,0.9,0.9,32,0.1,1337,cuda,fastprior
451,9,9,1.000000,0|1|2|3|4|5|6|7|8,0|0|0|0|0|0|0|0|0,40,70848,"(18,14,0.0000,0.0000,0.0051)|(2,16,0.0065,0.3509,0.0000)|(17,16,0.0000,0.0181,0.0000)|(15,17,0.0000,0.4510,0.7689)|(15,16,0.0000,0.0073,0.0000)|(16,17,0.0422,0.4886,0.6859)|(16,14,0.0118,0.3549,0.6528)|(6,15,0.0000,0.5396,0.7657)|(25,9,0.0000,0.4108,0.6572)",9|9|9|9|9|9|9|9|9,0.999023|1.000000|0.987793|0.998047|0.999023|0.988281|1.000000|0.999023|1.000000,192,40,0.5,0.9,0.9,32,0.1,1337,cuda,fastprior
452,7,7,0.999023,0|1|2|3|4|5|6|8|9,0|0|0|0|0|0|0|0|0,40,70848,"(16,2,0.6258,0.0000,0.0000)|(11,16,0.0000,0.0000,0.4422)|(18,17,0.0000,0.0000,0.6690)|(11,16,0.6731,0.0000,0.0000)|(16,1,0.0000,0.0000,0.9100)|(21,7,0.0000,0.0000,0.4722)|(18,10,0.0000,1.0000,0.0000)|(20,9,0.0000,0.0000,0.4648)|(18,17,0.0000,0.0000,1.0000)",7|7|7|7|7|7|7|7|7,0.999512|0.967285|0.924805|0.937988|0.999512|0.843750|0.982422|0.937012|0.901367,192,40,0.5,0.9,0.9,32,0.1,1337,cuda,fastprior
453,3,3,0.999512,0|1|2|4|5|6|7|8|9,0|0|0|0|0|0|0|0|0,40,70848,"(19,12,0.0000,0.0000,0.8799)|(13,7,0.0000,0.0000,0.6926)|(8,6,1.0000,0.2050,0.0000)|(11,7,0.0957,0.0000,0.1316)|(19,12,0.0000,0.0000,1.0000)|(15,9,0.0000,0.0000,0.7201)|(11,5,0.0000,0.0000,0.0000)|(8,8,0.0000,0.0000,0.7044)|(19,12,0.0000,0.0000,0.7175)",3|3|3|4|3|3|3|3|3,0.372314|0.675293|0.999512|0.548828|0.397949|0.998535|0.993652|0.996582|0.357666,192,40,0.5,0.9,0.9,32,0.1,1337,cuda,fastprior
454,9,9,1.000000,0|1|2|3|4|5|6|7|8,0|0|0|0|0|0|0|0|0,40,70848,"(23,21,0.0000,0.0000,0.6134)|(18,9,0.0000,0.0000,0.1440)|(3,14,0.0000,0.0000,1.0000)|(9,14,0.0000,0.0000,0.1368)|(2,13,0.3498,0.0000,0.0000)|(22,24,0.0000,0.0000,0.1250)|(20,8,0.0000,0.0000,0.1247)|(22,18,0.0000,0.0000,0.1189)|(20,8,0.3655,0.0000,0.0000)",9|9|9|9|9|9|9|9|9,1.000000|0.999512|0.999023|1.000000|1.000000|1.000000|0.998047|1.000000|0.997070,192,40,0.5,0.9,0.9,32,0.1,1337,cuda,fastprior
455,4,4,1.000000,0|1|2|3|5|6|7|8|9,0|0|0|0|0|0|0|0|0,40,70848,"(13,16,1.0000,1.0000,1.0000)|(15,14,1.0000,1.0000,1.0000)|(15,14,1.0000,0.9989,1.0000)|(19,9,1.0000,1.0000,1.0000)|(15,14,1.0000,0.9008,1.0000)|(15,14,1.0000,1.0000,1.0000)|(15,14,1.0000,1.0000,1.0000)|(15,14,1.0000,1.0000,1.0000)|(25,24,1.0000,0.8389,1.0000)",4|4|4|4|4|4|4|4|4,0.999023|0.998047|0.998047|1.000000|0.998047|0.998047|0.998047|0.998047|1.000000,192,40,0.5,0.9,0.9,32,0.1,1337,cuda,fastprior
457,5,5,0.998535,0|1|2|3|4|6|7|8|9,0|0|0|0|0|0|0|0|0,40,70848,"(13,27,0.0000,1.0000,1.0000)|(29,11,1.0000,0.7876,1.0000)|(24,6,1.0000,1.0000,0.0000)|(26,5,0.0000,1.0000,1.0000)|(14,12,0.0000,0.0000,0.3831)|(14,20,1.0000,0.7668,1.0000)|(9,9,0.9361,1.0000,0.0616)|(23,6,0.0000,1.0000,1.0000)|(26,6,0.8416,1.0000,1.0000)",5|5|5|5|5|5|5|5|5,0.997070|0.995605|0.996094|0.996582|0.996094|0.999512|0.999512|0.992676|0.998047,192,40,0.5,0.9,0.9,32,0.1,1337,cuda,fastprior
458,4,4,0.997559,0|1|2|3|5|6|7|8|9,0|0|0|0|0|0|0|0|0,40,70848,"(18,11,1.0000,0.6104,1.0000)|(18,11,0.0000,0.8007,0.0000)|(18,11,1.0000,0.0000,0.9210)|(18,15,1.0000,0.2383,1.0000)|(19,14,0.0000,1.0000,0.9194)|(17,15,0.2285,0.8287,0.0000)|(17,15,0.0818,0.8567,0.0043)|(12,12,0.0000,0.6331,0.0000)|(9,15,0.0000,0.8624,0.0000)",4|4|4|4|4|4|4|4|4,0.990234|0.997559|0.997559|0.856934|0.933594|0.724121|0.702637|1.000000|0.999512,192,40,0.5,0.9,0.9,32,0.1,1337,cuda,fastprior
459,6,6,0.993164,0|1|2|3|4|5|7|8|9,1|0|0|0|0|0|0|0|0,40,70848,"(17,11,1.0000,1.0000,1.0000)|(21,21,1.0000,1.0000,0.8527)|(20,26,0.1778,1.0000,1.0000)|(18,13,1.0000,1.0000,1.0000)|(21,12,0.0000,0.0000,0.3468)|(19,15,0.8181,0.0000,0.0000)|(24,19,1.0000,1.0000,0.8472)|(20,13,0.3989,0.0000,0.0000)|(17,10,1.0000,1.0000,0.8435)",6|6|6|6|0|6|0|6|6,0.993652|0.961426|0.903809|0.998047|0.676758|0.981934|0.500488|0.988770|0.706543,192,40,0.5,0.9,0.9,32,0.1,1337,cuda,fastprior
460,5,5,1.000000,0|1|2|3|4|6|7|8|9,0|0|0|0|0|0|0|0|0,40,70848,"(24,19,0.4629,1.0000,0.2879)|(11,16,0.6064,1.0000,0.4074)|(24,24,0.4167,1.0000,0.1655)|(24,24,0.0000,0.3564,1.0000)|(26,25,0.5172,1.0000,0.2037)|(22,21,1.0000,1.0000,1.0000)|(24,24,0.2767,1.0000,0.0000)|(24,19,0.5132,1.0000,0.3606)|(22,23,0.3955,1.0000,0.1653)",5|5|5|5|5|5|5|5|5,1.000000|1.000000|1.000000|1.000000|1.000000|1.000000|1.000000|1.000000|1.000000,192,40,0.5,0.9,0.9,32,0.1,1337,cuda,fastprior
461,6,6,1.000000,0|1|2|3|4|5|7|8|9,0|0|0|0|0|0|0|0|0,40,70848,"(12,14,1.0000,1.0000,1.0000)|(23,12,1.0000,1.0000,1.0000)|(14,15,0.0000,0.0000,0.9182)|(12,14,1.0000,1.0000,1.0000)|(24,9,0.0000,0.0000,0.5015)|(21,12,0.5867,1.0000,1.0000)|(12,14,1.0000,1.0000,1.0000)|(13,15,0.0000,0.0000,0.4802)|(14,15,1.0000,1.0000,1.0000)",6|6|6|6|6|6|6|6|6,0.961914|1.000000|0.969238|0.961914|1.000000|1.000000|0.961914|0.999512|0.999512,192,40,0.5,0.9,0.9,32,0.1,1337,cuda,fastprior
462,1,1,1.000000,0|2|3|4|5|6|7|8|9,0|0|0|0|0|0|0|0|0,40,70848,"(3,17,1.0000,1.0000,0.9803)|(7,22,1.0000,0.7235,0.9449)|(15,27,0.8657,1.0000,1.0000)|(15,29,1.0000,1.0000,1.0000)|(7,22,1.0000,1.0000,1.0000)|(1,7,1.0000,0.7986,0.5177)|(5,20,1.0000,0.8886,1.0000)|(5,20,1.0000,0.8306,0.5508)|(12,26,1.0000,1.0000,0.9372)",1|1|1|1|1|1|1|1|1,1.000000|0.997070|1.000000|1.000000|0.997070|1.000000|0.997070|0.997559|1.000000,192,40,0.5,0.9,0.9,32,0.1,1337,cuda,fastprior
463,4,4,1.000000,0|1|2|3|5|6|7|8|9,0|0|0|0|0|0|0|0|0,40,70848,"(21,3,0.0000,0.4063,0.9968)|(22,19,0.0000,0.0000,0.9050)|(16,3,0.0000,0.0000,1.0000)|(13,4,0.0000,0.7233,0.5182)|(12,6,0.0000,0.0000,0.8877)|(13,4,0.0000,0.0000,0.8959)|(21,3,0.0000,0.0000,0.8976)|(13,5,0.0000,0.0000,0.9007)|(19,2,0.0000,0.0000,0.9399)",4|4|4|4|4|4|4|4|4,0.984863|0.999512|0.980469|1.000000|0.999512|0.999512|0.985840|1.000000|0.936035,192,40,0.5,0.9,0.9,32,0.1,1337,cuda,fastprior
464,3,3,0.999023,0|1|2|4|5|6|7|8|9,0|0|0|0|0|0|0|0|0,40,70848,"(17,21,0.0000,0.0000,0.8706)|(13,20,0.0000,0.0000,0.7927)|(20,16,0.0000,0.0000,0.8294)|(24,25,0.0000,0.0000,0.7683)|(15,20,0.0000,0.0000,0.7010)|(17,21,1.0000,0.4805,1.0000)|(26,13,0.0000,0.0000,0.3844)|(23,9,0.0000,0.0000,1.0000)|(23,9,1.0000,1.0000,1.0000)",3|3|3|3|3|3|3|3|3,0.998047|0.999512|0.962402|0.996582|0.999512|0.999023|0.997070|0.999512|0.999023,192,40,0.5,0.9,0.9,32,0.1,1337,cuda,fastprior
465,4,4,1.000000,0|1|2|3|5|6|7|8|9,0|0|0|0|0|0|0|0|0,40,70848,"(26,14,1.0000,0.5910,0.9273)|(9,20,1.0000,0.8453,1.0000)|(27,16,1.0000,0.0000,0.0000)|(26,19,0.0000,0.0000,0.7483)|(25,13,0.7259,0.7081,1.0000)|(23,10,0.0000,0.9987,1.0000)|(24,19,0.8474,0.8405,1.0000)|(20,6,0.9226,0.9749,1.0000)|(18,22,0.0000,0.0000,0.9440)",4|4|4|4|4|4|4|4|4,1.000000|1.000000|1.000000|1.000000|1.000000|1.000000|1.000000|1.000000|1.000000,192,40,0.5,0.9,0.9,32,0.1,1337,cuda,fastprior
466,4,4,1.000000,0|1|2|3|5|6|7|8|9,0|0|0|0|0|0|0|0|0,40,70848,"(22,12,0.0000,0.1278,0.5682)|(15,4,0.0000,0.0000,0.8014)|(17,15,0.0000,0.0000,0.9622)|(22,12,0.0000,0.0000,0.4994)|(22,12,0.0000,0.0000,1.0000)|(17,13,0.1197,0.0314,0.9624)|(22,12,0.1077,0.0000,0.8560)|(21,14,0.0000,0.0016,1.0000)|(17,16,0.9511,0.5694,0.8894)",4|4|4|4|4|4|4|4|4,1.000000|1.000000|1.000000|1.000000|1.000000|1.000000|1.000000|1.000000|1.000000,192,40,0.5,0.9,0.9,32,0.1,1337,cuda,fastprior
467,3,3,1.000000,0|1|2|4|5|6|7|8|9,0|0|0|0|0|0|0|0|0,40,70848,"(25,20,0.0000,0.1329,0.8791)|(18,25,0.0963,0.0000,0.6765)|(13,16,0.0000,0.0000,0.4481)|(15,28,0.0000,0.0568,0.7708)|(18,17,0.0125,0.0000,0.4649)|(21,22,0.0015,0.0000,0.8719)|(11,19,0.0000,0.0000,0.7574)|(23,22,0.2769,0.3281,0.7905)|(18,17,0.0000,0.0000,0.6120)",3|3|3|3|3|3|3|3|3,1.000000|1.000000|1.000000|1.000000|1.000000|1.000000|1.000000|1.000000|1.000000,192,40,0.5,0.9,0.9,32,0.1,1337,cuda,fastprior
468,7,7,0.988770,0|1|2|3|4|5|6|8|9,0|0|0|0|0|1|0|0|0,40,70848,"(11,8,1.0000,0.9998,1.0000)|(14,6,1.0000,0.9997,1.0000)|(7,11,0.9984,1.0000,1.0000)|(20,15,1.0000,1.0000,0.8933)|(14,8,1.0000,1.0000,1.0000)|(4,25,0.2409,0.0000,0.7885)|(14,8,0.9962,1.0000,1.0000)|(10,11,0.9946,1.0000,1.0000)|(15,2,0.9975,1.0000,1.0000)",7|7|7|7|7|7|7|7|7,0.841797|0.997559|0.987305|0.511719|0.708496|0.979004|0.717285|0.414551|0.991699,192,40,0.5,0.9,0.9,32,0.1,1337,cuda,fastprior
469,8,8,1.000000,0|1|2|3|4|5|6|7|9,0|0|0|0|0|0|0|0|0,40,70848,"(19,16,0.0000,0.0000,0.8349)|(7,7,0.0000,0.0000,0.9714)|(26,17,0.0000,0.0000,0.7710)|(22,29,0.0000,0.0000,0.0000)|(14,13,1.0000,1.0000,1.0000)|(10,11,1.0000,1.0000,1.0000)|(24,24,0.0000,0.0000,0.0467)|(10,11,1.0000,1.0000,1.0000)|(22,29,0.0000,0.0000,0.1495)",8|8|8|8|8|8|8|8|8,1.000000|1.000000|1.000000|0.999512|1.000000|1.000000|0.999023|1.000000|0.999512,192,40,0.5,0.9,0.9,32,0.1,1337,cuda,fastprior
470,3,3,0.866211,0|1|2|4|5|6|7|8|9,0|0|0|1|1|0|0|0|0,40,70848,"(5,25,1.0000,1.0000,1.0000)|(13,11,0.0000,0.0000,0.5514)|(14,12,1.0000,1.0000,1.0000)|(11,16,1.0000,1.0000,1.0000)|(23,23,0.4549,0.0453,0.5422)|(11,16,0.4809,0.0000,0.0000)|(13,11,0.2089,0.0000,0.0000)|(3,8,1.0000,1.0000,0.2746)|(13,11,1.0000,1.0000,0.1660)",3|5|5|4|3|5|5|3|3,0.731445|0.956543|0.663574|0.975586|0.974609|0.744629|0.673828|0.825195|0.580566,192,40,0.5,0.9,0.9,32,0.1,1337,cuda,fastprior
471,7,7,1.000000,0|1|2|3|4|5|6|8|9,0|0|0|0|0|0|0|0|0,40,70848,"(18,4,1.0000,0.9938,1.0000)|(19,7,1.0000,0.9997,1.0000)|(20,10,1.0000,1.0000,1.0000)|(11,10,1.0000,1.0000,1.0000)|(6,12,1.0000,1.0000,1.0000)|(19,7,1.0000,0.8886,0.9229)|(21,6,1.0000,1.0000,1.0000)|(9,10,1.0000,0.9657,1.0000)|(18,16,1.0000,1.0000,1.0000)",7|7|7|7|7|7|7|7|7,1.000000|0.983398|1.000000|1.000000|1.000000|0.983398|1.000000|1.000000|1.000000,192,40,0.5,0.9,0.9,32,0.1,1337,cuda,fastprior
472,8,8,1.000000,0|1|2|3|4|5|6|7|9,0|0|0|0|0|0|0|0|0,40,70848,"(12,25,1.0000,1.0000,1.0000)|(19,6,1.0000,1.0000,1.0000)|(18,27,1.0000,1.0000,1.0000)|(12,25,1.0000,1.0000,1.0000)|(8,26,1.0000,1.0000,1.0000)|(18,27,1.0000,1.0000,1.0000)|(18,27,1.0000,1.0000,1.0000)|(8,26,1.0000,1.0000,0.9673)|(19,23,1.0000,1.0000,0.9674)",8|8|8|8|8|8|8|8|8,0.999023|1.000000|0.999512|0.999023|1.000000|0.999512|0.999512|1.000000|1.000000,192,40,0.5,0.9,0.9,32,0.1,1337,cuda,fastprior
473,0,0,0.999023,1|2|3|4|5|6|7|8|9,0|1|0|0|0|0|0|0|0,40,70848,"(25,10,0.5458,0.0000,0.0000)|(11,9,0.0000,0.0000,1.0000)|(12,13,1.0000,1.0000,0.8639)|(12,12,1.0000,0.6767,0.3449)|(12,13,1.0000,1.0000,1.0000)|(12,13,1.0000,1.0000,1.0000)|(18,24,0.8910,0.8224,0.8988)|(15,26,0.9846,0.2995,0.0000)|(17,24,0.9239,1.0000,1.0000)",0|2|0|0|0|0|0|0|0,0.999512|0.960449|0.721191|0.750000|0.641113|0.641113|1.000000|0.999512|1.000000,192,40,0.5,0.9,0.9,32,0.1,1337,cuda,fastprior
474,5,5,0.967773,0|1|2|3|4|6|7|8|9,0|0|0|0|0|0|0|0|0,40,70848,"(23,18,1.0000,1.0000,0.9627)|(21,18,1.0000,1.0000,0.9422)|(16,14,0.6766,1.0000,1.0000)|(23,18,1.0000,1.0000,1.0000)|(25,22,0.5866,0.0000,0.0000)|(24,21,0.8926,1.0000,1.0000)|(18,12,1.0000,0.0000,0.2185)|(18,20,0.3912,1.0000,0.0000)|(21,17,0.6565,0.9785,0.8698)",5|5|5|5|5|5|5|5|5,0.897949|0.585449|0.670410|0.894531|0.779785|0.710938|0.815430|0.973145|0.487793,192,40,0.5,0.9,0.9,32,0.1,1337,cuda,fastprior
475,7,7,1.000000,0|1|2|3|4|5|6|8|9,0|0|0|0|0|0|0|0|0,40,70848,"(13,19,1.0000,1.0000,1.0000)|(24,7,1.0000,1.0000,0.9919)|(23,15,1.0000,1.0000,1.0000)|(11,9,1.0000,1.0000,1.0000)|(11,9,1.0000,1.0000,0.9883)|(15,12,1.0000,1.0000,1.0000)|(24,7,1.0000,1.0000,1.0000)|(23,7,1.0000,1.0000,1.0000)|(25,8,1.0000,1.0000,1.0000)",7|7|7|7|7|7|7|7|7,1.000000|0.997070|1.000000|0.999512|0.999512|1.000000|0.997070|0.997559|0.996094,192,40,0.5,0.9,0.9,32,0.1,1337,cuda,fastprior
476,6,6,1.000000,0|1|2|3|4|5|7|8|9,0|0|0|0|0|0|0|0|0,40,70848,"(15,10,0.0000,0.0000,0.9269)|(12,24,0.0000,0.0000,0.9442)|(15,10,0.0000,0.0000,1.0000)|(14,14,0.0000,0.0000,0.4509)|(16,11,0.0000,0.0000,0.7926)|(15,11,0.0000,0.1651,0.8757)|(15,10,0.0000,0.0253,0.9780)|(14,14,0.0000,0.0000,1.0000)|(15,11,0.0000,0.0000,0.9361)",6|6|6|6|6|6|6|6|6,0.981934|1.000000|0.981934|1.000000|0.999023|0.999512|0.981934|1.000000|0.999023,192,40,0.5,0.9,0.9,32,0.1,1337,cuda,fastprior
477,0,0,1.000000,1|2|3|4|5|6|7|8|9,0|0|0|0|0|0|0|0|0,40,70848,"(18,22,1.0000,1.0000,0.0000)|(17,20,1.0000,0.0000,0.0000)|(9,27,1.0000,1.0000,0.0000)|(18,22,1.0000,1.0000,0.1278)|(10,25,1.0000,1.0000,0.0000)|(16,8,1.0000,1.0000,0.0372)|(20,22,1.0000,1.0000,0.1791)|(10,28,1.0000,0.0000,0.2509)|(18,21,1.0000,1.0000,0.3913)",0|0|0|0|0|0|0|0|0,0.699707|0.999512|0.999023|0.700684|1.000000|0.999512|0.996094|0.998047|0.982422,192,40,0.5,0.9,0.9,32,0.1,1337,cuda,fastprior
479,4,4,1.000000,0|1|2|3|5|6|7|8|9,0|0|0|0|0|0|0|0|0,40,70848,"(11,7,0.0000,0.0000,0.3781)|(6,1,1.0000,1.0000,0.8440)|(22,22,1.0000,1.0000,1.0000)|(14,3,0.9979,0.7490,1.0000)|(14,22,0.0000,0.0000,0.7518)|(15,7,0.9827,0.9313,1.0000)|(18,21,1.0000,0.9945,1.0000)|(15,6,0.1067,0.0000,0.4797)|(18,21,1.0000,1.0000,1.0000)",4|4|4|4|4|4|4|4|4,1.000000|1.000000|1.000000|1.000000|1.000000|1.000000|1.000000|1.000000|1.000000,192,40,0.5,0.9,0.9,32,0.1,1337,cuda,fastprior
480,8,8,0.998535,0|1|2|3|4|5|6|7|9,0|0|0|0|0|0|0|0|0,40,70848,"(19,10,0.0000,0.0000,0.9875)|(28,15,0.0000,0.0000,0.5708)|(9,1,0.0000,0.0000,0.1195)|(9,1,0.0000,0.0000,0.0000)|(15,10,1.0000,1.0000,1.0000)|(11,7,0.0000,0.0000,0.8478)|(18,11,0.0000,0.0000,1.0000)|(29,20,1.0000,0.9453,1.0000)|(26,16,1.0000,1.0000,0.8249)",3|8|8|8|8|8|8|8|8,0.651367|0.998535|0.997070|0.997070|0.997070|0.999512|0.907227|0.999512|0.999512,192,40,0.5,0.9,0.9,32,0.1,1337,cuda,fastprior
481,6,6,1.000000,0|1|2|3|4|5|7|8|9,0|0|0|0|0|0|0|0|0,40,70848,"(20,11,0.6089,1.0000,0.9813)|(17,19,1.0000,0.9997,1.0000)|(21,16,0.0000,0.0000,1.0000)|(4,9,0.0000,0.0000,0.3157)|(11,12,0.0000,0.0000,0.2316)|(20,12,0.9606,1.0000,1.0000)|(20,17,0.0000,0.0000,0.6471)|(4,9,0.0000,0.0000,0.2762)|(12,22,1.0000,1.0000,1.0000)",6|6|6|6|6|6|6|6|6,1.000000|1.000000|1.000000|1.000000|1.000000|1.000000|1.000000|1.000000|1.000000,192,40,0.5,0.9,0.9,32,0.1,1337,cuda,fastprior
482,8,8,1.000000,0|1|2|3|4|5|6|7|9,0|0|0|0|0|0|0|0|0,40,70848,"(8,20,1.0000,1.0000,1.0000)|(26,17,1.0000,1.0000,1.0000)|(8,10,0.0000,0.0000,1.0000)|(8,10,1.0000,1.0000,1.0000)|(26,17,1.0000,1.0000,1.0000)|(6,12,0.0000,0.0000,0.6588)|(6,9,0.0000,0.0000,0.9875)|(6,9,0.0000,0.0000,1.0000)|(5,10,1.0000,0.9961,1.0000)",8|8|8|8|8|8|8|8|8,1.000000|1.000000|1.000000|1.000000|1.000000|1.000000|1.000000|1.000000|1.000000,192,40,0.5,0.9,0.9,32,0.1,1337,cuda,fastprior
483,5,5,0.987305,0|1|2|3|4|6|7|8|9,0|0|0|1|0|0|0|0|0,40,70848,"(14,17,1.0000,1.0000,1.0000)|(22,9,1.0000,1.0000,0.9046)|(16,12,0.7485,1.0000,0.1778)|(16,12,0.2027,0.0000,0.0000)|(1,18,1.0000,1.0000,1.0000)|(15,15,0.0000,0.0000,0.7527)|(15,5,1.0000,0.0000,0.1616)|(14,17,0.3499,1.0000,0.6075)|(19,17,1.0000,1.0000,1.0000)",5|5|5|5|5|3|3|5|3,0.978027|0.938965|0.814453|0.774902|0.997070|0.977539|0.719727|0.997559|0.780762,192,40,0.5,0.9,0.9,32,0.1,1337,cuda,fastprior
484,5,5,1.000000,0|1|2|3|4|6|7|8|9,0|0|0|0|0|0|0|0|0,40,70848,"(15,10,0.0000,0.9847,0.0000)|(23,20,0.0000,1.0000,0.0000)|(19,11,1.0000,1.0000,1.0000)|(25,20,0.0000,0.0000,0.0000)|(26,21,0.0000,0.0000,0.0000)|(22,13,0.6271,1.0000,1.0000)|(19,7,0.0000,0.0000,0.0000)|(15,9,1.0000,1.0000,1.0000)|(12,9,1.0000,1.0000,1.0000)",5|5|5|5|5|5|5|5|5,0.998535|1.000000|1.000000|0.998535|1.000000|1.000000|1.000000|1.000000|1.000000,192,40,0.5,0.9,0.9,32,0.1,1337,cuda,fastprior
485,9,9,0.595703,0|1|2|3|4|5|6|7|8,0|0|0|0|0|0|0|0|0,40,70848,"(22,19,1.0000,0.9876,1.0000)|(22,19,1.0000,0.0000,0.0000)|(25,24,1.0000,0.1719,0.0000)|(25,24,1.0000,0.2954,1.0000)|(26,24,0.1751,0.0000,0.0000)|(27,25,0.0000,0.0000,0.3990)|(25,21,1.0000,0.6584,1.0000)|(15,22,0.0000,0.0000,0.8753)|(19,8,0.5776,0.0809,0.0000)",5|9|9|9|9|9|9|9|8,0.333252|0.630859|0.925293|0.687012|0.654785|0.736816|0.654297|0.847168|0.598145,192,40,0.5,0.9,0.9,32,0.1,1337,cuda,fastprior
486,9,9,1.000000,0|1|2|3|4|5|6|7|8,0|0|0|0|0|0|0|0|0,40,70848,"(7,20,0.0000,0.0000,0.5321)|(16,17,0.0000,0.0000,1.0000)|(6,3,0.6361,0.0000,0.0000)|(7,5,1.0000,0.6863,1.0000)|(5,23,0.4267,0.2446,0.8457)|(16,26,1.0000,0.8751,1.0000)|(23,28,0.7192,0.0000,0.5841)|(7,20,0.9372,0.0000,0.0000)|(15,11,1.0000,0.1196,0.0000)",9|9|9|9|9|9|9|9|9,1.000000|1.000000|1.000000|1.000000|1.000000|1.000000|1.000000|1.000000|1.000000,192,40,0.5,0.9,0.9,32,0.1,1337,cuda,fastprior
487,9,9,1.000000,0|1|2|3|4|5|6|7|8,0|0|0|0|0|0|0|0|0,40,70848,"(11,13,1.0000,1.0000,1.0000)|(18,3,1.0000,0.9231,1.0000)|(11,13,0.9063,1.0000,1.0000)|(16,17,1.0000,0.0000,0.4038)|(13,29,0.9815,0.4367,0.8286)|(9,5,1.0000,0.7334,1.0000)|(10,24,1.0000,0.7094,0.7986)|(13,29,1.0000,0.9672,0.8773)|(10,14,1.0000,0.8629,0.4257)",9|9|9|9|9|9|9|9|9,1.000000|1.000000|1.000000|1.000000|1.000000|1.000000|1.000000|1.000000|1.000000,192,40,0.5,0.9,0.9,32,0.1,1337,cuda,fastprior
488,5,5,0.986816,0|1|2|3|4|6|7|8|9,0|0|0|0|1|0|0|0|0,40,70848,"(26,16,0.0000,0.0000,1.0000)|(18,12,0.0000,0.2796,0.0377)|(26,16,0.0000,0.2926,0.0000)|(17,10,0.0000,0.0000,1.0000)|(13,15,0.0683,1.0000,0.0000)|(19,12,0.0000,0.2765,0.0000)|(15,11,0.0600,0.0000,0.7362)|(18,12,0.0000,0.3122,0.0000)|(14,15,0.0000,0.1240,1.0000)",5|5|5|5|5|5|5|5|5,0.935547|0.999512|0.986816|0.733887|0.916504|0.965820|0.999512|0.999512|0.962402,192,40,0.5,0.9,0.9,32,0.1,1337,cuda,fastprior
489,0,0,0.986328,1|2|3|4|5|6|7|8|9,0|0|0|0|0|0|0|0|0,40,70848,"(26,3,0.3691,0.2449,0.0394)|(10,14,0.7966,0.0000,0.0000)|(20,17,0.7841,0.0000,0.2695)|(12,11,0.5167,0.0000,0.0681)|(17,14,0.2891,0.4086,0.7899)|(1,13,0.4109,0.5513,0.0000)|(26,17,0.2893,0.2288,0.5863)|(6,10,0.4061,0.4324,0.6517)|(3,7,0.2800,0.2467,0.1364)",0|0|0|0|0|0|0|0|0,0.997559|0.981445|0.985840|0.978516|0.983887|0.984863|0.998535|0.998047|0.989258,192,40,0.5,0.9,0.9,32,0.1,1337,cuda,fastprior
490,1,1,1.000000,0|2|3|4|5|6|7|8|9,0|0|0|0|0|0|0|0|0,40,70848,"(24,15,1.0000,0.9694,1.0000)|(6,26,1.0000,1.0000,0.6634)|(20,18,1.0000,0.9383,1.0000)|(20,17,1.0000,1.0000,0.9935)|(13,9,0.1107,0.0000,0.1642)|(9,5,1.0000,0.9475,1.0000)|(9,2,1.0000,1.0000,1.0000)|(10,5,1.0000,1.0000,1.0000)|(22,14,0.0000,0.0577,0.0000)",1|1|1|1|1|1|1|1|1,0.999512|1.000000|1.000000|0.999512|1.000000|1.000000|1.000000|1.000000|1.000000,192,40,0.5,0.9,0.9,32,0.1,1337,cuda,fastprior
491,0,0,0.830078,1|2|3|4|5|6|7|8|9,0|0|0|0|0|0|0|0|0,40,70848,"(13,21,0.3417,1.0000,0.6604)|(19,19,1.0000,1.0000,0.5717)|(20,19,0.2601,1.0000,0.6234)|(4,18,0.0324,0.6600,0.1071)|(4,18,0.2587,1.0000,0.5236)|(18,26,0.1310,0.9855,0.6952)|(15,19,0.0000,1.0000,0.5309)|(16,18,0.3775,0.0134,0.0000)|(13,16,0.3551,0.0000,0.0000)",0|0|0|0|0|0|0|0|0,0.904297|0.998047|0.991699|0.725586|0.701172|0.897461|0.986328|0.892090|0.714844,192,40,0.5,0.9,0.9,32,0.1,1337,cuda,fastprior
492,8,8,0.999512,0|1|2|3|4|5|6|7|9,0|0|0|0|0|0|0|0|0,40,70848,"(3,20,1.0000,1.0000,0.9194)|(15,18,1.0000,1.0000,0.8279)|(17,11,1.0000,0.0000,0.0000)|(14,20,1.0000,0.7794,0.5450)|(14,20,1.0000,1.0000,0.3640)|(15,20,0.0000,0.0000,1.0000)|(23,8,1.0000,0.0000,0.2293)|(23,8,0.9293,0.0000,0.0000)|(17,10,1.0000,0.9821,0.5651)",8|0|8|8|8|8|8|8|8,0.998535|0.893555|0.999023|0.541016|0.624023|0.999023|0.646484|0.529297|0.999512,192,40,0.5,0.9,0.9,32,0.1,1337,cuda,fastprior
493,1,1,1.000000,0|2|3|4|5|6|7|8|9,0|0|0|0|0|0|0|0|0,40,70848,"(25,4,1.0000,0.8190,1.0000)|(24,3,1.0000,1.0000,1.0000)|(5,6,1.0000,1.0000,1.0000)|(22,14,1.0000,0.9282,0.8033)|(22,15,1.0000,0.7264,1.0000)|(23,17,1.0000,0.7905,1.0000)|(22,18,1.0000,0.8216,1.0000)|(16,6,1.0000,0.4091,0.6391)|(25,4,1.0000,0.8986,1.0000)",1|1|1|1|1|1|1|1|1,1.000000|1.000000|1.000000|1.000000|1.000000|0.999512|1.000000|0.999512|1.000000,192,40,0.5,0.9,0.9,32,0.1,1337,cuda,fastprior
494,1,1,1.000000,0|2|3|4|5|6|7|8|9,0|0|0|0|0|0|0|0|0,40,70848,"(23,9,1.0000,0.0000,0.0000)|(23,12,1.0000,0.0000,0.0000)|(18,10,0.9939,0.0000,0.0000)|(25,10,1.0000,0.0000,0.0000)|(24,10,1.0000,0.0000,0.0011)|(25,10,1.0000,0.0000,0.0000)|(23,9,0.9990,0.0000,0.0000)|(24,10,1.0000,0.0151,0.0000)|(12,16,1.0000,0.0000,0.0000)",1|1|1|1|1|1|1|1|1,0.999023|1.000000|1.000000|0.999023|0.999023|0.999023|0.999023|0.999023|1.000000,192,40,0.5,0.9,0.9,32,0.1,1337,cuda,fastprior
495,8,8,1.000000,0|1|2|3|4|5|6|7|9,0|0|0|0|0|0|0|0|0,40,70848,"(9,15,1.0000,1.0000,1.0000)|(8,16,1.0000,1.0000,0.9931)|(11,19,1.0000,1.0000,1.0000)|(7,16,1.0000,1.0000,0.9310)|(11,15,0.9990,1.0000,1.0000)|(7,16,1.0000,0.9997,1.0000)|(7,16,1.0000,1.0000,0.9309)|(7,16,1.0000,1.0000,0.9631)|(11,15,1.0000,0.9989,0.9448)",8|8|8|8|8|8|8|8|8,0.721191|0.839355|0.928223|0.734375|0.954102|0.717773|0.734375|0.727051|0.957031,192,40,0.5,0.9,0.9,32,0.1,1337,cuda,fastprior
496,0,0,0.996582,1|2|3|4|5|6|7|8|9,0|0|0|0|0|0|0|0|0,40,70848,"(13,5,0.0334,0.9053,0.1603)|(2,14,1.0000,1.0000,0.9611)|(13,6,0.0000,0.0000,0.5000)|(13,5,1.0000,0.8983,1.0000)|(13,5,1.0000,1.0000,0.9268)|(14,6,0.0000,0.0000,0.7676)|(21,8,1.0000,1.0000,0.8939)|(2,14,0.0000,0.0000,0.7514)|(9,22,0.0000,0.0000,0.7316)",0|0|0|0|0|0|0|0|0,0.993652|0.998535|0.962891|0.982910|0.983398|0.984863|0.975586|0.999512|1.000000,192,40,0.5,0.9,0.9,32,0.1,1337,cuda,fastprior
497,2,2,0.714844,0|1|3|4|5|6|7|8|9,0|0|0|0|1|0|0|0|0,40,70848,"(15,26,1.0000,1.0000,1.0000)|(16,16,0.6725,1.0000,1.0000)|(17,25,0.7360,0.3480,0.3507)|(15,26,0.8520,0.4076,0.5104)|(13,16,0.4267,1.0000,1.0000)|(16,23,1.0000,1.0000,0.9051)|(17,27,0.9840,0.2992,0.2715)|(12,4,0.2625,1.0000,1.0000)|(15,16,0.6697,1.0000,1.0000)",5|2|5|5|5|5|5|5|2,0.937988|0.969238|0.739258|0.798828|0.920410|0.590820|0.841309|0.526367|0.685547,192,40,0.5,0.9,0.9,32,0.1,1337,cuda,fastprior
498,2,2,1.000000,0|1|3|4|5|6|7|8|9,0|0|0|0|0|0|0|0|0,40,70848,"(12,4,0.5091,0.9955,0.7126)|(17,16,0.1257,0.2498,0.1324)|(17,10,0.1829,0.8531,0.1193)|(18,11,0.0709,0.8644,0.4430)|(11,3,0.4366,0.0020,0.1367)|(12,18,0.1421,0.5984,0.1775)|(17,10,0.7569,0.3205,0.2657)|(27,9,0.0086,0.6686,0.3910)|(13,18,0.3727,0.6232,0.0619)",2|2|2|2|2|2|2|2|2,1.000000|1.000000|1.000000|1.000000|1.000000|1.000000|1.000000|1.000000|1.000000,192,40,0.5,0.9,0.9,32,0.1,1337,cuda,fastprior
499,0,0,0.999023,1|2|3|4|5|6|7|8|9,0|0|0|0|0|0|0|0|0,40,70848,"(10,11,1.0000,1.0000,0.9462)|(11,15,1.0000,0.8113,1.0000)|(14,16,1.0000,1.0000,0.7483)|(14,16,1.0000,0.9321,0.7975)|(12,11,1.0000,1.0000,0.8068)|(12,11,1.0000,1.0000,0.7849)|(14,16,1.0000,0.9851,0.7241)|(11,15,1.0000,1.0000,0.6847)|(10,11,1.0000,1.0000,0.7096)",0|2|2|2|0|0|0|2|0,1.000000|0.782715|0.514160|0.515137|1.000000|1.000000|0.499512|0.633301|1.000000,192,40,0.5,0.9,0.9,32,0.1,1337,cuda,fastprior
500,4,4,0.998047,0|1|2|3|5|6|7|8|9,0|0|0|0|0|0|0|0|0,40,70848,"(19,13,0.0000,0.0000,0.0000)|(14,14,0.0000,0.0000,0.0211)|(14,13,0.0000,0.0000,1.0000)|(15,13,0.0000,0.0000,0.0000)|(14,14,0.0000,0.0000,0.1176)|(14,14,0.1803,0.0000,0.1869)|(18,15,0.0000,0.0000,0.0000)|(19,5,0.0000,0.0000,0.0148)|(18,14,0.0000,0.0000,0.0000)",4|4|4|4|4|4|4|4|4,1.000000|0.588867|0.822754|0.695801|0.617188|0.577637|1.000000|0.978027|1.000000,192,40,0.5,0.9,0.9,32,0.1,1337,cuda,fastprior
501,6,6,0.772461,0|1|2|3|4|5|7|8|9,0|0|1|1|0|0|0|0|0,40,70848,"(3,18,1.0000,0.8387,1.0000)|(18,12,0.8261,1.0000,1.0000)|(14,9,1.0000,1.0000,1.0000)|(15,13,1.0000,1.0000,1.0000)|(2,18,0.9989,0.6653,0.5374)|(5,12,1.0000,1.0000,0.9077)|(11,6,0.0000,0.0000,0.8211)|(19,8,0.5585,0.9125,0.9923)|(6,10,0.8601,1.0000,1.0000)",3|2|3|2|6|6|3|6|2,0.608887|0.445557|0.786133|0.482666|0.594238|0.775391|0.437988|0.957031|0.772949,192,40,0.5,0.9,0.9,32,0.1,1337,cuda,fastprior
502,5,5,1.000000,0|1|2|3|4|6|7|8|9,0|0|0|0|0|0|0|0|0,40,70848,"(22,22,0.0679,1.0000,1.0000)|(22,24,0.0000,1.0000,0.9993)|(6,7,1.0000,1.0000,1.0000)|(21,20,0.8055,1.0000,1.0000)|(21,10,0.1987,0.1053,0.0412)|(22,23,0.0000,1.0000,1.0000)|(27,16,0.0000,1.0000,1.0000)|(22,22,0.0000,1.0000,1.0000)|(9,12,0.8186,1.0000,1.0000)",5|5|5|5|5|5|5|5|5,0.999023|1.000000|0.997070|0.994629|1.000000|0.999512|1.000000|0.999023|1.000000,192,40,0.5,0.9,0.9,32,0.1,1337,cuda,fastprior
503,4,4,0.998047,0|1|2|3|5|6|7|8|9,0|0|0|0|0|0|0|0|0,40,70848,"(13,20,0.0000,0.0000,0.0427)|(13,22,0.0000,0.0000,0.1279)|(13,21,0.0000,0.0000,0.9913)|(20,23,1.0000,1.0000,1.0000)|(13,17,0.0000,0.0000,0.0920)|(14,12,0.0000,0.0000,0.1443)|(14,12,0.0000,0.0000,0.0797)|(17,10,0.0000,0.0000,0.0675)|(14,12,0.0000,0.0000,0.2015)",4|4|4|4|4|4|4|4|4,0.996094|0.992676|0.980957|0.999512|0.998535|0.821777|0.828125|1.000000|0.825195,192,40,0.5,0.9,0.9,32,0.1,1337,cuda,fastprior
504,9,9,1.000000,0|1|2|3|4|5|6|7|8,0|0|0|0|0|0|0|0|0,40,70848,"(15,22,1.0000,0.0000,0.0000)|(6,18,0.8943,0.0000,0.0000)|(6,18,0.9362,0.0000,0.0000)|(7,21,0.5153,0.0000,0.0000)|(25,14,0.8300,0.0000,0.0000)|(12,15,0.8915,0.0000,0.0000)|(6,18,0.8677,0.0000,0.0000)|(6,18,0.8761,0.0000,0.0000)|(6,18,0.8762,0.0000,0.0000)",9|9|9|9|9|9|9|9|9,1.000000|0.999512|0.999512|1.000000|1.000000|1.000000|0.999512|0.999512|0.999512,192,40,0.5,0.9,0.9,32,0.1,1337,cuda,fastprior
505,4,4,1.000000,0|1|2|3|5|6|7|8|9,0|0|0|0|0|0|0|0|0,40,70848,"(5,19,0.0000,0.0000,0.8711)|(23,18,0.0000,0.0000,1.0000)|(23,18,0.0000,0.0000,1.0000)|(15,14,1.0000,0.0000,0.0000)|(16,22,0.0000,0.0000,0.5621)|(23,18,0.0000,0.0000,1.0000)|(23,18,0.0000,0.0092,1.0000)|(23,18,0.0000,0.0046,1.0000)|(12,19,0.0000,0.0000,1.0000)",4|4|4|4|4|4|4|4|4,1.000000|0.999023|0.999023|0.999512|1.000000|0.999023|0.999023|0.999023|1.000000,192,40,0.5,0.9,0.9,32,0.1,1337,cuda,fastprior
506,7,7,1.000000,0|1|2|3|4|5|6|8|9,0|0|0|0|0|0|0|0|0,40,70848,"(13,13,1.0000,0.9995,1.0000)|(18,4,1.0000,1.0000,1.0000)|(14,12,1.0000,1.0000,1.0000)|(19,9,1.0000,1.0000,1.0000)|(28,16,1.0000,1.0000,1.0000)|(6,18,1.0000,1.0000,1.0000)|(13,17,1.0000,1.0000,1.0000)|(5,23,1.0000,1.0000,1.0000)|(15,12,1.0000,1.0000,1.0000)",7|7|7|7|7|7|7|7|7,1.000000|1.000000|0.999512|1.000000|1.000000|1.000000|0.998535|1.000000|1.000000,192,40,0.5,0.9,0.9,32,0.1,1337,cuda,fastprior
507,9,9,1.000000,0|1|2|3|4|5|6|7|8,0|0|0|0|0|0|0|0|0,40,70848,"(21,18,1.0000,1.0000,0.9991)|(21,18,1.0000,1.0000,1.0000)|(16,7,1.0000,0.9715,1.0000)|(14,21,1.0000,1.0000,1.0000)|(21,18,1.0000,0.9752,1.0000)|(21,18,1.0000,0.7486,0.5230)|(21,13,1.0000,1.0000,1.0000)|(1,8,1.0000,1.0000,1.0000)|(18,7,0.5346,0.2823,1.0000)",9|9|9|9|9|9|9|9|9,1.000000|1.000000|1.000000|1.000000|1.000000|1.000000|1.000000|1.000000|1.000000,192,40,0.5,0.9,0.9,32,0.1,1337,cuda,fastprior
509,4,4,1.000000,0|1|2|3|5|6|7|8|9,0|0|0|0|0|0|0|0|0,40,70848,"(19,20,1.0000,1.0000,1.0000)|(19,12,1.0000,1.0000,1.0000)|(16,9,1.0000,0.9204,1.0000)|(10,15,1.0000,1.0000,1.0000)|(19,11,1.0000,0.9808,1.0000)|(18,10,1.0000,0.2238,0.0000)|(16,24,1.0000,1.0000,1.0000)|(19,11,1.0000,0.3747,0.0000)|(16,10,1.0000,1.0000,1.0000)",4|4|4|4|4|4|4|4|4,1.000000|0.994141|1.000000|1.000000|0.998535|1.000000|1.000000|0.998047|1.000000,192,40,0.5,0.9,0.9,32,0.1,1337,cuda,fastprior
510,5,5,1.000000,0|1|2|3|4|6|7|8|9,0|0|0|0|0|0|0|0|0,40,70848,"(11,18,0.2991,0.9949,0.1967)|(16,18,0.8285,0.4268,0.0833)|(15,21,0.7883,0.4855,0.7148)|(17,19,0.0000,0.0000,0.0846)|(20,9,0.0000,0.0177,0.2866)|(16,22,0.4078,0.9836,0.6001)|(11,20,0.7304,0.7193,0.6739)|(15,20,0.0000,0.0000,0.0271)|(15,20,0.2189,0.5739,0.6796)",5|5|5|5|5|5|5|5|5,1.000000|1.000000|1.000000|1.000000|1.000000|1.000000|1.000000|1.000000|1.000000,192,40,0.5,0.9,0.9,32,0.1,1337,cuda,fastprior
511,6,6,1.000000,0|1|2|3|4|5|7|8|9,0|0|0|0|0|0|0|0|0,40,70848,"(15,10,0.7821,1.0000,1.0000)|(16,13,0.7876,1.0000,1.0000)|(17,20,0.8162,1.0000,1.0000)|(12,21,0.7987,1.0000,1.0000)|(18,18,1.0000,1.0000,1.0000)|(15,14,0.6430,1.0000,1.0000)|(15,14,0.7497,1.0000,1.0000)|(18,15,0.7079,1.0000,1.0000)|(16,13,0.7353,1.0000,1.0000)",6|6|6|6|6|6|6|6|6,1.000000|0.999512|1.000000|1.000000|1.000000|0.994141|0.994141|1.000000|1.000000,192,40,0.5,0.9,0.9,32,0.1,1337,cuda,fastprior
512,6,6,1.000000,0|1|2|3|4|5|7|8|9,0|0|0|0|0|0|0|0|0,40,70848,"(25,6,1.0000,1.0000,1.0000)|(21,9,1.0000,0.9752,1.0000)|(19,2,1.0000,0.9203,1.0000)|(25,6,1.0000,0.1129,0.0000)|(25,6,1.0000,0.0000,0.1541)|(21,23,1.0000,1.0000,1.0000)|(17,2,1.0000,1.0000,1.0000)|(20,2,0.5820,0.7930,0.0000)|(17,2,1.0000,1.0000,1.0000)",6|6|6|6|6|6|6|6|6,1.000000|1.000000|1.000000|1.000000|1.000000|1.000000|1.000000|1.000000|1.000000,192,40,0.5,0.9,0.9,32,0.1,1337,cuda,fastprior
513,1,1,0.991211,0|2|3|4|5|6|7|8|9,0|0|0|0|0|0|0|0|0,40,70848,"(11,16,0.2505,1.0000,1.0000)|(9,16,0.0000,0.9419,1.0000)|(23,15,0.1737,1.0000,0.8596)|(8,18,0.0517,1.0000,1.0000)|(8,18,0.0000,1.0000,1.0000)|(20,15,0.0216,1.0000,1.0000)|(11,16,0.0000,1.0000,1.0000)|(6,18,0.0000,1.0000,0.9900)|(27,20,0.0000,0.9904,1.0000)",1|1|1|1|1|1|1|1|1,0.977539|0.966797|0.995117|0.613281|0.595703|0.984375|0.975098|0.887695|0.983887,192,40,0.5,0.9,0.9,32,0.1,1337,cuda,fastprior
514,5,5,1.000000,0|1|2|3|4|6|7|8|9,0|0|0|1|0|0|0|0|0,40,70848,"(16,11,0.7590,0.7618,1.0000)|(13,9,0.9347,0.7144,1.0000)|(15,9,0.9375,1.0000,0.4763)|(11,18,0.0000,1.0000,0.9041)|(16,11,1.0000,0.6141,1.0000)|(24,22,0.9545,0.5954,1.0000)|(8,14,1.0000,0.6729,1.0000)|(16,11,1.0000,0.6037,1.0000)|(19,20,1.0000,0.6585,0.9965)",5|5|5|5|5|5|5|5|5,0.692871|1.000000|0.999512|1.000000|0.730957|0.999512|0.999512|0.723633|1.000000,192,40,0.5,0.9,0.9,32,0.1,1337,cuda,fastprior
515,3,3,1.000000,0|1|2|4|5|6|7|8|9,0|0|0|0|0|0|0|0|0,40,70848,"(17,4,1.0000,0.8169,1.0000)|(9,9,1.0000,0.9629,1.0000)|(9,9,1.0000,0.9500,1.0000)|(4,20,1.0000,0.9917,0.9947)|(17,4,1.0000,0.6956,0.5516)|(15,17,1.0000,0.8729,0.9692)|(18,8,1.0000,0.9343,1.0000)|(21,13,1.0000,0.5892,0.5268)|(4,21,1.0000,0.8962,1.0000)",3|3|3|3|3|3|3|3|3,1.000000|1.000000|1.000000|1.000000|1.000000|1.000000|1.000000|1.000000|1.000000,192,40,0.5,0.9,0.9,32,0.1,1337,cuda,fastprior
516,8,8,1.000000,0|1|2|3|4|5|6|7|9,0|0|0|0|0|0|0|0|0,40,70848,"(11,25,1.0000,1.0000,1.0000)|(13,24,1.0000,1.0000,0.8642)|(6,24,0.9986,1.0000,1.0000)|(6,26,1.0000,1.0000,0.8756)|(11,24,0.9990,0.9931,1.0000)|(11,26,1.0000,1.0000,0.8194)|(15,27,1.0000,1.0000,0.7298)|(13,10,0.9890,0.9763,0.9691)|(16,7,1.0000,0.9998,0.6266)",8|8|8|8|8|8|8|8|8,0.998535|1.000000|0.997070|0.999512|0.999023|0.998535|1.000000|1.000000|1.000000,192,40,0.5,0.9,0.9,32,0.1,1337,cuda,fastprior
517,9,9,1.000000,0|1|2|3|4|5|6|7|8,0|0|0|0|0|0|0|0|0,40,70848,"(23,21,1.0000,1.0000,1.0000)|(17,16,0.0000,0.0000,0.1152)|(19,11,0.0000,0.0000,1.0000)|(10,12,1.0000,1.0000,1.0000)|(18,6,0.0395,0.0000,0.9715)|(21,19,1.0000,1.0000,1.0000)|(18,4,0.1901,0.0000,0.6681)|(10,23,0.0000,0.0112,1.0000)|(18,4,0.0109,0.0000,1.0000)",9|9|9|9|9|9|9|9|9,0.996094|0.999023|0.999512|0.999512|0.999512|0.999512|0.999023|0.999512|0.999023,192,40,0.5,0.9,0.9,32,0.1,1337,cuda,fastprior
518,5,5,0.999512,0|1|2|3|4|6|7|8|9,0|0|0|1|0|0|0|0|0,40,70848,"(12,21,1.0000,1.0000,0.9990)|(16,15,0.9990,1.0000,1.0000)|(11,11,0.9291,1.0000,1.0000)|(13,22,0.8529,1.0000,0.6388)|(18,7,0.7893,1.0000,0.0239)|(16,15,1.0000,1.0000,0.9741)|(12,20,0.0729,1.0000,0.9211)|(12,21,1.0000,1.0000,0.9994)|(14,24,0.3615,1.0000,1.0000)",5|5|3|5|5|5|5|5|5,0.950195|0.584961|0.695801|0.996582|1.000000|0.590332|0.988281|0.950195|0.999023,192,40,0.5,0.9,0.9,32,0.1,1337,cuda,fastprior
519,8,8,0.970215,0|1|2|3|4|5|6|7|9,0|1|0|0|0|0|0|0|0,40,70848,"(18,26,1.0000,1.0000,1.0000)|(19,28,1.0000,1.0000,1.0000)|(15,13,1.0000,1.0000,1.0000)|(25,26,0.0188,0.0000,0.0184)|(11,8,0.0000,0.0000,0.8625)|(10,25,0.9987,0.0000,0.0000)|(4,16,1.0000,0.0000,0.0000)|(26,27,0.8112,0.0000,0.0000)|(8,21,1.0000,0.0000,0.0000)",8|8|8|8|8|8|8|8|8,0.826660|0.851562|0.872070|0.816895|0.978027|0.993652|0.621094|0.990723|0.868164,192,40,0.5,0.9,0.9,32,0.1,1337,cuda,fastprior
520,5,5,0.999023,0|1|2|3|4|6|7|8|9,0|0|0|1|0|0|0|0|0,40,70848,"(10,16,0.0000,0.0000,1.0000)|(8,4,0.0022,0.5000,0.7454)|(1,28,0.0000,0.0000,0.4486)|(10,26,0.0000,0.7152,0.2030)|(9,22,0.0000,0.0000,0.0000)|(8,4,0.4795,0.0000,0.0000)|(11,9,0.7947,0.0000,0.1632)|(11,9,0.0000,0.0000,0.0000)|(9,2,0.5965,0.0000,0.0000)",5|5|5|5|5|5|5|5|5,0.636719|0.627930|0.999023|0.999512|0.997070|0.948730|0.868164|0.827637|0.764648,192,40,0.5,0.9,0.9,32,0.1,1337,cuda,fastprior
521,7,7,1.000000,0|1|2|3|4|5|6|8|9,0|0|0|0|0|0|0|0|0,40,70848,"(23,7,0.0000,0.0000,0.1184)|(21,7,0.2374,0.3274,0.6429)|(16,24,0.0000,0.0579,0.6109)|(15,24,0.9347,0.8479,0.3292)|(23,8,0.1041,0.1793,0.5458)|(12,24,0.6557,0.5516,0.7179)|(29,6,0.3221,0.5806,0.1653)|(17,24,0.7458,0.6626,0.9711)|(12,24,0.0000,0.0000,1.0000)",7|7|7|7|7|7|7|7|7,1.000000|1.000000|1.000000|1.000000|1.000000|1.000000|1.000000|1.000000|1.000000,192,40,0.5,0.9,0.9,32,0.1,1337,cuda,fastprior
522,0,0,1.000000,1|2|3|4|5|6|7|8|9,0|0|0|0|0|0|0|0|0,40,70848,"(16,8,1.0000,0.0000,0.6065)|(16,9,1.0000,1.0000,0.2138)|(5,20,0.0000,0.0000,1.0000)|(19,20,0.0785,0.0000,0.8229)|(25,13,1.0000,0.1507,0.0000)|(19,20,1.0000,0.1558,0.0000)|(8,21,0.9929,0.2245,0.0000)|(18,17,1.0000,0.0197,0.0259)|(19,20,1.0000,0.0138,0.1243)",0|0|0|0|0|0|0|0|0,1.000000|1.000000|1.000000|1.000000|1.000000|1.000000|1.000000|1.000000|1.000000,192,40,0.5,0.9,0.9,32,0.1,1337,cuda,fastprior
523,7,7,1.000000,0|1|2|3|4|5|6|8|9,0|0|0|0|0|0|0|0|0,40,70848,"(6,14,1.0000,0.5205,0.3273)|(22,4,0.0000,0.0000,0.0000)|(11,16,1.0000,0.3824,0.4022)|(7,17,0.0000,0.0000,0.0795)|(22,4,0.6100,0.0000,0.0000)|(22,5,1.0000,0.9629,0.9733)|(6,14,0.0045,0.0000,0.0000)|(29,17,0.0000,0.0000,0.9942)|(9,17,1.0000,1.0000,1.0000)",7|7|7|7|7|7|7|7|7,0.999512|0.998047|1.000000|0.999512|0.998535|0.999512|0.999512|1.000000|0.999512,192,40,0.5,0.9,0.9,32,0.1,1337,cuda,fastprior
524,0,0,1.000000,1|2|3|4|5|6|7|8|9,0|0|0|0|0|0|0|0|0,40,70848,"(6,9,1.0000,0.1595,0.0000)|(28,27,0.2848,0.3581,1.0000)|(7,8,1.0000,0.0513,0.2172)|(3,8,0.7744,0.3242,0.3140)|(3,19,1.0000,0.0000,0.2083)|(21,12,0.5473,0.4309,1.0000)|(4,8,0.9728,0.5061,0.2238)|(17,14,0.5155,0.6727,1.0000)|(7,16,1.0000,0.0000,0.0000)",0|0|0|0|0|0|0|0|0,1.000000|1.000000|1.000000|1.000000|1.000000|1.000000|1.000000|1.000000|1.000000,192,40,0.5,0.9,0.9,32,0.1,1337,cuda,fastprior
525,5,5,0.964355,0|1|2|3|4|6|7|8|9,0|0|0|1|0|0|0|0|0,40,70848,"(9,16,0.0000,0.0000,1.0000)|(9,12,0.0000,0.0000,1.0000)|(13,16,0.4405,0.0000,1.0000)|(21,19,0.0401,0.0000,0.0000)|(13,18,0.0000,0.5722,0.0000)|(13,16,0.6733,0.0000,1.0000)|(15,17,0.0000,0.0000,1.0000)|(13,18,0.5684,0.0000,0.9693)|(21,19,0.0000,0.0000,1.0000)",5|3|3|5|5|3|5|5|5,0.905762|0.730469|0.680176|0.991211|0.716797|0.577637|0.818848|0.690430|0.997559,192,40,0.5,0.9,0.9,32,0.1,1337,cuda,fastprior
526,0,0,1.000000,1|2|3|4|5|6|7|8|9,0|0|0|0|0|0|0|0|0,40,70848,"(17,9,0.0000,1.0000,0.0660)|(15,31,0.1690,0.8569,0.0331)|(16,12,0.0608,1.0000,0.0000)|(5,12,1.0000,0.0000,0.0000)|(27,25,0.0000,0.9209,0.1368)|(6,12,0.0000,0.6518,0.3766)|(14,18,0.9017,0.0128,0.0000)|(6,13,0.0000,1.0000,0.0760)|(25,11,0.2400,0.5775,0.1168)",0|0|0|0|0|0|0|0|0,1.000000|0.999512|1.000000|1.000000|1.000000|0.979980|0.998535|0.952637|0.999512,192,40,0.5,0.9,0.9,32,0.1,1337,cuda,fastprior
527,0,0,0.999512,1|2|3|4|5|6|7|8|9,0|0|0|0|0|0|0|0|0,40,70848,"(15,20,0.0000,0.0000,0.0000)|(11,6,0.5720,0.2950,0.0000)|(6,24,0.2969,0.0000,0.0000)|(6,25,0.0000,0.0000,0.0106)|(11,5,0.5332,0.0000,0.0000)|(29,16,0.4790,0.0000,0.0216)|(28,15,0.0000,0.0000,0.0000)|(8,10,0.7197,0.4942,0.0000)|(7,29,0.0000,0.0000,0.0000)",0|0|0|0|0|0|0|0|0,0.999512|1.000000|0.997559|0.999023|1.000000|1.000000|1.000000|1.000000|0.999512,192,40,0.5,0.9,0.9,32,0.1,1337,cuda,fastprior
528,4,4,1.000000,0|1|2|3|5|6|7|8|9,0|0|0|0|0|0|0|0|0,40,70848,"(20,14,0.0000,0.0000,1.0000)|(23,7,1.0000,1.0000,1.0000)|(13,19,0.0000,0.0000,0.4625)|(13,18,0.0000,0.0000,0.1448)|(10,15,0.1614,1.0000,1.0000)|(12,14,0.0000,0.0000,0.1497)|(10,23,1.0000,0.7991,0.6100)|(13,18,0.0000,0.0000,0.3282)|(13,18,0.0000,0.0000,0.0031)",4|4|4|4|4|4|4|4|4,1.000000|1.000000|1.000000|1.000000|1.000000|1.000000|1.000000|1.000000|1.000000,192,40,0.5,0.9,0.9,32,0.1,1337,cuda,fastprior
529,6,6,1.000000,0|1|2|3|4|5|7|8|9,0|0|0|0|0|0|0|0|0,40,70848,"(5,5,1.0000,0.8718,1.0000)|(8,12,1.0000,0.1886,0.4804)|(6,4,1.0000,0.9495,1.0000)|(26,9,1.0000,0.2468,0.5604)|(5,5,1.0000,0.2162,0.5174)|(23,15,1.0000,0.3389,0.2935)|(5,5,1.0000,0.2462,0.4819)|(18,6,1.0000,0.2266,0.4130)|(8,13,1.0000,0.2123,0.5608)",6|6|6|6|6|6|6|6|6,0.999512|1.000000|1.000000|1.000000|0.999512|1.000000|0.999512|1.000000|1.000000,192,40,0.5,0.9,0.9,32,0.1,1337,cuda,fastprior
530,9,9,1.000000,0|1|2|3|4|5|6|7|8,0|0|0|0|0|0|0|0|0,40,70848,"(21,27,0.0000,0.0000,0.8295)|(10,5,0.7242,0.0000,0.0000)|(16,10,0.0008,0.0000,0.0000)|(22,7,0.7340,0.0000,0.0000)|(16,10,0.0000,0.0000,0.0000)|(13,15,0.7538,0.0000,0.0000)|(21,27,0.9913,0.0000,0.0000)|(16,10,0.7859,0.0000,0.0000)|(10,5,1.0000,0.0000,0.0000)",9|9|9|9|9|9|9|9|9,1.000000|1.000000|1.000000|1.000000|1.000000|1.000000|1.000000|1.000000|1.000000,192,40,0.5,0.9,0.9,32,0.1,1337,cuda,fastprior
532,9,9,1.000000,0|1|2|3|4|5|6|7|8,0|0|0|0|0|0|0|0|0,40,70848,"(5,18,1.0000,0.9968,1.0000)|(25,26,0.3483,1.0000,1.0000)|(20,27,0.1623,0.9547,1.0000)|(6,19,0.5914,0.5993,0.1690)|(5,16,1.0000,1.0000,1.0000)|(30,10,1.0000,1.0000,1.0000)|(4,19,1.0000,0.9457,1.0000)|(5,16,1.0000,0.9349,1.0000)|(25,25,0.0000,0.0000,0.4064)",9|9|9|9|9|9|9|9|9,0.998047|1.000000|1.000000|0.999512|0.996582|1.000000|0.999023|0.996582|1.000000,192,40,0.5,0.9,0.9,32,0.1,1337,cuda,fastprior
533,5,5,1.000000,0|1|2|3|4|6|7|8|9,0|0|0|0|0|0|0|0|0,40,70848,"(9,16,0.3856,1.0000,0.0000)|(6,14,0.6701,1.0000,0.0000)|(10,15,0.0000,0.6269,0.0000)|(6,14,0.7064,0.0000,0.0000)|(4,14,0.3261,0.3770,0.0000)|(4,9,1.0000,1.0000,0.0000)|(3,13,1.0000,1.0000,0.0000)|(18,16,0.4542,1.0000,0.0000)|(8,18,1.0000,1.0000,0.0000)",5|5|5|5|5|5|5|5|5,1.000000|1.000000|1.000000|1.000000|1.000000|1.000000|1.000000|1.000000|1.000000,192,40,0.5,0.9,0.9,32,0.1,1337,cuda,fastprior
534,6,6,0.993164,0|1|2|3|4|5|7|8|9,0|0|0|0|0|0|0|0|0,40,70848,"(14,10,0.9660,1.0000,1.0000)|(14,9,1.0000,0.9753,1.0000)|(14,26,0.9825,1.0000,1.0000)|(23,18,1.0000,1.0000,1.0000)|(14,10,0.9966,1.0000,1.0000)|(6,10,1.0000,1.0000,1.0000)|(19,11,0.9415,1.0000,1.0000)|(19,11,1.0000,0.6889,1.0000)|(11,9,0.0000,0.0000,0.0000)",6|6|6|6|6|6|6|6|6,0.579102|0.968750|0.979980|0.995117|0.559570|0.995117|0.965332|0.982422|0.989258,192,40,0.5,0.9,0.9,32,0.1,1337,cuda,fastprior
535,6,6,0.996094,0|1|2|3|4|5|7|8|9,0|0|0|0|0|0|0|0|0,40,70848,"(11,6,1.0000,1.0000,1.0000)|(22,20,1.0000,1.0000,1.0000)|(6,16,1.0000,1.0000,1.0000)|(11,13,0.8083,1.0000,1.0000)|(11,10,0.7463,1.0000,1.0000)|(10,13,1.0000,1.0000,1.0000)|(11,12,1.0000,1.0000,1.0000)|(11,11,0.0514,0.0609,0.2618)|(17,14,1.0000,1.0000,1.0000)",6|6|6|6|6|6|6|6|6,0.958008|0.990234|0.994629|0.998047|0.992188|0.977539|0.991699|0.979492|0.983887,192,40,0.5,0.9,0.9,32,0.1,1337,cuda,fastprior
536,6,6,1.000000,0|1|2|3|4|5|7|8|9,0|0|0|0|0|0|0|0|0,40,70848,"(26,2,1.0000,0.1886,0.8871)|(9,2,0.0000,0.0000,1.0000)|(10,17,1.0000,1.0000,1.0000)|(3,7,0.0000,0.0000,0.2949)|(10,18,0.0000,0.0000,1.0000)|(13,4,0.9716,1.0000,1.0000)|(7,13,0.8170,0.6964,0.9504)|(10,5,1.0000,1.0000,1.0000)|(20,20,1.0000,0.7502,0.9563)",6|6|6|6|6|6|6|6|6,1.000000|1.000000|1.000000|1.000000|1.000000|1.000000|1.000000|1.000000|1.000000,192,40,0.5,0.9,0.9,32,0.1,1337,cuda,fastprior
538,9,9,0.634277,0|1|2|3|4|5|6|7|8,0|0|0|0|0|0|0|0|1,40,70848,"(21,16,1.0000,1.0000,1.0000)|(18,19,1.0000,0.2493,0.0000)|(21,16,1.0000,1.0000,0.9990)|(21,16,0.2826,0.4054,0.2744)|(25,13,1.0000,0.7727,0.3920)|(23,11,1.0000,0.6642,0.6102)|(12,18,0.4107,0.4196,0.3431)|(15,20,0.2591,0.1623,0.5743)|(23,11,0.3206,0.0566,0.0000)",9|9|9|9|9|9|9|9|9,0.702148|0.977051|0.704590|0.762207|0.983398|0.624023|0.706055|0.646484|0.804688,192,40,0.5,0.9,0.9,32,0.1,1337,cuda,fastprior
539,0,0,1.000000,1|2|3|4|5|6|7|8|9,0|0|0|0|0|0|0|0|0,40,70848,"(8,23,0.7170,0.7472,0.4429)|(21,18,1.0000,0.0000,0.3096)|(23,21,0.7864,0.7045,0.4793)|(7,9,0.9706,0.6498,0.5760)|(22,17,0.9483,0.7847,0.2478)|(21,24,0.1656,0.0000,0.0937)|(5,25,0.0600,1.0000,0.0000)|(5,25,0.0000,0.0000,0.0000)|(10,23,1.0000,1.0000,0.5879)",0|0|0|0|0|0|0|0|0,1.000000|1.000000|1.000000|1.000000|1.000000|1.000000|1.000000|1.000000|1.000000,192,40,0.5,0.9,0.9,32,0.1,1337,cuda,fastprior
540,1,1,1.000000,0|2|3|4|5|6|7|8|9,0|0|0|0|0|0|0|0|0,40,70848,"(1,24,1.0000,1.0000,0.8936)|(4,20,1.0000,1.0000,1.0000)|(6,19,1.0000,1.0000,1.0000)|(7,20,1.0000,1.0000,0.9831)|(8,17,1.0000,1.0000,0.8970)|(6,18,1.0000,1.0000,1.0000)|(7,20,1.0000,1.0000,1.0000)|(20,14,1.0000,0.9998,1.0000)|(8,20,1.0000,1.0000,0.8791)",1|1|1|1|1|1|1|1|1,1.000000|0.999512|0.993164|0.985352|0.999023|0.999512|0.985352|1.000000|0.995117,192,40,0.5,0.9,0.9,32,0.1,1337,cuda,fastprior
541,7,7,0.655762,0|1|2|3|4|5|6|8|9,0|0|0|0|1|0|0|0|0,40,70848,"(23,19,1.0000,1.0000,0.6630)|(26,24,0.0000,0.4871,1.0000)|(23,19,1.0000,1.0000,0.3108)|(26,24,1.0000,1.0000,0.8487)|(9,21,1.0000,1.0000,0.9783)|(9,22,0.0378,0.9484,0.2395)|(22,16,0.0000,0.0000,0.4410)|(18,28,0.0000,0.2951,0.8513)|(9,22,0.0000,0.0000,0.9853)",4|7|4|7|4|4|7|7|4,0.484131|0.795410|0.474121|0.750000|0.939453|0.774414|0.430664|0.572266|0.865723,192,40,0.5,0.9,0.9,32,0.1,1337,cuda,fastprior
542,6,6,0.995117,0|1|2|3|4|5|7|8|9,0|0|0|0|0|0|0|0|0,40,70848,"(16,16,0.0000,0.0000,1.0000)|(23,10,0.0000,0.0000,0.6967)|(21,7,0.0003,0.0000,1.0000)|(19,11,0.0000,0.0000,1.0000)|(17,11,0.0000,0.0017,0.6987)|(17,7,0.0000,0.0000,1.0000)|(20,7,0.0000,0.7849,1.0000)|(14,12,0.0000,0.0000,0.6576)|(7,19,0.0000,0.0644,0.7243)",6|6|6|6|6|6|6|6|6,0.993652|0.992188|0.960938|0.947266|0.952148|0.980957|0.985840|0.971680|0.996094,192,40,0.5,0.9,0.9,32,0.1,1337,cuda,fastprior
543,7,7,1.000000,0|1|2|3|4|5|6|8|9,0|0|0|0|0|0|0|0|0,40,70848,"(8,18,1.0000,0.9373,1.0000)|(18,8,0.0000,0.0675,0.5580)|(10,16,1.0000,0.8809,1.0000)|(2,22,1.0000,1.0000,1.0000)|(14,16,1.0000,1.0000,0.9853)|(18,21,0.0000,0.0000,0.5761)|(12,21,0.0000,0.0000,0.6988)|(10,12,1.0000,0.6773,1.0000)|(13,16,1.0000,1.0000,1.0000)",7|7|7|7|7|7|7|7|7,1.000000|1.000000|1.000000|1.000000|1.000000|1.000000|1.000000|1.000000|1.000000,192,40,0.5,0.9,0.9,32,0.1,1337,cuda,fastprior
544,5,5,1.000000,0|1|2|3|4|6|7|8|9,0|0|0|0|0|0|0|0|0,40,70848,"(20,18,0.0000,0.8847,0.3489)|(18,18,0.0000,0.8237,0.0000)|(4,7,0.0930,0.9704,0.0601)|(16,18,0.0000,0.8872,0.3686)|(15,18,0.0298,0.9812,0.0454)|(20,18,0.0000,0.7546,0.4122)|(9,3,0.0000,0.8847,0.1471)|(8,3,0.0000,0.7727,0.0544)|(25,11,0.0000,0.8805,0.2517)",5|5|5|5|5|5|5|5|5,1.000000|1.000000|1.000000|1.000000|1.000000|1.000000|1.000000|1.000000|1.000000,192,40,0.5,0.9,0.9,32,0.1,1337,cuda,fastprior
545,9,9,1.000000,0|1|2|3|4|5|6|7|8,0|0|0|0|0|0|0|0|0,40,70848,"(11,22,1.0000,1.0000,1.0000)|(19,23,1.0000,1.0000,1.0000)|(28,14,1.0000,0.7525,1.0000)|(10,18,0.9944,1.0000,1.0000)|(16,20,1.0000,1.0000,1.0000)|(12,6,1.0000,1.0000,1.0000)|(14,9,1.0000,1.0000,1.0000)|(11,23,1.0000,1.0000,0.9959)|(11,23,1.0000,0.9974,1.0000)",9|9|9|9|9|9|9|9|9,1.000000|1.000000|1.000000|1.000000|1.000000|1.000000|1.000000|0.999512|0.999512,192,40,0.5,0.9,0.9,32,0.1,1337,cuda,fastprior
546,1,1,1.000000,0|2|3|4|5|6|7|8|9,0|0|0|0|0|0|0|0|0,40,70848,"(29,27,0.0000,0.0000,0.9854)|(29,27,1.0000,0.0000,0.0000)|(26,14,0.8179,0.0000,0.0000)|(24,22,0.3180,0.2882,1.0000)|(4,14,0.0000,0.0000,1.0000)|(24,8,1.0000,0.0000,0.0948)|(28,17,0.0000,0.0000,1.0000)|(24,8,1.0000,0.3905,0.0000)|(4,14,0.0000,0.6804,0.8729)",1|1|1|1|1|1|1|1|1,1.000000|1.000000|1.000000|0.999512|1.000000|0.999512|1.000000|1.000000|1.000000,192,40,0.5,0.9,0.9,32,0.1,1337,cuda,fastprior
547,6,6,1.000000,0|1|2|3|4|5|7|8|9,0|0|0|0|0|0|0|0|0,40,70848,"(10,7,1.0000,1.0000,1.0000)|(25,26,1.0000,1.0000,1.0000)|(23,6,1.0000,1.0000,1.0000)|(22,17,1.0000,1.0000,1.0000)|(13,8,1.0000,0.6747,0.3857)|(22,19,1.0000,0.9483,1.0000)|(22,14,1.0000,1.0000,1.0000)|(23,5,1.0000,1.0000,1.0000)|(13,6,1.0000,1.0000,1.0000)",6|6|6|6|6|6|6|6|6,1.000000|1.000000|1.000000|0.999512|1.000000|1.000000|0.998047|1.000000|1.000000,192,40,0.5,0.9,0.9,32,0.1,1337,cuda,fastprior
548,2,2,1.000000,0|1|3|4|5|6|7|8|9,0|0|0|0|0|0|0|0|0,40,70848,"(20,13,0.0000,0.0000,0.0000)|(28,15,0.0000,0.0025,0.0000)|(19,18,0.0000,0.0000,0.4437)|(20,4,0.0277,0.0000,0.0403)|(16,8,0.0000,0.0000,0.0000)|(17,2,0.0000,0.0000,0.0000)|(19,3,0.0000,0.0000,0.5184)|(20,13,0.0000,0.0000,0.0000)|(20,13,0.0000,0.0000,0.0000)",2|2|2|2|2|2|2|2|2,0.983398|1.000000|0.992676|1.000000|1.000000|1.000000|1.000000|0.983398|0.983398,192,40,0.5,0.9,0.9,32,0.1,1337,cuda,fastprior
549,5,5,0.958984,0|1|2|3|4|6|7|8|9,0|0|0|1|0|0|0|0|0,40,70848,"(22,17,1.0000,1.0000,1.0000)|(5,10,0.0155,0.7913,0.4073)|(8,6,0.3569,1.0000,0.0000)|(8,19,0.9355,0.6036,0.3498)|(9,7,0.0024,0.8678,0.6060)|(22,17,0.2685,1.0000,0.0000)|(22,17,0.0000,1.0000,0.0000)|(6,8,0.0000,1.0000,0.0000)|(7,13,0.0000,0.8065,0.0147)",5|5|5|5|3|5|5|3|5,0.951660|0.876953|0.698242|0.891602|0.473389|0.972656|0.969238|0.586426|0.721191,192,40,0.5,0.9,0.9,32,0.1,1337,cuda,fastprior
550,5,5,0.999023,0|1|2|3|4|6|7|8|9,0|0|0|0|0|0|0|0|0,40,70848,"(13,18,0.7062,0.8577,0.3706)|(12,13,0.0000,0.5376,1.0000)|(12,24,0.0000,0.4499,1.0000)|(11,28,0.8461,0.8192,0.0205)|(19,8,1.0000,0.3132,0.9111)|(16,12,0.0000,0.9993,0.0000)|(17,11,0.0000,1.0000,1.0000)|(12,18,0.0000,0.3888,1.0000)|(19,3,0.7655,0.7961,0.2195)",5|5|5|5|5|5|5|5|5,0.997070|0.962402|0.999512|0.999023|0.999512|0.986816|0.998535|0.996582|0.998535,192,40,0.5,0.9,0.9,32,0.1,1337,cuda,fastprior
551,5,5,0.995117,0|1|2|3|4|6|7|8|9,0|0|0|0|0|0|1|0|0,40,70848,"(16,10,1.0000,1.0000,0.9979)|(19,14,1.0000,1.0000,1.0000)|(19,14,1.0000,1.0000,0.3196)|(17,23,1.0000,1.0000,1.0000)|(23,3,0.4713,0.4198,0.0257)|(19,13,1.0000,1.0000,0.0000)|(19,12,0.2421,1.0000,1.0000)|(17,23,1.0000,1.0000,1.0000)|(17,13,0.8125,1.0000,1.0000)",5|5|5|5|5|5|7|5|5,0.961914|0.288330|0.377197|0.614746|0.866211|0.443359|0.921875|0.614746|0.371582,192,40,0.5,0.9,0.9,32,0.1,1337,cuda,fastprior
552,8,8,1.000000,0|1|2|3|4|5|6|7|9,0|0|0|0|0|0|0|0|0,40,70848,"(16,25,1.0000,0.8383,0.9666)|(13,18,1.0000,1.0000,0.5746)|(13,12,1.0000,1.0000,1.0000)|(17,23,1.0000,0.7209,0.6633)|(24,15,1.0000,0.6035,0.5741)|(25,15,1.0000,0.7652,0.6234)|(16,22,1.0000,0.8833,0.7156)|(25,9,1.0000,1.0000,0.7859)|(18,21,1.0000,0.9983,0.4730)",8|8|8|8|8|8|8|8|8,0.999512|1.000000|1.000000|0.981445|1.000000|1.000000|0.983887|0.999023|0.929688,192,40,0.5,0.9,0.9,32,0.1,1337,cuda,fastprior
553,5,5,1.000000,0|1|2|3|4|6|7|8|9,0|0|0|0|0|0|0|0|0,40,70848,"(7,6,1.0000,1.0000,1.0000)|(23,26,0.9905,1.0000,1.0000)|(7,5,1.0000,1.0000,1.0000)|(4,6,0.0000,0.3690,0.0266)|(7,5,1.0000,1.0000,1.0000)|(10,5,0.0000,0.0000,1.0000)|(5,17,1.0000,1.0000,1.0000)|(7,6,1.0000,1.0000,1.0000)|(9,17,1.0000,1.0000,1.0000)",5|5|5|5|5|5|5|5|5,0.966309|0.999512|0.999023|1.000000|0.999023|0.999512|1.000000|0.966309|0.999512,192,40,0.5,0.9,0.9,32,0.1,1337,cuda,fastprior
554,9,9,1.000000,0|1|2|3|4|5|6|7|8,0|0|0|0|0|0|0|0|0,40,70848,"(9,24,0.0357,0.7493,0.8444)|(13,11,1.0000,0.9378,1.0000)|(18,5,0.9175,0.2478,0.6764)|(18,4,0.4994,0.8582,0.4850)|(13,22,0.2193,0.3074,0.9196)|(1,24,0.3194,0.5438,0.2560)|(8,28,0.1452,0.5194,0.7619)|(6,27,0.7135,0.7929,0.2713)|(18,4,0.6945,0.8952,0.9377)",9|9|9|9|9|9|9|9|9,1.000000|1.000000|1.000000|1.000000|1.000000|1.000000|1.000000|1.000000|1.000000,192,40,0.5,0.9,0.9,32,0.1,1337,cuda,fastprior
555,4,4,1.000000,0|1|2|3|5|6|7|8|9,0|0|1|0|0|0|0|0|0,40,70848,"(11,11,1.0000,1.0000,1.0000)|(18,13,1.0000,1.0000,1.0000)|(15,6,1.0000,1.0000,1.0000)|(20,13,0.7164,0.3675,0.6888)|(19,13,0.0000,0.0000,0.2859)|(11,12,0.9900,0.0000,0.8494)|(18,10,0.9913,1.0000,1.0000)|(19,13,1.0000,1.0000,0.9908)|(11,11,1.0000,1.0000,1.0000)",4|2|4|4|5|4|2|2|4,1.000000|0.473145|1.000000|0.661621|0.476318|1.000000|0.623047|0.406982|1.000000,192,40,0.5,0.9,0.9,32,0.1,1337,cuda,fastprior
556,6,6,1.000000,0|1|2|3|4|5|7|8|9,0|0|0|0|0|0|0|0|0,40,70848,"(14,25,0.8339,1.0000,0.9561)|(14,21,0.9085,1.0000,0.9661)|(17,11,1.0000,0.4461,1.0000)|(16,13,1.0000,1.0000,1.0000)|(12,17,1.0000,1.0000,1.0000)|(20,27,1.0000,1.0000,1.0000)|(16,13,1.0000,1.0000,1.0000)|(16,13,1.0000,1.0000,0.8375)|(24,25,1.0000,1.0000,0.9971)",6|6|6|6|6|6|6|6|6,0.999512|1.000000|0.999512|0.894043|0.999023|1.000000|0.894043|0.909180|0.999512,192,40,0.5,0.9,0.9,32,0.1,1337,cuda,fastprior
557,4,4,1.000000,0|1|2|3|5|6|7|8|9,0|0|0|0|0|0|0|0|0,40,70848,"(14,19,0.6604,0.6768,0.7404)|(14,19,0.4860,0.7317,0.4941)|(16,25,0.3225,0.7604,0.2144)|(23,13,0.3777,0.4571,0.9327)|(23,12,1.0000,1.0000,1.0000)|(25,14,1.0000,0.5053,0.5721)|(17,26,0.9933,0.9669,1.0000)|(17,26,0.2904,0.6132,0.7116)|(23,12,0.6871,0.7008,0.3144)",4|4|4|4|4|4|4|4|4,1.000000|1.000000|1.000000|1.000000|1.000000|1.000000|1.000000|1.000000|1.000000,192,40,0.5,0.9,0.9,32,0.1,1337,cuda,fastprior
558,3,3,1.000000,0|1|2|4|5|6|7|8|9,0|0|0|0|0|0|0|0|0,40,70848,"(27,19,1.0000,0.6385,0.0000)|(17,19,1.0000,0.2163,0.0000)|(25,15,1.0000,0.7081,0.0000)|(27,25,1.0000,0.4660,0.0038)|(16,14,0.4792,0.7337,1.0000)|(11,10,0.9931,0.2416,0.0000)|(14,14,1.0000,0.6719,0.0000)|(25,15,1.0000,0.3237,0.2325)|(25,15,1.0000,0.4953,0.1467)",3|3|3|3|3|3|3|3|3,0.998535|1.000000|0.998535|0.999512|1.000000|1.000000|1.000000|0.998535|0.998535,192,40,0.5,0.9,0.9,32,0.1,1337,cuda,fastprior
559,2,2,1.000000,0|1|3|4|5|6|7|8|9,0|0|0|0|0|0|0|0|0,40,70848,"(15,10,0.9565,0.1375,0.7234)|(21,3,0.8983,0.8299,0.0336)|(22,9,0.6674,0.5006,0.7657)|(19,2,0.0149,0.6150,0.1991)|(27,10,0.0000,0.0000,1.0000)|(26,17,1.0000,1.0000,0.0907)|(27,17,0.1623,0.2725,0.7785)|(22,3,0.8142,0.0648,0.3631)|(23,3,0.6677,0.0773,0.6309)",2|2|2|2|2|2|2|2|2,1.000000|1.000000|1.000000|1.000000|1.000000|1.000000|1.000000|1.000000|1.000000,192,40,0.5,0.9,0.9,32,0.1,1337,cuda,fastprior
560,0,0,0.998535,1|2|3|4|5|6|7|8|9,0|0|0|0|0|0|0|0|0,40,70848,"(26,12,1.0000,0.8459,0.0000)|(26,12,0.9153,0.0000,0.0000)|(15,11,0.9014,0.0682,0.0766)|(7,7,0.5353,0.0000,0.0000)|(23,27,1.0000,0.5878,0.2343)|(7,7,1.0000,1.0000,0.1243)|(21,27,1.0000,0.7903,0.0000)|(16,13,1.0000,0.7092,0.2954)|(26,12,1.0000,0.7492,0.0636)",0|0|0|0|0|0|0|0|0,0.982910|0.990723|0.999512|0.998535|1.000000|0.999023|1.000000|0.999512|0.982422,192,40,0.5,0.9,0.9,32,0.1,1337,cuda,fastprior
561,7,7,0.999023,0|1|2|3|4|5|6|8|9,0|0|0|0|0|0|0|0|0,40,70848,"(12,11,1.0000,1.0000,1.0000)|(13,13,0.9973,0.8641,0.9256)|(4,11,0.5243,1.0000,0.9655)|(13,13,1.0000,0.3863,1.0000)|(8,11,1.0000,0.8045,0.7458)|(8,11,0.9951,0.6906,0.6708)|(4,11,0.9921,0.1805,0.4757)|(13,13,1.0000,0.3941,0.4080)|(14,14,0.9533,1.0000,0.7048)",7|7|7|7|7|7|7|7|7,0.971191|0.976074|0.996094|0.972168|0.967773|0.965820|0.997559|0.967773|0.989746,192,40,0.5,0.9,0.9,32,0.1,1337,cuda,fastprior
563,2,2,0.992676,0|1|3|4|5|6|7|8|9,0|0|0|0|0|0|0|0|0,40,70848,"(17,20,0.6303,1.0000,1.0000)|(6,20,0.0810,1.0000,1.0000)|(22,11,0.7436,1.0000,1.0000)|(28,15,0.0000,0.0000,0.0000)|(21,11,0.0000,0.0000,0.8086)|(9,21,0.4672,1.0000,0.9167)|(9,21,0.0000,0.0000,0.2412)|(8,4,0.0000,1.0000,0.7156)|(9,6,0.0000,1.0000,0.8128)",2|2|2|2|2|2|2|2|2,0.983887|0.980957|0.995605|0.754883|0.998535|0.993652|0.999023|0.966309|0.958984,192,40,0.5,0.9,0.9,32,0.1,1337,cuda,fastprior
564,2,2,1.000000,0|1|3|4|5|6|7|8|9,0|0|0|0|0|0|0|0|0,40,70848,"(26,9,0.0000,0.0000,0.6084)|(11,15,0.6904,0.1017,0.1936)|(10,15,0.9983,0.2951,0.2522)|(26,9,0.0000,0.0000,0.2264)|(24,16,0.0000,0.0000,1.0000)|(11,15,0.0000,0.0000,0.6186)|(26,9,0.1058,0.0000,0.7244)|(16,24,0.6573,0.9995,0.2190)|(24,5,0.4439,0.8480,0.8429)",2|2|2|2|2|2|2|2|2,1.000000|1.000000|1.000000|1.000000|1.000000|1.000000|1.000000|1.000000|1.000000,192,40,0.5,0.9,0.9,32,0.1,1337,cuda,fastprior
565,3,3,0.998047,0|1|2|4|5|6|7|8|9,0|0|0|0|0|0|0|0|0,40,70848,"(14,21,0.0000,0.0000,0.9964)|(22,10,0.0000,0.0000,1.0000)|(16,8,0.0044,0.0000,1.0000)|(22,10,0.0000,0.0000,0.8797)|(9,22,0.0000,0.0000,1.0000)|(14,16,0.0000,0.0000,0.9230)|(22,10,0.0004,0.0000,0.8648)|(12,12,0.0000,0.0000,0.8227)|(14,16,0.0000,0.0000,0.9753)",3|5|3|5|3|3|5|3|3,0.982422|0.772461|0.999023|0.758301|0.997070|0.996582|0.758789|0.991211|0.996582,192,40,0.5,0.9,0.9,32,0.1,1337,cuda,fastprior
566,9,9,1.000000,0|1|2|3|4|5|6|7|8,0|0|0|0|0|0|0|0|0,40,70848,"(6,21,1.0000,1.0000,1.0000)|(7,10,1.0000,1.0000,0.9994)|(8,18,1.0000,0.9733,0.9890)|(14,30,1.0000,1.0000,1.0000)|(11,21,0.0000,0.0000,0.4712)|(5,21,1.0000,0.9763,1.0000)|(4,13,1.0000,1.0000,1.0000)|(7,17,1.0000,1.0000,1.0000)|(5,20,1.0000,0.0000,0.2868)",9|9|9|9|9|9|9|9|9,1.000000|1.000000|1.000000|1.000000|1.000000|1.000000|1.000000|1.000000|1.000000,192,40,0.5,0.9,0.9,32,0.1,1337,cuda,fastprior
567,7,7,0.520996,0|1|2|3|4|5|6|8|9,0|0|0|1|0|0|0|0|0,40,70848,"(14,9,0.0000,1.0000,0.9106)|(7,19,0.0000,0.0708,1.0000)|(6,10,1.0000,1.0000,1.0000)|(9,13,0.2711,0.3097,0.0000)|(8,16,1.0000,1.0000,1.0000)|(19,18,1.0000,0.9639,0.9311)|(8,9,0.3657,0.9635,0.0000)|(18,17,0.0000,0.1564,0.6578)|(6,9,0.1375,0.4853,1.0000)",7|3|3|7|3|7|3|7|3,0.597168|0.508301|0.612793|0.497070|0.950195|0.972168|0.424805|0.871582|0.842285,192,40,0.5,0.9,0.9,32,0.1,1337,cuda,fastprior
568,9,9,0.997070,0|1|2|3|4|5|6|7|8,0|0|0|0|0|0|0|0|0,40,70848,"(10,27,1.0000,0.0000,1.0000)|(17,29,1.0000,1.0000,1.0000)|(24,30,0.8094,0.0000,0.0000)|(10,27,0.8467,0.0015,0.0000)|(9,24,0.6511,0.0000,0.0000)|(23,28,0.8612,0.0000,0.0000)|(10,27,1.0000,0.0000,0.0000)|(12,27,1.0000,0.0000,0.0000)|(12,27,0.8730,0.0000,0.0000)",0|9|9|9|9|9|0|9|9,0.802734|0.922852|0.985352|0.633301|0.996582|0.959473|0.504395|0.614746|0.666504,192,40,0.5,0.9,0.9,32,0.1,1337,cuda,fastprior
569,2,2,1.000000,0|1|3|4|5|6|7|8|9,0|0|0|0|0|0|0|0|0,40,70848,"(17,27,1.0000,0.2862,0.0000)|(27,12,1.0000,1.0000,1.0000)|(22,15,0.0000,0.0000,0.7146)|(26,14,0.7368,1.0000,0.9403)|(26,14,0.0000,0.0394,1.0000)|(19,4,0.0000,0.0000,1.0000)|(22,14,0.0000,0.0000,1.0000)|(21,6,0.0000,0.0000,0.7694)|(26,14,0.0102,0.0004,1.0000)",2|2|2|2|2|2|2|2|2,1.000000|1.000000|1.000000|1.000000|1.000000|1.000000|1.000000|1.000000|1.000000,192,40,0.5,0.9,0.9,32,0.1,1337,cuda,fastprior
570,6,6,0.843750,0|1|2|3|4|5|7|8|9,0|0|0|1|0|0|0|0|0,40,70848,"(5,21,1.0000,0.9993,1.0000)|(14,13,1.0000,1.0000,1.0000)|(8,12,1.0000,1.0000,0.9992)|(10,9,1.0000,1.0000,1.0000)|(9,11,1.0000,0.9966,1.0000)|(9,11,1.0000,0.8317,1.0000)|(9,11,1.0000,0.9970,1.0000)|(11,16,0.0000,0.6040,1.0000)|(9,11,1.0000,1.0000,1.0000)",3|3|3|6|3|3|3|3|3,0.591309|0.671387|0.478271|0.923340|0.625000|0.583496|0.625000|0.776367|0.627930,192,40,0.5,0.9,0.9,32,0.1,1337,cuda,fastprior
571,7,7,1.000000,0|1|2|3|4|5|6|8|9,0|0|0|0|0|0|0|0|0,40,70848,"(8,11,1.0000,1.0000,1.0000)|(8,11,1.0000,1.0000,1.0000)|(7,7,1.0000,1.0000,1.0000)|(17,21,1.0000,1.0000,1.0000)|(8,13,1.0000,1.0000,1.0000)|(4,22,1.0000,1.0000,1.0000)|(3,1,1.0000,1.0000,1.0000)|(7,7,1.0000,1.0000,1.0000)|(17,22,1.0000,1.0000,1.0000)",7|7|7|7|7|7|7|7|7,1.000000|1.000000|1.000000|1.000000|1.000000|1.000000|1.000000|1.000000|1.000000,192,40,0.5,0.9,0.9,32,0.1,1337,cuda,fastprior
572,1,1,0.965332,0|2|3|4|5|6|7|8|9,0|0|0|0|0|0|0|0|0,40,70848,"(17,11,1.0000,1.0000,1.0000)|(20,12,0.5922,0.0000,0.0302)|(23,15,0.0000,0.0000,0.2304)|(25,30,0.0000,0.0000,1.0000)|(16,10,0.0000,0.0000,0.9911)|(25,30,0.0000,0.0000,0.4986)|(15,8,1.0000,1.0000,0.9739)|(20,14,0.0561,0.0000,0.4519)|(15,8,1.0000,1.0000,1.0000)",1|1|1|1|1|1|1|1|1,0.982422|0.925293|0.846680|0.978027|0.987305|0.982422|0.587891|0.640625|0.582520,192,40,0.5,0.9,0.9,32,0.1,1337,cuda,fastprior
573,3,3,1.000000,0|1|2|4|5|6|7|8|9,0|0|0|0|0|0|0|0|0,40,70848,"(13,4,0.0000,0.0000,0.4279)|(14,9,0.0000,0.0010,0.4210)|(14,13,0.0000,0.0000,0.6946)|(13,4,0.1518,0.0000,0.7330)|(14,13,0.0000,0.0000,0.7581)|(13,4,0.5065,0.0000,0.2488)|(13,4,0.0000,0.0000,0.5087)|(12,5,0.0000,0.0000,0.9701)|(13,4,0.1511,0.0000,0.5503)",3|3|3|3|3|3|3|3|3,0.998047|1.000000|0.998535|0.998047|0.998535|0.998047|0.998047|0.999023|0.998047,192,40,0.5,0.9,0.9,32,0.1,1337,cuda,fastprior
574,6,6,1.000000,0|1|2|3|4|5|7|8|9,0|0|0|0|0|0|0|0|0,40,70848,"(16,15,1.0000,0.9972,1.0000)|(16,15,0.9973,1.0000,1.0000)|(16,12,0.9489,1.0000,1.0000)|(16,13,1.0000,1.0000,0.6910)|(14,7,1.0000,1.0000,1.0000)|(12,16,1.0000,1.0000,0.9952)|(17,18,1.0000,1.0000,1.0000)|(14,10,1.0000,1.0000,0.9982)|(19,24,1.0000,1.0000,1.0000)",5|5|6|6|6|6|3|6|6,0.403320|0.403564|0.977539|0.850586|0.998047|1.000000|0.624023|0.999512|1.000000,192,40,0.5,0.9,0.9,32,0.1,1337,cuda,fastprior
575,6,6,1.000000,0|1|2|3|4|5|7|8|9,0|0|0|0|0|0|0|0|0,40,70848,"(16,14,1.0000,1.0000,1.0000)|(15,7,1.0000,1.0000,1.0000)|(5,9,0.0000,0.0000,0.5607)|(16,14,0.0000,0.0000,0.9426)|(15,13,0.0000,0.2117,1.0000)|(14,7,1.0000,1.0000,1.0000)|(26,7,1.0000,1.0000,1.0000)|(9,13,1.0000,1.0000,1.0000)|(26,7,1.0000,1.0000,1.0000)",6|6|6|3|6|6|6|6|6,0.886230|1.000000|1.000000|0.610352|0.999023|0.999512|0.980957|1.000000|0.980957,192,40,0.5,0.9,0.9,32,0.1,1337,cuda,fastprior
576,8,8,1.000000,0|1|2|3|4|5|6|7|9,0|0|0|0|0|0|0|0|0,40,70848,"(20,25,1.0000,1.0000,1.0000)|(7,12,1.0000,1.0000,1.0000)|(20,25,1.0000,1.0000,1.0000)|(23,30,1.0000,1.0000,1.0000)|(24,29,1.0000,1.0000,1.0000)|(21,8,1.0000,1.0000,0.8721)|(5,30,1.0000,1.0000,0.8890)|(21,8,1.0000,1.0000,1.0000)|(5,30,1.0000,1.0000,0.8305)",8|8|8|8|8|8|8|8|8,0.910156|1.000000|0.910156|1.000000|1.000000|1.000000|0.996094|1.000000|0.996094,192,40,0.5,0.9,0.9,32,0.1,1337,cuda,fastprior
578,7,7,0.985840,0|1|2|3|4|5|6|8|9,0|0|0|0|0|0|0|0|0,40,70848,"(19,6,0.0000,0.1000,0.2296)|(19,6,0.0000,0.0000,0.4385)|(19,6,0.0000,0.0000,0.0284)|(26,19,0.0000,0.0000,0.0124)|(10,9,0.0940,0.0767,0.7978)|(19,27,0.0000,0.0000,1.0000)|(7,25,0.0000,0.0000,0.2809)|(20,10,0.0274,0.1734,0.5197)|(19,27,0.0000,0.0864,0.1408)",7|7|7|7|7|7|7|7|7,0.919434|0.917969|0.925293|0.998047|0.803223|0.997070|0.995117|0.982910|0.998047,192,40,0.5,0.9,0.9,32,0.1,1337,cuda,fastprior
579,5,5,0.999023,0|1|2|3|4|6|7|8|9,0|0|0|0|0|0|0|0|0,40,70848,"(20,24,0.0000,0.9506,0.6074)|(18,27,1.0000,1.0000,1.0000)|(25,16,1.0000,1.0000,0.9847)|(11,17,1.0000,1.0000,1.0000)|(20,18,0.9251,0.6550,0.7013)|(16,26,0.1017,0.0000,0.0174)|(20,23,0.0000,0.0000,0.5425)|(12,17,0.0185,0.0617,0.3189)|(20,24,0.0204,0.0000,0.3399)",5|5|5|5|5|5|5|5|5,0.997559|0.988281|0.998047|1.000000|0.998047|0.992676|0.998047|0.999512|0.997559,192,40,0.5,0.9,0.9,32,0.1,1337,cuda,fastprior
580,4,4,1.000000,0|1|2|3|5|6|7|8|9,0|0|0|0|0|0|0|0|0,40,70848,"(15,7,0.0000,0.2219,0.0779)|(19,19,0.7598,0.8656,0.7365)|(14,14,0.1246,1.0000,0.0198)|(12,15,0.1634,1.0000,1.0000)|(4,17,0.5264,0.1235,0.3960)|(14,9,0.0000,0.0000,0.2029)|(9,16,0.0342,0.0240,0.4279)|(20,18,0.3472,0.2996,0.8446)|(9,16,1.0000,1.0000,1.0000)",4|4|4|4|4|4|4|4|4,1.000000|1.000000|1.000000|1.000000|1.000000|1.000000|1.000000|1.000000|1.000000,192,40,0.5,0.9,0.9,32,0.1,1337,cuda,fastprior
581,0,0,1.000000,1|2|3|4|5|6|7|8|9,0|0|0|0|0|0|0|0|0,40,70848,"(30,10,0.3805,0.2888,0.0000)|(10,13,0.3341,0.0000,0.3163)|(18,13,0.3005,0.2394,0.1294)|(25,14,0.4002,0.1267,0.3260)|(11,11,0.3153,0.2003,0.0090)|(13,13,0.3972,0.1598,0.0000)|(18,13,0.4009,0.2128,0.0879)|(9,14,0.4268,0.2856,0.0399)|(14,12,0.3343,0.2828,0.3139)",0|0|0|0|0|0|0|0|0,1.000000|1.000000|0.999023|1.000000|1.000000|1.000000|0.999023|1.000000|1.000000,192,40,0.5,0.9,0.9,32,0.1,1337,cuda,fastprior
582,8,8,1.000000,0|1|2|3|4|5|6|7|9,0|0|0|0|0|0|0|0|0,40,70848,"(20,13,1.0000,1.0000,1.0000)|(24,18,1.0000,1.0000,1.0000)|(26,17,1.0000,1.0000,1.0000)|(26,4,1.0000,1.0000,1.0000)|(25,17,1.0000,1.0000,1.0000)|(24,18,1.0000,1.0000,1.0000)|(26,4,1.0000,1.0000,1.0000)|(27,9,1.0000,1.0000,1.0000)|(24,16,0.9967,1.0000,1.0000)",8|8|8|8|8|8|8|8|8,1.000000|1.000000|1.000000|0.998047|1.000000|1.000000|0.998047|0.999512|1.000000,192,40,0.5,0.9,0.9,32,0.1,1337,cuda,fastprior
583,4,4,1.000000,0|1|2|3|5|6|7|8|9,0|0|0|0|0|0|0|0|0,40,70848,"(12,27,0.9931,1.0000,1.0000)|(12,26,1.0000,1.0000,1.0000)|(24,24,0.0000,0.0000,1.0000)|(21,3,0.8758,0.0000,0.0000)|(18,11,1.0000,1.0000,1.0000)|(23,5,0.9883,0.0000,0.0000)|(23,4,1.0000,0.2491,0.0000)|(12,27,1.0000,0.0000,0.0000)|(27,11,1.0000,0.8963,1.0000)",4|4|4|4|4|4|4|4|4,1.000000|1.000000|1.000000|0.999023|1.000000|0.995605|0.999512|1.000000|1.000000,192,40,0.5,0.9,0.9,32,0.1,1337,cuda,fastprior
584,0,0,1.000000,1|2|3|4|5|6|7|8|9,0|0|0|0|0|0|0|0|0,40,70848,"(20,22,0.9185,0.1679,0.0000)|(29,19,1.0000,1.0000,0.3358)|(22,16,0.6190,0.0000,0.7567)|(15,20,0.0000,1.0000,1.0000)|(22,15,0.3836,0.2596,0.3779)|(29,19,1.0000,0.9408,0.5204)|(18,6,1.0000,0.7019,0.4070)|(29,19,1.0000,1.0000,0.4301)|(23,20,0.4510,0.0000,0.0000)",0|0|0|0|0|0|0|0|0,1.000000|1.000000|1.000000|1.000000|1.000000|1.000000|1.000000|1.000000|1.000000,192,40,0.5,0.9,0.9,32,0.1,1337,cuda,fastprior
585,9,9,0.999512,0|1|2|3|4|5|6|7|8,0|0|0|0|0|0|0|0|0,40,70848,"(21,5,1.0000,0.9415,1.0000)|(10,17,1.0000,0.9564,1.0000)|(21,5,1.0000,1.0000,1.0000)|(4,21,1.0000,1.0000,1.0000)|(14,13,1.0000,0.9500,1.0000)|(14,14,1.0000,1.0000,1.0000)|(21,22,1.0000,1.0000,1.0000)|(6,10,1.0000,0.2838,0.0000)|(23,26,1.0000,0.9609,1.0000)",9|9|9|9|9|9|9|9|9,0.983887|1.000000|0.983887|1.000000|0.999512|0.999512|1.000000|0.997070|1.000000,192,40,0.5,0.9,0.9,32,0.1,1337,cuda,fastprior
586,3,3,1.000000,0|1|2|4|5|6|7|8|9,0|0|0|0|0|1|0|0|0,40,70848,"(11,9,1.0000,1.0000,1.0000)|(11,10,1.0000,1.0000,1.0000)|(10,17,1.0000,1.0000,1.0000)|(15,15,1.0000,0.8848,1.0000)|(13,13,1.0000,1.0000,1.0000)|(11,10,0.9914,1.0000,1.0000)|(11,9,1.0000,1.0000,1.0000)|(10,17,1.0000,1.0000,1.0000)|(16,10,1.0000,1.0000,1.0000)",3|3|3|3|3|3|3|3|3,0.996582|0.999023|0.544922|0.998047|0.965820|0.999023|0.996582|0.544922|0.984863,192,40,0.5,0.9,0.9,32,0.1,1337,cuda,fastprior
587,4,4,1.000000,0|1|2|3|5|6|7|8|9,0|0|0|0|0|0|0|0|0,40,70848,"(15,26,1.0000,1.0000,0.9995)|(15,9,0.6339,1.0000,1.0000)|(23,14,1.0000,1.0000,1.0000)|(14,16,0.9776,1.0000,1.0000)|(19,7,0.0000,0.0000,0.5075)|(14,18,0.7177,1.0000,0.9994)|(13,8,0.5977,1.0000,1.0000)|(14,16,0.5979,1.0000,1.0000)|(15,17,0.0000,0.0000,0.9820)",4|4|4|4|4|4|4|4|4,1.000000|1.000000|1.000000|0.998047|1.000000|0.999512|1.000000|0.995605|0.999512,192,40,0.5,0.9,0.9,32,0.1,1337,cuda,fastprior
588,8,8,1.000000,0|1|2|3|4|5|6|7|9,0|0|0|0|0|0|0|0|0,40,70848,"(24,19,1.0000,1.0000,1.0000)|(24,19,1.0000,1.0000,1.0000)|(26,11,1.0000,1.0000,1.0000)|(24,19,1.0000,1.0000,1.0000)|(24,9,1.0000,1.0000,1.0000)|(24,19,1.0000,1.0000,1.0000)|(18,20,1.0000,1.0000,1.0000)|(24,19,1.0000,1.0000,0.9956)|(24,19,0.8473,1.0000,1.0000)",8|8|8|8|8|8|8|8|8,0.941406|0.941406|1.000000|0.941406|1.000000|0.941406|1.000000|0.942383|0.949707,192,40,0.5,0.9,0.9,32,0.1,1337,cuda,fastprior
589,9,9,1.000000,0|1|2|3|4|5|6|7|8,0|0|0|0|0|0|0|0|0,40,70848,"(17,13,1.0000,0.8434,0.7797)|(17,13,0.0000,0.0000,0.0000)|(22,25,1.0000,1.0000,0.8028)|(25,3,1.0000,0.8298,0.6924)|(20,29,0.8783,0.7778,0.5638)|(20,25,1.0000,0.7481,0.5000)|(24,3,1.0000,1.0000,0.8792)|(0,19,0.0000,0.0000,0.0000)|(21,27,0.0552,0.0000,0.7340)",9|9|9|9|9|9|9|9|9,1.000000|1.000000|1.000000|1.000000|1.000000|1.000000|1.000000|1.000000|1.000000,192,40,0.5,0.9,0.9,32,0.1,1337,cuda,fastprior
590,6,6,1.000000,0|1|2|3|4|5|7|8|9,0|0|0|0|0|0|0|0|0,40,70848,"(28,2,0.8538,0.6858,0.0017)|(12,19,0.0000,0.0000,1.0000)|(28,1,0.0000,0.0000,0.9256)|(12,19,1.0000,1.0000,0.8763)|(14,8,0.8259,0.2924,0.8409)|(11,25,0.6672,0.4736,0.1502)|(11,25,0.7317,0.8888,0.1289)|(26,11,0.0000,0.1169,0.9189)|(12,19,0.5043,0.2090,0.2854)",6|6|6|6|6|6|6|6|6,1.000000|1.000000|1.000000|1.000000|1.000000|1.000000|1.000000|1.000000|1.000000,192,40,0.5,0.9,0.9,32,0.1,1337,cuda,fastprior
591,9,9,1.000000,0|1|2|3|4|5|6|7|8,0|0|0|0|0|0|0|0|0,40,70848,"(17,16,0.0000,0.0000,1.0000)|(13,10,1.0000,1.0000,1.0000)|(11,8,1.0000,1.0000,1.0000)|(18,17,0.0000,0.0000,0.9682)|(13,17,1.0000,1.0000,1.0000)|(8,26,1.0000,1.0000,1.0000)|(9,26,1.0000,1.0000,1.0000)|(17,16,1.0000,1.0000,0.9896)|(10,9,1.0000,1.0000,1.0000)",9|9|9|9|9|9|9|9|9,1.000000|0.999512|0.999023|1.000000|1.000000|1.000000|1.000000|1.000000|0.997070,192,40,0.5,0.9,0.9,32,0.1,1337,cuda,fastprior
592,2,2,1.000000,0|1|3|4|5|6|7|8|9,0|0|0|0|0|0|0|0|0,40,70848,"(5,16,0.0000,0.0000,1.0000)|(15,13,1.0000,1.0000,0.9865)|(23,14,1.0000,0.8290,0.9707)|(3,15,1.0000,0.9772,0.9861)|(5,16,0.0000,0.0000,1.0000)|(5,16,1.0000,0.7652,1.0000)|(5,16,1.0000,0.9827,0.9066)|(21,27,1.0000,1.0000,1.0000)|(7,23,0.9565,1.0000,1.0000)",2|2|2|2|2|2|2|2|2,0.996582|0.997559|1.000000|1.000000|0.996582|1.000000|0.999512|0.999512|1.000000,192,40,0.5,0.9,0.9,32,0.1,1337,cuda,fastprior
593,6,6,1.000000,0|1|2|3|4|5|7|8|9,0|0|0|0|0|0|0|0|0,40,70848,"(19,9,1.0000,0.1077,0.2837)|(20,2,0.9054,0.8292,0.0624)|(19,9,0.9707,0.0519,0.3571)|(25,17,0.5955,0.6619,1.0000)|(11,11,1.0000,1.0000,1.0000)|(27,17,0.0000,0.0000,0.7819)|(27,20,1.0000,1.0000,0.0000)|(7,7,1.0000,0.8774,1.0000)|(11,11,0.8280,0.6629,1.0000)",6|6|6|6|6|6|6|6|6,0.990723|1.000000|0.992676|1.000000|0.999512|1.000000|0.999512|0.998047|0.999512,192,40,0.5,0.9,0.9,32,0.1,1337,cuda,fastprior
594,1,1,1.000000,0|2|3|4|5|6|7|8|9,0|0|0|0|0|0|0|0|0,40,70848,"(13,11,0.0000,0.0000,0.9119)|(15,27,0.0359,0.0000,0.4375)|(11,9,0.0000,0.0000,0.4451)|(15,11,0.0000,0.0000,0.5573)|(21,20,0.0000,0.0000,0.6594)|(12,6,0.0000,0.0000,0.7604)|(18,30,0.0000,0.0000,0.6364)|(12,6,0.0000,0.0000,0.7293)|(22,6,0.0000,0.0000,0.7499)",1|1|1|1|1|1|1|1|1,1.000000|1.000000|1.000000|1.000000|1.000000|1.000000|1.000000|1.000000|1.000000,192,40,0.5,0.9,0.9,32,0.1,1337,cuda,fastprior
595,4,4,1.000000,0|1|2|3|5|6|7|8|9,0|0|0|0|0|0|0|0|0,40,70848,"(12,17,0.9993,1.0000,1.0000)|(13,15,1.0000,1.0000,0.6578)|(14,14,1.0000,1.0000,0.6657)|(15,18,1.0000,1.0000,0.6487)|(12,17,1.0000,0.7877,1.0000)|(12,17,1.0000,1.0000,0.6473)|(6,4,1.0000,0.7742,1.0000)|(23,17,0.9992,1.0000,1.0000)|(12,16,1.0000,1.0000,0.6525)",4|4|4|4|4|4|4|4|4,0.982422|0.994141|0.999512|0.998535|0.989258|0.992188|1.000000|0.999512|0.998047,192,40,0.5,0.9,0.9,32,0.1,1337,cuda,fastprior
596,7,7,1.000000,0|1|2|3|4|5|6|8|9,0|0|0|0|0|0|0|0|0,40,70848,"(22,16,0.0000,0.0000,1.0000)|(6,9,0.0000,0.0000,1.0000)|(15,14,0.0000,0.0000,1.0000)|(10,13,0.9448,0.0000,0.0000)|(19,9,0.0000,0.0000,1.0000)|(9,8,0.0000,0.0000,1.0000)|(10,11,0.0000,0.0000,1.0000)|(14,14,0.0000,0.1151,1.0000)|(10,11,0.0000,0.0000,1.0000)",7|7|7|7|7|7|7|7|7,1.000000|1.000000|0.994629|1.000000|1.000000|0.999023|0.999512|0.995605|0.999512,192,40,0.5,0.9,0.9,32,0.1,1337,cuda,fastprior
598,5,5,0.875977,0|1|2|3|4|6|7|8|9,0|0|0|1|0|0|0|0|0,40,70848,"(25,14,0.0000,0.0000,0.9983)|(21,6,0.0000,0.0000,0.3508)|(25,13,0.0000,0.0000,0.6072)|(13,14,1.0000,0.9398,0.2335)|(17,13,1.0000,0.8933,1.0000)|(25,10,0.0000,0.7264,0.0000)|(29,11,0.0000,0.4126,0.2961)|(23,7,0.0000,0.8080,0.6150)|(25,12,0.0000,0.6677,0.0000)",4|5|2|5|5|5|5|5|6,0.307373|0.608398|0.412842|0.857910|0.740234|0.538574|0.891113|0.816895|0.624023,192,40,0.5,0.9,0.9,32,0.1,1337,cuda,fastprior
599,3,3,1.000000,0|1|2|4|5|6|7|8|9,0|0|0|0|0|0|0|0|0,40,70848,"(12,12,0.0000,0.0000,0.9442)|(19,8,0.0000,0.0000,0.9147)|(2,12,0.0437,0.0000,1.0000)|(20,12,0.0183,0.0000,1.0000)|(13,11,0.0000,0.0000,0.7388)|(13,10,0.5736,0.0000,0.3251)|(20,9,0.0000,0.0000,0.9518)|(26,14,0.0433,0.0000,1.0000)|(24,13,0.0000,0.0000,0.9672)",3|3|3|3|3|3|3|3|3,1.000000|0.997070|1.000000|0.996094|0.987793|0.689453|0.907227|1.000000|0.999023,192,40,0.5,0.9,0.9,32,0.1,1337,cuda,fastprior
600,8,8,1.000000,0|1|2|3|4|5|6|7|9,0|0|0|0|0|0|0|0|0,40,70848,"(29,24,1.0000,1.0000,1.0000)|(29,24,1.0000,1.0000,0.7828)|(7,3,1.0000,1.0000,1.0000)|(26,23,1.0000,0.7566,0.5366)|(15,7,1.0000,0.8487,0.7683)|(10,15,1.0000,0.7666,0.5839)|(23,23,1.0000,1.0000,0.7592)|(29,26,1.0000,1.0000,1.0000)|(27,5,1.0000,1.0000,0.7616)",8|8|8|8|8|8|8|8|8,0.993652|0.993652|1.000000|1.000000|1.000000|1.000000|1.000000|0.999023|1.000000,192,40,0.5,0.9,0.9,32,0.1,1337,cuda,fastprior
601,5,5,0.997070,0|1|2|3|4|6|7|8|9,0|0|0|1|0|0|0|0|0,40,70848,"(26,11,0.0024,0.0000,1.0000)|(20,8,0.0000,0.0000,0.1851)|(15,25,0.0000,0.0011,1.0000)|(25,11,0.6447,0.0000,0.0000)|(9,11,0.6785,0.0000,0.0000)|(15,5,0.0000,0.0000,0.1678)|(6,15,0.0000,0.0161,0.2227)|(6,15,0.0000,0.7735,0.7683)|(18,7,1.0000,0.0822,0.0000)",3|5|5|3|5|3|5|5|5,0.503418|0.966309|0.999512|0.994141|0.890137|0.710449|0.674316|0.563965|0.520508,192,40,0.5,0.9,0.9,32,0.1,1337,cuda,fastprior
602,0,0,1.000000,1|2|3|4|5|6|7|8|9,0|0|0|0|0|0|0|0|0,40,70848,"(15,19,0.9853,1.0000,0.4886)|(16,19,1.0000,1.0000,0.6266)|(15,19,1.0000,1.0000,0.5898)|(13,9,1.0000,1.0000,0.5687)|(20,9,0.2966,0.8246,0.7661)|(12,19,1.0000,1.0000,0.8847)|(9,12,1.0000,1.0000,0.4281)|(15,19,1.0000,1.0000,0.5730)|(16,9,0.9748,1.0000,0.6773)",0|0|0|0|0|0|0|0|0,1.000000|1.000000|1.000000|1.000000|1.000000|1.000000|1.000000|1.000000|1.000000,192,40,0.5,0.9,0.9,32,0.1,1337,cuda,fastprior
603,2,2,1.000000,0|1|3|4|5|6|7|8|9,0|0|0|0|0|0|0|0|0,40,70848,"(4,14,0.0000,0.2234,0.0000)|(2,21,0.3131,0.6076,0.9239)|(3,23,0.3602,0.0387,0.4819)|(2,23,0.0979,0.0000,0.4025)|(25,26,0.0000,0.0000,0.7622)|(10,14,0.0000,0.0000,0.0000)|(3,23,0.3719,0.7251,0.9799)|(7,4,0.0958,0.0000,0.0696)|(18,9,0.2598,0.0735,0.4223)",2|2|2|2|2|2|2|2|2,1.000000|1.000000|1.000000|1.000000|1.000000|1.000000|1.000000|1.000000|1.000000,192,40,0.5,0.9,0.9,32,0.1,1337,cuda,fastprior
604,1,1,1.000000,0|2|3|4|5|6|7|8|9,0|0|0|0|0|0|0|0|0,40,70848,"(19,14,0.0000,0.0000,0.9320)|(8,26,0.9207,0.8734,1.0000)|(14,3,0.0000,0.0000,0.2453)|(14,3,0.0000,0.0000,0.1312)|(24,13,0.0000,0.0279,1.0000)|(14,3,0.0084,0.0000,1.0000)|(15,27,0.9408,1.0000,1.0000)|(12,4,0.0000,0.0000,0.9928)|(13,26,1.0000,1.0000,1.0000)",1|1|1|1|1|1|1|1|1,1.000000|1.000000|1.000000|1.000000|1.000000|1.000000|1.000000|1.000000|1.000000,192,40,0.5,0.9,0.9,32,0.1,1337,cuda,fastprior
605,6,6,1.000000,0|1|2|3|4|5|7|8|9,0|0|0|0|0|0|0|0|0,40,70848,"(6,21,1.0000,1.0000,1.0000)|(25,3,1.0000,1.0000,1.0000)|(14,14,1.0000,1.0000,1.0000)|(12,23,1.0000,1.0000,0.9869)|(25,4,1.0000,1.0000,1.0000)|(13,12,1.0000,1.0000,1.0000)|(3,9,1.0000,1.0000,1.0000)|(23,2,1.0000,1.0000,1.0000)|(25,3,1.0000,1.0000,1.0000)",6|6|6|6|6|6|6|6|6,1.000000|0.999512|1.000000|1.000000|0.999512|1.000000|1.000000|1.000000|0.999512,192,40,0.5,0.9,0.9,32,0.1,1337,cuda,fastprior
608,3,3,1.000000,0|1|2|4|5|6|7|8|9,0|0|0|0|0|0|0|0|0,40,70848,"(10,11,1.0000,1.0000,1.0000)|(20,20,1.0000,1.0000,1.0000)|(19,28,0.9880,1.0000,0.7807)|(19,18,0.9829,1.0000,0.8380)|(10,11,1.0000,1.0000,0.9897)|(10,11,1.0000,1.0000,1.0000)|(10,11,1.0000,0.9571,0.9957)|(16,13,0.0450,0.7888,1.0000)|(18,22,1.0000,1.0000,1.0000)",3|3|3|3|3|3|3|3|3,0.988770|1.000000|1.000000|1.000000|0.989258|0.988770|0.990234|1.000000|1.000000,192,40,0.5,0.9,0.9,32,0.1,1337,cuda,fastprior
609,9,9,1.000000,0|1|2|3|4|5|6|7|8,0|0|0|0|0|0|0|0|0,40,70848,"(14,2,0.0000,0.0000,0.9397)|(3,9,1.0000,0.0000,0.0450)|(21,7,0.0000,0.0000,1.0000)|(2,9,1.0000,1.0000,1.0000)|(16,3,0.9779,0.0000,0.0000)|(23,5,1.0000,0.0000,0.5407)|(22,6,1.0000,0.0000,0.0000)|(24,6,0.7694,0.0000,0.0000)|(6,21,1.0000,0.0000,0.4439)",9|9|9|9|9|9|9|9|9,1.000000|1.000000|1.000000|1.000000|1.000000|1.000000|1.000000|1.000000|1.000000,192,40,0.5,0.9,0.9,32,0.1,1337,cuda,fastprior
610,6,6,1.000000,0|1|2|3|4|5|7|8|9,0|0|0|0|0|0|0|0|0,40,70848,"(7,23,0.0000,0.0000,0.4642)|(11,21,0.0000,0.0000,0.4991)|(14,15,0.0000,0.0000,0.6628)|(13,8,0.0000,0.0000,0.3381)|(9,19,0.0000,0.0000,0.7544)|(13,13,0.0000,0.0000,0.3476)|(16,9,0.0000,0.0000,0.4860)|(13,1,0.0000,0.0000,0.4703)|(11,21,0.0000,0.0000,0.4539)",6|6|6|6|6|6|6|6|6,1.000000|1.000000|0.999512|1.000000|1.000000|0.999512|1.000000|1.000000|1.000000,192,40,0.5,0.9,0.9,32,0.1,1337,cuda,fastprior
611,9,9,0.998535,0|1|2|3|4|5|6|7|8,0|0|0|0|0|0|0|0|0,40,70848,"(18,15,0.0000,0.5486,1.0000)|(20,14,0.2875,0.0178,0.0000)|(15,1,0.0000,0.0000,0.0000)|(16,8,0.0000,0.7001,1.0000)|(19,12,0.0957,0.6732,0.9925)|(12,7,0.0000,0.0000,0.9706)|(11,10,0.0000,0.7025,0.7740)|(8,11,0.0000,0.7919,1.0000)|(5,13,0.0000,0.7082,0.8220)",9|9|9|9|9|9|9|9|9,0.979492|0.901855|0.985840|0.998535|0.976074|0.993652|0.993164|0.996582|0.996094,192,40,0.5,0.9,0.9,32,0.1,1337,cuda,fastprior
612,8,8,1.000000,0|1|2|3|4|5|6|7|9,0|0|0|0|0|0|0|0|0,40,70848,"(3,21,0.0000,0.0000,0.8784)|(8,25,1.0000,1.0000,0.5247)|(17,10,0.0000,0.0000,0.8606)|(17,10,0.0000,0.0000,0.4149)|(17,10,0.6881,0.0000,0.0000)|(17,10,0.0000,0.0022,0.2874)|(17,10,0.0000,0.0000,0.8362)|(17,10,0.0000,0.0000,0.3422)|(8,25,1.0000,1.0000,0.3626)",8|8|8|8|8|8|8|8|8,1.000000|0.999512|0.999512|0.999512|0.999512|0.999512|0.999512|0.999512|0.999512,192,40,0.5,0.9,0.9,32,0.1,1337,cuda,fastprior
613,8,8,1.000000,0|1|2|3|4|5|6|7|9,0|0|0|0|0|0|0|0|0,40,70848,"(18,3,0.0000,0.0000,1.0000)|(20,27,0.0000,0.0000,1.0000)|(18,7,0.0000,0.0000,1.0000)|(3,29,0.0281,0.0000,0.7391)|(20,7,0.0195,0.0000,0.4108)|(13,2,0.2514,0.1862,0.7511)|(10,14,0.0000,0.0000,0.0763)|(20,27,0.0675,0.0000,0.4242)|(16,19,0.0000,0.0000,0.0000)",8|8|8|8|8|8|8|8|8,1.000000|1.000000|1.000000|1.000000|1.000000|1.000000|1.000000|1.000000|1.000000,192,40,0.5,0.9,0.9,32,0.1,1337,cuda,fastprior
614,5,5,1.000000,0|1|2|3|4|6|7|8|9,0|0|0|0|0|0|0|0|0,40,70848,"(13,12,1.0000,1.0000,1.0000)|(13,12,0.9861,1.0000,1.0000)|(5,6,1.0000,1.0000,1.0000)|(13,12,0.9842,1.0000,0.5505)|(11,13,1.0000,1.0000,1.0000)|(13,12,0.9987,1.0000,1.0000)|(5,23,0.9662,1.0000,1.0000)|(13,12,0.9926,1.0000,1.0000)|(8,18,1.0000,1.0000,1.0000)",5|5|5|5|5|5|5|5|5,0.998535|0.998535|1.000000|0.998535|0.999512|0.998535|1.000000|0.998535|1.000000,192,40,0.5,0.9,0.9,32,0.1,1337,cuda,fastprior
615,8,8,1.000000,0|1|2|3|4|5|6|7|9,0|0|0|0|0|0|0|0|0,40,70848,"(4,10,1.0000,1.0000,1.0000)|(11,10,1.0000,1.0000,0.9363)|(11,12,0.9994,1.0000,0.9808)|(6,11,1.0000,1.0000,0.9026)|(27,11,1.0000,1.0000,1.0000)|(6,11,1.0000,1.0000,0.9389)|(27,11,1.0000,1.0000,0.9361)|(6,11,1.0000,1.0000,0.9352)|(6,11,1.0000,1.0000,0.8082)",8|8|8|8|8|8|8|8|8,0.989258|1.000000|1.000000|0.942871|1.000000|0.944824|1.000000|0.944824|0.940918,192,40,0.5,0.9,0.9,32,0.1,1337,cuda,fastprior
616,6,6,1.000000,0|1|2|3|4|5|7|8|9,0|0|0|0|0|0|0|0|0,40,70848,"(29,6,1.0000,1.0000,1.0000)|(14,11,1.0000,1.0000,1.0000)|(26,22,1.0000,1.0000,0.8466)|(8,13,1.0000,1.0000,0.9729)|(24,15,1.0000,1.0000,0.9576)|(7,17,1.0000,1.0000,0.9889)|(6,15,1.0000,1.0000,0.9387)|(11,3,1.0000,0.8541,1.0000)|(25,22,1.0000,1.0000,1.0000)",6|6|6|6|6|6|6|6|6,1.000000|0.999512|1.000000|1.000000|0.999512|1.000000|1.000000|1.000000|1.000000,192,40,0.5,0.9,0.9,32,0.1,1337,cuda,fastprior
617,6,6,1.000000,0|1|2|3|4|5|7|8|9,0|0|0|0|0|0|0|0|0,40,70848,"(19,21,1.0000,1.0000,1.0000)|(19,21,1.0000,1.0000,0.9566)|(13,12,1.0000,1.0000,1.0000)|(22,20,1.0000,0.8528,1.0000)|(19,21,1.0000,1.0000,1.0000)|(14,20,1.0000,0.9638,0.9249)|(25,14,0.0000,0.0000,1.0000)|(25,16,1.0000,1.0000,0.9403)|(19,21,1.0000,1.0000,1.0000)",6|6|6|6|6|6|6|6|6,0.998535|0.998047|1.000000|1.000000|0.998535|1.000000|1.000000|1.000000|0.998535,192,40,0.5,0.9,0.9,32,0.1,1337,cuda,fastprior
618,2,2,0.405273,0|1|3|4|5|6|7|8|9,0|0|0|0|0|0|0|0|0,40,70848,"(16,24,0.0000,0.0000,0.9253)|(16,5,1.0000,1.0000,0.0588)|(23,20,0.0000,0.0000,1.0000)|(16,5,0.4029,0.0463,0.6466)|(14,6,0.0633,0.0000,0.0000)|(17,21,0.9236,1.0000,0.5448)|(13,11,0.5568,0.0000,0.7068)|(13,11,0.1598,1.0000,0.0000)|(14,3,1.0000,1.0000,1.0000)",2|2|3|4|2|6|7|6|2,0.425049|0.277344|0.458984|0.502441|0.331299|0.576660|0.360840|0.299561|0.418701,192,40,0.5,0.9,0.9,32,0.1,1337,cuda,fastprior
619,1,1,1.000000,0|2|3|4|5|6|7|8|9,0|0|0|0|0|0|0|0|0,40,70848,"(7,13,1.0000,0.5330,1.0000)|(9,13,0.4322,0.0000,0.0000)|(18,28,1.0000,1.0000,1.0000)|(13,17,1.0000,0.6423,0.3079)|(6,13,0.2067,0.0000,0.0160)|(7,13,0.3298,0.0000,0.0000)|(18,25,0.4223,0.3281,0.0350)|(7,13,0.4621,0.0380,0.2607)|(19,27,1.0000,0.6745,0.2258)",1|1|1|1|1|1|1|1|1,1.000000|0.999512|0.999512|1.000000|1.000000|0.999512|0.999512|0.999512|0.999023,192,40,0.5,0.9,0.9,32,0.1,1337,cuda,fastprior
620,7,7,1.000000,0|1|2|3|4|5|6|8|9,0|0|0|0|0|0|0|0|0,40,70848,"(20,13,0.0000,0.9958,1.0000)|(21,7,1.0000,1.0000,1.0000)|(11,11,0.1478,1.0000,1.0000)|(14,9,1.0000,1.0000,1.0000)|(13,25,1.0000,1.0000,0.9987)|(20,11,0.0890,1.0000,1.0000)|(23,7,0.2681,1.0000,1.0000)|(14,9,0.9979,1.0000,1.0000)|(20,11,0.0000,1.0000,0.9406)",7|7|7|7|7|7|7|7|7,1.000000|1.000000|1.000000|0.999512|1.000000|0.999512|1.000000|0.999512|1.000000,192,40,0.5,0.9,0.9,32,0.1,1337,cuda,fastprior
621,7,7,1.000000,0|1|2|3|4|5|6|8|9,0|0|0|0|0|0|0|0|0,40,70848,"(17,25,1.0000,1.0000,1.0000)|(16,20,1.0000,1.0000,0.9982)|(10,12,1.0000,1.0000,0.9975)|(21,27,0.0000,0.0000,0.0000)|(14,27,1.0000,0.9686,1.0000)|(17,23,1.0000,1.0000,1.0000)|(17,23,1.0000,1.0000,1.0000)|(15,20,1.0000,1.0000,1.0000)|(14,25,1.0000,1.0000,1.0000)",7|7|7|7|7|7|7|7|7,0.999512|0.971191|1.000000|1.000000|1.000000|0.999512|0.999512|0.994629|1.000000,192,40,0.5,0.9,0.9,32,0.1,1337,cuda,fastprior
622,1,1,1.000000,0|2|3|4|5|6|7|8|9,0|0|0|0|0|0|0|0|0,40,70848,"(22,15,0.9927,0.6624,0.0000)|(22,19,1.0000,0.7032,0.0000)|(6,1,0.7107,1.0000,1.0000)|(22,16,0.7174,0.0100,0.0317)|(24,18,0.3870,0.0000,0.0000)|(24,18,1.0000,0.5760,0.0000)|(6,1,1.0000,0.7372,0.9950)|(14,29,1.0000,0.0000,0.0000)|(24,19,1.0000,0.0000,0.0000)",1|1|1|1|1|1|1|1|1,1.000000|1.000000|1.000000|1.000000|1.000000|1.000000|1.000000|1.000000|0.999512,192,40,0.5,0.9,0.9,32,0.1,1337,cuda,fastprior
623,2,2,0.997559,0|1|3|4|5|6|7|8|9,0|0|0|0|0|0|0|0|0,40,70848,"(15,30,1.0000,0.8088,0.6566)|(23,11,1.0000,1.0000,1.0000)|(15,20,1.0000,1.0000,1.0000)|(15,20,1.0000,1.0000,1.0000)|(15,28,0.9669,1.0000,1.0000)|(21,7,0.8892,0.9961,0.0000)|(21,11,1.0000,0.9841,1.0000)|(22,14,1.0000,1.0000,1.0000)|(21,10,0.8576,1.0000,0.0885)",2|2|2|2|2|2|2|2|2,0.962891|0.998047|0.929688|0.929688|0.950195|0.999512|0.999512|0.998535|0.999023,192,40,0.5,0.9,0.9,32,0.1,1337,cuda,fastprior
624,7,7,0.999512,0|1|2|3|4|5|6|8|9,0|0|0|0|0|0|0|0|0,40,70848,"(27,24,0.9487,0.0000,0.0000)|(27,24,0.8992,0.0000,0.0000)|(26,24,0.0000,0.0000,1.0000)|(23,25,0.5261,0.0000,0.0000)|(27,19,0.0000,0.0000,1.0000)|(15,18,0.0000,0.0286,0.8845)|(26,24,0.0000,0.0000,1.0000)|(27,24,0.8964,0.0000,0.0000)|(27,24,0.8917,0.0000,0.0000)",7|7|7|7|7|7|7|7|7,0.997559|0.997559|0.997559|0.999023|0.999512|1.000000|0.997559|0.997559|0.997559,192,40,0.5,0.9,0.9,32,0.1,1337,cuda,fastprior
625,9,9,0.999023,0|1|2|3|4|5|6|7|8,0|0|0|0|0|0|0|0|0,40,70848,"(20,21,1.0000,1.0000,1.0000)|(3,9,0.0000,0.0000,0.4217)|(2,28,1.0000,1.0000,0.5360)|(20,21,1.0000,1.0000,0.5217)|(19,24,1.0000,1.0000,1.0000)|(20,20,1.0000,1.0000,0.6727)|(19,24,1.0000,1.0000,0.4271)|(19,23,0.9987,0.9412,0.5714)|(19,24,0.0000,0.0000,0.3686)",9|9|9|9|9|9|9|9|9,0.994141|0.989258|0.999023|0.993164|0.997559|0.995117|0.999023|0.998047|0.999023,192,40,0.5,0.9,0.9,32,0.1,1337,cuda,fastprior
626,9,9,1.000000,0|1|2|3|4|5|6|7|8,0|0|0|0|0|0|0|0|0,40,70848,"(23,17,1.0000,1.0000,1.0000)|(7,18,1.0000,1.0000,1.0000)|(22,21,1.0000,0.9664,0.7881)|(14,25,1.0000,1.0000,0.9655)|(22,15,0.8199,0.7416,0.7683)|(12,20,1.0000,0.9917,1.0000)|(26,15,0.9610,0.9282,0.8910)|(16,15,1.0000,1.0000,1.0000)|(18,16,1.0000,1.0000,1.0000)",9|9|9|9|9|9|9|9|9,1.000000|1.000000|1.000000|1.000000|1.000000|1.000000|1.000000|1.000000|1.000000,192,40,0.5,0.9,0.9,32,0.1,1337,cuda,fastprior
627,4,4,1.000000,0|1|2|3|5|6|7|8|9,0|0|0|0|0|0|0|0|0,40,70848,"(6,18,1.0000,1.0000,1.0000)|(16,12,1.0000,0.0000,0.0000)|(21,20,1.0000,0.0000,0.0000)|(23,6,1.0000,0.0000,0.0000)|(16,20,1.0000,1.0000,1.0000)|(18,11,0.3409,0.6057,1.0000)|(23,6,1.0000,0.9530,1.0000)|(18,18,1.0000,0.9856,1.0000)|(18,22,1.0000,0.8993,1.0000)",4|4|4|4|4|4|4|4|4,0.997070|1.000000|0.999023|0.997559|0.999512|1.000000|0.982422|1.000000|0.993164,192,40,0.5,0.9,0.9,32,0.1,1337,cuda,fastprior
628,4,4,1.000000,0|1|2|3|5|6|7|8|9,0|0|0|0|0|0|0|0|0,40,70848,"(5,6,0.9816,1.0000,1.0000)|(22,21,1.0000,1.0000,1.0000)|(6,12,1.0000,1.0000,1.0000)|(21,21,1.0000,1.0000,1.0000)|(6,12,1.0000,1.0000,1.0000)|(5,16,1.0000,1.0000,1.0000)|(28,6,1.0000,1.0000,1.0000)|(5,16,1.0000,0.9312,1.0000)|(14,8,1.0000,1.0000,1.0000)",4|4|4|4|4|4|4|4|4,1.000000|1.000000|1.000000|1.000000|1.000000|0.999023|1.000000|0.999023|1.000000,192,40,0.5,0.9,0.9,32,0.1,1337,cuda,fastprior
629,1,1,0.999023,0|2|3|4|5|6|7|8|9,0|0|0|0|0|0|0|0|0,40,70848,"(14,15,0.9897,1.0000,1.0000)|(29,10,1.0000,1.0000,1.0000)|(13,3,1.0000,1.0000,1.0000)|(13,3,1.0000,0.3369,0.1120)|(15,17,1.0000,1.0000,1.0000)|(27,9,1.0000,0.8483,0.6632)|(18,16,0.9963,0.9738,0.6485)|(17,17,0.9565,0.9179,0.7984)|(30,10,1.0000,0.5462,0.6193)",1|1|1|1|1|1|1|1|1,1.000000|0.999023|0.979980|0.992676|0.999512|0.999512|0.998047|1.000000|0.999023,192,40,0.5,0.9,0.9,32,0.1,1337,cuda,fastprior
630,2,2,1.000000,0|1|3|4|5|6|7|8|9,0|0|0|0|0|0|0|0|0,40,70848,"(15,8,1.0000,1.0000,1.0000)|(19,13,0.7412,0.0000,0.0000)|(11,9,0.3893,0.2548,0.0997)|(12,9,0.2953,0.0000,0.0087)|(12,8,0.0000,1.0000,1.0000)|(19,13,1.0000,0.0000,0.0000)|(15,16,0.0000,0.9455,0.0000)|(19,13,0.8100,0.0000,0.0000)|(11,7,1.0000,0.0000,0.0000)",2|2|2|2|2|2|2|2|2,1.000000|0.959961|0.985840|1.000000|1.000000|0.962402|0.996582|0.959961|1.000000,192,40,0.5,0.9,0.9,32,0.1,1337,cuda,fastprior
631,5,5,0.996094,0|1|2|3|4|6|7|8|9,0|0|1|0|0|0|0|0|0,40,70848,"(17,12,1.0000,1.0000,0.4728)|(19,7,0.0155,1.0000,1.0000)|(15,18,0.9993,1.0000,1.0000)|(9,25,0.0000,1.0000,1.0000)|(14,17,0.1506,1.0000,0.4982)|(11,18,1.0000,1.0000,0.2171)|(14,18,0.0046,0.5231,1.0000)|(18,7,0.0000,0.6635,1.0000)|(15,18,0.0000,0.9626,0.6389)",5|5|2|5|4|5|5|5|2,0.993652|0.814941|0.959961|0.994141|0.557129|0.458740|0.887695|0.852539|0.571777,192,40,0.5,0.9,0.9,32,0.1,1337,cuda,fastprior
632,6,6,1.000000,0|1|2|3|4|5|7|8|9,0|0|0|0|0|0|0|0|0,40,70848,"(6,13,0.9988,0.9995,1.0000)|(23,22,1.0000,1.0000,0.7410)|(20,22,1.0000,1.0000,1.0000)|(9,10,1.0000,1.0000,1.0000)|(16,5,1.0000,1.0000,1.0000)|(21,23,1.0000,1.0000,1.0000)|(6,9,1.0000,0.5648,0.4492)|(5,9,1.0000,0.8423,1.0000)|(23,3,1.0000,1.0000,1.0000)",6|6|6|3|6|6|6|6|6,0.958008|0.998047|0.998535|0.529297|0.882324|0.998047|0.986816|0.954590|0.990234,192,40,0.5,0.9,0.9,32,0.1,1337,cuda,fastprior
633,8,8,0.998535,0|1|2|3|4|5|6|7|9,0|0|0|0|0|0|0|0|0,40,70848,"(20,18,0.0000,0.0000,0.9880)|(14,15,0.0000,0.0000,0.0000)|(11,29,0.0000,0.0000,0.8875)|(11,29,0.0000,0.0000,0.5712)|(20,19,0.0000,0.0000,0.5775)|(23,14,0.0000,0.0000,0.6779)|(16,17,0.0000,0.0000,0.6258)|(14,16,1.0000,1.0000,1.0000)|(20,18,0.0000,0.0000,0.6606)",8|8|8|8|8|8|8|8|8,0.987305|0.995605|0.917480|0.906250|0.793457|0.847168|0.940918|0.998535|0.988770,192,40,0.5,0.9,0.9,32,0.1,1337,cuda,fastprior
634,7,7,0.997559,0|1|2|3|4|5|6|8|9,0|0|0|0|0|0|0|0|0,40,70848,"(17,8,1.0000,1.0000,1.0000)|(18,13,0.9455,1.0000,1.0000)|(17,8,1.0000,1.0000,1.0000)|(12,16,0.9927,0.9983,1.0000)|(12,16,0.9662,1.0000,1.0000)|(18,8,1.0000,0.9272,0.8952)|(12,16,0.0000,0.0000,0.2836)|(18,13,0.8737,0.9807,0.9977)|(23,2,0.9990,1.0000,1.0000)",7|7|7|7|7|5|5|7|7,0.673340|0.422119|0.673340|0.488281|0.501953|0.557617|0.405029|0.466064|0.978516,192,40,0.5,0.9,0.9,32,0.1,1337,cuda,fastprior
635,6,6,0.988281,0|1|2|3|4|5|7|8|9,0|0|0|0|0|0|0|0|0,40,70848,"(19,24,0.0000,0.0000,1.0000)|(20,8,1.0000,1.0000,1.0000)|(19,24,0.0849,0.0000,0.3408)|(17,12,0.2729,1.0000,1.0000)|(19,24,0.0000,0.0000,0.4392)|(4,22,0.0000,1.0000,1.0000)|(3,19,0.0000,0.0000,0.7140)|(6,20,0.0000,0.0000,0.3490)|(17,9,0.0000,0.0000,0.4100)",6|6|6|6|6|6|6|6|6,0.512207|0.964355|0.557129|0.676758|0.505859|0.984375|0.977051|0.984863|0.970215,192,40,0.5,0.9,0.9,32,0.1,1337,cuda,fastprior
636,8,8,1.000000,0|1|2|3|4|5|6|7|9,0|0|0|0|0|0|0|0|0,40,70848,"(8,19,1.0000,0.7767,0.6800)|(28,18,1.0000,1.0000,1.0000)|(24,19,1.0000,1.0000,0.6439)|(25,19,1.0000,0.8826,0.5255)|(7,6,0.9944,0.7440,0.5273)|(18,22,1.0000,0.9892,0.5002)|(7,6,0.8309,1.0000,0.5795)|(18,22,1.0000,0.7758,0.4495)|(25,22,1.0000,0.9597,0.5962)",8|8|8|8|8|8|8|8|8,0.994141|0.999023|0.996094|0.997559|0.999512|0.626465|0.999512|0.731934|0.998535,192,40,0.5,0.9,0.9,32,0.1,1337,cuda,fastprior
637,3,3,1.000000,0|1|2|4|5|6|7|8|9,0|0|0|0|0|0|0|0|0,40,70848,"(21,12,1.0000,1.0000,1.0000)|(4,20,0.0000,0.0000,0.8918)|(21,9,0.0000,0.0000,1.0000)|(21,10,0.0000,0.0000,0.7329)|(21,10,0.0000,0.0000,0.8079)|(19,10,0.0000,0.0000,0.8507)|(18,18,0.0000,0.5000,1.0000)|(24,12,0.0000,0.7039,1.0000)|(22,9,1.0000,1.0000,1.0000)",3|3|3|3|3|3|3|3|3,0.997559|1.000000|0.984375|0.798828|0.787598|0.950195|0.999512|0.999512|0.998535,192,40,0.5,0.9,0.9,32,0.1,1337,cuda,fastprior
638,0,0,0.999512,1|2|3|4|5|6|7|8|9,0|0|0|0|0|0|0|0|0,40,70848,"(15,12,1.0000,0.0000,0.0000)|(14,18,0.0000,0.0000,0.0000)|(17,14,0.6575,0.2590,0.0568)|(9,22,0.6125,0.2648,0.0763)|(9,22,0.7467,0.2202,0.1476)|(14,18,0.5000,0.0000,0.0000)|(15,18,0.8626,0.5044,0.1989)|(12,24,1.0000,0.0000,0.0000)|(9,22,0.6081,0.2372,0.0959)",0|0|0|0|0|0|0|0|0,1.000000|0.991211|1.000000|0.998535|0.998535|0.992188|0.999023|0.994629|0.998535,192,40,0.5,0.9,0.9,32,0.1,1337,cuda,fastprior
639,5,5,0.941895,0|1|2|3|4|6|7|8|9,0|0|0|1|0|0|0|0|0,40,70848,"(27,13,0.4433,1.0000,1.0000)|(23,17,1.0000,1.0000,1.0000)|(19,24,0.0000,0.0000,0.0181)|(17,4,0.1396,0.0000,0.1537)|(25,17,0.1426,0.3235,0.0080)|(19,23,0.0122,0.1839,0.1542)|(23,22,1.0000,1.0000,1.0000)|(6,12,0.9666,0.8282,0.9955)|(23,22,0.5848,0.0000,0.0000)",5|5|5|3|5|5|5|5|5,0.916992|0.855469|0.974609|0.904297|0.906738|0.963867|0.794434|0.874023|0.906738,192,40,0.5,0.9,0.9,32,0.1,1337,cuda,fastprior
640,5,5,0.756836,0|1|2|3|4|6|7|8|9,0|0|0|1|0|0|0|0|0,40,70848,"(15,14,0.3894,0.8296,1.0000)|(8,12,0.9571,0.8029,0.7728)|(26,14,0.7929,0.7852,1.0000)|(9,6,1.0000,1.0000,0.3926)|(8,12,0.9693,0.8506,0.4515)|(10,5,1.0000,0.7282,0.9496)|(16,11,0.5874,0.5414,0.8788)|(15,11,0.5042,0.0000,0.0000)|(11,15,0.9957,0.8294,0.9323)",5|5|5|3|3|3|5|3|3,0.864746|0.419678|0.795898|0.656738|0.399170|0.756348|0.630371|0.529297|0.613770,192,40,0.5,0.9,0.9,32,0.1,1337,cuda,fastprior
641,3,3,0.992676,0|1|2|4|5|6|7|8|9,0|0|1|1|0|0|0|0|0,40,70848,"(23,13,0.8732,0.4087,1.0000)|(12,3,1.0000,0.4122,0.7687)|(12,3,1.0000,1.0000,1.0000)|(15,17,1.0000,0.0879,0.0150)|(16,17,0.8084,0.6771,0.8251)|(13,5,0.9122,0.8656,0.4079)|(15,19,0.8610,0.4949,1.0000)|(23,11,1.0000,1.0000,0.0000)|(16,7,1.0000,0.0000,0.1176)",3|3|3|4|3|3|3|3|3,0.996094|0.998535|0.999023|0.908203|0.882324|0.628418|0.789062|0.992676|0.947266,192,40,0.5,0.9,0.9,32,0.1,1337,cuda,fastprior
642,0,0,0.987793,1|2|3|4|5|6|7|8|9,0|0|0|0|0|0|0|0|0,40,70848,"(6,21,0.4659,0.0000,0.0000)|(28,24,1.0000,0.0000,0.0000)|(15,22,0.7040,0.0744,0.0000)|(24,23,1.0000,0.4814,0.0000)|(22,15,1.0000,0.0000,0.0000)|(28,24,0.6302,0.8910,0.1564)|(6,20,0.0000,0.9399,0.2357)|(24,23,1.0000,0.3186,0.0000)|(19,28,0.9446,0.1789,0.0000)",0|0|0|0|0|0|0|0|0,0.998047|0.959961|0.956055|0.971680|0.810547|0.975098|0.998535|0.956055|0.996094,192,40,0.5,0.9,0.9,32,0.1,1337,cuda,fastprior
643,7,7,1.000000,0|1|2|3|4|5|6|8|9,0|0|0|0|0|0|0|0|0,40,70848,"(23,23,0.8592,0.8043,0.9140)|(18,9,1.0000,0.8732,1.0000)|(17,11,0.8531,0.7486,0.7798)|(16,17,1.0000,1.0000,1.0000)|(21,8,0.8977,0.7652,0.8238)|(14,27,0.8394,0.8029,0.8644)|(21,8,0.8880,0.8004,1.0000)|(21,8,0.9298,0.6539,1.0000)|(19,8,0.7912,0.7154,1.0000)",7|7|7|7|7|7|7|7|7,1.000000|1.000000|1.000000|1.000000|0.988770|1.000000|0.987793|0.989258|1.000000,192,40,0.5,0.9,0.9,32,0.1,1337,cuda,fastprior
644,9,9,1.000000,0|1|2|3|4|5|6|7|8,0|0|0|0|0|0|0|0|0,40,70848,"(23,14,0.0000,0.0000,1.0000)|(17,16,0.0000,0.0000,1.0000)|(20,16,1.0000,1.0000,1.0000)|(18,7,0.0000,0.0000,0.6184)|(17,16,1.0000,1.0000,0.9064)|(16,22,1.0000,1.0000,1.0000)|(16,15,1.0000,1.0000,1.0000)|(15,22,1.0000,1.0000,1.0000)|(19,22,0.2062,0.0000,0.0000)",9|9|9|9|9|9|9|9|9,1.000000|1.000000|1.000000|1.000000|1.000000|1.000000|1.000000|1.000000|1.000000,192,40,0.5,0.9,0.9,32,0.1,1337,cuda,fastprior
645,1,1,1.000000,0|2|3|4|5|6|7|8|9,0|0|0|0|0|0|0|0|0,40,70848,"(25,14,0.7347,1.0000,1.0000)|(12,15,0.9306,0.9349,0.9223)|(25,21,1.0000,1.0000,0.9699)|(18,21,1.0000,1.0000,1.0000)|(5,15,0.0000,0.0000,0.3273)|(25,21,1.0000,0.4152,0.1962)|(10,15,0.7519,0.6745,0.9845)|(10,24,0.0000,0.0000,1.0000)|(13,19,0.6451,0.0000,0.0000)",1|1|1|1|1|1|1|1|1,1.000000|1.000000|0.998535|1.000000|0.997559|0.998535|1.000000|0.999023|0.999512,192,40,0.5,0.9,0.9,32,0.1,1337,cuda,fastprior
646,3,3,0.942871,0|1|2|4|5|6|7|8|9,0|0|0|0|0|0|0|0|0,40,70848,"(7,12,0.5850,0.6838,1.0000)|(14,7,0.0000,1.0000,0.3977)|(15,5,1.0000,1.0000,1.0000)|(14,10,0.0000,0.0000,0.9761)|(15,5,1.0000,1.0000,0.7177)|(11,2,1.0000,0.1207,1.0000)|(10,3,1.0000,1.0000,0.6162)|(25,11,0.8326,1.0000,0.0000)|(14,11,0.0000,1.0000,0.1055)",3|3|3|4|3|3|5|3|3,0.867188|0.992188|0.996094|0.667480|0.996582|0.396729|0.283936|0.854492|0.414062,192,40,0.5,0.9,0.9,32,0.1,1337,cuda,fastprior
647,4,4,0.981445,0|1|2|3|5|6|7|8|9,0|0|0|1|0|0|0|0|0,40,70848,"(13,18,0.0000,0.0000,1.0000)|(18,12,0.9627,1.0000,1.0000)|(20,21,0.9317,1.0000,0.5911)|(19,18,0.5494,0.1103,0.0000)|(15,25,0.1441,0.0000,0.5767)|(15,18,1.0000,0.2839,0.3162)|(18,12,0.6969,0.8251,0.9965)|(20,14,1.0000,0.0000,0.0000)|(17,13,0.0000,0.6267,1.0000)",4|2|4|3|4|4|2|4|2,0.981934|0.458008|0.957520|0.977051|0.684570|0.999512|0.472900|0.684570|0.302979,192,40,0.5,0.9,0.9,32,0.1,1337,cuda,fastprior
648,4,4,1.000000,0|1|2|3|5|6|7|8|9,0|0|0|0|0|0|0|0|0,40,70848,"(10,12,0.0000,0.0000,1.0000)|(13,5,0.0000,0.0000,1.0000)|(16,7,0.0000,0.0000,1.0000)|(15,9,0.0000,0.0000,1.0000)|(10,11,0.0000,0.0000,1.0000)|(14,13,1.0000,1.0000,1.0000)|(16,7,0.0000,0.0000,1.0000)|(14,7,0.0000,0.0000,1.0000)|(13,9,0.0000,0.0000,1.0000)",4|4|4|4|4|4|4|4|4,1.000000|1.000000|1.000000|0.998047|0.998047|1.000000|1.000000|1.000000|1.000000,192,40,0.5,0.9,0.9,32,0.1,1337,cuda,fastprior
649,5,5,1.000000,0|1|2|3|4|6|7|8|9,0|0|0|0|0|0|0|0|0,40,70848,"(16,18,0.0955,0.0000,0.6444)|(6,14,0.0000,0.0000,1.0000)|(11,11,1.0000,1.0000,1.0000)|(8,29,0.0000,0.0000,1.0000)|(8,12,0.3358,1.0000,0.0603)|(6,14,1.0000,0.0799,0.6410)|(6,14,0.0331,0.1301,0.9175)|(6,14,0.0688,0.0000,0.9849)|(15,17,0.0000,0.0000,1.0000)",5|5|5|5|5|5|5|5|5,1.000000|0.995117|1.000000|1.000000|0.999512|0.999023|0.994141|0.995117|1.000000,192,40,0.5,0.9,0.9,32,0.1,1337,cuda,fastprior
650,3,3,1.000000,0|1|2|4|5|6|7|8|9,0|0|0|0|0|0|0|0|0,40,70848,"(2,10,0.4514,0.6228,0.6495)|(4,9,0.0532,0.1518,0.2829)|(15,13,1.0000,0.9580,1.0000)|(18,12,0.0000,0.0000,1.0000)|(12,18,0.9677,0.7465,1.0000)|(10,10,0.1749,0.0000,0.7100)|(15,22,0.2418,0.7416,1.0000)|(17,8,0.0000,0.0428,0.8756)|(10,23,0.0378,0.1695,0.8570)",3|3|3|3|3|3|3|3|3,1.000000|1.000000|1.000000|1.000000|1.000000|1.000000|1.000000|1.000000|1.000000,192,40,0.5,0.9,0.9,32,0.1,1337,cuda,fastprior
651,9,9,0.985352,0|1|2|3|4|5|6|7|8,0|0|0|0|0|0|0|0|0,40,70848,"(20,4,1.0000,1.0000,1.0000)|(20,4,0.4634,1.0000,1.0000)|(23,26,1.0000,0.9990,1.0000)|(21,29,1.0000,1.0000,1.0000)|(4,21,1.0000,0.2721,0.8208)|(14,7,1.0000,1.0000,1.0000)|(20,4,0.0000,0.0000,0.8831)|(15,6,1.0000,0.5464,0.5413)|(15,6,1.0000,1.0000,1.0000)",9|9|9|9|9|9|9|9|9,0.914551|0.945312|0.999512|0.998535|0.973145|0.986328|0.920898|0.788086|0.687988,192,40,0.5,0.9,0.9,32,0.1,1337,cuda,fastprior
652,5,5,0.999512,0|1|2|3|4|6|7|8|9,0|0|0|1|0|0|0|0|0,40,70848,"(12,4,1.0000,1.0000,1.0000)|(20,11,1.0000,1.0000,1.0000)|(22,15,1.0000,1.0000,1.0000)|(19,5,0.7645,1.0000,1.0000)|(22,15,1.0000,1.0000,1.0000)|(15,1,1.0000,1.0000,1.0000)|(19,13,0.8409,0.7315,0.6191)|(15,2,1.0000,1.0000,1.0000)|(20,3,1.0000,1.0000,1.0000)",5|3|5|5|5|5|3|5|5,0.999512|0.752441|0.556641|0.915039|0.556641|0.999512|0.583496|1.000000|0.996582,192,40,0.5,0.9,0.9,32,0.1,1337,cuda,fastprior
653,6,6,1.000000,0|1|2|3|4|5|7|8|9,0|0|0|0|0|0|0|0|0,40,70848,"(12,15,0.0000,0.0000,0.6626)|(12,15,0.0000,0.0000,0.7479)|(19,6,0.0000,0.0000,0.7233)|(20,13,0.0000,0.0000,0.0000)|(24,19,0.0000,0.0000,1.0000)|(16,10,0.0000,0.0000,0.7922)|(3,23,0.0000,0.0000,0.7071)|(23,12,0.0000,0.0000,1.0000)|(24,20,0.7709,0.3380,0.9622)",6|6|6|6|6|6|6|6|6,1.000000|1.000000|1.000000|1.000000|1.000000|1.000000|1.000000|1.000000|1.000000,192,40,0.5,0.9,0.9,32,0.1,1337,cuda,fastprior
654,9,9,0.999512,0|1|2|3|4|5|6|7|8,0|0|0|0|0|0|0|0|0,40,70848,"(17,2,1.0000,1.0000,1.0000)|(15,21,0.9816,0.2344,1.0000)|(11,14,1.0000,0.5756,0.8605)|(17,2,1.0000,0.8397,0.5374)|(10,13,0.1316,0.4107,0.7454)|(14,17,0.9992,0.3638,1.0000)|(12,12,0.0290,0.6766,1.0000)|(15,16,1.0000,0.8474,1.0000)|(11,14,1.0000,0.3401,1.0000)",9|9|9|9|9|9|9|9|9,0.998535|0.999512|1.000000|0.998535|1.000000|0.999512|1.000000|1.000000|1.000000,192,40,0.5,0.9,0.9,32,0.1,1337,cuda,fastprior
655,2,2,0.989746,0|1|3|4|5|6|7|8|9,0|0|0|1|0|0|0|0|0,40,70848,"(16,5,0.0000,0.0000,0.0000)|(18,5,0.0000,0.0000,0.8848)|(11,23,1.0000,1.0000,1.0000)|(8,21,1.0000,1.0000,1.0000)|(12,13,0.0000,0.0000,1.0000)|(16,5,0.0000,0.0000,0.9612)|(11,26,1.0000,1.0000,1.0000)|(22,18,0.9152,0.0000,0.6234)|(18,5,0.0000,0.0000,0.8645)",2|2|4|2|2|2|2|2|2,1.000000|1.000000|0.981445|0.728516|0.991699|1.000000|0.501465|0.499756|1.000000,192,40,0.5,0.9,0.9,32,0.1,1337,cuda,fastprior
656,1,1,1.000000,0|2|3|4|5|6|7|8|9,0|0|0|0|0|0|0|0|0,40,70848,"(19,3,0.0000,0.0000,0.0409)|(19,3,0.0018,0.0216,0.4669)|(10,3,0.7003,0.0000,0.0000)|(1,12,0.6250,0.0000,0.0000)|(15,8,1.0000,1.0000,1.0000)|(3,10,1.0000,0.0000,0.0000)|(6,18,1.0000,0.0000,0.0000)|(19,3,0.8542,0.0000,0.0000)|(10,3,1.0000,0.0000,0.0000)",1|1|1|1|1|1|1|1|1,1.000000|1.000000|1.000000|1.000000|1.000000|1.000000|1.000000|1.000000|1.000000,192,40,0.5,0.9,0.9,32,0.1,1337,cuda,fastprior
658,4,4,0.995605,0|1|2|3|5|6|7|8|9,0|0|0|0|0|0|0|0|0,40,70848,"(10,10,0.2026,0.9918,1.0000)|(19,22,0.0000,0.0000,0.7353)|(19,11,0.0245,1.0000,1.0000)|(16,13,0.2346,1.0000,1.0000)|(12,7,0.0000,0.0000,0.6653)|(10,10,0.1144,0.0000,0.6277)|(24,8,0.0000,1.0000,0.6006)|(10,10,0.0000,0.0000,0.9424)|(22,25,0.0000,1.0000,1.0000)",4|4|4|4|4|4|4|4|4,0.671875|0.999512|0.989746|0.966309|0.848145|0.791504|0.999023|0.728516|0.998535,192,40,0.5,0.9,0.9,32,0.1,1337,cuda,fastprior
659,1,1,1.000000,0|2|3|4|5|6|7|8|9,0|0|0|0|0|0|0|0|0,40,70848,"(16,9,1.0000,1.0000,1.0000)|(15,10,0.9738,0.7626,1.0000)|(12,26,0.9942,1.0000,1.0000)|(11,7,1.0000,0.9827,1.0000)|(16,9,1.0000,1.0000,0.9906)|(12,10,0.9993,0.4501,1.0000)|(16,7,0.9983,1.0000,1.0000)|(14,9,1.0000,0.9579,0.9976)|(14,26,1.0000,0.9663,1.0000)",1|1|1|1|1|1|1|1|1,1.000000|0.999512|1.000000|1.000000|1.000000|1.000000|1.000000|0.999512|1.000000,192,40,0.5,0.9,0.9,32,0.1,1337,cuda,fastprior
660,9,9,1.000000,0|1|2|3|4|5|6|7|8,0|0|0|0|0|0|0|0|0,40,70848,"(14,13,0.0000,0.0000,1.0000)|(27,11,0.0000,0.0000,0.2983)|(13,13,0.7282,0.3607,0.3190)|(14,12,0.0000,0.0000,0.0003)|(15,3,1.0000,0.9125,0.8525)|(15,17,1.0000,0.2219,0.4128)|(18,4,0.0865,0.0000,0.8279)|(13,15,0.0000,0.0000,0.6413)|(28,11,1.0000,1.0000,1.0000)",9|9|9|9|9|9|9|9|9,1.000000|1.000000|1.000000|1.000000|1.000000|1.000000|1.000000|1.000000|1.000000,192,40,0.5,0.9,0.9,32,0.1,1337,cuda,fastprior
661,4,4,1.000000,0|1|2|3|5|6|7|8|9,0|0|0|0|0|0|0|0|0,40,70848,"(7,14,0.8308,1.0000,1.0000)|(10,13,0.0000,0.0000,1.0000)|(20,10,1.0000,0.1897,0.0526)|(18,23,1.0000,1.0000,1.0000)|(10,13,1.0000,1.0000,1.0000)|(11,8,1.0000,1.0000,1.0000)|(20,10,0.0000,0.0000,1.0000)|(18,21,1.0000,1.0000,1.0000)|(18,21,1.0000,1.0000,1.0000)",4|4|4|4|4|4|4|4|4,1.000000|1.000000|0.999512|0.998535|1.000000|0.998535|0.998535|0.968262|0.968262,192,40,0.5,0.9,0.9,32,0.1,1337,cuda,fastprior
662,7,7,1.000000,0|1|2|3|4|5|6|8|9,0|0|0|0|0|0|0|0|0,40,70848,"(21,6,1.0000,1.0000,1.0000)|(6,9,1.0000,1.0000,1.0000)|(11,15,1.0000,1.0000,1.0000)|(6,9,1.0000,1.0000,1.0000)|(9,12,1.0000,1.0000,1.0000)|(15,13,1.0000,1.0000,1.0000)|(20,6,1.0000,1.0000,1.0000)|(12,13,1.0000,0.8895,1.0000)|(6,9,1.0000,1.0000,1.0000)",7|7|7|7|7|7|7|7|7,1.000000|1.000000|1.000000|1.000000|1.000000|1.000000|1.000000|1.000000|1.000000,192,40,0.5,0.9,0.9,32,0.1,1337,cuda,fastprior
663,6,6,0.914062,0|1|2|3|4|5|7|8|9,0|0|0|0|0|1|0|0|0,40,70848,"(5,11,1.0000,1.0000,1.0000)|(19,21,1.0000,1.0000,1.0000)|(24,13,0.9994,1.0000,1.0000)|(14,14,1.0000,1.0000,0.8188)|(24,14,1.0000,0.3300,0.6819)|(19,21,0.5065,0.7540,0.9285)|(11,6,0.0000,1.0000,1.0000)|(15,16,0.0000,0.0000,0.8155)|(5,10,0.0000,0.0000,0.3216)",5|5|6|6|6|5|5|5|5,0.817871|0.999512|0.907227|0.994141|0.479492|1.000000|0.932617|0.530762|0.613281,192,40,0.5,0.9,0.9,32,0.1,1337,cuda,fastprior
664,3,3,1.000000,0|1|2|4|5|6|7|8|9,0|0|0|0|0|0|0|0|0,40,70848,"(22,10,0.9953,1.0000,1.0000)|(26,15,1.0000,0.8917,0.7214)|(21,4,0.0000,0.0465,0.6582)|(19,15,0.0000,0.0000,0.9257)|(18,7,0.0000,0.0118,0.7328)|(14,2,0.0000,0.0000,0.8467)|(19,14,0.0000,0.0000,1.0000)|(19,15,0.0000,0.0000,0.7312)|(19,15,1.0000,0.8905,0.7616)",3|3|3|3|3|3|3|3|3,1.000000|1.000000|1.000000|0.998047|1.000000|1.000000|0.999023|0.998535|1.000000,192,40,0.5,0.9,0.9,32,0.1,1337,cuda,fastprior
666,9,9,1.000000,0|1|2|3|4|5|6|7|8,0|0|0|0|0|0|0|0|0,40,70848,"(24,26,0.0544,0.4866,0.1078)|(24,27,0.0000,0.0000,0.8116)|(16,9,0.2048,0.1965,0.1697)|(19,18,0.0000,0.0000,0.3484)|(30,10,0.7440,0.7314,0.1424)|(16,18,1.0000,1.0000,1.0000)|(5,0,0.1595,0.9961,0.7809)|(5,0,0.9156,0.3873,0.4221)|(24,28,0.0803,0.3189,0.9559)",9|9|9|9|9|9|9|9|9,1.000000|1.000000|1.000000|1.000000|1.000000|1.000000|1.000000|1.000000|1.000000,192,40,0.5,0.9,0.9,32,0.1,1337,cuda,fastprior
667,0,0,1.000000,1|2|3|4|5|6|7|8|9,0|0|0|0|0|0|0|0|0,40,70848,"(18,25,0.2245,0.1226,0.0000)|(24,19,0.9992,0.0702,0.0858)|(24,19,0.0334,1.0000,0.0000)|(21,13,0.2902,0.2290,0.0000)|(21,13,0.2662,0.9358,0.0000)|(11,15,0.0732,1.0000,0.0000)|(11,26,0.0000,0.0811,1.0000)|(25,18,0.0000,0.4694,0.0000)|(25,18,0.3659,0.2511,0.1188)",0|0|0|0|0|0|0|0|0,1.000000|0.993164|0.988281|1.000000|0.999512|1.000000|1.000000|0.971680|0.975098,192,40,0.5,0.9,0.9,32,0.1,1337,cuda,fastprior
668,1,1,1.000000,0|2|3|4|5|6|7|8|9,0|0|0|0|0|0|0|0|0,40,70848,"(22,7,1.0000,0.8008,1.0000)|(21,6,1.0000,0.8184,0.9820)|(8,18,1.0000,0.9362,1.0000)|(9,19,1.0000,0.7954,1.0000)|(4,14,1.0000,0.6866,1.0000)|(26,25,0.6549,1.0000,1.0000)|(9,19,0.6717,1.0000,1.0000)|(9,19,1.0000,0.7811,1.0000)|(9,19,0.7441,1.0000,1.0000)",1|1|1|1|1|1|1|1|1,1.000000|1.000000|0.999023|0.999023|1.000000|1.000000|0.999023|0.999023|0.999023,192,40,0.5,0.9,0.9,32,0.1,1337,cuda,fastprior
669,3,3,1.000000,0|1|2|4|5|6|7|8|9,0|0|0|0|0|0|0|0|0,40,70848,"(10,28,1.0000,1.0000,1.0000)|(20,7,1.0000,1.0000,1.0000)|(16,13,1.0000,1.0000,0.9986)|(21,15,1.0000,1.0000,1.0000)|(21,14,1.0000,0.9705,0.9498)|(16,13,1.0000,0.9914,1.0000)|(13,17,1.0000,0.9944,1.0000)|(13,17,1.0000,1.0000,1.0000)|(16,13,1.0000,1.0000,0.9915)",3|3|3|3|3|3|3|3|3,1.000000|0.999512|0.952148|1.000000|1.000000|0.952637|0.999023|0.999023|0.952637,192,40,0.5,0.9,0.9,32,0.1,1337,cuda,fastprior
670,6,6,1.000000,0|1|2|3|4|5|7|8|9,0|0|0|0|0|0|0|0|0,40,70848,"(14,24,0.0000,0.0039,0.0000)|(26,13,0.0000,0.0000,0.0000)|(16,24,0.0000,0.0000,0.7113)|(15,23,0.0000,0.0000,0.1226)|(13,30,0.0000,0.0000,0.0883)|(14,24,0.0000,0.0000,0.3688)|(13,21,0.0000,0.0000,0.3575)|(16,24,0.0000,0.0000,0.7850)|(14,24,0.0000,0.0000,0.0000)",6|6|6|6|6|6|6|6|6,1.000000|1.000000|1.000000|1.000000|1.000000|1.000000|1.000000|1.000000|1.000000,192,40,0.5,0.9,0.9,32,0.1,1337,cuda,fastprior
671,3,3,0.930664,0|1|2|4|5|6|7|8|9,0|0|0|0|1|0|0|0|0,40,70848,"(15,15,1.0000,0.1683,0.0745)|(17,16,0.0000,0.0000,0.4367)|(18,17,1.0000,1.0000,0.1948)|(17,16,0.1636,0.0000,0.7527)|(16,19,0.0000,0.0000,0.8752)|(10,15,0.0000,0.0000,0.9975)|(16,19,1.0000,0.0000,0.0000)|(12,21,0.0000,0.0000,1.0000)|(16,24,0.0000,0.0000,1.0000)",5|3|3|3|5|3|3|3|3,0.655762|0.499512|0.889160|0.512695|0.995117|0.962402|0.808105|0.772461|0.624023,192,40,0.5,0.9,0.9,32,0.1,1337,cuda,fastprior
673,3,3,1.000000,0|1|2|4|5|6|7|8|9,0|0|0|0|0|0|0|0|0,40,70848,"(12,17,0.0000,0.0000,0.9653)|(15,13,1.0000,0.0000,0.0000)|(7,15,1.0000,0.0000,0.0000)|(7,16,0.0000,0.0000,0.6490)|(12,17,0.0000,0.0000,0.9478)|(7,14,0.0000,0.0000,0.5768)|(8,16,0.0000,0.0000,1.0000)|(9,16,0.0000,0.0000,0.9968)|(18,22,0.0938,1.0000,1.0000)",3|3|3|3|3|3|3|3|3,0.996582|0.999512|0.995117|0.997070|0.996582|0.998535|0.997559|0.994629|1.000000,192,40,0.5,0.9,0.9,32,0.1,1337,cuda,fastprior
674,2,2,0.999023,0|1|3|4|5|6|7|8|9,0|0|0|1|0|0|0|0|0,40,70848,"(20,12,1.0000,1.0000,0.9971)|(18,8,0.9968,0.7549,0.7651)|(20,4,1.0000,1.0000,1.0000)|(19,6,0.8474,0.1814,1.0000)|(18,8,0.8218,0.5222,1.0000)|(25,17,1.0000,0.8882,0.9979)|(22,18,1.0000,1.0000,1.0000)|(18,8,1.0000,0.0384,1.0000)|(20,11,1.0000,1.0000,1.0000)",2|2|2|4|2|2|0|4|2,0.949219|0.378906|0.999023|0.923828|0.451904|0.524902|0.613770|0.450439|0.997070,192,40,0.5,0.9,0.9,32,0.1,1337,cuda,fastprior
675,0,0,0.600586,1|2|3|4|5|6|7|8|9,0|0|0|0|0|0|0|0|0,40,70848,"(7,2,1.0000,0.4939,0.0078)|(7,4,0.3349,0.5891,0.0000)|(7,9,0.1960,1.0000,0.5394)|(20,13,0.3123,0.2605,0.2706)|(23,29,0.9026,1.0000,1.0000)|(29,28,1.0000,1.0000,0.3871)|(7,9,0.7318,0.4803,0.2523)|(10,13,0.6684,0.3860,0.1025)|(26,11,0.9699,0.8220,1.0000)",0|0|0|0|8|0|0|0|0,0.509766|0.505371|0.519043|0.665039|0.531738|0.652344|0.527832|0.641602|0.570312,192,40,0.5,0.9,0.9,32,0.1,1337,cuda,fastprior
676,3,3,1.000000,0|1|2|4|5|6|7|8|9,0|0|0|0|0|0|0|0|0,40,70848,"(19,20,0.9232,0.5223,0.8641)|(13,7,0.0045,0.0000,0.7551)|(15,6,0.9334,0.7845,1.0000)|(20,2,0.1645,0.0000,0.9168)|(14,7,1.0000,0.5634,1.0000)|(20,2,0.9819,0.5963,1.0000)|(13,17,0.0121,0.1421,1.0000)|(13,17,0.0000,0.0000,0.7742)|(13,17,0.0000,0.0000,0.8102)",3|3|3|3|3|3|3|3|3,1.000000|1.000000|1.000000|1.000000|1.000000|0.999512|1.000000|1.000000|1.000000,192,40,0.5,0.9,0.9,32,0.1,1337,cuda,fastprior
677,1,1,0.998535,0|2|3|4|5|6|7|8|9,0|0|0|0|0|0|0|0|0,40,70848,"(16,13,0.7711,0.7544,1.0000)|(9,4,1.0000,1.0000,0.9870)|(17,15,0.9244,0.7091,1.0000)|(2,17,0.0000,0.6506,1.0000)|(15,11,0.6644,0.5161,0.9308)|(15,11,0.1211,0.0000,0.0839)|(7,14,0.0000,0.5014,1.0000)|(16,13,0.6479,0.6245,1.0000)|(12,16,0.0000,0.3991,0.9455)",1|1|1|1|1|1|1|1|1,0.876465|0.998535|0.999512|0.830078|0.988770|0.980957|0.899902|0.873047|0.985840,192,40,0.5,0.9,0.9,32,0.1,1337,cuda,fastprior
678,0,0,0.994141,1|2|3|4|5|6|7|8|9,0|0|0|0|0|0|0|0|0,40,70848,"(26,7,0.0000,0.0000,0.8874)|(20,9,0.0000,0.0000,1.0000)|(19,11,0.0000,0.0000,0.0620)|(20,14,1.0000,1.0000,1.0000)|(21,16,0.1751,0.0000,0.0000)|(19,10,0.6266,0.0000,0.0000)|(20,9,0.0000,0.0000,0.6834)|(22,11,0.5967,0.0000,0.0523)|(9,4,0.0000,0.0000,0.6194)",0|0|0|0|0|0|0|0|0,0.992188|0.962891|0.964355|0.512695|0.873535|0.980469|0.954590|0.989258|0.999023,192,40,0.5,0.9,0.9,32,0.1,1337,cuda,fastprior
679,5,5,0.999512,0|1|2|3|4|6|7|8|9,0|0|0|1|0|0|0|0|0,40,70848,"(13,25,1.0000,0.9995,1.0000)|(19,15,1.0000,1.0000,1.0000)|(20,14,1.0000,1.0000,1.0000)|(22,16,0.6204,0.9903,0.2873)|(20,14,1.0000,1.0000,0.9959)|(20,14,0.9985,1.0000,1.0000)|(19,15,1.0000,1.0000,1.0000)|(21,16,1.0000,1.0000,1.0000)|(15,10,1.0000,1.0000,1.0000)",5|5|5|5|5|5|5|5|3,1.000000|0.928711|0.734375|0.997559|0.735840|0.732910|0.928711|0.975098|0.758301,192,40,0.5,0.9,0.9,32,0.1,1337,cuda,fastprior
681,6,6,1.000000,0|1|2|3|4|5|7|8|9,0|0|0|0|0|0|0|0|0,40,70848,"(9,17,1.0000,1.0000,1.0000)|(8,8,1.0000,1.0000,1.0000)|(4,1,1.0000,1.0000,1.0000)|(22,21,1.0000,0.9958,1.0000)|(22,18,1.0000,1.0000,1.0000)|(13,8,1.0000,1.0000,1.0000)|(14,5,1.0000,1.0000,1.0000)|(10,6,1.0000,1.0000,1.0000)|(13,8,1.0000,1.0000,1.0000)",6|6|6|6|6|6|6|6|6,1.000000|1.000000|1.000000|1.000000|1.000000|0.997559|1.000000|1.000000|0.997559,192,40,0.5,0.9,0.9,32,0.1,1337,cuda,fastprior
682,4,4,0.997070,0|1|2|3|5|6|7|8|9,1|0|0|0|0|0|0|0|0,40,70848,"(11,16,0.6598,0.9939,1.0000)|(7,14,0.7997,1.0000,0.4666)|(14,17,1.0000,0.8421,0.8574)|(21,14,0.0998,0.5744,0.3794)|(10,16,0.0000,0.0169,0.7186)|(14,17,0.6247,0.0000,0.0000)|(12,7,0.0000,0.5052,1.0000)|(14,17,1.0000,0.0000,0.0000)|(10,16,0.1237,0.9763,0.5844)",0|4|0|4|4|0|4|0|4,0.976074|0.928711|0.879395|0.977539|0.996582|0.431641|0.839844|0.631348|0.888672,192,40,0.5,0.9,0.9,32,0.1,1337,cuda,fastprior
684,9,9,0.999512,0|1|2|3|4|5|6|7|8,0|0|0|0|0|0|0|0|0,40,70848,"(20,16,0.0000,0.0000,1.0000)|(2,10,0.0000,0.1739,1.0000)|(20,16,0.0000,0.9797,1.0000)|(10,21,1.0000,1.0000,0.7574)|(16,24,0.0000,0.3925,1.0000)|(20,16,0.0000,0.1498,1.0000)|(20,16,0.0000,0.0000,1.0000)|(20,16,0.0000,1.0000,1.0000)|(16,24,0.2562,0.0000,0.0000)",9|9|9|9|9|9|9|9|9,0.740234|1.000000|0.889648|0.998535|1.000000|0.726562|0.740234|0.893066|1.000000,192,40,0.5,0.9,0.9,32,0.1,1337,cuda,fastprior
686,9,9,0.999512,0|1|2|3|4|5|6|7|8,0|0|0|0|0|0|0|0|0,40,70848,"(11,23,1.0000,0.7698,1.0000)|(15,10,0.0000,1.0000,1.0000)|(12,9,1.0000,0.7443,0.0285)|(12,22,0.2001,1.0000,0.9850)|(30,19,1.0000,1.0000,1.0000)|(13,10,1.0000,0.3051,0.0000)|(11,22,1.0000,0.2519,0.1455)|(11,22,1.0000,1.0000,1.0000)|(27,21,1.0000,0.8030,1.0000)",9|9|9|9|9|9|9|9|9,0.997559|1.000000|0.999512|0.990723|1.000000|1.000000|0.989258|0.987305|0.994629,192,40,0.5,0.9,0.9,32,0.1,1337,cuda,fastprior
687,6,6,0.992188,0|1|2|3|4|5|7|8|9,0|0|1|1|0|0|0|0|0,40,70848,"(15,19,0.0000,0.0000,0.4635)|(3,19,0.0000,0.0000,1.0000)|(17,10,0.0000,0.0377,1.0000)|(10,19,0.0000,0.0000,0.6355)|(19,2,0.0000,0.0000,1.0000)|(3,21,0.0000,0.0000,0.6415)|(17,10,0.0000,0.6100,1.0000)|(12,15,0.0000,0.0016,1.0000)|(10,15,0.0000,0.0000,1.0000)",6|6|2|6|6|6|2|6|6,0.982910|0.993164|0.960938|0.986328|0.996582|0.985840|0.938477|0.406006|0.748047,192,40,0.5,0.9,0.9,32,0.1,1337,cuda,fastprior
688,3,3,1.000000,0|1|2|4|5|6|7|8|9,0|0|0|0|0|0|0|0|0,40,70848,"(24,15,1.0000,1.0000,1.0000)|(24,15,1.0000,1.0000,0.9991)|(6,13,0.8914,0.8315,1.0000)|(17,14,1.0000,1.0000,1.0000)|(7,14,1.0000,1.0000,1.0000)|(24,15,1.0000,1.0000,0.6386)|(11,12,1.0000,1.0000,1.0000)|(13,13,1.0000,1.0000,1.0000)|(24,15,1.0000,1.0000,1.0000)",3|3|3|3|3|3|3|3|3,0.896484|0.895996|1.000000|1.000000|1.000000|0.812012|0.983398|0.999512|0.896484,192,40,0.5,0.9,0.9,32,0.1,1337,cuda,fastprior
689,0,0,0.530273,1|2|3|4|5|6|7|8|9,0|0|0|0|0|1|0|0|0,40,70848,"(8,19,1.0000,1.0000,1.0000)|(11,18,1.0000,1.0000,1.0000)|(20,19,0.9987,1.0000,1.0000)|(6,15,1.0000,1.0000,1.0000)|(11,18,0.0454,0.2268,0.6384)|(11,15,0.2011,0.9155,0.2558)|(26,15,0.0000,0.0000,0.9669)|(28,11,1.0000,1.0000,1.0000)|(14,16,1.0000,1.0000,0.6983)",6|0|0|0|6|0|0|6|6,0.391602|0.904785|0.923340|0.551758|0.630371|0.556152|0.913086|0.664062|0.527344,192,40,0.5,0.9,0.9,32,0.1,1337,cuda,fastprior
690,3,3,0.998047,0|1|2|4|5|6|7|8|9,0|0|0|0|0|0|0|0|0,40,70848,"(13,10,0.0469,0.1933,0.5766)|(14,13,0.0000,0.0270,0.6888)|(21,18,1.0000,0.8795,1.0000)|(12,15,0.1340,0.0000,0.3948)|(21,25,0.0000,0.0000,0.9224)|(20,24,0.0000,0.0000,0.7337)|(16,15,0.1848,0.1990,0.8235)|(16,15,0.0000,0.4619,0.6724)|(16,21,0.1602,0.2517,0.8564)",3|3|3|3|3|3|3|3|3,0.998535|1.000000|0.701172|1.000000|0.999512|1.000000|0.993164|0.992188|0.999023,192,40,0.5,0.9,0.9,32,0.1,1337,cuda,fastprior
691,2,2,1.000000,0|1|3|4|5|6|7|8|9,0|0|0|0|0|0|0|0|0,40,70848,"(25,14,1.0000,1.0000,0.7396)|(18,12,1.0000,0.7607,0.8504)|(22,10,1.0000,0.8491,1.0000)|(22,10,1.0000,0.9919,0.4291)|(24,11,0.9877,0.7516,0.8610)|(22,11,1.0000,0.7403,0.8777)|(24,11,1.0000,1.0000,0.8277)|(24,11,1.0000,0.9315,0.8707)|(22,8,1.0000,1.0000,0.7021)",2|2|2|2|2|2|2|2|2,0.998535|0.999023|0.997559|0.996582|0.996582|0.997070|0.996582|0.996094|1.000000,192,40,0.5,0.9,0.9,32,0.1,1337,cuda,fastprior
692,2,2,0.952637,0|1|3|4|5|6|7|8|9,1|0|0|0|0|0|0|0|0,40,70848,"(26,18,1.0000,0.0565,0.0000)|(27,18,1.0000,1.0000,1.0000)|(13,16,1.0000,1.0000,1.0000)|(20,16,0.2888,0.0000,0.0000)|(12,22,1.0000,1.0000,1.0000)|(12,22,1.0000,1.0000,0.8740)|(21,16,1.0000,0.0000,0.0000)|(13,18,0.7893,0.3608,0.0000)|(17,14,1.0000,0.9894,0.5742)",0|2|2|2|2|2|2|2|2,0.917480|0.893066|0.919434|0.699219|0.978027|0.977539|0.660156|0.968262|0.898438,192,40,0.5,0.9,0.9,32,0.1,1337,cuda,fastprior
693,7,7,1.000000,0|1|2|3|4|5|6|8|9,0|0|0|0|0|0|0|0|0,40,70848,"(19,14,1.0000,1.0000,0.7191)|(19,10,1.0000,0.9969,0.5264)|(4,11,1.0000,1.0000,0.8853)|(19,14,1.0000,1.0000,0.7375)|(12,26,1.0000,0.9564,0.5387)|(19,14,0.0000,0.0000,0.0000)|(8,6,1.0000,1.0000,0.6112)|(19,14,1.0000,0.9617,0.6881)|(17,20,1.0000,1.0000,0.6614)",7|7|7|7|7|7|7|7|7,0.999512|1.000000|1.000000|0.999512|1.000000|0.999512|1.000000|0.999512|1.000000,192,40,0.5,0.9,0.9,32,0.1,1337,cuda,fastprior
694,8,8,1.000000,0|1|2|3|4|5|6|7|9,0|0|0|0|0|0|0|0|0,40,70848,"(20,27,1.0000,0.7991,1.0000)|(10,24,1.0000,0.8437,0.9077)|(14,6,1.0000,1.0000,1.0000)|(19,24,1.0000,0.7666,0.8669)|(19,24,1.0000,0.8359,1.0000)|(3,10,1.0000,0.7841,0.8756)|(10,10,1.0000,0.8093,0.8145)|(10,24,0.9963,0.8119,0.8247)|(10,24,1.0000,0.7290,0.4229)",8|8|8|8|8|8|8|8|8,1.000000|1.000000|1.000000|1.000000|1.000000|1.000000|1.000000|1.000000|1.000000,192,40,0.5,0.9,0.9,32,0.1,1337,cuda,fastprior
695,3,3,1.000000,0|1|2|4|5|6|7|8|9,0|0|0|0|0|0|0|0|0,40,70848,"(28,16,0.9360,1.0000,1.0000)|(13,9,1.0000,1.0000,1.0000)|(20,18,0.9897,1.0000,1.0000)|(16,9,1.0000,1.0000,1.0000)|(21,11,0.0000,0.0000,0.4836)|(6,25,1.0000,1.0000,1.0000)|(15,22,0.8519,1.0000,1.0000)|(10,11,0.7887,1.0000,1.0000)|(5,27,0.8276,1.0000,0.8233)",3|3|3|3|3|3|3|3|3,1.000000|1.000000|1.000000|1.000000|1.000000|1.000000|1.000000|1.000000|1.000000,192,40,0.5,0.9,0.9,32,0.1,1337,cuda,fastprior
696,8,8,0.999512,0|1|2|3|4|5|6|7|9,0|0|0|0|0|0|0|0|0,40,70848,"(21,7,0.0000,0.0000,0.5449)|(9,13,1.0000,1.0000,1.0000)|(17,6,0.0000,0.0000,1.0000)|(17,6,0.0000,0.0000,1.0000)|(25,18,0.0000,0.0000,0.6533)|(20,7,0.0000,0.0000,0.9992)|(3,22,0.0000,0.0000,1.0000)|(20,7,0.0000,0.0000,1.0000)|(21,7,0.0000,0.0000,1.0000)",8|8|8|8|8|8|8|8|8,0.645996|0.999512|0.958984|0.958984|0.999512|0.745605|1.000000|0.746094|0.664551,192,40,0.5,0.9,0.9,32,0.1,1337,cuda,fastprior
697,2,2,0.999023,0|1|3|4|5|6|7|8|9,1|0|0|0|0|0|0|0|0,40,70848,"(28,3,1.0000,1.0000,1.0000)|(16,22,1.0000,1.0000,1.0000)|(20,6,0.9602,0.8794,0.4527)|(28,17,1.0000,0.7591,0.4353)|(25,21,1.0000,1.0000,1.0000)|(20,6,0.8443,0.6574,0.2625)|(20,3,1.0000,1.0000,1.0000)|(22,3,1.0000,1.0000,1.0000)|(16,22,1.0000,0.8918,0.3934)",2|2|2|0|2|2|2|2|2,0.998047|0.999512|0.978027|0.917969|0.994629|0.981934|0.999512|1.000000|0.999023,192,40,0.5,0.9,0.9,32,0.1,1337,cuda,fastprior
698,7,7,0.999023,0|1|2|3|4|5|6|8|9,0|0|0|0|0|0|0|0|0,40,70848,"(16,27,0.8240,0.0000,0.5484)|(17,28,1.0000,1.0000,1.0000)|(13,10,0.7543,0.0000,0.4694)|(17,28,1.0000,0.0000,0.0000)|(18,28,0.8104,0.0000,0.4530)|(12,8,0.1971,0.0000,0.0000)|(17,25,1.0000,1.0000,1.0000)|(11,11,1.0000,0.0000,0.0000)|(16,24,0.7829,0.0000,0.4522)",7|7|7|7|7|7|7|7|7,0.998047|0.999023|1.000000|0.995117|0.994141|0.999023|0.998535|0.999512|0.998535,192,40,0.5,0.9,0.9,32,0.1,1337,cuda,fastprior
699,5,5,0.999512,0|1|2|3|4|6|7|8|9,0|0|0|0|0|0|0|0|0,40,70848,"(22,18,0.7810,1.0000,0.9152)|(21,12,1.0000,0.9689,1.0000)|(13,27,1.0000,1.0000,1.0000)|(17,17,1.0000,1.0000,1.0000)|(22,18,1.0000,1.0000,0.7486)|(23,1,1.0000,1.0000,0.8374)|(21,19,1.0000,0.1050,0.0089)|(9,30,0.7865,0.8457,0.5415)|(19,9,0.9103,0.0000,0.0131)",5|5|5|5|5|5|5|5|5,0.968262|0.931641|0.998535|1.000000|0.979980|0.984375|0.999512|0.998535|0.940430,192,40,0.5,0.9,0.9,32,0.1,1337,cuda,fastprior
700,7,7,1.000000,0|1|2|3|4|5|6|8|9,0|0|0|0|0|0|0|0|0,40,70848,"(15,17,0.0000,0.0000,0.9835)|(16,23,0.0000,0.0000,1.0000)|(13,12,0.0000,0.0000,1.0000)|(15,13,0.0000,0.0000,0.8656)|(22,4,0.0000,0.0000,1.0000)|(15,13,0.0000,0.0000,0.8594)|(8,14,0.0000,0.0000,1.0000)|(15,17,0.0000,0.0000,1.0000)|(24,5,1.0000,0.0000,0.2938)",7|7|7|7|7|7|7|7|7,1.000000|1.000000|1.000000|1.000000|1.000000|1.000000|1.000000|1.000000|1.000000,192,40,0.5,0.9,0.9,32,0.1,1337,cuda,fastprior
701,2,2,1.000000,0|1|3|4|5|6|7|8|9,0|0|0|0|0|0|0|0|0,40,70848,"(14,12,0.0000,0.0000,0.4054)|(13,16,1.0000,1.0000,1.0000)|(24,2,1.0000,1.0000,1.0000)|(24,2,1.0000,1.0000,1.0000)|(14,17,0.0000,0.0000,0.5133)|(14,20,0.0000,0.0000,0.1667)|(8,12,0.0000,0.0000,1.0000)|(14,18,0.0000,0.0000,0.1712)|(14,17,1.0000,1.0000,1.0000)",2|2|2|2|2|2|2|2|2,1.000000|1.000000|1.000000|1.000000|1.000000|1.000000|1.000000|0.999512|0.999512,192,40,0.5,0.9,0.9,32,0.1,1337,cuda,fastprior
702,4,4,1.000000,0|1|2|3|5|6|7|8|9,0|0|0|0|0|0|0|0|0,40,70848,"(30,8,0.0000,0.0000,0.9681)|(14,14,0.0000,0.0000,1.0000)|(14,14,0.0000,0.0000,1.0000)|(19,18,0.0000,0.0000,1.0000)|(14,14,0.0000,0.0000,1.0000)|(14,14,0.0000,0.0000,1.0000)|(14,15,0.0000,0.0000,0.8387)|(14,14,0.0000,0.0000,0.9459)|(14,14,0.0000,0.0000,0.8661)",4|4|4|4|4|4|4|4|4,1.000000|0.999512|0.999512|1.000000|0.999512|0.999512|1.000000|0.999512|0.999512,192,40,0.5,0.9,0.9,32,0.1,1337,cuda,fastprior
703,8,8,1.000000,0|1|2|3|4|5|6|7|9,0|0|0|0|0|0|0|0|0,40,70848,"(17,18,1.0000,1.0000,1.0000)|(18,13,1.0000,1.0000,1.0000)|(23,30,0.9915,1.0000,1.0000)|(19,24,1.0000,0.9892,0.7549)|(11,15,1.0000,1.0000,0.7783)|(17,18,1.0000,1.0000,0.9213)|(19,24,1.0000,1.0000,1.0000)|(14,5,1.0000,1.0000,0.9706)|(21,30,1.0000,1.0000,0.7298)",8|8|8|8|8|8|8|8|8,1.000000|1.000000|1.000000|1.000000|1.000000|1.000000|1.000000|1.000000|1.000000,192,40,0.5,0.9,0.9,32,0.1,1337,cuda,fastprior
704,7,7,0.982422,0|1|2|3|4|5|6|8|9,0|0|1|0|0|0|0|0|0,40,70848,"(22,21,1.0000,1.0000,1.0000)|(14,7,1.0000,1.0000,0.5277)|(14,19,0.9994,0.6431,1.0000)|(14,16,1.0000,1.0000,0.5377)|(14,8,0.8286,0.7413,0.7357)|(9,7,1.0000,0.6806,1.0000)|(9,7,0.9879,1.0000,1.0000)|(22,16,1.0000,1.0000,1.0000)|(13,18,0.9919,0.6188,0.3270)",7|7|7|7|7|5|7|7|7,0.908203|0.999512|0.436035|0.730469|0.999023|0.492432|0.577637|0.487061|0.542969,192,40,0.5,0.9,0.9,32,0.1,1337,cuda,fastprior
705,4,4,1.000000,0|1|2|3|5|6|7|8|9,0|0|0|0|0|0|0|0|0,40,70848,"(17,22,0.0230,0.0000,0.0000)|(24,4,0.2131,0.0000,0.0000)|(17,22,0.0000,0.0008,0.0000)|(23,24,0.0000,0.0000,0.6034)|(9,14,0.0000,0.0000,0.9972)|(23,10,0.1286,0.0000,0.0000)|(9,14,0.0000,0.0000,0.9780)|(9,14,0.0000,0.0000,1.0000)|(21,17,0.0125,0.0000,0.0000)",4|4|4|4|4|4|4|4|4,1.000000|1.000000|1.000000|1.000000|1.000000|1.000000|1.000000|1.000000|1.000000,192,40,0.5,0.9,0.9,32,0.1,1337,cuda,fastprior
706,2,2,0.999512,0|1|3|4|5|6|7|8|9,0|0|0|0|0|0|0|0|0,40,70848,"(12,9,0.8558,0.0000,0.0000)|(21,9,0.6570,0.2537,0.0000)|(10,17,0.6748,0.2292,0.0000)|(19,12,0.7810,0.3367,0.0000)|(11,16,0.9755,0.0000,0.0000)|(17,27,0.9356,0.0000,0.0000)|(10,17,1.0000,0.0000,0.0000)|(11,16,0.8889,0.3062,0.0000)|(11,16,0.8828,0.0028,0.0000)",2|2|2|2|2|2|2|2|2,1.000000|0.996094|0.996582|1.000000|0.973145|0.997559|0.997559|0.966797|0.970703,192,40,0.5,0.9,0.9,32,0.1,1337,cuda,fastprior
707,9,9,1.000000,0|1|2|3|4|5|6|7|8,0|0|0|0|0|0|0|0|0,40,70848,"(14,22,1.0000,0.7168,0.8307)|(15,4,1.0000,1.0000,1.0000)|(8,13,0.8231,0.7260,0.4231)|(14,17,1.0000,0.9991,0.7652)|(15,4,1.0000,0.9402,0.6521)|(15,4,1.0000,0.8620,1.0000)|(14,15,0.9969,0.9870,0.9951)|(15,4,1.0000,1.0000,1.0000)|(6,17,1.0000,0.8168,1.0000)",9|9|9|9|9|9|9|9|9,1.000000|1.000000|1.000000|1.000000|1.000000|1.000000|1.000000|1.000000|1.000000,192,40,0.5,0.9,0.9,32,0.1,1337,cuda,fastprior
708,8,8,0.999512,0|1|2|3|4|5|6|7|9,0|0|0|0|0|0|0|0|0,40,70848,"(23,25,0.0000,0.0000,0.9962)|(17,16,1.0000,1.0000,1.0000)|(11,8,0.0000,0.0000,0.9910)|(17,15,0.0000,0.1002,0.0000)|(15,15,0.0000,0.0000,1.0000)|(24,20,0.0000,0.0000,1.0000)|(23,20,0.0000,0.0000,0.5072)|(14,22,0.0000,0.0000,1.0000)|(15,8,0.0000,0.0000,0.0302)",8|8|8|8|8|8|8|8|8,1.000000|0.999512|0.943359|0.993164|0.872070|0.999512|0.999512|0.996094|0.988770,192,40,0.5,0.9,0.9,32,0.1,1337,cuda,fastprior
709,8,8,1.000000,0|1|2|3|4|5|6|7|9,0|0|0|0|0|0|0|0|0,40,70848,"(22,4,0.0000,0.0000,1.0000)|(11,6,0.0000,0.0046,1.0000)|(11,6,0.0000,0.0000,0.2832)|(19,4,0.0000,0.5326,0.2372)|(11,6,0.0000,0.0000,0.1383)|(17,10,0.0000,0.0000,1.0000)|(17,10,0.0000,0.0000,0.3616)|(21,4,0.0000,0.0219,0.5592)|(11,6,0.0000,0.0000,1.0000)",8|8|8|8|8|8|8|8|8,1.000000|1.000000|1.000000|1.000000|1.000000|1.000000|1.000000|1.000000|1.000000,192,40,0.5,0.9,0.9,32,0.1,1337,cuda,fastprior
710,6,6,0.889160,0|1|2|3|4|5|7|8|9,0|0|0|0|0|0|0|0|0,40,70848,"(7,9,1.0000,1.0000,1.0000)|(18,16,1.0000,1.0000,1.0000)|(15,19,0.0235,1.0000,1.0000)|(12,11,1.0000,1.0000,1.0000)|(18,16,1.0000,1.0000,0.3071)|(14,14,0.0000,0.0000,0.2416)|(17,12,0.0000,0.0000,0.0000)|(24,7,1.0000,1.0000,1.0000)|(14,15,1.0000,1.0000,0.7445)",2|6|6|2|6|6|6|6|2,0.571289|0.570801|0.904785|0.401611|0.674805|0.587891|0.595215|0.854980|0.480713,192,40,0.5,0.9,0.9,32,0.1,1337,cuda,fastprior
711,8,8,1.000000,0|1|2|3|4|5|6|7|9,1|0|0|0|0|0|0|0|0,40,70848,"(19,16,0.0000,0.0000,0.0000)|(12,13,0.0000,0.0000,0.0208)|(17,10,1.0000,0.0758,0.0000)|(17,10,0.5626,0.0748,0.0000)|(5,25,0.6411,0.1085,0.1743)|(24,24,0.6658,0.1967,0.0000)|(17,16,0.7438,0.1408,0.0000)|(8,9,0.8059,0.0000,0.0000)|(5,24,1.0000,0.1001,0.0000)",8|0|0|0|8|8|8|8|8,0.950684|0.721191|0.537598|0.799316|0.989258|0.999023|0.987793|0.990723|0.807617,192,40,0.5,0.9,0.9,32,0.1,1337,cuda,fastprior
712,8,8,1.000000,0|1|2|3|4|5|6|7|9,0|0|0|0|0|0|0|0|0,40,70848,"(23,21,1.0000,1.0000,1.0000)|(19,27,1.0000,0.9797,0.8240)|(18,6,0.0000,0.0000,1.0000)|(16,4,1.0000,1.0000,0.9780)|(23,21,1.0000,0.9803,0.7820)|(23,19,1.0000,1.0000,0.7916)|(23,19,1.0000,1.0000,0.8068)|(18,27,1.0000,1.0000,0.7908)|(8,13,1.0000,0.7162,0.7062)",8|8|8|8|8|8|8|8|8,0.996582|1.000000|0.998535|1.000000|0.996582|0.998047|0.998047|1.000000|1.000000,192,40,0.5,0.9,0.9,32,0.1,1337,cuda,fastprior
713,7,7,1.000000,0|1|2|3|4|5|6|8|9,0|0|0|0|0|0|0|0|0,40,70848,"(26,13,1.0000,1.0000,1.0000)|(22,11,1.0000,1.0000,1.0000)|(18,15,1.0000,1.0000,0.9969)|(24,17,1.0000,1.0000,0.9994)|(27,15,1.0000,1.0000,1.0000)|(18,17,1.0000,1.0000,1.0000)|(24,13,1.0000,1.0000,1.0000)|(24,24,1.0000,1.0000,1.0000)|(19,15,1.0000,1.0000,0.9945)",7|7|7|7|7|7|7|7|7,1.000000|0.999512|0.983398|1.000000|1.000000|0.960938|1.000000|1.000000|0.998047,192,40,0.5,0.9,0.9,32,0.1,1337,cuda,fastprior
714,4,4,1.000000,0|1|2|3|5|6|7|8|9,0|0|0|0|0|0|0|0|0,40,70848,"(14,8,1.0000,1.0000,1.0000)|(20,18,1.0000,0.8223,0.5209)|(24,21,1.0000,0.9091,1.0000)|(25,18,1.0000,0.8063,0.5229)|(23,19,0.0000,0.0000,0.4723)|(17,15,1.0000,0.7813,0.7082)|(21,26,1.0000,0.7794,0.5346)|(25,23,1.0000,0.8084,0.5057)|(24,15,1.0000,0.7848,0.7691)",4|4|4|4|4|4|4|4|4,1.000000|0.604980|0.999512|0.999512|0.982422|1.000000|1.000000|1.000000|0.999512,192,40,0.5,0.9,0.9,32,0.1,1337,cuda,fastprior
716,3,3,1.000000,0|1|2|4|5|6|7|8|9,0|0|0|0|0|0|0|0|0,40,70848,"(17,9,0.0000,0.0000,0.4908)|(17,8,0.0000,0.0000,0.5248)|(11,10,1.0000,1.0000,1.0000)|(21,15,0.0000,0.0000,0.4816)|(11,10,0.0000,0.0000,0.3019)|(17,8,0.0000,0.0000,0.7523)|(4,11,0.0000,0.0000,0.4077)|(7,8,0.0000,0.0000,0.5075)|(17,8,0.0000,0.0000,0.7541)",3|3|3|3|3|3|3|3|3,0.972656|0.987793|1.000000|1.000000|1.000000|0.986816|1.000000|1.000000|0.986816,192,40,0.5,0.9,0.9,32,0.1,1337,cuda,fastprior
717,8,8,1.000000,0|1|2|3|4|5|6|7|9,0|0|0|0|0|0|0|0|0,40,70848,"(21,18,0.0000,0.0000,0.3834)|(8,7,0.0000,0.0000,0.3627)|(9,22,0.0000,0.0000,0.3860)|(13,18,0.0000,0.0000,0.3204)|(13,18,0.0000,0.0000,0.1046)|(7,28,0.0000,0.0000,0.2807)|(7,26,0.0000,0.0000,0.5183)|(9,22,0.0000,0.0000,0.2369)|(19,22,0.0000,0.0000,0.0991)",8|8|8|8|8|8|8|8|8,1.000000|1.000000|0.972656|0.999512|0.999512|1.000000|1.000000|0.972168|0.999023,192,40,0.5,0.9,0.9,32,0.1,1337,cuda,fastprior
718,4,4,1.000000,0|1|2|3|5|6|7|8|9,0|0|0|0|0|0|0|0|0,40,70848,"(19,16,1.0000,1.0000,0.9844)|(16,15,1.0000,0.8682,1.0000)|(18,18,1.0000,1.0000,0.9967)|(21,16,1.0000,0.9985,1.0000)|(18,19,1.0000,0.8777,1.0000)|(19,14,1.0000,1.0000,1.0000)|(16,14,0.0000,0.8062,1.0000)|(22,10,0.9994,0.9254,1.0000)|(17,13,1.0000,0.8759,1.0000)",4|4|4|4|4|4|4|4|4,1.000000|0.998047|1.000000|0.999512|1.000000|0.999512|1.000000|1.000000|1.000000,192,40,0.5,0.9,0.9,32,0.1,1337,cuda,fastprior
719,9,9,1.000000,0|1|2|3|4|5|6|7|8,0|0|0|0|0|0|0|0|0,40,70848,"(27,11,0.0000,0.0000,0.7390)|(23,20,0.0025,0.0000,0.9318)|(5,16,0.0000,0.0000,0.9634)|(5,16,1.0000,1.0000,1.0000)|(2,29,0.0251,0.0000,0.6752)|(16,19,1.0000,1.0000,1.0000)|(24,20,0.0000,0.0000,0.9128)|(5,16,0.0000,0.0046,0.7260)|(24,20,1.0000,0.9186,1.0000)",9|9|9|9|9|9|9|9|9,1.000000|1.000000|1.000000|1.000000|1.000000|1.000000|1.000000|1.000000|1.000000,192,40,0.5,0.9,0.9,32,0.1,1337,cuda,fastprior
720,4,4,0.999512,0|1|2|3|5|6|7|8|9,0|0|0|0|0|0|0|0|0,40,70848,"(11,10,1.0000,1.0000,0.9949)|(14,16,1.0000,1.0000,1.0000)|(11,10,1.0000,1.0000,1.0000)|(14,16,1.0000,1.0000,1.0000)|(4,15,1.0000,1.0000,1.0000)|(14,16,1.0000,1.0000,1.0000)|(11,10,1.0000,1.0000,1.0000)|(14,16,1.0000,1.0000,1.0000)|(23,19,1.0000,1.0000,1.0000)",4|4|4|4|4|4|4|4|4,0.954590|0.910645|0.954590|0.910645|0.994629|0.910645|0.954590|0.910645|1.000000,192,40,0.5,0.9,0.9,32,0.1,1337,cuda,fastprior
721,8,8,1.000000,0|1|2|3|4|5|6|7|9,0|0|0|0|0|0|0|0|0,40,70848,"(4,25,0.0000,0.0150,0.0000)|(21,7,0.0000,0.0004,0.0000)|(20,8,1.0000,1.0000,1.0000)|(3,25,0.0000,0.0044,0.0000)|(22,6,0.0000,0.0000,0.0000)|(21,7,0.0000,0.0000,0.0000)|(21,7,0.0000,0.0219,0.0000)|(21,7,0.0000,0.0000,0.0207)|(21,7,0.0000,0.0000,0.0233)",8|8|8|8|8|8|8|8|8,0.999512|0.998047|1.000000|0.999512|1.000000|0.998047|0.998047|0.998047|0.998047,192,40,0.5,0.9,0.9,32,0.1,1337,cuda,fastprior
722,8,8,1.000000,0|1|2|3|4|5|6|7|9,0|0|0|0|0|0|0|0|0,40,70848,"(18,24,1.0000,1.0000,0.9985)|(7,23,0.9982,1.0000,1.0000)|(9,13,0.0000,0.0000,0.4042)|(8,9,0.5443,0.4796,0.1818)|(6,26,0.0200,0.8664,0.5207)|(5,12,0.6274,0.1697,0.8467)|(26,11,0.1467,0.7452,0.7483)|(25,16,0.2908,0.1782,0.8827)|(6,25,1.0000,0.8279,0.9090)",8|8|8|8|8|8|8|8|8,1.000000|1.000000|1.000000|1.000000|1.000000|1.000000|1.000000|1.000000|1.000000,192,40,0.5,0.9,0.9,32,0.1,1337,cuda,fastprior
723,1,1,1.000000,0|2|3|4|5|6|7|8|9,0|0|0|0|0|0|0|0|0,40,70848,"(3,6,1.0000,1.0000,1.0000)|(3,7,1.0000,0.9638,1.0000)|(17,6,1.0000,0.9580,1.0000)|(9,20,0.4270,0.7328,0.8874)|(17,6,1.0000,1.0000,1.0000)|(17,6,1.0000,1.0000,1.0000)|(12,17,1.0000,0.7954,1.0000)|(17,6,1.0000,1.0000,1.0000)|(12,17,1.0000,1.0000,1.0000)",1|1|1|1|1|1|1|1|1,1.000000|1.000000|1.000000|1.000000|1.000000|1.000000|1.000000|1.000000|1.000000,192,40,0.5,0.9,0.9,32,0.1,1337,cuda,fastprior
724,8,8,1.000000,0|1|2|3|4|5|6|7|9,1|0|0|0|0|0|0|0|0,40,70848,"(12,28,0.1225,0.0000,0.0009)|(24,25,0.0000,0.0000,0.0000)|(15,11,1.0000,1.0000,1.0000)|(8,26,0.0000,0.0000,0.0000)|(22,27,0.0000,0.0000,0.1214)|(13,28,0.0000,0.0000,0.1465)|(24,25,0.0000,0.0000,0.0000)|(24,28,0.0000,0.0000,0.0000)|(11,12,0.0230,0.0000,0.0000)",0|8|8|8|0|0|8|8|8,0.812012|0.723633|0.876953|0.958496|0.774414|0.864746|0.723633|0.893555|0.999023,192,40,0.5,0.9,0.9,32,0.1,1337,cuda,fastprior
726,1,1,1.000000,0|2|3|4|5|6|7|8|9,0|0|0|0|0|0|0|0|0,40,70848,"(12,10,1.0000,1.0000,1.0000)|(11,17,1.0000,1.0000,1.0000)|(9,14,1.0000,0.0000,0.0000)|(13,9,1.0000,1.0000,0.8206)|(13,9,1.0000,1.0000,0.7456)|(24,11,1.0000,1.0000,0.8464)|(11,17,0.0000,0.0000,0.0000)|(13,9,1.0000,0.9796,1.0000)|(10,15,1.0000,1.0000,1.0000)",1|1|1|1|1|1|1|1|1,1.000000|1.000000|1.000000|1.000000|1.000000|1.000000|1.000000|1.000000|1.000000,192,40,0.5,0.9,0.9,32,0.1,1337,cuda,fastprior
728,6,6,0.984863,0|1|2|3|4|5|7|8|9,0|0|1|0|0|0|0|0|0,40,70848,"(5,17,0.0000,0.0000,1.0000)|(24,12,0.5367,0.0000,0.0000)|(7,11,0.0000,0.0000,1.0000)|(27,10,0.5485,0.2150,0.0000)|(20,15,0.0000,0.0000,0.5332)|(6,11,0.5868,0.1140,0.0000)|(6,15,0.8459,0.2021,0.0000)|(4,22,1.0000,0.0072,0.6833)|(6,11,0.5149,0.0000,0.0000)",6|6|2|6|6|6|6|6|6,0.903809|1.000000|0.987793|0.998047|0.998047|0.595703|0.954102|0.975586|0.465332,192,40,0.5,0.9,0.9,32,0.1,1337,cuda,fastprior
729,5,5,1.000000,0|1|2|3|4|6|7|8|9,0|0|0|0|0|0|0|0|0,40,70848,"(22,6,0.0000,0.0000,0.1355)|(11,4,0.0000,0.0000,0.0000)|(11,4,0.0000,0.0000,0.1329)|(11,25,0.9978,1.0000,0.6745)|(10,4,0.0000,0.0000,0.0000)|(9,11,0.0000,0.0000,0.0177)|(11,4,0.0000,0.0000,0.1461)|(18,20,0.0000,0.0000,0.1585)|(23,13,1.0000,1.0000,0.0000)",5|5|5|5|5|5|5|5|5,1.000000|0.999512|0.999512|1.000000|1.000000|1.000000|0.999512|1.000000|1.000000,192,40,0.5,0.9,0.9,32,0.1,1337,cuda,fastprior
730,4,4,0.984863,0|1|2|3|5|6|7|8|9,0|0|0|0|1|0|0|0|0,40,70848,"(8,18,0.0000,0.0000,1.0000)|(10,12,0.0000,0.0000,1.0000)|(19,14,0.0000,0.0000,1.0000)|(11,16,0.0170,0.0000,0.0000)|(14,11,1.0000,1.0000,1.0000)|(27,13,0.3666,0.0000,0.8016)|(16,16,0.4245,1.0000,1.0000)|(10,12,0.4660,0.0262,0.6157)|(8,10,0.2887,0.0000,0.3689)",4|5|4|4|5|4|7|4|4,0.967773|0.751465|0.878418|0.640137|0.995117|0.974121|0.664551|0.973145|0.992676,192,40,0.5,0.9,0.9,32,0.1,1337,cuda,fastprior
731,2,2,0.600098,0|1|3|4|5|6|7|8|9,1|0|0|0|0|0|0|0|0,40,70848,"(16,9,0.0000,0.0000,1.0000)|(25,19,1.0000,0.5028,1.0000)|(12,20,0.3019,0.0000,0.0000)|(19,14,0.3025,0.0000,0.0000)|(22,25,1.0000,0.6935,1.0000)|(16,9,0.9488,0.5000,1.0000)|(23,21,0.5160,0.0000,0.0000)|(16,9,0.5101,0.0000,0.0000)|(15,20,1.0000,0.4538,1.0000)",0|2|2|2|2|2|2|0|2,0.785156|0.552734|0.631348|0.629883|0.743164|0.735840|0.798340|0.533203|0.583008,192,40,0.5,0.9,0.9,32,0.1,1337,cuda,fastprior
732,7,7,1.000000,0|1|2|3|4|5|6|8|9,0|0|0|0|0|0|0|0|0,40,70848,"(25,11,0.7680,1.0000,1.0000)|(24,12,0.6366,1.0000,1.0000)|(25,11,0.7423,0.9933,1.0000)|(25,11,0.6716,1.0000,1.0000)|(15,9,1.0000,1.0000,0.9357)|(14,8,1.0000,1.0000,1.0000)|(25,11,0.7369,0.9383,1.0000)|(25,11,0.3794,1.0000,1.0000)|(7,22,0.7946,1.0000,1.0000)",7|7|7|7|7|7|7|7|7,1.000000|1.000000|1.000000|1.000000|1.000000|1.000000|1.000000|1.000000|1.000000,192,40,0.5,0.9,0.9,32,0.1,1337,cuda,fastprior
733,9,9,0.998047,0|1|2|3|4|5|6|7|8,0|0|0|0|0|0|0|0|0,40,70848,"(8,5,1.0000,0.4791,1.0000)|(5,10,1.0000,1.0000,1.0000)|(11,8,1.0000,0.5564,1.0000)|(10,25,1.0000,0.5978,1.0000)|(11,14,1.0000,0.6669,1.0000)|(11,14,1.0000,0.0000,0.0000)|(22,13,1.0000,0.3837,0.2355)|(20,22,1.0000,1.0000,1.0000)|(20,22,1.0000,0.7491,1.0000)",9|9|9|9|9|9|9|9|9,0.997559|0.996582|0.995117|0.999023|0.855957|0.945801|0.998535|0.999512|0.999512,192,40,0.5,0.9,0.9,32,0.1,1337,cuda,fastprior
735,4,4,0.806152,0|1|2|3|5|6|7|8|9,0|0|0|0|0|1|0|0|0,40,70848,"(7,15,0.0000,0.0000,1.0000)|(15,25,0.0000,0.0000,0.3046)|(20,27,0.0090,0.0000,1.0000)|(7,22,0.0815,0.0000,1.0000)|(6,13,0.0000,0.0000,0.8844)|(17,27,0.0000,0.0000,1.0000)|(13,12,0.0000,0.0000,0.9990)|(13,12,0.0000,0.0064,1.0000)|(24,15,0.0000,0.0000,0.5900)",3|6|4|4|4|6|4|4|4,0.509766|0.600586|0.441895|0.947266|0.463623|0.944824|0.560059|0.562988|0.523438,192,40,0.5,0.9,0.9,32,0.1,1337,cuda,fastprior
736,1,1,1.000000,0|2|3|4|5|6|7|8|9,0|0|0|0|0|0|0|0|0,40,70848,"(22,18,0.0000,0.0000,0.0000)|(9,13,0.0000,0.0000,0.0000)|(22,18,0.0000,0.0000,0.0000)|(24,16,0.3759,0.1654,0.0000)|(9,13,0.0000,0.1656,0.0000)|(9,13,0.0000,0.0000,0.0343)|(24,16,1.0000,1.0000,0.8879)|(9,15,0.0000,0.1486,0.0000)|(6,24,0.5978,0.0000,0.0000)",1|1|1|1|1|1|1|1|1,0.984863|0.998535|0.984863|0.992676|0.998535|0.998535|0.999023|0.999023|0.999023,192,40,0.5,0.9,0.9,32,0.1,1337,cuda,fastprior
737,4,4,1.000000,0|1|2|3|5|6|7|8|9,0|0|0|0|0|0|0|0|0,40,70848,"(17,10,0.9634,1.0000,1.0000)|(19,11,0.0000,0.0000,0.0000)|(17,10,0.0000,0.0000,0.0000)|(19,3,0.2534,0.0000,0.0000)|(18,13,0.9478,1.0000,0.8952)|(19,11,0.0000,0.0040,0.0085)|(12,6,1.0000,1.0000,1.0000)|(16,5,0.0000,0.0181,0.0000)|(18,13,1.0000,1.0000,1.0000)",4|4|4|4|4|4|4|4|4,1.000000|1.000000|1.000000|1.000000|1.000000|1.000000|1.000000|1.000000|1.000000,192,40,0.5,0.9,0.9,32,0.1,1337,cuda,fastprior
738,1,1,1.000000,0|2|3|4|5|6|7|8|9,0|0|0|0|0|0|0|0|0,40,70848,"(5,22,1.0000,0.9063,1.0000)|(1,20,1.0000,0.9413,1.0000)|(21,21,1.0000,1.0000,0.5915)|(16,12,1.0000,1.0000,1.0000)|(20,22,1.0000,1.0000,1.0000)|(4,21,1.0000,1.0000,1.0000)|(4,21,1.0000,1.0000,1.0000)|(3,15,1.0000,0.6815,1.0000)|(9,19,0.9455,0.7672,0.3613)",1|1|1|1|1|1|1|1|1,0.999512|1.000000|1.000000|1.000000|1.000000|0.999023|0.999023|1.000000|1.000000,192,40,0.5,0.9,0.9,32,0.1,1337,cuda,fastprior
740,2,2,1.000000,0|1|3|4|5|6|7|8|9,0|0|0|0|0|0|0|0|0,40,70848,"(22,9,0.0000,0.0000,0.9966)|(19,12,0.0000,0.0000,0.4679)|(18,22,0.0000,0.0000,1.0000)|(11,5,0.0000,0.0000,1.0000)|(17,19,0.0000,0.0000,1.0000)|(19,17,0.0000,0.0000,0.0080)|(24,4,0.0000,0.0000,1.0000)|(18,22,0.0000,0.0000,0.9903)|(18,3,0.0000,0.0000,0.8736)",2|2|2|2|2|2|2|2|2,0.999023|1.000000|0.973633|1.000000|0.995117|0.999512|0.999512|0.973633|0.999512,192,40,0.5,0.9,0.9,32,0.1,1337,cuda,fastprior
741,7,7,1.000000,0|1|2|3|4|5|6|8|9,0|0|0|0|0|0|0|0|0,40,70848,"(12,20,0.0000,0.0000,1.0000)|(10,17,0.0000,0.0000,1.0000)|(9,12,0.7523,0.5540,0.2118)|(11,17,0.4832,0.4390,0.0000)|(9,17,1.0000,0.8763,0.0000)|(21,25,0.1355,0.1533,0.6036)|(5,9,0.7258,0.5512,0.1371)|(9,18,0.0000,0.0000,1.0000)|(10,26,0.0000,0.0000,1.0000)",7|7|7|7|7|7|7|7|7,1.000000|1.000000|1.000000|1.000000|1.000000|1.000000|1.000000|1.000000|1.000000,192,40,0.5,0.9,0.9,32,0.1,1337,cuda,fastprior
742,0,0,1.000000,1|2|3|4|5|6|7|8|9,0|0|0|0|0|0|0|0|0,40,70848,"(7,22,1.0000,1.0000,0.0000)|(17,29,0.7876,0.2797,0.1538)|(2,29,0.9937,0.3551,0.0000)|(7,22,0.5154,0.1829,0.0000)|(19,28,0.8296,0.2938,0.1235)|(7,22,1.0000,0.3635,0.0585)|(9,16,0.7574,0.2922,0.3163)|(2,29,0.7042,0.3886,0.0000)|(7,22,1.0000,0.4618,0.0000)",0|0|0|0|0|0|0|0|0,1.000000|1.000000|1.000000|1.000000|1.000000|1.000000|1.000000|1.000000|1.000000,192,40,0.5,0.9,0.9,32,0.1,1337,cuda,fastprior
743,7,7,1.000000,0|1|2|3|4|5|6|8|9,0|0|0|0|0|0|0|0|0,40,70848,"(7,4,1.0000,0.3925,1.0000)|(24,12,1.0000,1.0000,0.1360)|(3,17,1.0000,1.0000,1.0000)|(28,21,0.8890,1.0000,0.8066)|(22,20,0.3017,0.0000,1.0000)|(13,21,0.9299,0.8252,0.8752)|(10,3,0.5450,0.4379,0.7278)|(5,13,1.0000,0.4692,0.1781)|(9,2,0.9264,1.0000,1.0000)",7|7|7|7|7|7|7|7|7,1.000000|1.000000|1.000000|1.000000|1.000000|1.000000|1.000000|1.000000|1.000000,192,40,0.5,0.9,0.9,32,0.1,1337,cuda,fastprior
744,9,9,0.847656,0|1|2|3|4|5|6|7|8,0|0|0|0|0|0|0|0|0,40,70848,"(11,14,1.0000,1.0000,0.9990)|(14,18,1.0000,1.0000,1.0000)|(24,11,0.0000,0.0000,0.7949)|(20,9,0.0000,0.0000,0.1659)|(5,9,0.0000,0.0000,0.0015)|(14,10,0.0000,0.0000,0.1346)|(14,18,1.0000,0.6419,0.5888)|(23,17,1.0000,0.9376,1.0000)|(7,10,0.3632,0.0000,0.0000)",9|9|9|3|9|9|9|9|9,0.920898|0.948730|0.741699|0.781738|0.593750|0.571777|0.950195|0.930176|0.599121,192,40,0.5,0.9,0.9,32,0.1,1337,cuda,fastprior
745,7,7,0.997070,0|1|2|3|4|5|6|8|9,0|0|0|0|0|0|0|0|0,40,70848,"(19,13,0.0000,0.0000,0.4445)|(23,26,1.0000,0.5940,0.5000)|(22,19,0.2795,0.3519,0.0000)|(6,11,1.0000,1.0000,0.9942)|(7,11,0.0000,0.2104,0.0000)|(11,12,0.0000,0.0000,1.0000)|(28,13,1.0000,0.7064,0.4279)|(20,20,0.0000,0.0000,0.4433)|(24,25,1.0000,0.0000,0.0000)",7|7|7|7|7|7|7|7|7,0.967773|0.996582|0.998047|0.953613|0.918457|0.984375|0.981934|0.999023|0.992676,192,40,0.5,0.9,0.9,32,0.1,1337,cuda,fastprior
746,6,6,0.981445,0|1|2|3|4|5|7|8|9,0|0|1|1|1|0|0|0|0,40,70848,"(17,18,0.7625,0.5040,1.0000)|(8,5,0.7417,0.5106,1.0000)|(8,5,1.0000,1.0000,1.0000)|(12,19,1.0000,1.0000,1.0000)|(12,6,0.9163,0.8787,1.0000)|(9,6,0.0000,0.0000,0.5794)|(8,5,0.2747,0.4429,1.0000)|(19,10,0.5531,0.7836,1.0000)|(13,5,0.1116,0.5000,1.0000)",6|2|2|4|2|2|6|6|6,0.991699|0.870605|0.994629|0.453613|0.947266|0.822754|0.588867|0.363525|0.628418,192,40,0.5,0.9,0.9,32,0.1,1337,cuda,fastprior
747,6,6,1.000000,0|1|2|3|4|5|7|8|9,0|0|0|0|0|0|0|0|0,40,70848,"(7,21,0.0000,0.0000,0.7436)|(2,5,0.0000,0.0000,0.7905)|(16,24,0.0000,0.0000,0.7586)|(20,16,0.0000,0.0000,0.7236)|(20,16,0.0000,0.0000,0.7396)|(26,19,0.0000,0.0000,0.7583)|(10,2,0.0000,0.0000,0.7528)|(12,6,0.0000,0.0000,0.7094)|(8,20,0.0000,0.0000,0.7226)",6|6|6|6|6|6|6|6|6,1.000000|1.000000|1.000000|0.996094|0.996094|1.000000|1.000000|1.000000|1.000000,192,40,0.5,0.9,0.9,32,0.1,1337,cuda,fastprior
748,2,2,1.000000,0|1|3|4|5|6|7|8|9,0|0|0|0|0|0|0|0|0,40,70848,"(16,10,0.0000,0.0000,0.3160)|(13,10,0.0000,0.0000,0.2404)|(15,16,0.9916,1.0000,1.0000)|(14,9,0.0000,0.0000,0.1011)|(15,14,0.0000,0.0000,0.3858)|(13,10,0.0000,0.0182,0.3342)|(1,8,0.0000,0.0000,0.3914)|(16,13,0.0000,0.0000,0.2944)|(13,10,0.0000,0.0000,0.2450)",2|2|2|2|2|2|2|2|2,1.000000|1.000000|1.000000|1.000000|1.000000|1.000000|1.000000|1.000000|1.000000,192,40,0.5,0.9,0.9,32,0.1,1337,cuda,fastprior
749,5,5,0.999512,0|1|2|3|4|6|7|8|9,0|0|0|1|0|0|0|0|0,40,70848,"(18,14,0.0385,1.0000,1.0000)|(17,22,0.0094,0.0000,0.8893)|(12,8,0.0000,0.1217,0.5974)|(19,10,0.8099,0.2578,0.2107)|(7,23,0.5238,0.0146,0.0000)|(16,19,0.0000,0.0000,0.8309)|(16,15,0.0000,0.1818,0.5607)|(10,12,0.0271,0.1129,0.5927)|(7,23,1.0000,1.0000,1.0000)",5|5|5|5|5|5|5|5|5,0.990234|0.934082|0.987305|0.997070|1.000000|0.991211|0.999512|0.999512|0.999512,192,40,0.5,0.9,0.9,32,0.1,1337,cuda,fastprior
750,9,9,1.000000,0|1|2|3|4|5|6|7|8,0|0|0|0|0|0|0|0|0,40,70848,"(6,17,0.0000,0.0000,1.0000)|(26,14,0.0036,0.0728,1.0000)|(20,7,0.0000,0.0177,1.0000)|(22,16,0.0000,0.0000,1.0000)|(25,16,0.0000,0.0109,0.7888)|(25,16,1.0000,0.0000,0.0000)|(20,7,0.0000,0.0000,1.0000)|(18,8,0.0000,0.0000,1.0000)|(21,7,0.8694,0.0000,0.0000)",9|9|9|9|9|9|9|9|9,0.999512|1.000000|0.998535|1.000000|1.000000|1.000000|0.998535|0.999023|0.999512,192,40,0.5,0.9,0.9,32,0.1,1337,cuda,fastprior
751,2,2,0.963379,0|1|3|4|5|6|7|8|9,1|0|0|0|0|0|0|0|0,40,70848,"(21,14,1.0000,0.9904,0.9754)|(15,25,1.0000,1.0000,1.0000)|(15,24,1.0000,1.0000,1.0000)|(15,25,0.1864,0.9384,0.0000)|(21,13,0.8247,0.0612,0.0000)|(18,17,0.6938,0.0000,0.2887)|(6,19,0.8493,0.0704,0.0000)|(22,13,0.9152,0.0000,0.0000)|(19,18,0.0000,0.0000,0.0000)",2|2|2|2|2|2|2|2|2,0.794434|0.825195|0.937500|0.900879|0.865723|0.874023|0.589844|0.876953|0.966797,192,40,0.5,0.9,0.9,32,0.1,1337,cuda,fastprior
752,9,9,1.000000,0|1|2|3|4|5|6|7|8,0|0|0|0|0|0|0|0|0,40,70848,"(8,13,1.0000,0.9728,1.0000)|(8,14,1.0000,0.8027,1.0000)|(24,14,1.0000,1.0000,1.0000)|(8,13,1.0000,1.0000,1.0000)|(8,13,0.9968,1.0000,1.0000)|(18,15,1.0000,1.0000,1.0000)|(18,17,1.0000,0.6721,0.5160)|(8,17,0.9719,0.1958,0.0000)|(8,13,0.9641,0.9248,1.0000)",9|9|9|9|9|9|9|9|9,0.700195|0.652832|0.999512|0.705078|0.704102|0.999512|1.000000|0.999023|0.687012,192,40,0.5,0.9,0.9,32,0.1,1337,cuda,fastprior
753,1,1,1.000000,0|2|3|4|5|6|7|8|9,0|0|0|0|0|0|0|0|0,40,70848,"(10,4,0.0000,0.0000,0.8826)|(15,22,0.0000,0.0000,1.0000)|(10,6,0.0000,0.0000,0.8768)|(15,20,0.0000,0.0000,0.8836)|(23,8,0.0000,0.0000,0.9373)|(10,6,0.0000,0.0000,0.9106)|(7,5,0.0000,0.0000,0.9024)|(10,6,0.0000,0.0000,0.9067)|(10,6,0.0000,0.0000,0.8849)",1|1|1|1|1|1|1|1|1,0.998047|1.000000|0.998047|1.000000|1.000000|0.998047|0.999512|0.998047|0.998047,192,40,0.5,0.9,0.9,32,0.1,1337,cuda,fastprior
754,2,2,1.000000,0|1|3|4|5|6|7|8|9,0|0|0|0|0|0|0|0|0,40,70848,"(13,17,1.0000,0.8229,1.0000)|(15,6,1.0000,0.8289,1.0000)|(12,17,0.7905,1.0000,0.7134)|(13,17,0.7556,0.1757,1.0000)|(10,16,1.0000,0.7725,1.0000)|(20,20,0.0454,1.0000,0.6213)|(27,14,1.0000,0.8758,1.0000)|(13,17,0.7422,0.1975,1.0000)|(19,13,1.0000,0.7916,1.0000)",2|2|2|2|2|2|2|2|2,1.000000|1.000000|0.999512|0.997070|0.996582|1.000000|1.000000|0.997070|1.000000,192,40,0.5,0.9,0.9,32,0.1,1337,cuda,fastprior
755,2,2,1.000000,0|1|3|4|5|6|7|8|9,0|0|0|0|0|0|0|0|0,40,70848,"(17,9,0.0000,0.0000,0.2029)|(20,18,0.0000,0.0000,1.0000)|(18,22,0.0026,0.5399,0.9494)|(16,9,0.0000,0.5000,1.0000)|(16,18,0.0000,0.0000,1.0000)|(19,10,0.0000,1.0000,0.3392)|(16,18,0.0248,0.5474,1.0000)|(18,22,0.0000,0.0000,1.0000)|(20,18,0.0000,0.0443,1.0000)",2|2|2|2|2|2|2|2|2,0.999512|0.666992|1.000000|0.872070|0.999512|1.000000|0.999512|0.986328|0.714844,192,40,0.5,0.9,0.9,32,0.1,1337,cuda,fastprior
756,6,6,1.000000,0|1|2|3|4|5|7|8|9,0|0|0|0|0|0|0|0|0,40,70848,"(20,27,1.0000,1.0000,0.9985)|(20,11,1.0000,1.0000,1.0000)|(24,8,1.0000,1.0000,0.9989)|(9,12,0.9982,1.0000,1.0000)|(8,15,1.0000,1.0000,0.9985)|(20,27,1.0000,1.0000,0.9981)|(20,27,1.0000,1.0000,1.0000)|(8,14,1.0000,1.0000,1.0000)|(20,27,0.9992,1.0000,1.0000)",6|6|6|6|6|6|6|6|6,0.997070|1.000000|1.000000|1.000000|1.000000|0.997070|0.997070|1.000000|0.997070,192,40,0.5,0.9,0.9,32,0.1,1337,cuda,fastprior
757,8,8,1.000000,0|1|2|3|4|5|6|7|9,0|0|0|0|0|0|0|0|0,40,70848,"(21,25,1.0000,1.0000,1.0000)|(19,5,1.0000,1.0000,1.0000)|(19,21,1.0000,1.0000,1.0000)|(19,20,1.0000,1.0000,0.9994)|(13,20,1.0000,1.0000,1.0000)|(18,4,1.0000,1.0000,1.0000)|(14,20,1.0000,1.0000,1.0000)|(19,20,1.0000,1.0000,1.0000)|(19,20,1.0000,1.0000,1.0000)",8|8|8|8|8|8|8|8|8,1.000000|1.000000|0.993164|0.955078|0.999023|1.000000|0.999512|0.955078|0.955078,192,40,0.5,0.9,0.9,32,0.1,1337,cuda,fastprior
758,2,2,1.000000,0|1|3|4|5|6|7|8|9,0|0|0|0|0|0|0|0|0,40,70848,"(16,15,1.0000,1.0000,0.9952)|(11,15,1.0000,1.0000,1.0000)|(17,16,0.7385,1.0000,1.0000)|(11,7,1.0000,0.5430,1.0000)|(11,8,0.0936,0.0000,0.0000)|(11,14,0.7520,0.4547,0.8760)|(5,15,0.3684,0.0493,0.3242)|(11,16,1.0000,0.4488,1.0000)|(11,15,0.8516,0.6708,0.2318)",2|2|2|2|2|2|2|2|2,1.000000|0.983887|1.000000|1.000000|1.000000|0.995117|1.000000|0.978516|0.993652,192,40,0.5,0.9,0.9,32,0.1,1337,cuda,fastprior
759,1,1,1.000000,0|2|3|4|5|6|7|8|9,0|0|0|0|0|0|0|0|0,40,70848,"(3,10,0.0092,1.0000,1.0000)|(25,14,0.0000,1.0000,1.0000)|(22,8,0.0000,1.0000,1.0000)|(16,23,0.0000,1.0000,1.0000)|(17,2,0.0000,0.0014,0.4852)|(17,25,0.0000,1.0000,1.0000)|(21,13,0.0000,1.0000,1.0000)|(22,3,0.0000,1.0000,1.0000)|(25,14,0.0000,0.9997,1.0000)",1|1|1|1|1|1|1|1|1,1.000000|0.999512|1.000000|1.000000|1.000000|1.000000|1.000000|1.000000|0.999512,192,40,0.5,0.9,0.9,32,0.1,1337,cuda,fastprior
760,3,3,0.904785,0|1|2|4|5|6|7|8|9,0|0|0|0|1|0|0|0|0,40,70848,"(14,15,0.7758,1.0000,1.0000)|(13,18,1.0000,1.0000,1.0000)|(7,9,1.0000,1.0000,1.0000)|(17,7,0.0000,0.0000,0.6033)|(7,12,0.0000,0.0000,0.5470)|(23,18,1.0000,1.0000,1.0000)|(12,18,0.0000,0.0000,0.8586)|(16,19,1.0000,1.0000,1.0000)|(12,17,1.0000,1.0000,0.9860)",3|3|5|5|5|3|3|3|5,0.934082|0.979004|0.943359|0.567383|0.984863|0.987793|0.980469|0.999512|0.554199,192,40,0.5,0.9,0.9,32,0.1,1337,cuda,fastprior
761,6,6,0.997070,0|1|2|3|4|5|7|8|9,0|0|0|0|0|0|0|0|0,40,70848,"(19,14,1.0000,0.6012,0.8077)|(17,4,0.0000,0.0000,0.9521)|(17,4,0.0000,0.0000,0.2233)|(25,23,0.0000,0.0000,0.0000)|(10,17,0.0000,0.0000,0.7004)|(27,23,1.0000,1.0000,1.0000)|(27,23,0.0000,0.0000,0.9962)|(18,4,1.0000,0.0000,0.0000)|(15,11,0.0000,0.0000,1.0000)",6|6|6|6|4|6|6|6|6,0.672363|0.795898|0.847168|0.977539|0.751953|0.986816|0.955566|0.892578|0.997559,192,40,0.5,0.9,0.9,32,0.1,1337,cuda,fastprior
762,6,6,1.000000,0|1|2|3|4|5|7|8|9,0|0|0|0|0|0|0|0|0,40,70848,"(23,19,0.7401,0.3057,0.4872)|(17,18,1.0000,1.0000,1.0000)|(11,16,1.0000,1.0000,1.0000)|(10,19,1.0000,1.0000,1.0000)|(20,8,1.0000,0.0000,0.0000)|(9,13,1.0000,1.0000,1.0000)|(9,17,0.7913,0.1290,0.6354)|(9,17,0.0076,0.5786,0.5097)|(13,16,1.0000,1.0000,1.0000)",6|6|6|6|6|6|6|6|6,1.000000|1.000000|1.000000|1.000000|1.000000|1.000000|1.000000|1.000000|1.000000,192,40,0.5,0.9,0.9,32,0.1,1337,cuda,fastprior
763,0,0,1.000000,1|2|3|4|5|6|7|8|9,0|0|0|0|0|0|0|0|0,40,70848,"(13,28,0.0000,0.0000,0.0000)|(8,28,0.0305,0.0000,0.0000)|(19,12,1.0000,1.0000,1.0000)|(21,14,0.0000,0.0000,0.0000)|(13,19,0.0000,0.0000,0.0000)|(22,8,0.0000,0.0000,0.0000)|(22,8,0.0000,0.0000,0.0000)|(22,8,0.0000,0.0000,0.0000)|(22,8,0.0000,0.0000,0.0000)",0|0|0|0|0|0|0|0|0,1.000000|1.000000|0.999512|1.000000|1.000000|0.999023|0.999023|0.999023|0.999023,192,40,0.5,0.9,0.9,32,0.1,1337,cuda,fastprior
764,1,1,1.000000,0|2|3|4|5|6|7|8|9,0|0|0|0|0|0|0|0|0,40,70848,"(25,20,0.0000,0.0000,0.4365)|(16,8,0.0000,0.0000,0.6692)|(23,20,0.0000,0.2470,0.0000)|(23,3,0.0000,0.2205,0.1889)|(23,3,0.0000,0.0000,0.7547)|(10,20,0.0000,0.0000,0.8388)|(15,13,0.0000,0.0000,0.9184)|(9,22,0.0000,0.0000,0.6644)|(11,30,0.9713,1.0000,1.0000)",1|1|1|1|1|1|1|1|1,1.000000|1.000000|1.000000|1.000000|1.000000|1.000000|1.000000|1.000000|0.999512,192,40,0.5,0.9,0.9,32,0.1,1337,cuda,fastprior
765,2,2,1.000000,0|1|3|4|5|6|7|8|9,0|0|0|0|0|0|0|0|0,40,70848,"(12,17,1.0000,1.0000,0.9965)|(12,17,1.0000,0.3700,0.9100)|(12,17,1.0000,1.0000,1.0000)|(17,20,1.0000,1.0000,1.0000)|(4,22,1.0000,1.0000,1.0000)|(16,21,0.0000,0.0000,0.5500)|(2,17,1.0000,0.4811,1.0000)|(12,17,1.0000,0.6522,1.0000)|(12,19,1.0000,0.8861,0.9495)",2|2|2|2|2|2|2|2|2,1.000000|1.000000|1.000000|1.000000|1.000000|1.000000|1.000000|1.000000|1.000000,192,40,0.5,0.9,0.9,32,0.1,1337,cuda,fastprior
766,7,7,0.951172,0|1|2|3|4|5|6|8|9,1|0|0|0|0|0|0|0|0,40,70848,"(17,20,1.0000,1.0000,0.0416)|(18,20,1.0000,1.0000,0.2285)|(9,19,1.0000,1.0000,0.9982)|(21,15,0.8726,0.4713,0.1013)|(12,22,0.7476,1.0000,0.9171)|(13,19,1.0000,0.8697,1.0000)|(28,11,0.9203,0.7714,1.0000)|(12,22,1.0000,1.0000,0.3297)|(15,19,0.9990,1.0000,0.3315)",7|0|0|7|7|3|7|7|7,0.829102|0.434326|0.381592|0.999512|0.604004|0.345215|0.967285|0.811035|0.482178,192,40,0.5,0.9,0.9,32,0.1,1337,cuda,fastprior
767,0,0,1.000000,1|2|3|4|5|6|7|8|9,0|0|0|0|0|0|0|0|0,40,70848,"(22,27,0.0000,0.0000,0.0000)|(13,30,0.5264,0.0000,0.0000)|(14,15,0.1215,0.0000,0.0000)|(12,23,0.0214,0.0000,0.0000)|(14,15,0.0000,0.0000,0.0000)|(22,26,0.0000,0.0000,0.0000)|(22,25,0.0000,0.0000,0.0162)|(17,22,1.0000,0.0000,0.0000)|(21,19,0.0000,0.0000,0.0361)",0|0|0|0|0|0|0|0|0,1.000000|1.000000|0.979492|1.000000|0.974121|1.000000|1.000000|0.999023|1.000000,192,40,0.5,0.9,0.9,32,0.1,1337,cuda,fastprior
768,5,5,0.641602,0|1|2|3|4|6|7|8|9,0|0|0|1|0|0|0|0|0,40,70848,"(13,9,0.0000,1.0000,0.6787)|(15,9,1.0000,0.0000,0.0000)|(13,6,1.0000,1.0000,1.0000)|(14,12,0.0000,0.6371,0.7338)|(9,9,0.0000,0.1020,0.6086)|(14,6,0.0000,0.0000,1.0000)|(12,14,0.0000,0.1910,1.0000)|(13,5,0.0000,0.0000,0.6446)|(14,4,0.0000,0.0000,0.6743)",5|6|3|5|5|3|5|3|3,0.648438|0.485352|0.896973|0.432861|0.579102|0.709473|0.991699|0.647461|0.442871,192,40,0.5,0.9,0.9,32,0.1,1337,cuda,fastprior
769,4,4,1.000000,0|1|2|3|5|6|7|8|9,0|0|0|0|0|0|0|0|0,40,70848,"(18,20,1.0000,1.0000,1.0000)|(13,26,1.0000,1.0000,1.0000)|(10,22,0.0000,0.0000,0.4769)|(21,19,1.0000,1.0000,1.0000)|(13,26,1.0000,1.0000,1.0000)|(26,11,1.0000,1.0000,1.0000)|(13,26,1.0000,1.0000,1.0000)|(13,26,1.0000,1.0000,1.0000)|(13,26,1.0000,1.0000,1.0000)",4|4|4|4|4|4|4|4|4,1.000000|0.999512|1.000000|1.000000|0.999512|1.000000|0.999512|0.999512|0.999512,192,40,0.5,0.9,0.9,32,0.1,1337,cuda,fastprior
771,1,1,0.704102,0|2|3|4|5|6|7|8|9,0|0|0|0|0|0|0|0|1,40,70848,"(25,26,1.0000,0.9976,1.0000)|(25,23,1.0000,1.0000,1.0000)|(26,26,0.0000,0.0000,0.5594)|(27,22,1.0000,1.0000,1.0000)|(10,15,0.0000,0.0000,0.5322)|(12,11,0.8241,1.0000,0.8685)|(25,26,1.0000,0.9881,1.0000)|(12,11,0.0000,0.7878,1.0000)|(24,23,0.0000,1.0000,1.0000)",8|1|8|1|9|9|8|9|1,0.480225|0.889648|0.511230|0.909180|0.927246|0.858398|0.479736|0.742188|0.919922,192,40,0.5,0.9,0.9,32,0.1,1337,cuda,fastprior
772,6,6,1.000000,0|1|2|3|4|5|7|8|9,0|0|0|0|0|0|0|0|0,40,70848,"(17,14,0.0000,0.0000,0.7897)|(17,14,0.0000,0.0000,0.6573)|(12,16,0.0000,0.0000,1.0000)|(19,14,0.0000,0.2836,0.0000)|(14,19,0.0000,0.6336,1.0000)|(17,14,0.0000,0.0000,0.8673)|(15,19,0.0198,0.5012,1.0000)|(17,14,0.0000,0.0000,0.7425)|(10,14,0.0000,0.0000,1.0000)",6|6|6|6|6|6|6|6|6,0.997070|0.996582|1.000000|0.996582|1.000000|0.997070|1.000000|0.997070|1.000000,192,40,0.5,0.9,0.9,32,0.1,1337,cuda,fastprior
773,4,4,1.000000,0|1|2|3|5|6|7|8|9,0|0|0|0|0|0|0|0|0,40,70848,"(12,19,0.0000,0.0000,0.2124)|(18,18,0.0000,0.0000,0.1194)|(19,1,1.0000,1.0000,0.4327)|(12,19,1.0000,1.0000,1.0000)|(18,18,0.0000,0.0000,0.6484)|(17,18,1.0000,0.9512,0.9617)|(21,14,0.0000,0.0000,0.1776)|(13,22,1.0000,0.0000,0.0000)|(28,14,0.0000,0.0000,0.2327)",4|4|4|4|4|4|4|4|4,1.000000|0.998535|1.000000|0.999512|0.998535|0.999512|1.000000|0.999023|1.000000,192,40,0.5,0.9,0.9,32,0.1,1337,cuda,fastprior
774,0,0,1.000000,1|2|3|4|5|6|7|8|9,0|0|0|0|0|0|0|0|0,40,70848,"(14,24,0.6675,0.9917,0.0000)|(21,27,0.8990,0.0000,0.0000)|(12,10,0.7470,0.3015,0.0000)|(7,21,0.8325,0.4823,0.0000)|(16,17,1.0000,0.2951,0.0000)|(14,24,0.8404,0.8581,0.0000)|(13,24,0.7424,1.0000,0.0000)|(8,21,1.0000,0.3777,0.0136)|(20,4,0.8126,1.0000,0.0000)",0|0|0|0|0|0|0|0|0,0.999512|1.000000|1.000000|1.000000|1.000000|0.999512|1.000000|0.999023|1.000000,192,40,0.5,0.9,0.9,32,0.1,1337,cuda,fastprior
777,6,6,1.000000,0|1|2|3|4|5|7|8|9,0|0|0|0|0|0|0|0|0,40,70848,"(16,21,0.0000,0.0000,0.6785)|(11,21,0.0000,0.0000,0.6083)|(19,10,0.0000,0.0000,0.6786)|(20,10,0.0000,0.0000,0.9827)|(17,12,0.0000,0.0000,0.9042)|(17,12,0.0000,0.0000,0.9055)|(20,10,0.0000,0.0000,0.6879)|(22,12,0.0000,0.0000,0.6265)|(19,12,0.0000,0.0000,0.6033)",6|6|6|6|6|6|6|6|6,1.000000|1.000000|0.956055|0.999512|0.941895|0.942871|0.999512|1.000000|0.998535,192,40,0.5,0.9,0.9,32,0.1,1337,cuda,fastprior
778,0,0,0.998047,1|2|3|4|5|6|7|8|9,0|0|0|0|0|0|0|0|0,40,70848,"(19,11,0.0000,0.0000,1.0000)|(20,17,0.0000,0.0000,1.0000)|(19,10,0.8247,0.0000,0.0000)|(24,24,0.5134,0.0000,0.0000)|(17,10,0.0000,0.0000,1.0000)|(19,17,0.7271,0.0000,0.0000)|(25,12,0.7916,0.0000,0.0000)|(24,12,1.0000,0.6253,0.4893)|(25,12,0.7293,0.0000,0.0000)",0|0|0|0|0|0|0|0|0,0.999512|1.000000|0.999512|0.999512|0.979004|0.998535|0.994629|0.997070|0.994629,192,40,0.5,0.9,0.9,32,0.1,1337,cuda,fastprior
779,5,5,1.000000,0|1|2|3|4|6|7|8|9,0|0|0|0|0|0|0|0|0,40,70848,"(18,7,0.0649,1.0000,0.9061)|(18,8,0.2009,1.0000,0.9193)|(19,11,1.0000,0.9235,1.0000)|(12,18,1.0000,0.9136,1.0000)|(17,9,1.0000,1.0000,1.0000)|(16,13,0.0011,1.0000,0.0000)|(19,10,0.2931,1.0000,0.0000)|(16,14,0.0917,1.0000,0.9777)|(12,15,1.0000,1.0000,1.0000)",5|5|5|5|5|5|5|5|5,0.993652|0.998047|1.000000|0.997070|0.999512|0.999023|0.990234|1.000000|0.999512,192,40,0.5,0.9,0.9,32,0.1,1337,cuda,fastprior
780,9,9,1.000000,0|1|2|3|4|5|6|7|8,0|0|0|0|0|0|0|0|0,40,70848,"(11,17,0.0000,0.3061,0.4365)|(13,22,1.0000,1.0000,0.4956)|(2,12,0.6305,0.1884,0.9287)|(16,21,0.8282,0.3277,0.5042)|(28,16,0.6799,0.7897,0.3278)|(17,12,0.2662,0.7710,0.2480)|(16,20,0.9104,0.2275,0.6242)|(13,19,0.8007,0.3592,0.9147)|(11,17,0.0026,0.3677,0.7346)",9|9|9|9|9|9|9|9|9,1.000000|1.000000|1.000000|1.000000|1.000000|1.000000|1.000000|1.000000|1.000000,192,40,0.5,0.9,0.9,32,0.1,1337,cuda,fastprior
781,1,1,1.000000,0|2|3|4|5|6|7|8|9,0|0|0|0|0|0|0|0|0,40,70848,"(15,15,1.0000,0.9971,1.0000)|(12,21,0.9619,0.8860,1.0000)|(20,12,0.7844,1.0000,0.9629)|(12,21,1.0000,1.0000,1.0000)|(14,13,1.0000,0.8790,1.0000)|(10,7,0.7142,1.0000,0.4869)|(17,15,0.0000,0.0060,0.0219)|(16,10,0.2913,1.0000,0.6415)|(14,13,1.0000,1.0000,1.0000)",1|1|1|1|1|1|1|1|1,1.000000|1.000000|1.000000|1.000000|1.000000|1.000000|1.000000|1.000000|1.000000,192,40,0.5,0.9,0.9,32,0.1,1337,cuda,fastprior
782,7,7,1.000000,0|1|2|3|4|5|6|8|9,0|0|0|0|0|0|0|0|0,40,70848,"(9,21,0.0000,0.1109,1.0000)|(27,20,0.0004,0.0000,0.9489)|(8,13,0.0000,0.0000,0.8702)|(8,13,0.0503,0.0000,0.8145)|(9,21,0.0000,0.0000,1.0000)|(5,19,0.0000,0.0000,1.0000)|(8,13,0.0000,0.0000,1.0000)|(2,18,0.0000,0.0001,1.0000)|(8,13,0.0000,0.0000,0.6245)",7|7|7|7|7|7|7|7|7,1.000000|1.000000|0.991699|0.993652|1.000000|1.000000|0.991211|1.000000|0.993652,192,40,0.5,0.9,0.9,32,0.1,1337,cuda,fastprior
783,6,6,1.000000,0|1|2|3|4|5|7|8|9,0|0|0|0|0|0|0|0|0,40,70848,"(9,5,1.0000,1.0000,0.6554)|(25,5,0.8297,1.0000,0.8146)|(17,6,0.2149,0.6669,1.0000)|(20,4,0.8994,0.9584,0.7274)|(9,5,0.9365,1.0000,0.7589)|(17,6,0.8473,0.9353,0.8055)|(17,6,0.8883,1.0000,0.7272)|(22,8,1.0000,1.0000,0.6420)|(17,6,0.8661,1.0000,0.7962)",6|6|6|6|6|6|6|6|6,1.000000|1.000000|0.995605|1.000000|1.000000|0.988281|0.986816|1.000000|0.987305,192,40,0.5,0.9,0.9,32,0.1,1337,cuda,fastprior
784,7,7,0.999023,0|1|2|3|4|5|6|8|9,0|0|0|0|0|0|0|0|0,40,70848,"(9,12,0.9934,1.0000,1.0000)|(14,11,1.0000,1.0000,1.0000)|(9,8,1.0000,1.0000,1.0000)|(5,7,0.0000,0.0000,0.0000)|(10,10,1.0000,1.0000,1.0000)|(12,11,1.0000,1.0000,1.0000)|(17,16,0.9402,1.0000,0.9470)|(6,16,1.0000,1.0000,1.0000)|(11,6,1.0000,1.0000,1.0000)",7|7|7|7|7|7|7|7|7,1.000000|0.999023|0.973633|0.999512|0.992188|0.963867|0.982422|0.999512|0.892090,192,40,0.5,0.9,0.9,32,0.1,1337,cuda,fastprior
785,0,0,1.000000,1|2|3|4|5|6|7|8|9,0|0|0|0|0|0|0|0|0,40,70848,"(4,26,0.0055,0.0000,0.9846)|(22,20,0.0000,0.0000,0.9566)|(5,24,0.0000,0.0000,0.9486)|(22,20,0.0000,0.0000,0.9844)|(6,26,0.0000,0.0000,1.0000)|(22,20,0.0000,0.0000,1.0000)|(9,22,0.0000,0.0000,1.0000)|(22,17,0.0000,0.0000,0.9945)|(23,17,0.0000,0.0000,0.9212)",0|0|0|0|0|0|0|0|0,1.000000|0.996094|1.000000|0.996094|1.000000|0.996094|1.000000|1.000000|1.000000,192,40,0.5,0.9,0.9,32,0.1,1337,cuda,fastprior
786,3,3,1.000000,0|1|2|4|5|6|7|8|9,0|0|0|0|0|0|0|0|0,40,70848,"(16,14,0.0000,0.2665,0.5693)|(16,14,0.0000,0.0000,0.6096)|(25,14,0.9693,0.4375,1.0000)|(27,24,0.2540,0.3131,1.0000)|(19,12,0.0000,0.0000,0.6916)|(16,15,0.1628,1.0000,0.0000)|(16,14,0.0000,0.1755,0.5611)|(18,15,0.0000,0.8692,0.9324)|(27,24,0.0149,0.0000,0.6122)",3|3|3|3|3|3|3|3|3,0.995117|0.994629|0.999512|0.999512|1.000000|0.997070|0.994629|1.000000|0.999023,192,40,0.5,0.9,0.9,32,0.1,1337,cuda,fastprior
787,9,9,0.995605,0|1|2|3|4|5|6|7|8,1|0|0|0|0|0|0|0|0,40,70848,"(20,25,1.0000,0.2768,1.0000)|(22,20,1.0000,1.0000,1.0000)|(20,12,1.0000,0.9436,1.0000)|(18,19,1.0000,1.0000,1.0000)|(23,24,1.0000,0.9923,1.0000)|(18,25,1.0000,1.0000,1.0000)|(18,21,0.0000,0.7042,1.0000)|(21,24,0.0000,0.7671,0.9053)|(18,19,1.0000,1.0000,1.0000)",0|9|9|9|9|9|9|9|9,0.931641|0.999023|0.993164|0.743164|0.663574|0.534180|0.950195|0.684082|0.743164,192,40,0.5,0.9,0.9,32,0.1,1337,cuda,fastprior
788,6,6,0.553711,0|1|2|3|4|5|7|8|9,0|0|0|0|1|0|0|0|0,40,70848,"(22,21,0.9726,1.0000,1.0000)|(10,6,1.0000,0.0000,0.0000)|(10,6,0.0000,0.0000,1.0000)|(18,13,1.0000,1.0000,0.8733)|(17,11,0.6079,0.6427,0.5630)|(19,21,1.0000,0.7785,0.5508)|(19,10,0.0000,0.0000,1.0000)|(17,10,1.0000,0.0000,0.0000)|(9,8,0.0000,0.0000,1.0000)",4|6|4|6|6|4|4|6|4,0.791992|0.649414|0.548340|0.746582|0.469238|0.859863|0.639648|0.701660|0.579590,192,40,0.5,0.9,0.9,32,0.1,1337,cuda,fastprior
789,8,8,1.000000,0|1|2|3|4|5|6|7|9,0|0|0|0|0|0|0|0|0,40,70848,"(13,20,1.0000,1.0000,1.0000)|(20,23,1.0000,1.0000,1.0000)|(13,20,0.9994,1.0000,1.0000)|(22,24,0.9995,1.0000,1.0000)|(13,20,1.0000,1.0000,1.0000)|(17,10,0.9996,1.0000,1.0000)|(26,12,1.0000,1.0000,1.0000)|(20,27,1.0000,1.0000,1.0000)|(20,23,1.0000,1.0000,1.0000)",8|8|8|8|8|8|8|8|8,0.962891|0.994141|0.962891|0.998535|0.962891|1.000000|1.000000|1.000000|0.994141,192,40,0.5,0.9,0.9,32,0.1,1337,cuda,fastprior
790,3,3,0.999512,0|1|2|4|5|6|7|8|9,0|0|0|0|0|0|0|0|0,40,70848,"(25,18,0.0000,0.0000,0.6925)|(13,16,1.0000,1.0000,1.0000)|(25,17,0.0710,0.7709,0.9951)|(17,14,0.0000,0.0000,0.5830)|(15,18,0.0000,0.0000,0.2148)|(25,18,0.0000,0.0000,0.7758)|(10,15,0.0000,0.0000,0.7063)|(11,16,0.0000,0.0000,0.6244)|(11,16,0.0000,0.2662,1.0000)",3|3|3|3|3|3|3|3|3,0.787598|0.993164|0.996582|0.626953|0.993164|0.798828|0.999023|0.998535|0.996094,192,40,0.5,0.9,0.9,32,0.1,1337,cuda,fastprior
791,0,0,1.000000,1|2|3|4|5|6|7|8|9,0|0|0|0|0|0|0|0|0,40,70848,"(12,15,1.0000,1.0000,0.8742)|(14,7,1.0000,1.0000,1.0000)|(19,15,1.0000,1.0000,1.0000)|(14,19,0.0344,0.6371,0.9980)|(8,22,0.2151,0.3519,0.9440)|(17,12,0.6465,0.8215,0.4530)|(17,16,0.5247,1.0000,0.0000)|(17,12,1.0000,1.0000,0.5773)|(14,17,1.0000,1.0000,0.7548)",0|0|0|0|0|0|0|0|0,1.000000|1.000000|1.000000|1.000000|1.000000|1.000000|1.000000|1.000000|1.000000,192,40,0.5,0.9,0.9,32,0.1,1337,cuda,fastprior
792,3,3,0.790039,0|1|2|4|5|6|7|8|9,0|0|0|0|1|1|0|0|0,40,70848,"(9,14,1.0000,1.0000,1.0000)|(12,25,1.0000,1.0000,0.8350)|(12,25,0.0043,1.0000,1.0000)|(14,14,0.4003,0.9287,0.0000)|(10,11,0.3112,0.0000,0.8787)|(17,24,0.6663,0.9363,0.0000)|(12,17,0.0000,1.0000,0.1211)|(14,14,0.0623,1.0000,0.8800)|(13,14,0.0032,1.0000,1.0000)",0|3|5|3|5|5|7|3|6,0.423340|0.437256|0.719727|0.337891|0.553711|0.447510|0.670898|0.357666|0.488770,192,40,0.5,0.9,0.9,32,0.1,1337,cuda,fastprior
794,7,7,0.999512,0|1|2|3|4|5|6|8|9,0|0|1|0|0|0|0|0|0,40,70848,"(2,19,1.0000,0.7178,0.8438)|(14,17,1.0000,1.0000,1.0000)|(18,16,1.0000,1.0000,0.5154)|(15,15,1.0000,0.8401,1.0000)|(13,13,1.0000,1.0000,1.0000)|(14,17,1.0000,1.0000,1.0000)|(17,16,0.7343,0.6671,0.8708)|(15,24,1.0000,1.0000,1.0000)|(26,17,1.0000,0.8924,1.0000)",7|2|2|7|7|2|7|7|7,0.998535|0.496826|0.988281|0.989258|0.945312|0.496826|0.750977|0.998535|1.000000,192,40,0.5,0.9,0.9,32,0.1,1337,cuda,fastprior
795,7,7,0.998047,0|1|2|3|4|5|6|8|9,0|0|0|0|0|0|0|0|0,40,70848,"(17,13,0.8083,1.0000,1.0000)|(14,19,0.9896,1.0000,1.0000)|(13,20,1.0000,1.0000,1.0000)|(12,20,1.0000,1.0000,0.6656)|(23,17,0.0465,0.0000,0.4846)|(17,13,1.0000,1.0000,0.6951)|(17,13,1.0000,1.0000,1.0000)|(17,13,0.9246,1.0000,1.0000)|(20,23,0.8414,1.0000,1.0000)",5|7|7|7|7|5|5|5|7,0.434570|0.997559|0.997070|0.997070|0.999512|0.551270|0.505859|0.483643|0.996582,192,40,0.5,0.9,0.9,32,0.1,1337,cuda,fastprior
796,1,1,0.648438,0|2|3|4|5|6|7|8|9,0|0|0|1|0|0|0|0|0,40,70848,"(15,20,1.0000,1.0000,1.0000)|(14,13,1.0000,1.0000,1.0000)|(21,6,0.9435,0.5665,1.0000)|(11,15,0.9682,1.0000,1.0000)|(16,22,0.0000,0.0000,0.9012)|(17,22,0.0000,0.0000,0.8759)|(16,22,1.0000,0.9858,1.0000)|(11,13,0.0000,0.4398,0.0509)|(22,6,1.0000,0.8781,1.0000)",1|4|1|4|1|1|1|1|1,0.934082|0.915039|0.651367|0.976562|0.818848|0.885742|0.899414|0.601074|0.433105,192,40,0.5,0.9,0.9,32,0.1,1337,cuda,fastprior
797,4,4,1.000000,0|1|2|3|5|6|7|8|9,0|0|0|0|0|0|0|0|0,40,70848,"(21,7,0.0000,0.0000,1.0000)|(14,11,0.0000,0.0000,1.0000)|(8,11,0.0000,0.0000,0.9948)|(8,11,0.0000,0.0000,1.0000)|(8,10,0.0000,0.0000,0.9993)|(8,10,0.0000,0.0000,1.0000)|(25,11,0.0000,0.0002,1.0000)|(14,12,0.0000,0.0000,1.0000)|(17,10,0.0000,0.0000,1.0000)",4|4|4|4|4|4|4|4|4,1.000000|1.000000|1.000000|1.000000|0.999512|0.999512|1.000000|1.000000|1.000000,192,40,0.5,0.9,0.9,32,0.1,1337,cuda,fastprior
798,7,7,0.954102,0|1|2|3|4|5|6|8|9,0|0|0|0|0|0|0|0|0,40,70848,"(9,14,0.5000,1.0000,1.0000)|(22,14,1.0000,0.9458,0.8443)|(15,10,1.0000,1.0000,1.0000)|(19,18,0.8049,0.0000,0.0000)|(11,9,0.9901,0.6762,0.6876)|(17,13,0.9922,0.9559,1.0000)|(10,12,1.0000,0.6171,0.5075)|(18,12,0.6492,1.0000,1.0000)|(23,10,0.5859,1.0000,0.5986)",2|7|2|7|4|5|2|7|7,0.568359|0.704102|0.841797|0.665039|0.752930|0.760742|0.548340|0.797363|0.998535,192,40,0.5,0.9,0.9,32,0.1,1337,cuda,fastprior
799,2,2,0.950195,0|1|3|4|5|6|7|8|9,0|0|1|0|0|0|0|0|0,40,70848,"(15,12,1.0000,0.9996,1.0000)|(14,13,0.0000,0.0000,0.9604)|(15,13,0.0000,0.0000,0.0000)|(12,9,0.6600,0.0066,0.0000)|(15,13,0.0000,0.1227,0.3068)|(16,3,0.0000,0.5820,0.0000)|(7,9,0.0000,0.0000,0.3081)|(15,12,0.0000,0.5177,1.0000)|(15,13,0.0000,1.0000,1.0000)",9|3|3|2|3|2|2|9|2,0.362061|0.516113|0.970703|0.563965|0.914062|0.446777|0.632812|0.447998|0.738281,192,40,0.5,0.9,0.9,32,0.1,1337,cuda,fastprior
800,7,7,1.000000,0|1|2|3|4|5|6|8|9,0|0|0|0|0|0|0|0|0,40,70848,"(11,11,0.0000,0.0000,0.4681)|(3,18,1.0000,1.0000,0.0000)|(11,11,0.0000,0.0000,0.0020)|(14,14,1.0000,1.0000,0.9140)|(12,13,1.0000,0.8455,1.0000)|(11,11,0.0000,0.0000,0.0000)|(12,11,1.0000,1.0000,0.0000)|(15,12,1.0000,1.0000,0.7716)|(11,10,1.0000,1.0000,0.0000)",7|7|7|7|7|7|7|7|7,1.000000|1.000000|1.000000|1.000000|1.000000|1.000000|1.000000|1.000000|1.000000,192,40,0.5,0.9,0.9,32,0.1,1337,cuda,fastprior
801,1,1,0.999512,0|2|3|4|5|6|7|8|9,0|0|0|0|0|0|0|0|0,40,70848,"(17,11,1.0000,0.8148,0.8048)|(19,2,1.0000,0.8447,0.6870)|(5,6,1.0000,0.8775,0.7072)|(17,11,1.0000,0.8519,0.7467)|(23,19,1.0000,0.8389,0.7459)|(22,4,1.0000,0.7721,1.0000)|(17,11,0.9974,0.7889,0.7494)|(27,13,1.0000,1.0000,1.0000)|(18,4,1.0000,0.8594,0.8249)",1|1|1|1|1|1|1|1|1,0.991211|0.999512|0.999512|0.991211|1.000000|1.000000|0.991211|1.000000|1.000000,192,40,0.5,0.9,0.9,32,0.1,1337,cuda,fastprior
802,4,4,1.000000,0|1|2|3|5|6|7|8|9,0|0|0|0|0|0|0|0|0,40,70848,"(18,22,1.0000,1.0000,1.0000)|(17,13,1.0000,0.8259,1.0000)|(12,24,1.0000,1.0000,1.0000)|(17,28,0.9553,0.8764,1.0000)|(13,7,0.1134,0.0000,0.0000)|(8,24,1.0000,0.8110,1.0000)|(17,28,1.0000,0.8219,1.0000)|(23,12,1.0000,1.0000,1.0000)|(14,6,1.0000,1.0000,1.0000)",4|4|4|4|4|4|4|4|4,1.000000|0.999512|1.000000|0.998047|0.999512|0.999512|0.997559|1.000000|0.999512,192,40,0.5,0.9,0.9,32,0.1,1337,cuda,fastprior
803,7,7,1.000000,0|1|2|3|4|5|6|8|9,0|0|0|0|0|0|0|0|0,40,70848,"(22,10,0.0000,0.0000,0.0315)|(19,9,0.0000,0.0000,1.0000)|(23,15,0.0000,0.0000,0.9870)|(16,4,0.0000,0.0000,1.0000)|(23,15,0.0000,0.0000,1.0000)|(19,9,0.0000,0.0000,0.9877)|(16,4,0.0000,0.0000,0.4586)|(22,14,0.0000,0.0000,1.0000)|(20,8,0.0000,0.0000,0.8742)",7|7|7|7|7|7|7|7|7,0.999023|1.000000|0.998047|0.999512|0.998047|1.000000|0.999512|0.999023|1.000000,192,40,0.5,0.9,0.9,32,0.1,1337,cuda,fastprior
804,4,4,1.000000,0|1|2|3|5|6|7|8|9,0|0|0|0|0|0|0|0|0,40,70848,"(18,12,1.0000,1.0000,0.9395)|(22,11,1.0000,1.0000,0.7999)|(13,16,1.0000,1.0000,1.0000)|(17,3,0.0000,0.0000,0.2927)|(7,18,0.0000,0.0000,0.4138)|(2,17,0.0000,0.0000,0.3967)|(22,11,0.0000,0.1118,1.0000)|(3,18,0.0000,0.2664,0.8600)|(11,14,1.0000,1.0000,0.4774)",4|4|4|4|4|4|4|4|4,0.793457|1.000000|0.999512|1.000000|1.000000|1.000000|1.000000|1.000000|1.000000,192,40,0.5,0.9,0.9,32,0.1,1337,cuda,fastprior
805,4,4,0.982422,0|1|2|3|5|6|7|8|9,0|0|0|0|0|0|0|0|0,40,70848,"(14,12,1.0000,0.2003,1.0000)|(6,10,1.0000,1.0000,1.0000)|(26,11,0.9069,1.0000,1.0000)|(25,8,1.0000,0.8114,0.9794)|(16,6,1.0000,1.0000,1.0000)|(15,26,1.0000,0.0474,1.0000)|(6,10,0.8213,1.0000,0.3960)|(21,15,1.0000,0.9007,1.0000)|(25,7,1.0000,0.9773,1.0000)",4|4|4|4|4|4|4|4|4,1.000000|0.670410|0.954102|0.910156|0.712891|0.981934|0.676270|0.918945|0.868652,192,40,0.5,0.9,0.9,32,0.1,1337,cuda,fastprior
806,8,8,1.000000,0|1|2|3|4|5|6|7|9,0|0|0|0|0|0|0|0|0,40,70848,"(7,12,1.0000,1.0000,1.0000)|(4,15,1.0000,1.0000,1.0000)|(10,23,1.0000,1.0000,1.0000)|(25,8,1.0000,1.0000,1.0000)|(15,21,1.0000,1.0000,1.0000)|(4,15,1.0000,1.0000,1.0000)|(8,15,1.0000,1.0000,1.0000)|(15,20,1.0000,1.0000,1.0000)|(11,4,1.0000,1.0000,1.0000)",8|8|8|8|8|8|8|8|8,1.000000|1.000000|0.922363|1.000000|0.966309|1.000000|1.000000|0.799805|1.000000,192,40,0.5,0.9,0.9,32,0.1,1337,cuda,fastprior
807,4,4,1.000000,0|1|2|3|5|6|7|8|9,0|0|0|0|0|0|0|0|0,40,70848,"(8,11,1.0000,1.0000,1.0000)|(19,5,1.0000,0.9919,1.0000)|(10,11,1.0000,0.9987,1.0000)|(8,13,1.0000,1.0000,1.0000)|(18,5,1.0000,0.9275,1.0000)|(9,11,0.0000,0.0000,1.0000)|(6,16,1.0000,0.9563,0.8669)|(19,5,0.7793,1.0000,1.0000)|(6,7,1.0000,0.9966,1.0000)",4|4|4|4|4|4|4|4|4,0.997559|1.000000|1.000000|0.998047|1.000000|1.000000|0.999023|1.000000|1.000000,192,40,0.5,0.9,0.9,32,0.1,1337,cuda,fastprior
808,7,7,1.000000,0|1|2|3|4|5|6|8|9,0|0|0|0|0|0|0|0|0,40,70848,"(13,16,0.0000,0.0000,0.0000)|(11,18,0.0000,0.0000,0.0000)|(17,18,0.0000,0.0000,0.0000)|(12,17,0.1116,0.0000,0.0000)|(12,17,0.0000,0.0000,0.0000)|(28,10,0.0005,0.0000,0.0000)|(28,10,0.0000,0.0000,0.0000)|(28,10,0.0000,0.0000,0.0000)|(9,11,0.0000,0.0000,0.0023)",7|7|7|7|7|7|7|7|7,1.000000|1.000000|1.000000|1.000000|1.000000|1.000000|1.000000|1.000000|0.998047,192,40,0.5,0.9,0.9,32,0.1,1337,cuda,fastprior
809,7,7,1.000000,0|1|2|3|4|5|6|8|9,0|0|0|0|0|0|0|0|0,40,70848,"(8,16,0.0000,0.0000,0.0664)|(10,20,0.0000,0.0000,0.0995)|(18,14,0.0392,0.0000,0.0000)|(13,21,0.0000,0.0000,0.0000)|(20,19,0.0000,0.0000,0.1332)|(15,4,0.0000,0.0000,1.0000)|(8,16,0.0000,0.0000,0.0262)|(19,18,1.0000,0.0019,0.0000)|(21,17,0.3462,0.0000,0.0000)",7|7|7|7|7|7|7|7|7,1.000000|1.000000|1.000000|1.000000|1.000000|1.000000|1.000000|1.000000|1.000000,192,40,0.5,0.9,0.9,32,0.1,1337,cuda,fastprior
812,7,7,1.000000,0|1|2|3|4|5|6|8|9,0|0|0|0|0|0|0|0|0,40,70848,"(23,12,1.0000,1.0000,1.0000)|(23,12,1.0000,0.9942,1.0000)|(13,16,1.0000,1.0000,1.0000)|(23,13,1.0000,1.0000,1.0000)|(23,12,1.0000,1.0000,0.9263)|(23,12,1.0000,1.0000,1.0000)|(23,12,1.0000,1.0000,1.0000)|(23,12,1.0000,1.0000,1.0000)|(23,12,1.0000,0.9855,1.0000)",7|7|7|7|7|7|7|7|7,0.990723|0.990234|1.000000|0.998535|0.990723|0.990723|0.990723|0.990723|0.990234,192,40,0.5,0.9,0.9,32,0.1,1337,cuda,fastprior
813,2,2,1.000000,0|1|3|4|5|6|7|8|9,0|0|0|0|0|0|0|0|0,40,70848,"(23,5,0.6257,1.0000,1.0000)|(18,10,0.9056,0.9534,1.0000)|(19,14,0.7897,0.9866,1.0000)|(22,8,0.7664,1.0000,1.0000)|(19,14,0.3430,0.9011,1.0000)|(14,22,0.7198,1.0000,1.0000)|(18,21,0.9261,1.0000,1.0000)|(20,10,0.4158,0.8751,1.0000)|(19,14,0.7050,1.0000,1.0000)",2|2|2|2|2|2|2|2|2,1.000000|1.000000|0.999512|1.000000|0.999512|1.000000|0.999512|1.000000|0.999512,192,40,0.5,0.9,0.9,32,0.1,1337,cuda,fastprior
814,0,0,0.984863,1|2|3|4|5|6|7|8|9,0|0|0|0|0|0|0|0|0,40,70848,"(13,22,0.0711,0.0000,1.0000)|(20,22,0.7160,0.5732,0.2483)|(27,20,1.0000,0.9991,0.7144)|(27,21,0.7240,0.9086,0.3372)|(16,28,1.0000,1.0000,0.6250)|(13,29,1.0000,1.0000,1.0000)|(19,29,0.7446,0.9034,0.3066)|(19,29,0.6319,1.0000,0.9781)|(18,28,1.0000,1.0000,0.0902)",0|0|0|0|0|0|0|0|9,0.969238|0.973633|0.998047|0.988281|0.613770|0.997559|0.603027|0.615723|0.689941,192,40,0.5,0.9,0.9,32,0.1,1337,cuda,fastprior
815,8,8,1.000000,0|1|2|3|4|5|6|7|9,0|0|0|0|0|0|0|0|0,40,70848,"(15,13,1.0000,1.0000,1.0000)|(20,9,1.0000,1.0000,0.9503)|(11,2,0.0000,0.0000,1.0000)|(27,14,1.0000,0.9184,0.9268)|(9,2,0.0000,0.0000,0.9680)|(8,24,0.9418,0.3882,0.1628)|(15,13,1.0000,1.0000,1.0000)|(13,27,1.0000,1.0000,1.0000)|(25,27,1.0000,1.0000,0.7725)",8|8|8|8|8|8|8|8|8,1.000000|1.000000|1.000000|1.000000|1.000000|1.000000|1.000000|1.000000|1.000000,192,40,0.5,0.9,0.9,32,0.1,1337,cuda,fastprior
816,9,9,1.000000,0|1|2|3|4|5|6|7|8,0|0|0|0|0|0|0|0|0,40,70848,"(11,16,1.0000,1.0000,0.9902)|(10,21,1.0000,1.0000,1.0000)|(16,10,1.0000,1.0000,0.9091)|(11,17,1.0000,0.8437,1.0000)|(13,13,1.0000,1.0000,1.0000)|(15,18,1.0000,1.0000,0.9583)|(18,8,1.0000,1.0000,1.0000)|(14,13,1.0000,1.0000,0.7888)|(13,19,1.0000,0.4661,0.4354)",9|9|9|9|9|9|9|9|9,0.999512|1.000000|1.000000|1.000000|0.999512|1.000000|1.000000|0.999023|1.000000,192,40,0.5,0.9,0.9,32,0.1,1337,cuda,fastprior
817,5,5,0.998535,0|1|2|3|4|6|7|8|9,0|0|0|0|0|0|0|0|0,40,70848,"(14,4,1.0000,1.0000,1.0000)|(20,10,1.0000,1.0000,1.0000)|(18,6,0.0132,0.8823,0.0000)|(3,17,0.7679,0.2125,0.7875)|(1,12,0.0000,0.0600,0.6902)|(19,10,1.0000,0.7306,0.7908)|(5,19,0.2843,0.0000,0.0000)|(16,6,1.0000,1.0000,0.9553)|(12,25,1.0000,1.0000,0.5963)",5|5|5|5|5|5|5|5|5,1.000000|1.000000|1.000000|0.979004|0.998047|1.000000|0.994141|0.999512|0.998047,192,40,0.5,0.9,0.9,32,0.1,1337,cuda,fastprior
818,8,8,0.971191,0|1|2|3|4|5|6|7|9,1|0|0|0|0|0|0|0|0,40,70848,"(20,8,1.0000,0.9767,1.0000)|(8,22,0.8681,1.0000,1.0000)|(17,9,1.0000,0.3709,0.0482)|(10,23,1.0000,1.0000,1.0000)|(10,23,0.7093,0.0000,0.6567)|(7,10,0.9989,1.0000,1.0000)|(20,8,1.0000,0.0000,0.0906)|(10,23,0.9999,0.5973,1.0000)|(17,20,0.4370,0.6240,0.6403)",8|9|8|9|8|0|8|8|9,0.975098|0.372559|0.923340|0.422852|0.937012|0.943359|0.995117|0.324219|0.785156,192,40,0.5,0.9,0.9,32,0.1,1337,cuda,fastprior
819,3,3,0.934570,0|1|2|4|5|6|7|8|9,0|0|1|0|0|0|0|0|0,40,70848,"(17,14,1.0000,0.0000,0.0000)|(12,27,1.0000,1.0000,0.6674)|(21,11,1.0000,0.0000,0.0000)|(14,23,0.0000,0.4339,0.0000)|(17,25,0.1277,0.1879,0.9516)|(21,11,0.2298,1.0000,0.6750)|(11,21,1.0000,0.9837,1.0000)|(13,19,1.0000,1.0000,1.0000)|(17,25,1.0000,0.0784,0.0000)",3|3|2|3|3|2|3|3|3,0.581055|0.843750|0.993164|0.982910|0.441406|0.755371|0.671387|0.960938|0.323730,192,40,0.5,0.9,0.9,32,0.1,1337,cuda,fastprior
820,6,6,0.998535,0|1|2|3|4|5|7|8|9,0|0|0|0|0|1|0|0|0,40,70848,"(11,8,1.0000,0.9998,1.0000)|(15,6,0.7934,1.0000,1.0000)|(15,6,1.0000,0.9998,1.0000)|(19,22,0.7808,1.0000,1.0000)|(20,11,1.0000,1.0000,0.9992)|(12,8,0.0000,0.0000,0.7710)|(15,6,0.7762,1.0000,0.9686)|(16,8,1.0000,1.0000,1.0000)|(13,7,0.7437,1.0000,1.0000)",6|2|2|6|6|6|6|6|6,0.946289|0.513184|0.889160|0.998535|0.886719|0.970215|0.521973|0.874023|0.989746,192,40,0.5,0.9,0.9,32,0.1,1337,cuda,fastprior
821,2,2,1.000000,0|1|3|4|5|6|7|8|9,0|0|0|0|0|0|0|0|0,40,70848,"(5,13,0.0188,0.0463,0.5810)|(5,12,0.9625,1.0000,0.9035)|(5,12,0.0000,0.0000,0.3323)|(24,10,1.0000,1.0000,1.0000)|(18,13,0.0000,0.0000,0.9649)|(16,25,0.0000,0.0000,1.0000)|(21,22,0.0000,0.0000,0.9043)|(5,12,1.0000,0.9009,0.6931)|(20,27,0.2780,0.1943,0.8776)",2|2|2|2|2|2|2|2|2,1.000000|1.000000|1.000000|1.000000|1.000000|1.000000|1.000000|1.000000|1.000000,192,40,0.5,0.9,0.9,32,0.1,1337,cuda,fastprior
822,0,0,0.993652,1|2|3|4|5|6|7|8|9,0|0|0|0|0|0|0|0|0,40,70848,"(18,17,1.0000,1.0000,0.0220)|(30,21,0.0000,0.0668,0.0000)|(28,19,0.9809,1.0000,0.0000)|(26,25,0.2237,0.3370,0.0000)|(18,16,1.0000,1.0000,0.3393)|(29,19,1.0000,1.0000,0.2629)|(29,19,1.0000,1.0000,0.5551)|(10,7,1.0000,0.0152,0.0000)|(28,19,1.0000,1.0000,0.0749)",0|0|0|0|0|0|0|0|0,0.996094|0.990723|0.941895|0.994629|0.992676|0.970703|0.972168|0.927246|0.939453,192,40,0.5,0.9,0.9,32,0.1,1337,cuda,fastprior
823,8,8,1.000000,0|1|2|3|4|5|6|7|9,0|0|0|0|0|0|0|0|0,40,70848,"(23,15,1.0000,1.0000,1.0000)|(23,15,1.0000,0.8725,1.0000)|(23,22,1.0000,1.0000,0.8004)|(20,22,1.0000,0.9665,1.0000)|(22,12,0.9972,0.9994,1.0000)|(20,22,1.0000,0.8961,1.0000)|(20,22,1.0000,0.9311,1.0000)|(7,27,1.0000,0.9989,1.0000)|(23,23,1.0000,0.8782,1.0000)",8|8|8|8|8|8|8|8|8,1.000000|1.000000|0.998535|0.999512|1.000000|0.999512|0.999512|1.000000|1.000000,192,40,0.5,0.9,0.9,32,0.1,1337,cuda,fastprior
824,7,7,1.000000,0|1|2|3|4|5|6|8|9,0|0|0|0|0|0|0|0|0,40,70848,"(16,10,0.2587,0.0000,0.4521)|(6,9,0.2023,0.0000,0.7305)|(16,10,0.0000,0.0329,0.8312)|(17,14,1.0000,1.0000,1.0000)|(19,13,0.0000,0.0000,0.5506)|(14,25,0.0000,0.0000,0.6604)|(1,23,0.0676,0.3942,0.3280)|(13,9,0.0000,0.1244,0.5455)|(16,10,0.0000,0.0537,0.4106)",7|7|7|7|7|7|7|7|7,1.000000|1.000000|1.000000|1.000000|1.000000|1.000000|1.000000|1.000000|1.000000,192,40,0.5,0.9,0.9,32,0.1,1337,cuda,fastprior
825,3,3,1.000000,0|1|2|4|5|6|7|8|9,0|0|0|0|0|0|0|0|0,40,70848,"(11,10,0.0035,0.0000,1.0000)|(11,10,0.0000,0.0000,1.0000)|(11,10,0.0000,0.0000,0.9884)|(24,10,0.0000,0.0000,1.0000)|(11,10,0.0000,0.0000,1.0000)|(11,10,0.0000,0.0000,0.9974)|(11,10,0.0000,0.0000,1.0000)|(11,10,0.0000,0.0000,1.0000)|(11,10,0.0000,0.0000,1.0000)",3|3|3|3|3|3|3|3|3,0.996582|0.996582|0.996582|1.000000|0.996582|0.996582|0.996582|0.996582|0.996582,192,40,0.5,0.9,0.9,32,0.1,1337,cuda,fastprior
826,7,7,1.000000,0|1|2|3|4|5|6|8|9,0|0|0|0|0|0|0|0|0,40,70848,"(9,13,1.0000,1.0000,0.9991)|(14,13,1.0000,1.0000,1.0000)|(5,15,1.0000,1.0000,1.0000)|(5,11,1.0000,0.9188,1.0000)|(17,12,1.0000,0.9251,0.7195)|(15,10,1.0000,0.9220,1.0000)|(9,13,1.0000,1.0000,1.0000)|(11,2,1.0000,0.9206,1.0000)|(14,13,1.0000,0.9237,0.9946)",7|7|7|7|7|7|7|7|7,0.998047|0.854004|0.999512|0.999023|1.000000|0.997559|0.998047|1.000000|0.844238,192,40,0.5,0.9,0.9,32,0.1,1337,cuda,fastprior
827,6,6,1.000000,0|1|2|3|4|5|7|8|9,0|0|0|0|0|0|0|0|0,40,70848,"(3,11,0.9803,1.0000,1.0000)|(4,21,1.0000,1.0000,1.0000)|(19,12,0.6032,1.0000,1.0000)|(6,23,0.9994,1.0000,1.0000)|(3,11,0.6391,0.7749,1.0000)|(24,4,0.5156,0.6176,1.0000)|(7,5,0.9692,1.0000,0.9990)|(18,21,0.9884,1.0000,1.0000)|(18,21,0.9582,1.0000,1.0000)",6|6|6|6|6|6|6|6|6,1.000000|1.000000|1.000000|1.000000|1.000000|1.000000|0.998535|0.998047|0.998047,192,40,0.5,0.9,0.9,32,0.1,1337,cuda,fastprior
829,3,3,0.797363,0|1|2|4|5|6|7|8|9,0|0|0|0|0|0|0|0|0,40,70848,"(13,22,0.0000,0.0000,0.9229)|(11,23,0.2329,0.3854,0.4869)|(16,21,0.0000,0.0000,0.7847)|(14,23,0.7733,0.9497,0.5509)|(16,21,0.0000,0.0991,1.0000)|(15,21,0.0000,0.9359,0.0000)|(29,9,0.0000,0.0000,0.5413)|(10,21,0.1611,0.0000,1.0000)|(12,26,0.0000,0.0000,0.8501)",3|3|3|3|3|3|3|3|3,0.997559|0.993652|0.998535|0.750488|0.998047|0.901855|0.662109|0.997070|0.996582,192,40,0.5,0.9,0.9,32,0.1,1337,cuda,fastprior
830,1,1,1.000000,0|2|3|4|5|6|7|8|9,0|0|0|0|0|0|0|0|0,40,70848,"(14,26,1.0000,1.0000,1.0000)|(17,26,1.0000,1.0000,1.0000)|(15,21,1.0000,1.0000,1.0000)|(21,15,1.0000,1.0000,1.0000)|(14,27,1.0000,1.0000,1.0000)|(16,25,1.0000,1.0000,1.0000)|(21,15,1.0000,1.0000,1.0000)|(16,25,1.0000,1.0000,1.0000)|(13,8,1.0000,1.0000,0.9009)",1|1|1|1|1|1|1|1|1,0.993164|0.992676|0.999023|1.000000|0.942383|0.975586|1.000000|0.975586|0.999512,192,40,0.5,0.9,0.9,32,0.1,1337,cuda,fastprior
831,3,3,0.977539,0|1|2|4|5|6|7|8|9,0|0|0|0|0|0|0|0|0,40,70848,"(16,3,0.0000,0.0000,0.6467)|(8,7,0.0000,0.0000,0.9457)|(19,7,0.0000,0.0000,0.9218)|(7,4,0.0000,0.0000,1.0000)|(8,7,0.0000,0.0000,0.9853)|(15,9,0.0928,0.0000,0.5536)|(1,21,0.0079,0.0000,0.5995)|(16,3,0.0000,0.1240,0.8370)|(2,21,1.0000,1.0000,1.0000)",3|3|3|3|3|3|3|3|9,0.291504|0.399658|0.582031|0.670898|0.394531|0.955566|0.962402|0.321533|0.527832,192,40,0.5,0.9,0.9,32,0.1,1337,cuda,fastprior
832,2,2,1.000000,0|1|3|4|5|6|7|8|9,0|0|0|0|0|0|0|0|0,40,70848,"(19,23,0.0000,0.0000,0.2229)|(27,10,0.1077,0.0000,0.2576)|(19,4,0.2804,0.0000,0.0000)|(24,5,0.6315,0.4152,0.0045)|(11,13,0.0000,0.0000,0.5488)|(27,10,0.0000,0.0000,0.3591)|(19,4,0.4325,0.3391,0.0000)|(18,4,0.7470,0.0000,0.0000)|(19,13,0.0000,0.0000,0.3245)",2|2|2|2|2|2|2|2|2,1.000000|1.000000|1.000000|1.000000|1.000000|1.000000|1.000000|1.000000|1.000000,192,40,0.5,0.9,0.9,32,0.1,1337,cuda,fastprior
833,2,2,0.923828,0|1|3|4|5|6|7|8|9,0|0|0|0|0|0|0|0|0,40,70848,"(11,5,0.6533,0.5390,0.8031)|(3,25,0.0119,0.0000,0.0000)|(4,13,0.1640,0.3472,0.2445)|(9,18,1.0000,0.9978,1.0000)|(4,22,0.2012,0.5617,1.0000)|(3,22,0.5202,1.0000,0.0995)|(11,5,1.0000,0.7324,1.0000)|(11,3,0.7248,0.7526,0.8314)|(11,5,0.5334,0.6564,1.0000)",2|2|2|2|2|2|2|2|2,0.663574|0.503906|0.946777|0.695801|0.869629|0.848633|0.393555|0.866699|0.609375,192,40,0.5,0.9,0.9,32,0.1,1337,cuda,fastprior
834,5,5,1.000000,0|1|2|3|4|6|7|8|9,0|0|0|0|0|0|0|0|0,40,70848,"(19,21,1.0000,1.0000,1.0000)|(22,25,1.0000,1.0000,1.0000)|(19,16,1.0000,1.0000,1.0000)|(11,8,1.0000,0.9791,1.0000)|(10,12,1.0000,1.0000,1.0000)|(18,17,1.0000,0.9874,1.0000)|(18,17,1.0000,0.9914,1.0000)|(15,16,1.0000,1.0000,1.0000)|(14,16,1.0000,1.0000,1.0000)",5|5|5|5|5|5|5|5|5,0.999512|1.000000|0.999023|0.987305|1.000000|0.999023|0.999023|1.000000|1.000000,192,40,0.5,0.9,0.9,32,0.1,1337,cuda,fastprior
835,4,4,0.998535,0|1|2|3|5|6|7|8|9,0|0|0|0|1|0|0|0|0,40,70848,"(20,16,0.0000,0.0000,0.4331)|(18,17,0.0000,0.0000,0.3602)|(20,16,0.0000,0.0394,0.0000)|(19,15,1.0000,0.7756,0.7914)|(17,8,1.0000,1.0000,1.0000)|(17,10,0.0000,0.0000,0.3259)|(20,9,1.0000,1.0000,1.0000)|(18,9,0.0000,0.0000,0.0000)|(16,23,1.0000,0.9414,1.0000)",4|4|2|4|4|4|4|4|4,0.524902|0.451416|0.519531|0.981445|0.999023|0.999512|0.847168|0.999512|0.999512,192,40,0.5,0.9,0.9,32,0.1,1337,cuda,fastprior
837,2,2,1.000000,0|1|3|4|5|6|7|8|9,0|0|0|0|0|0|0|0|0,40,70848,"(13,7,1.0000,1.0000,0.9957)|(22,11,0.9697,1.0000,1.0000)|(6,14,0.2752,1.0000,1.0000)|(19,13,0.0000,0.0000,0.9985)|(6,14,0.0000,0.0000,0.9425)|(6,7,0.9382,1.0000,1.0000)|(13,6,0.0000,0.0000,1.0000)|(18,15,0.1627,1.0000,1.0000)|(15,6,0.3073,1.0000,1.0000)",2|2|2|2|2|2|2|2|2,1.000000|1.000000|0.999512|1.000000|0.999512|1.000000|1.000000|1.000000|1.000000,192,40,0.5,0.9,0.9,32,0.1,1337,cuda,fastprior
838,9,9,1.000000,0|1|2|3|4|5|6|7|8,0|0|0|0|0|0|0|0|0,40,70848,"(10,17,1.0000,1.0000,1.0000)|(22,13,1.0000,1.0000,0.9981)|(9,25,1.0000,0.9536,1.0000)|(11,16,1.0000,1.0000,1.0000)|(9,16,1.0000,1.0000,1.0000)|(22,13,0.9994,1.0000,1.0000)|(10,24,1.0000,1.0000,0.9991)|(11,16,1.0000,1.0000,1.0000)|(11,18,0.9348,0.0000,0.4948)",9|9|9|9|9|9|9|9|9,1.000000|0.999023|0.999023|1.000000|1.000000|0.999023|0.999512|1.000000|1.000000,192,40,0.5,0.9,0.9,32,0.1,1337,cuda,fastprior
839,2,2,1.000000,0|1|3|4|5|6|7|8|9,0|0|0|0|0|0|0|0|0,40,70848,"(21,11,1.0000,1.0000,1.0000)|(20,10,1.0000,1.0000,1.0000)|(27,14,1.0000,1.0000,0.8095)|(21,12,1.0000,1.0000,0.8405)|(21,12,0.9347,1.0000,0.9984)|(17,16,1.0000,1.0000,0.8310)|(22,8,0.9907,0.9288,1.0000)|(14,19,0.8567,1.0000,0.9662)|(22,13,1.0000,1.0000,0.9956)",2|2|2|2|2|2|2|2|2,1.000000|1.000000|1.000000|1.000000|1.000000|1.000000|1.000000|1.000000|1.000000,192,40,0.5,0.9,0.9,32,0.1,1337,cuda,fastprior
840,7,7,1.000000,0|1|2|3|4|5|6|8|9,0|0|0|0|0|0|0|0|0,40,70848,"(16,26,1.0000,1.0000,1.0000)|(14,13,1.0000,1.0000,1.0000)|(17,14,1.0000,1.0000,1.0000)|(16,24,1.0000,0.9907,0.7101)|(15,23,1.0000,1.0000,1.0000)|(22,10,1.0000,0.9995,1.0000)|(26,19,1.0000,1.0000,1.0000)|(16,13,0.9747,0.8883,0.8607)|(17,24,1.0000,1.0000,1.0000)",7|7|7|7|7|7|7|7|7,1.000000|1.000000|1.000000|1.000000|1.000000|1.000000|1.000000|1.000000|1.000000,192,40,0.5,0.9,0.9,32,0.1,1337,cuda,fastprior
841,0,0,0.999512,1|2|3|4|5|6|7|8|9,0|0|0|0|0|0|0|0|0,40,70848,"(9,21,0.9140,0.2778,1.0000)|(10,21,1.0000,1.0000,1.0000)|(25,15,1.0000,0.4640,0.3005)|(25,15,0.9674,0.0000,1.0000)|(19,9,1.0000,0.0000,1.0000)|(11,7,1.0000,0.3169,0.3224)|(19,9,1.0000,0.2186,0.2073)|(24,11,0.9656,0.4288,0.3062)|(19,9,0.9167,0.5618,0.6310)",0|0|0|0|0|0|0|0|0,1.000000|1.000000|0.998535|0.998047|0.950684|1.000000|0.946777|0.998047|0.947754,192,40,0.5,0.9,0.9,32,0.1,1337,cuda,fastprior
842,7,7,1.000000,0|1|2|3|4|5|6|8|9,0|0|0|0|0|0|0|0|0,40,70848,"(4,4,0.0000,0.0000,0.1500)|(4,13,0.0000,0.0000,0.2143)|(4,4,0.0000,0.0000,0.1438)|(4,4,0.0000,0.0215,0.0000)|(10,10,0.0000,0.0000,0.4603)|(4,5,0.0000,0.0000,0.1039)|(2,18,0.0000,0.0000,0.2838)|(25,5,0.0000,0.0000,0.2456)|(4,4,0.0000,0.0000,0.2320)",7|7|7|7|7|7|7|7|7,0.999512|1.000000|0.999512|0.999512|1.000000|0.999512|1.000000|1.000000|0.999512,192,40,0.5,0.9,0.9,32,0.1,1337,cuda,fastprior
843,2,2,0.999023,0|1|3|4|5|6|7|8|9,0|0|0|0|0|0|0|0|0,40,70848,"(4,12,1.0000,1.0000,1.0000)|(26,11,0.0000,0.0000,0.8444)|(8,12,0.0000,0.0000,1.0000)|(25,19,0.0000,0.0000,0.9453)|(24,19,0.0000,0.0000,0.8567)|(22,11,0.9760,1.0000,1.0000)|(15,26,0.0000,0.0000,1.0000)|(26,10,0.0000,0.0000,1.0000)|(8,12,0.0000,0.0000,1.0000)",2|2|2|2|2|2|2|2|2,0.998535|0.999512|0.999512|0.989258|0.994141|0.999512|0.994141|0.999512|0.999512,192,40,0.5,0.9,0.9,32,0.1,1337,cuda,fastprior
844,1,1,0.999512,0|2|3|4|5|6|7|8|9,0|0|0|0|0|0|0|0|0,40,70848,"(21,21,1.0000,1.0000,0.7496)|(21,21,1.0000,1.0000,0.7812)|(19,28,1.0000,1.0000,0.9054)|(18,18,1.0000,1.0000,1.0000)|(17,19,1.0000,1.0000,0.9407)|(16,29,1.0000,1.0000,0.7393)|(21,21,1.0000,1.0000,0.6741)|(23,15,1.0000,1.0000,0.6734)|(21,19,1.0000,0.9959,0.6218)",1|1|1|1|1|1|1|1|1,0.978516|0.979004|0.997559|1.000000|0.999512|0.990723|0.978027|1.000000|0.998535,192,40,0.5,0.9,0.9,32,0.1,1337,cuda,fastprior
845,3,3,0.993652,0|1|2|4|5|6|7|8|9,0|0|0|0|0|0|0|0|0,40,70848,"(11,24,1.0000,1.0000,1.0000)|(19,20,0.7662,0.7259,1.0000)|(13,12,1.0000,1.0000,1.0000)|(7,16,0.0394,0.4551,1.0000)|(14,22,1.0000,0.8623,1.0000)|(11,25,0.7109,0.4417,0.2660)|(22,20,1.0000,1.0000,1.0000)|(20,20,1.0000,0.0000,0.0000)|(11,24,0.8307,0.7720,0.6918)",3|3|3|3|3|3|3|3|3,0.558594|0.999023|0.684570|0.988281|0.987305|0.959961|0.933594|0.997070|0.806641,192,40,0.5,0.9,0.9,32,0.1,1337,cuda,fastprior
846,2,2,1.000000,0|1|3|4|5|6|7|8|9,0|0|0|0|0|0|0|0|0,40,70848,"(16,15,0.0000,0.0000,0.7958)|(14,8,0.0000,0.0000,0.7669)|(18,15,0.0000,0.0000,0.7254)|(9,13,0.0000,0.0000,0.7655)|(16,15,0.0000,0.0000,1.0000)|(23,22,0.0000,0.0000,0.9916)|(16,15,0.0000,0.0000,0.8344)|(10,14,0.0000,0.0488,0.8082)|(19,16,0.0000,0.0000,0.6790)",2|2|2|2|2|2|2|2|2,1.000000|1.000000|1.000000|1.000000|1.000000|1.000000|1.000000|1.000000|1.000000,192,40,0.5,0.9,0.9,32,0.1,1337,cuda,fastprior
847,0,0,1.000000,1|2|3|4|5|6|7|8|9,0|0|0|0|0|0|0|0|0,40,70848,"(13,17,0.0204,0.0000,0.0000)|(13,17,0.0000,0.0000,1.0000)|(13,17,0.0904,0.0266,0.0475)|(16,19,0.0000,0.4234,0.0000)|(13,17,0.0000,0.0000,0.0000)|(12,9,0.0000,0.1342,0.2638)|(14,11,1.0000,0.0000,0.0000)|(17,17,0.0000,0.0000,0.1701)|(13,17,0.0001,0.0000,0.1404)",0|0|0|0|0|0|0|0|0,0.998535|1.000000|0.998535|1.000000|0.998535|1.000000|1.000000|1.000000|0.998535,192,40,0.5,0.9,0.9,32,0.1,1337,cuda,fastprior
848,2,2,0.997070,0|1|3|4|5|6|7|8|9,0|0|0|0|0|0|0|0|0,40,70848,"(7,20,1.0000,0.7986,1.0000)|(15,21,1.0000,0.9989,1.0000)|(7,15,1.0000,0.9797,1.0000)|(15,21,1.0000,0.8961,0.8800)|(9,13,1.0000,1.0000,1.0000)|(7,20,0.0000,1.0000,0.1857)|(6,20,1.0000,1.0000,1.0000)|(4,9,1.0000,0.7825,0.9918)|(1,7,1.0000,1.0000,0.8671)",2|3|2|3|2|2|2|2|2,0.991211|0.609863|0.970215|0.498779|0.933594|0.977539|0.995117|0.990723|0.999512,192,40,0.5,0.9,0.9,32,0.1,1337,cuda,fastprior
849,4,4,1.000000,0|1|2|3|5|6|7|8|9,0|0|0|0|0|0|0|0|0,40,70848,"(16,17,0.0000,0.0000,0.5272)|(15,23,0.0000,0.0000,0.3448)|(18,17,1.0000,1.0000,1.0000)|(16,17,0.0000,0.0000,0.1546)|(15,18,0.0000,0.0000,0.3240)|(15,18,0.0000,0.0000,0.3426)|(19,18,0.0000,0.0000,0.2484)|(16,17,0.0000,0.0000,0.7206)|(8,24,0.0000,0.0000,0.2700)",4|4|4|4|4|4|4|4|4,0.985352|1.000000|0.993164|0.986328|0.969238|0.969727|1.000000|0.987305|1.000000,192,40,0.5,0.9,0.9,32,0.1,1337,cuda,fastprior
850,7,7,0.880371,0|1|2|3|4|5|6|8|9,0|0|0|1|0|1|0|0|0,40,70848,"(16,12,1.0000,0.0000,0.0000)|(17,12,0.0000,0.4538,1.0000)|(14,8,0.0000,0.5038,1.0000)|(11,9,0.0000,0.6138,0.2420)|(8,11,0.0000,0.5003,0.9930)|(18,11,0.5738,0.3259,0.0858)|(15,7,0.0000,0.5235,1.0000)|(10,10,0.0000,0.5016,1.0000)|(11,10,1.0000,0.6974,0.2613)",3|5|7|5|3|5|5|5|5,0.666016|0.855957|0.557129|0.921387|0.864258|0.441406|0.615234|0.983887|0.894043,192,40,0.5,0.9,0.9,32,0.1,1337,cuda,fastprior
851,9,9,1.000000,0|1|2|3|4|5|6|7|8,0|0|0|0|0|0|0|0|0,40,70848,"(26,26,0.0000,0.0401,1.0000)|(16,30,1.0000,1.0000,1.0000)|(2,17,0.8046,0.5574,0.5650)|(27,10,0.9133,1.0000,0.7989)|(27,12,0.4837,0.5862,0.1044)|(7,19,0.0000,0.4107,0.3929)|(11,12,0.8934,1.0000,0.6596)|(27,12,1.0000,1.0000,1.0000)|(8,18,0.0000,0.1955,0.6346)",9|9|9|9|9|9|9|9|9,1.000000|1.000000|1.000000|1.000000|1.000000|1.000000|1.000000|1.000000|1.000000,192,40,0.5,0.9,0.9,32,0.1,1337,cuda,fastprior
852,8,8,0.997070,0|1|2|3|4|5|6|7|9,0|0|0|0|0|0|0|0|0,40,70848,"(10,22,1.0000,1.0000,1.0000)|(14,26,0.9273,1.0000,0.0000)|(12,24,1.0000,0.7952,0.3214)|(14,26,0.6193,0.9976,0.3136)|(10,27,1.0000,1.0000,0.6809)|(19,25,1.0000,0.9286,0.0000)|(19,25,1.0000,0.8733,0.7372)|(19,25,1.0000,0.6967,0.6288)|(15,24,0.8933,1.0000,0.0000)",0|0|0|0|8|8|8|8|0,0.801270|0.401123|0.650391|0.377197|0.609375|0.712891|0.656738|0.672852|0.647949,192,40,0.5,0.9,0.9,32,0.1,1337,cuda,fastprior
854,0,0,0.999512,1|2|3|4|5|6|7|8|9,0|0|0|0|0|0|0|0|0,40,70848,"(27,20,0.4665,0.0000,0.0000)|(24,28,0.4980,0.0000,0.0000)|(10,22,0.3316,0.0000,0.0000)|(5,24,0.5687,0.2362,0.0000)|(27,20,0.3525,0.0020,0.0000)|(26,7,0.4366,0.0000,0.0000)|(21,27,0.4546,0.0000,0.0203)|(26,7,1.0000,0.2849,0.4320)|(26,7,0.6376,0.2783,0.4595)",0|0|0|0|0|0|0|0|0,1.000000|1.000000|0.999512|1.000000|1.000000|0.987793|1.000000|0.994141|0.994629,192,40,0.5,0.9,0.9,32,0.1,1337,cuda,fastprior
855,7,7,1.000000,0|1|2|3|4|5|6|8|9,0|0|0|0|0|0|0|0|0,40,70848,"(17,9,1.0000,1.0000,1.0000)|(10,18,1.0000,1.0000,1.0000)|(12,12,1.0000,1.0000,1.0000)|(12,13,1.0000,1.0000,1.0000)|(11,11,1.0000,1.0000,1.0000)|(16,11,1.0000,1.0000,1.0000)|(12,13,1.0000,1.0000,1.0000)|(17,11,1.0000,1.0000,1.0000)|(6,15,1.0000,1.0000,1.0000)",7|7|7|7|7|7|7|7|7,1.000000|1.000000|1.000000|0.999512|0.999512|1.000000|0.999512|1.000000|1.000000,192,40,0.5,0.9,0.9,32,0.1,1337,cuda,fastprior
856,7,7,0.998047,0|1|2|3|4|5|6|8|9,0|0|0|0|0|0|0|0|0,40,70848,"(18,8,1.0000,1.0000,1.0000)|(26,15,1.0000,1.0000,1.0000)|(21,17,0.0496,1.0000,1.0000)|(26,15,1.0000,1.0000,1.0000)|(18,14,1.0000,1.0000,1.0000)|(25,12,1.0000,1.0000,1.0000)|(26,15,1.0000,1.0000,1.0000)|(3,16,0.5038,1.0000,1.0000)|(26,15,1.0000,1.0000,1.0000)",7|7|7|7|7|7|7|7|7,0.998047|0.887207|0.999512|0.887207|0.995605|0.996094|0.887207|0.999023|0.887207,192,40,0.5,0.9,0.9,32,0.1,1337,cuda,fastprior
857,0,0,0.996094,1|2|3|4|5|6|7|8|9,0|0|0|0|0|0|0|0|0,40,70848,"(8,14,0.3564,1.0000,0.7851)|(5,10,1.0000,1.0000,0.0000)|(9,11,0.0000,0.6318,0.0000)|(5,20,0.0000,1.0000,1.0000)|(5,19,0.9462,1.0000,0.4801)|(9,11,0.4954,1.0000,0.3486)|(8,14,0.4221,1.0000,0.6313)|(10,19,0.4647,1.0000,0.0701)|(8,14,0.3714,1.0000,0.5035)",0|0|0|0|0|0|0|0|0,0.907715|0.999512|0.997559|0.999512|0.999512|0.995605|0.915039|0.952148|0.922363,192,40,0.5,0.9,0.9,32,0.1,1337,cuda,fastprior
858,7,7,1.000000,0|1|2|3|4|5|6|8|9,0|0|0|0|0|0|0|0|0,40,70848,"(25,13,1.0000,1.0000,0.9447)|(19,9,1.0000,1.0000,0.9788)|(11,13,1.0000,1.0000,0.9042)|(11,13,1.0000,1.0000,0.9482)|(4,13,1.0000,1.0000,1.0000)|(25,6,1.0000,1.0000,0.9483)|(16,13,1.0000,1.0000,0.9464)|(11,13,1.0000,1.0000,0.8845)|(22,16,1.0000,0.9930,0.8385)",7|7|7|7|7|7|7|7|7,1.000000|1.000000|1.000000|1.000000|1.000000|1.000000|1.000000|1.000000|1.000000,192,40,0.5,0.9,0.9,32,0.1,1337,cuda,fastprior
859,8,8,1.000000,0|1|2|3|4|5|6|7|9,0|0|0|0|0|0|0|0|0,40,70848,"(16,19,1.0000,1.0000,0.9988)|(12,7,0.9037,0.4030,0.8635)|(11,7,1.0000,1.0000,1.0000)|(17,12,1.0000,1.0000,1.0000)|(20,14,0.0000,0.1122,0.0000)|(17,16,1.0000,1.0000,0.9378)|(17,14,1.0000,1.0000,0.2675)|(18,16,0.9611,0.8600,0.3275)|(16,14,1.0000,1.0000,0.8586)",8|8|8|8|8|8|8|8|8,1.000000|1.000000|1.000000|1.000000|1.000000|1.000000|1.000000|1.000000|1.000000,192,40,0.5,0.9,0.9,32,0.1,1337,cuda,fastprior
860,4,4,0.997559,0|1|2|3|5|6|7|8|9,0|0|1|0|0|0|0|0|0,40,70848,"(21,8,1.0000,1.0000,1.0000)|(19,8,1.0000,1.0000,0.9939)|(16,13,1.0000,0.7728,0.7455)|(16,10,1.0000,0.8423,1.0000)|(14,15,1.0000,1.0000,1.0000)|(16,13,1.0000,1.0000,1.0000)|(19,8,1.0000,1.0000,1.0000)|(17,9,1.0000,1.0000,1.0000)|(16,16,1.0000,1.0000,1.0000)",4|4|2|4|4|2|4|4|4,0.900391|0.924316|0.968262|0.531250|0.981934|0.993164|0.925293|0.895508|0.974609,192,40,0.5,0.9,0.9,32,0.1,1337,cuda,fastprior
861,6,6,0.999512,0|1|2|3|4|5|7|8|9,0|0|0|0|0|0|0|0|0,40,70848,"(16,20,0.9932,1.0000,1.0000)|(8,17,1.0000,1.0000,0.9962)|(17,25,0.6419,1.0000,1.0000)|(11,22,1.0000,1.0000,1.0000)|(13,25,0.9867,1.0000,1.0000)|(11,21,0.8475,0.8176,0.9927)|(11,17,1.0000,0.9534,1.0000)|(19,15,1.0000,1.0000,1.0000)|(16,20,1.0000,1.0000,0.9915)",6|6|6|6|6|6|6|6|6,0.964355|0.791016|0.999023|1.000000|0.999023|1.000000|0.998047|0.900879|0.964355,192,40,0.5,0.9,0.9,32,0.1,1337,cuda,fastprior
862,3,3,0.989258,0|1|2|4|5|6|7|8|9,0|0|0|0|0|0|0|0|0,40,70848,"(19,14,1.0000,1.0000,1.0000)|(28,10,0.2897,0.9942,0.9965)|(28,11,1.0000,1.0000,1.0000)|(19,9,0.2492,0.7772,0.7948)|(22,13,0.0000,0.0000,0.4836)|(10,9,0.0468,1.0000,1.0000)|(7,21,0.1829,0.9712,1.0000)|(28,9,1.0000,0.6873,0.0000)|(22,13,1.0000,0.5963,0.0000)",3|3|3|3|3|3|3|3|3,0.998535|0.993652|0.967773|0.999023|0.921875|0.908203|0.998535|0.983887|0.751953,192,40,0.5,0.9,0.9,32,0.1,1337,cuda,fastprior
863,3,3,0.864746,0|1|2|4|5|6|7|8|9,0|0|0|0|1|0|0|0|0,40,70848,"(19,13,0.8814,1.0000,1.0000)|(19,13,1.0000,1.0000,1.0000)|(24,10,0.9053,0.0000,0.9016)|(20,23,0.8447,0.0353,0.5430)|(18,23,0.0000,0.5916,0.6027)|(20,13,0.0000,0.9733,0.0000)|(19,15,0.0000,0.8372,0.0000)|(19,23,1.0000,1.0000,1.0000)|(24,10,0.8917,1.0000,1.0000)",5|5|3|3|3|5|5|3|3,0.885742|0.899414|0.830078|0.951172|0.944824|0.650879|0.802246|0.798340|0.808105,192,40,0.5,0.9,0.9,32,0.1,1337,cuda,fastprior
864,0,0,1.000000,1|2|3|4|5|6|7|8|9,0|0|0|0|0|0|0|0|0,40,70848,"(20,19,1.0000,1.0000,0.8976)|(21,20,1.0000,1.0000,0.7071)|(13,21,0.6218,1.0000,0.7674)|(8,22,0.7631,1.0000,0.7319)|(18,18,0.7231,1.0000,0.6625)|(18,18,0.7261,0.9864,0.7322)|(19,12,0.6522,1.0000,0.7781)|(21,20,1.0000,0.0000,0.0000)|(18,18,0.4070,0.8981,0.6048)",0|0|0|0|0|0|0|0|0,1.000000|1.000000|1.000000|1.000000|1.000000|1.000000|1.000000|1.000000|1.000000,192,40,0.5,0.9,0.9,32,0.1,1337,cuda,fastprior
865,1,1,1.000000,0|2|3|4|5|6|7|8|9,0|0|0|0|0|0|0|0|0,40,70848,"(18,12,0.3486,0.0000,0.9892)|(21,9,0.0287,0.0000,1.0000)|(21,12,1.0000,0.0000,0.0000)|(18,12,0.3260,0.0000,1.0000)|(18,12,0.0000,0.0000,0.9941)|(14,23,1.0000,1.0000,0.9134)|(11,16,0.3694,0.0365,1.0000)|(18,12,0.9019,0.0000,0.0000)|(9,13,0.0000,0.3013,1.0000)",1|1|1|1|1|1|1|1|1,0.998535|1.000000|0.998047|0.998535|0.998535|0.999512|0.999512|0.998535|1.000000,192,40,0.5,0.9,0.9,32,0.1,1337,cuda,fastprior
866,3,3,0.997559,0|1|2|4|5|6|7|8|9,0|0|0|0|1|0|0|0|0,40,70848,"(26,11,1.0000,1.0000,1.0000)|(17,14,1.0000,1.0000,1.0000)|(26,11,1.0000,1.0000,0.9843)|(18,14,1.0000,1.0000,1.0000)|(17,14,0.0000,0.0000,0.6835)|(26,12,0.0000,0.0000,0.7353)|(28,14,1.0000,1.0000,1.0000)|(26,11,0.0000,0.0000,0.5920)|(26,12,1.0000,0.0000,0.5556)",3|3|3|3|5|3|3|3|3,0.928223|0.997070|0.930664|0.999023|0.996582|0.951660|0.935059|0.902344|0.988281,192,40,0.5,0.9,0.9,32,0.1,1337,cuda,fastprior
867,7,7,1.000000,0|1|2|3|4|5|6|8|9,0|0|0|0|0|0|0|0|0,40,70848,"(16,22,0.0000,0.0000,0.3986)|(13,9,0.0000,0.0000,0.5126)|(20,22,1.0000,1.0000,1.0000)|(17,22,1.0000,1.0000,1.0000)|(9,7,0.0000,0.0000,0.0000)|(13,9,0.0000,0.0000,0.6659)|(16,11,0.0000,0.0000,0.6278)|(11,16,0.0000,1.0000,1.0000)|(16,12,0.0000,0.0020,0.4921)",7|7|7|7|7|7|7|7|7,1.000000|1.000000|1.000000|1.000000|0.990723|1.000000|1.000000|1.000000|1.000000,192,40,0.5,0.9,0.9,32,0.1,1337,cuda,fastprior
868,0,0,0.996582,1|2|3|4|5|6|7|8|9,0|0|0|0|0|0|0|0|0,40,70848,"(9,21,1.0000,1.0000,1.0000)|(19,28,0.0000,0.3864,0.7043)|(10,6,0.3646,0.0000,0.0000)|(9,21,1.0000,0.8545,1.0000)|(14,20,1.0000,0.9580,1.0000)|(6,7,0.0000,0.2914,0.8431)|(23,5,0.0000,0.7004,0.0000)|(22,11,1.0000,1.0000,1.0000)|(24,11,1.0000,0.9372,1.0000)",0|0|0|0|0|0|0|0|0,0.985352|1.000000|0.995117|0.981445|0.997070|0.983398|0.998535|1.000000|1.000000,192,40,0.5,0.9,0.9,32,0.1,1337,cuda,fastprior
869,1,1,0.984863,0|2|3|4|5|6|7|8|9,0|0|0|0|0|0|0|0|0,40,70848,"(7,13,0.0000,0.0000,0.6102)|(4,23,0.0000,0.0000,0.0000)|(3,19,0.2922,0.6073,0.0000)|(5,17,0.6731,0.0000,0.3250)|(13,11,0.0000,1.0000,0.0411)|(5,16,0.1414,0.5833,0.0000)|(16,14,0.0000,1.0000,0.1329)|(12,9,0.0000,1.0000,0.0000)|(13,11,0.0000,1.0000,0.2286)",1|1|1|1|1|1|1|1|1,0.997559|0.994629|0.957031|0.966797|0.847168|0.983398|0.996094|0.795898|0.846680,192,40,0.5,0.9,0.9,32,0.1,1337,cuda,fastprior
870,3,3,0.986328,0|1|2|4|5|6|7|8|9,0|0|1|0|1|0|0|0|0,40,70848,"(8,18,1.0000,0.9239,1.0000)|(26,20,0.0000,0.0000,0.9773)|(15,7,1.0000,1.0000,0.9837)|(8,13,1.0000,1.0000,1.0000)|(22,12,0.0559,0.0000,0.5467)|(17,25,0.1632,1.0000,0.4442)|(8,18,0.9769,0.0000,0.0000)|(14,5,0.0848,0.2168,1.0000)|(8,17,0.0000,0.0000,0.9615)",3|3|2|3|3|3|3|3|3,0.999512|0.999512|0.955078|0.755859|0.713379|0.997559|0.999023|0.921387|0.995605,192,40,0.5,0.9,0.9,32,0.1,1337,cuda,fastprior
871,1,1,1.000000,0|2|3|4|5|6|7|8|9,0|0|0|0|0|0|0|0|0,40,70848,"(11,10,1.0000,1.0000,1.0000)|(4,1,1.0000,1.0000,1.0000)|(16,2,1.0000,0.9222,1.0000)|(16,1,1.0000,1.0000,1.0000)|(1,9,1.0000,1.0000,1.0000)|(1,9,1.0000,1.0000,1.0000)|(16,1,1.0000,1.0000,1.0000)|(18,5,1.0000,1.0000,1.0000)|(16,1,1.0000,1.0000,1.0000)",1|1|1|1|1|1|1|1|1,1.000000|1.000000|1.000000|1.000000|1.000000|1.000000|1.000000|1.000000|1.000000,192,40,0.5,0.9,0.9,32,0.1,1337,cuda,fastprior
872,4,4,1.000000,0|1|2|3|5|6|7|8|9,0|0|0|0|0|0|0|0|0,40,70848,"(19,17,1.0000,0.9729,1.0000)|(12,17,0.0000,0.0000,1.0000)|(6,26,1.0000,1.0000,0.8410)|(15,16,0.0000,0.0134,0.6630)|(23,19,0.0000,0.0813,0.7601)|(23,19,0.0219,0.0146,1.0000)|(12,17,1.0000,1.0000,0.9016)|(23,19,0.0000,0.0000,0.9081)|(12,10,0.0000,0.0000,0.7682)",4|4|4|4|4|4|4|4|4,0.976562|1.000000|1.000000|1.000000|0.804199|0.824219|0.999512|0.655273|1.000000,192,40,0.5,0.9,0.9,32,0.1,1337,cuda,fastprior
873,2,2,1.000000,0|1|3|4|5|6|7|8|9,0|0|0|0|0|0|0|0|0,40,70848,"(7,20,1.0000,1.0000,1.0000)|(19,26,0.9742,1.0000,1.0000)|(19,25,1.0000,1.0000,1.0000)|(22,18,1.0000,1.0000,0.8891)|(15,20,1.0000,1.0000,0.8292)|(19,23,0.0000,0.0000,1.0000)|(19,27,1.0000,1.0000,0.8831)|(20,23,0.0000,0.0000,1.0000)|(19,25,0.9972,1.0000,1.0000)",2|2|2|2|2|2|2|2|2,1.000000|1.000000|1.000000|1.000000|1.000000|1.000000|1.000000|1.000000|1.000000,192,40,0.5,0.9,0.9,32,0.1,1337,cuda,fastprior
874,3,3,1.000000,0|1|2|4|5|6|7|8|9,0|0|0|0|0|0|0|0|0,40,70848,"(4,19,0.0000,0.0000,0.4359)|(4,9,1.0000,0.7941,0.5840)|(5,10,1.0000,1.0000,1.0000)|(8,12,1.0000,0.8365,0.5954)|(1,10,1.0000,0.7850,0.6294)|(8,14,1.0000,0.5749,0.5279)|(9,11,1.0000,0.6573,0.5499)|(8,14,1.0000,0.7591,0.5378)|(4,18,0.0000,0.0000,0.3361)",3|3|3|3|3|3|3|3|3,1.000000|1.000000|1.000000|1.000000|1.000000|1.000000|1.000000|1.000000|1.000000,192,40,0.5,0.9,0.9,32,0.1,1337,cuda,fastprior
875,8,8,1.000000,0|1|2|3|4|5|6|7|9,0|0|0|0|0|0|0|0|0,40,70848,"(16,8,1.0000,0.9260,1.0000)|(14,20,0.5159,0.0000,0.0000)|(17,10,1.0000,1.0000,1.0000)|(16,18,1.0000,1.0000,1.0000)|(17,10,0.0000,0.0000,0.7034)|(19,27,1.0000,1.0000,1.0000)|(14,20,1.0000,1.0000,1.0000)|(11,21,1.0000,1.0000,1.0000)|(13,22,1.0000,1.0000,1.0000)",8|8|8|8|8|8|8|8|8,1.000000|0.997559|1.000000|0.991211|0.997559|0.967773|0.982422|1.000000|0.999512,192,40,0.5,0.9,0.9,32,0.1,1337,cuda,fastprior
876,4,4,1.000000,0|1|2|3|5|6|7|8|9,0|0|0|0|0|0|0|0|0,40,70848,"(19,25,0.0000,0.0000,1.0000)|(19,11,0.0051,0.4963,0.8858)|(19,13,0.0000,0.0000,1.0000)|(10,13,0.0029,0.1147,0.7424)|(18,26,0.0379,0.0000,0.6129)|(22,23,0.2189,0.3605,0.8544)|(18,26,0.0000,0.0018,0.0856)|(19,13,0.0385,0.1904,0.5118)|(6,18,0.5510,0.5978,0.0398)",4|4|4|4|4|4|4|4|4,1.000000|1.000000|1.000000|1.000000|1.000000|1.000000|1.000000|1.000000|1.000000,192,40,0.5,0.9,0.9,32,0.1,1337,cuda,fastprior
877,2,2,0.998047,0|1|3|4|5|6|7|8|9,0|0|0|0|1|0|0|0|0,40,70848,"(20,11,0.0000,0.0000,0.8079)|(12,19,0.0000,0.0000,0.5319)|(20,13,1.0000,1.0000,1.0000)|(13,15,0.0000,0.0000,0.6216)|(13,18,1.0000,0.9382,1.0000)|(20,16,0.0000,0.0000,0.8376)|(18,17,0.1030,0.1092,0.8102)|(12,19,0.0000,0.0000,0.8598)|(20,11,0.0000,0.0000,0.8554)",2|5|5|5|2|2|2|5|2,0.783691|0.708008|0.908691|0.912109|0.761230|0.951660|0.579590|0.627441|0.806152,192,40,0.5,0.9,0.9,32,0.1,1337,cuda,fastprior
878,3,3,0.963867,0|1|2|4|5|6|7|8|9,0|0|0|0|0|0|0|0|0,40,70848,"(14,19,0.0000,0.0000,0.0028)|(10,17,1.0000,1.0000,1.0000)|(10,17,0.2579,1.0000,1.0000)|(14,19,0.0000,0.0000,0.7043)|(1,13,1.0000,0.0000,0.0000)|(9,14,1.0000,0.8210,0.0000)|(25,12,0.0467,0.0309,0.5121)|(21,17,0.0000,0.0000,0.4122)|(11,21,0.0000,0.0000,0.1874)",4|3|3|4|3|6|3|3|3,0.515625|0.494629|0.534180|0.752441|0.950195|0.377686|0.986816|0.984375|0.916504,192,40,0.5,0.9,0.9,32,0.1,1337,cuda,fastprior
879,7,7,1.000000,0|1|2|3|4|5|6|8|9,0|0|0|0|0|0|0|0|0,40,70848,"(11,14,1.0000,0.9304,0.8040)|(18,12,1.0000,0.8777,1.0000)|(24,9,1.0000,1.0000,1.0000)|(18,12,1.0000,1.0000,1.0000)|(19,10,1.0000,1.0000,1.0000)|(3,10,0.0000,0.0000,0.4873)|(11,14,1.0000,0.8869,1.0000)|(11,14,1.0000,0.8478,0.8238)|(11,14,1.0000,0.8632,0.9454)",7|7|7|7|7|7|7|7|7,0.998535|1.000000|1.000000|1.000000|1.000000|1.000000|0.998535|0.998535|0.998535,192,40,0.5,0.9,0.9,32,0.1,1337,cuda,fastprior
880,8,8,1.000000,0|1|2|3|4|5|6|7|9,0|0|0|0|0|0|0|0|0,40,70848,"(22,21,1.0000,1.0000,1.0000)|(7,11,1.0000,1.0000,1.0000)|(14,26,0.0000,0.0000,1.0000)|(27,26,1.0000,1.0000,1.0000)|(14,26,1.0000,1.0000,1.0000)|(21,20,1.0000,1.0000,1.0000)|(14,27,1.0000,1.0000,1.0000)|(4,19,0.0000,0.0000,0.8152)|(18,26,0.9984,1.0000,1.0000)",8|8|8|8|8|8|8|8|8,0.952637|1.000000|1.000000|1.000000|0.999512|0.995117|1.000000|1.000000|1.000000,192,40,0.5,0.9,0.9,32,0.1,1337,cuda,fastprior
881,4,4,1.000000,0|1|2|3|5|6|7|8|9,0|0|0|0|0|0|0|0|0,40,70848,"(18,18,1.0000,1.0000,1.0000)|(8,7,1.0000,1.0000,1.0000)|(9,13,1.0000,1.0000,0.9991)|(20,16,0.8924,1.0000,1.0000)|(16,9,1.0000,1.0000,1.0000)|(16,9,1.0000,0.6195,0.7956)|(8,7,1.0000,1.0000,1.0000)|(11,18,1.0000,1.0000,1.0000)|(8,7,1.0000,1.0000,1.0000)",4|4|4|4|4|4|4|4|4,1.000000|0.527344|0.999023|1.000000|0.970703|0.971191|0.527344|1.000000|0.527344,192,40,0.5,0.9,0.9,32,0.1,1337,cuda,fastprior
883,0,0,1.000000,1|2|3|4|5|6|7|8|9,0|0|0|0|0|0|0|0|0,40,70848,"(21,13,1.0000,1.0000,1.0000)|(14,11,0.6058,0.0000,0.0000)|(17,11,0.5775,0.0000,0.0000)|(10,11,0.4761,0.0481,0.1036)|(14,12,0.3517,0.1127,0.0775)|(9,11,0.4863,0.0318,0.4047)|(17,12,0.8915,0.0000,0.1204)|(14,11,1.0000,0.0000,0.0766)|(10,16,0.4625,0.0000,0.0000)",0|0|0|0|0|0|0|0|0,1.000000|1.000000|1.000000|1.000000|1.000000|1.000000|1.000000|1.000000|1.000000,192,40,0.5,0.9,0.9,32,0.1,1337,cuda,fastprior
884,9,9,0.979492,0|1|2|3|4|5|6|7|8,0|0|0|0|0|0|0|0|0,40,70848,"(19,16,1.0000,1.0000,0.9988)|(27,16,0.6637,0.7214,1.0000)|(11,27,1.0000,1.0000,1.0000)|(15,12,0.9797,1.0000,1.0000)|(15,12,0.8416,1.0000,1.0000)|(18,29,1.0000,0.0000,0.0000)|(14,26,0.6895,0.8696,1.0000)|(25,17,1.0000,0.8881,1.0000)|(27,16,0.7309,0.7571,0.8699)",9|9|9|9|9|9|9|9|9,0.993652|0.995117|0.941895|0.705566|0.681152|0.949707|0.996094|0.943359|0.995117,192,40,0.5,0.9,0.9,32,0.1,1337,cuda,fastprior
885,0,0,1.000000,1|2|3|4|5|6|7|8|9,0|0|0|0|0|0|0|0|0,40,70848,"(8,15,1.0000,0.0000,0.0000)|(15,9,0.6604,0.0000,0.0000)|(20,27,1.0000,0.0000,0.0000)|(20,27,0.4917,1.0000,0.4917)|(8,15,1.0000,0.0000,0.0000)|(24,26,0.9767,0.0000,0.0000)|(15,11,0.5035,0.0000,0.0000)|(26,22,1.0000,0.0000,0.0000)|(8,15,1.0000,0.0000,0.0000)",0|0|0|0|0|0|0|0|0,1.000000|1.000000|1.000000|1.000000|1.000000|1.000000|1.000000|1.000000|1.000000,192,40,0.5,0.9,0.9,32,0.1,1337,cuda,fastprior
886,0,0,1.000000,1|2|3|4|5|6|7|8|9,0|0|0|0|0|0|0|0|0,40,70848,"(13,24,1.0000,1.0000,1.0000)|(5,14,1.0000,1.0000,1.0000)|(14,31,1.0000,1.0000,1.0000)|(14,31,1.0000,1.0000,1.0000)|(14,31,0.9477,1.0000,0.8873)|(11,19,0.0000,0.0000,0.0000)|(4,27,1.0000,1.0000,1.0000)|(14,31,1.0000,1.0000,1.0000)|(7,28,0.9515,1.0000,0.9824)",0|0|0|0|0|0|0|0|0,1.000000|1.000000|0.997070|0.997070|0.997559|1.000000|1.000000|0.997070|1.000000,192,40,0.5,0.9,0.9,32,0.1,1337,cuda,fastprior
887,1,1,0.988770,0|2|3|4|5|6|7|8|9,0|0|0|0|0|0|0|0|0,40,70848,"(9,25,0.9542,1.0000,1.0000)|(9,25,1.0000,0.8856,1.0000)|(18,29,1.0000,0.0000,0.0000)|(14,29,0.0000,0.0000,1.0000)|(15,29,0.7779,0.0000,0.0000)|(12,22,0.0000,0.7234,0.0000)|(13,20,0.0000,0.8336,0.1008)|(19,10,0.9402,0.0113,0.4787)|(18,28,1.0000,1.0000,1.0000)",1|1|1|1|1|1|1|1|1,0.911133|0.905273|0.879883|0.986816|0.957031|0.985352|0.994141|0.879883|0.978516,192,40,0.5,0.9,0.9,32,0.1,1337,cuda,fastprior
889,4,4,1.000000,0|1|2|3|5|6|7|8|9,0|0|0|0|0|0|0|0|0,40,70848,"(17,9,0.7607,0.8490,1.0000)|(20,18,1.0000,0.9587,1.0000)|(4,11,1.0000,1.0000,1.0000)|(15,4,0.0000,0.0000,0.0492)|(14,8,0.9203,0.7610,0.9998)|(4,11,0.8891,0.8871,1.0000)|(4,11,1.0000,0.9528,0.9716)|(20,18,1.0000,1.0000,1.0000)|(13,8,1.0000,1.0000,1.0000)",4|5|4|4|4|4|4|5|4,1.000000|0.599609|0.966797|1.000000|1.000000|0.972168|0.970215|0.533691|1.000000,192,40,0.5,0.9,0.9,32,0.1,1337,cuda,fastprior
890,4,4,1.000000,0|1|2|3|5|6|7|8|9,0|0|0|0|0|0|0|0|0,40,70848,"(13,9,0.9549,0.9718,1.0000)|(8,14,1.0000,0.9467,0.8562)|(13,9,1.0000,1.0000,1.0000)|(6,15,1.0000,1.0000,1.0000)|(23,16,1.0000,1.0000,0.8864)|(13,9,1.0000,1.0000,1.0000)|(13,9,1.0000,0.9758,1.0000)|(17,18,1.0000,1.0000,1.0000)|(8,15,1.0000,0.9837,0.4245)",4|4|4|4|4|4|4|4|4,0.997559|1.000000|0.996094|1.000000|1.000000|0.996094|0.997070|1.000000|1.000000,192,40,0.5,0.9,0.9,32,0.1,1337,cuda,fastprior
891,6,6,1.000000,0|1|2|3|4|5|7|8|9,0|0|0|0|0|0|0|0|0,40,70848,"(22,17,0.9280,1.0000,1.0000)|(22,3,0.7357,0.2565,0.1597)|(9,11,0.7858,0.0771,0.9917)|(13,8,0.6925,0.2009,1.0000)|(23,14,0.5000,0.0000,0.9499)|(24,8,0.7635,0.0821,1.0000)|(22,17,0.6636,1.0000,0.8821)|(4,11,0.3522,0.4328,0.1276)|(22,14,1.0000,0.9545,1.0000)",6|6|6|6|6|6|6|6|6,1.000000|1.000000|1.000000|1.000000|1.000000|1.000000|1.000000|1.000000|1.000000,192,40,0.5,0.9,0.9,32,0.1,1337,cuda,fastprior
892,7,7,0.995117,0|1|2|3|4|5|6|8|9,0|0|0|1|0|0|0|0|0,40,70848,"(20,14,1.0000,1.0000,1.0000)|(12,8,1.0000,1.0000,0.0000)|(18,15,1.0000,1.0000,0.0000)|(20,14,0.9967,0.6748,0.5481)|(12,11,0.9437,0.9476,0.8496)|(20,12,0.7070,0.3946,0.4745)|(12,10,0.6621,0.6204,0.2563)|(13,11,0.9273,1.0000,0.0000)|(11,9,1.0000,0.9762,0.0572)",7|7|7|7|3|7|7|7|7,0.983398|0.991699|0.999512|0.986328|0.831543|0.911621|0.402832|0.444336|0.966797,192,40,0.5,0.9,0.9,32,0.1,1337,cuda,fastprior
894,1,1,1.000000,0|2|3|4|5|6|7|8|9,0|0|0|0|0|0|0|0|0,40,70848,"(26,20,0.8989,1.0000,0.9779)|(16,20,0.7656,0.0000,0.0000)|(20,22,1.0000,0.9586,0.9111)|(21,23,0.9591,0.9048,0.8552)|(10,4,1.0000,1.0000,1.0000)|(18,20,1.0000,1.0000,0.8981)|(28,17,1.0000,0.9088,1.0000)|(16,8,1.0000,1.0000,1.0000)|(20,18,0.9804,1.0000,1.0000)",1|1|1|1|1|1|1|1|1,1.000000|0.999023|0.999512|1.000000|0.998535|0.999512|0.999512|1.000000|1.000000,192,40,0.5,0.9,0.9,32,0.1,1337,cuda,fastprior
895,1,1,0.935547,0|2|3|4|5|6|7|8|9,0|0|0|0|0|0|0|0|0,40,70848,"(14,23,0.9543,0.8727,1.0000)|(23,16,1.0000,0.8045,0.0000)|(14,23,1.0000,0.8476,1.0000)|(14,23,0.9916,0.8104,0.8957)|(12,13,1.0000,0.8200,0.0000)|(14,23,0.9752,0.8745,0.8754)|(14,23,0.9956,0.8900,0.6095)|(6,3,1.0000,0.7908,0.9428)|(24,22,1.0000,0.8895,0.5670)",1|1|1|1|1|1|1|1|9,0.706055|0.991699|0.702637|0.675293|0.996582|0.677734|0.653809|0.965820|0.751465,192,40,0.5,0.9,0.9,32,0.1,1337,cuda,fastprior
896,3,3,1.000000,0|1|2|4|5|6|7|8|9,0|0|0|0|0|0|0|0|0,40,70848,"(3,8,0.0275,0.0748,0.5991)|(12,3,0.9796,0.0953,0.4117)|(26,11,0.4722,0.5573,0.7566)|(26,11,0.2669,0.1513,0.9136)|(16,11,1.0000,0.0000,0.9390)|(11,3,0.6690,0.7119,0.2140)|(1,11,0.4275,0.3672,0.4719)|(23,29,0.2619,0.7280,0.1538)|(26,11,0.7626,0.3359,0.6700)",3|3|3|3|3|3|3|3|3,1.000000|1.000000|1.000000|1.000000|1.000000|1.000000|1.000000|1.000000|1.000000,192,40,0.5,0.9,0.9,32,0.1,1337,cuda,fastprior
897,7,7,1.000000,0|1|2|3|4|5|6|8|9,0|0|0|0|0|0|0|0|0,40,70848,"(25,25,0.4845,0.0000,0.0740)|(15,21,0.4747,0.0000,0.0000)|(22,20,0.0000,0.0000,0.1095)|(24,20,0.9738,0.6617,0.9005)|(28,24,0.4402,0.0000,0.1145)|(7,14,0.0000,0.0000,0.2955)|(14,11,0.0000,0.0000,0.0000)|(7,14,0.0000,0.0000,0.0000)|(7,14,0.0000,0.0000,0.1013)",7|7|7|7|7|7|7|7|7,1.000000|1.000000|1.000000|1.000000|1.000000|0.999512|1.000000|0.999512|0.999512,192,40,0.5,0.9,0.9,32,0.1,1337,cuda,fastprior
899,5,5,1.000000,0|1|2|3|4|6|7|8|9,0|0|0|0|0|0|0|0|0,40,70848,"(11,22,0.0000,0.0000,1.0000)|(11,17,0.0000,0.0000,1.0000)|(11,22,0.0000,0.0000,1.0000)|(24,14,0.4725,0.0000,0.0000)|(11,22,0.0000,0.0000,1.0000)|(10,17,0.0000,0.0176,1.0000)|(13,20,0.0000,0.0000,1.0000)|(11,22,0.0000,0.0000,1.0000)|(11,22,0.0000,0.0000,1.0000)",5|5|5|5|5|5|5|5|5,0.945312|0.998535|0.945312|1.000000|0.945312|0.999023|0.998535|0.945312|0.945312,192,40,0.5,0.9,0.9,32,0.1,1337,cuda,fastprior
900,2,2,0.579102,0|1|3|4|5|6|7|8|9,0|0|0|0|0|1|0|0|0,40,70848,"(18,19,0.0000,0.0000,1.0000)|(17,4,0.0000,0.0000,1.0000)|(19,17,1.0000,1.0000,0.9407)|(19,17,0.0000,0.3718,0.1109)|(19,17,0.0000,0.0000,1.0000)|(16,6,0.6255,0.6312,0.3154)|(17,4,0.2018,0.0011,0.8887)|(18,21,0.3088,0.0751,1.0000)|(15,17,0.0000,0.0000,1.0000)",5|2|2|6|3|4|2|6|5,0.380371|0.758301|0.471191|0.347656|0.450195|0.391113|0.624023|0.304688|0.524902,192,40,0.5,0.9,0.9,32,0.1,1337,cuda,fastprior
901,6,6,0.999512,0|1|2|3|4|5|7|8|9,0|0|0|1|0|0|0|0|0,40,70848,"(16,10,1.0000,1.0000,1.0000)|(13,9,1.0000,0.9884,1.0000)|(20,10,1.0000,1.0000,0.9994)|(17,10,0.5979,1.0000,1.0000)|(18,10,1.0000,0.9994,1.0000)|(20,10,1.0000,1.0000,1.0000)|(16,11,1.0000,1.0000,0.9984)|(13,9,0.9986,1.0000,1.0000)|(13,9,1.0000,0.9990,1.0000)",3|6|3|3|3|3|3|6|6,0.796387|0.612305|0.579102|0.978516|0.791992|0.578125|0.496338|0.611328|0.610352,192,40,0.5,0.9,0.9,32,0.1,1337,cuda,fastprior
902,6,6,1.000000,0|1|2|3|4|5|7|8|9,0|0|0|0|0|0|0|0|0,40,70848,"(7,16,1.0000,1.0000,0.9996)|(8,19,1.0000,1.0000,1.0000)|(3,21,1.0000,1.0000,1.0000)|(8,19,1.0000,1.0000,1.0000)|(7,15,1.0000,1.0000,0.9439)|(5,15,1.0000,1.0000,1.0000)|(7,17,1.0000,1.0000,1.0000)|(12,21,0.6717,1.0000,1.0000)|(8,19,1.0000,1.0000,1.0000)",6|6|6|6|6|6|6|6|6,1.000000|0.999023|1.000000|0.999023|1.000000|1.000000|0.999023|1.000000|0.999023,192,40,0.5,0.9,0.9,32,0.1,1337,cuda,fastprior
903,5,5,1.000000,0|1|2|3|4|6|7|8|9,0|0|0|0|0|0|0|0|0,40,70848,"(14,18,0.0000,0.0000,0.0000)|(25,12,0.0000,0.0000,0.0000)|(15,20,0.0000,0.0000,0.0000)|(14,18,0.0000,0.0000,0.0000)|(14,18,0.0000,0.0000,0.0000)|(14,18,0.0000,0.0000,0.0000)|(14,18,0.0000,0.0000,0.0000)|(27,24,0.0000,0.0000,0.0000)|(14,18,0.0000,0.0000,0.0000)",5|5|5|5|5|5|5|5|5,0.999512|1.000000|1.000000|0.999512|0.999512|0.999512|0.999512|1.000000|0.999512,192,40,0.5,0.9,0.9,32,0.1,1337,cuda,fastprior
904,8,8,1.000000,0|1|2|3|4|5|6|7|9,0|0|0|0|0|0|0|0|0,40,70848,"(7,10,0.0000,0.0000,0.9341)|(13,11,0.6438,0.1998,0.0000)|(4,3,0.0000,0.0000,0.0000)|(23,14,0.2095,0.0000,0.0000)|(5,2,0.0000,0.0009,0.5888)|(23,14,0.0000,0.0000,0.9861)|(3,26,0.0016,0.0017,1.0000)|(11,21,0.0000,0.0033,0.7381)|(14,16,0.1512,0.0000,0.0000)",8|8|8|8|8|8|8|8|8,0.994141|0.954102|0.973633|0.995605|0.990234|0.993652|0.998047|0.996582|0.996094,192,40,0.5,0.9,0.9,32,0.1,1337,cuda,fastprior
905,7,7,1.000000,0|1|2|3|4|5|6|8|9,0|0|0|0|0|0|0|0|0,40,70848,"(5,14,0.5838,0.0000,0.0000)|(10,11,0.0000,0.8659,0.0000)|(10,11,0.0000,1.0000,0.1666)|(24,16,0.0000,0.7811,0.0000)|(5,14,0.0000,0.0000,0.7513)|(6,14,0.0000,0.5642,0.0000)|(8,25,0.0000,1.0000,0.1735)|(12,16,0.0000,1.0000,0.3019)|(15,22,0.0000,1.0000,0.3051)",7|7|7|7|7|7|7|7|7,1.000000|0.999023|0.999023|1.000000|1.000000|1.000000|1.000000|1.000000|1.000000,192,40,0.5,0.9,0.9,32,0.1,1337,cuda,fastprior
906,1,1,1.000000,0|2|3|4|5|6|7|8|9,0|0|0|0|0|0|0|0|0,40,70848,"(1,10,1.0000,0.8720,0.6416)|(14,18,1.0000,0.9183,1.0000)|(5,2,1.0000,0.7593,0.9997)|(3,10,0.9849,1.0000,0.8407)|(16,12,0.8388,0.9316,0.7778)|(13,18,0.6988,1.0000,1.0000)|(22,15,1.0000,0.8244,0.6381)|(16,12,1.0000,0.8840,0.7801)|(27,17,1.0000,1.0000,1.0000)",1|1|1|1|1|1|1|1|1,1.000000|1.000000|1.000000|1.000000|1.000000|1.000000|1.000000|1.000000|1.000000,192,40,0.5,0.9,0.9,32,0.1,1337,cuda,fastprior
907,6,6,1.000000,0|1|2|3|4|5|7|8|9,0|0|0|0|0|0|0|0|0,40,70848,"(27,14,1.0000,1.0000,1.0000)|(6,6,1.0000,1.0000,1.0000)|(27,14,1.0000,1.0000,1.0000)|(19,12,1.0000,1.0000,1.0000)|(10,26,1.0000,1.0000,1.0000)|(26,8,1.0000,1.0000,1.0000)|(27,14,1.0000,1.0000,1.0000)|(9,26,0.9994,1.0000,1.0000)|(8,12,1.0000,0.9996,1.0000)",6|6|6|6|6|6|6|6|6,0.996582|1.000000|0.996582|1.000000|1.000000|0.996094|0.996582|1.000000|1.000000,192,40,0.5,0.9,0.9,32,0.1,1337,cuda,fastprior
908,8,8,1.000000,0|1|2|3|4|5|6|7|9,0|0|0|0|0|0|0|0|0,40,70848,"(9,26,1.0000,1.0000,1.0000)|(11,17,1.0000,1.0000,1.0000)|(11,14,1.0000,1.0000,0.9788)|(7,25,0.1661,0.2416,0.1853)|(20,23,0.5992,0.2846,0.6774)|(17,22,1.0000,1.0000,1.0000)|(11,17,0.1749,0.4112,0.4961)|(9,22,0.4532,0.4606,0.9615)|(9,26,1.0000,1.0000,0.9644)",8|8|8|8|8|8|8|8|8,1.000000|1.000000|1.000000|1.000000|1.000000|0.994141|1.000000|1.000000|1.000000,192,40,0.5,0.9,0.9,32,0.1,1337,cuda,fastprior
909,8,8,1.000000,0|1|2|3|4|5|6|7|9,0|0|0|0|0|0|0|0|0,40,70848,"(5,13,1.0000,1.0000,1.0000)|(9,9,1.0000,1.0000,0.8292)|(8,9,1.0000,1.0000,1.0000)|(20,10,0.2014,0.2234,0.1920)|(2,11,0.9344,1.0000,1.0000)|(5,23,0.7645,0.4302,0.0872)|(2,11,1.0000,1.0000,1.0000)|(28,15,1.0000,1.0000,0.8743)|(25,8,1.0000,1.0000,1.0000)",8|8|8|8|8|8|8|8|8,1.000000|1.000000|1.000000|1.000000|1.000000|1.000000|1.000000|1.000000|1.000000,192,40,0.5,0.9,0.9,32,0.1,1337,cuda,fastprior
911,3,3,1.000000,0|1|2|4|5|6|7|8|9,0|0|0|0|0|0|0|0|0,40,70848,"(19,14,1.0000,0.6462,0.9657)|(25,10,0.5435,0.2143,0.8251)|(21,12,0.3854,0.2751,0.2620)|(20,13,0.4931,0.6065,0.8457)|(23,12,0.0000,0.0000,0.9525)|(18,14,0.0000,0.0000,1.0000)|(24,9,0.2021,0.1744,0.4627)|(19,14,0.0751,0.0101,0.3058)|(24,12,0.0639,0.6173,0.0514)",3|3|3|3|3|3|3|3|3,1.000000|1.000000|1.000000|1.000000|1.000000|1.000000|1.000000|1.000000|1.000000,192,40,0.5,0.9,0.9,32,0.1,1337,cuda,fastprior
912,0,0,1.000000,1|2|3|4|5|6|7|8|9,0|0|0|0|0|0|0|0|0,40,70848,"(25,11,0.2579,1.0000,0.3087)|(17,15,1.0000,0.3672,0.0125)|(24,12,0.0880,0.4083,0.3019)|(22,14,0.0000,0.0000,0.8738)|(22,16,0.0000,0.1164,0.8764)|(19,2,0.0000,1.0000,0.1971)|(20,15,0.0000,0.6382,0.2432)|(25,13,0.0000,1.0000,0.3126)|(22,16,0.0000,1.0000,0.0549)",0|0|0|0|0|0|0|0|0,1.000000|0.917969|0.999512|0.999023|1.000000|0.999023|0.999512|0.999023|1.000000,192,40,0.5,0.9,0.9,32,0.1,1337,cuda,fastprior
913,4,4,1.000000,0|1|2|3|5|6|7|8|9,0|0|0|0|0|0|0|0|0,40,70848,"(12,21,1.0000,0.9838,1.0000)|(14,15,1.0000,0.9035,0.6217)|(14,14,1.0000,0.7186,1.0000)|(13,15,1.0000,0.9989,1.0000)|(13,21,0.9652,0.6615,0.1362)|(12,21,1.0000,0.7776,0.6760)|(13,15,1.0000,0.6534,0.1098)|(12,21,1.0000,0.8608,0.6402)|(12,21,1.0000,0.8863,0.6084)",4|4|4|4|4|4|4|4|4,0.526855|0.999512|1.000000|1.000000|0.787598|0.570312|1.000000|0.572266|0.586914,192,40,0.5,0.9,0.9,32,0.1,1337,cuda,fastprior
915,1,1,1.000000,0|2|3|4|5|6|7|8|9,0|0|0|0|0|0|0|0|0,40,70848,"(10,25,0.0000,0.0000,0.4442)|(12,24,0.0000,0.0000,0.0000)|(6,18,0.0000,0.0000,0.0000)|(6,18,0.0000,0.0000,0.0000)|(13,26,0.0592,0.0000,0.1812)|(5,12,0.0000,0.0000,0.0690)|(6,18,0.0000,0.0000,0.1828)|(8,1,0.0000,0.9789,0.0000)|(10,25,1.0000,1.0000,0.8141)",1|1|1|1|1|1|1|1|1,1.000000|1.000000|1.000000|1.000000|1.000000|1.000000|1.000000|1.000000|0.999512,192,40,0.5,0.9,0.9,32,0.1,1337,cuda,fastprior
916,3,3,0.998535,0|1|2|4|5|6|7|8|9,0|0|0|1|0|0|0|0|0,40,70848,"(24,11,0.6692,0.8053,0.0196)|(20,14,0.0280,0.0000,0.1667)|(22,22,1.0000,0.0000,0.0000)|(21,17,0.0000,0.2237,0.9898)|(22,11,0.8727,0.0000,0.0000)|(8,23,0.1175,1.0000,0.0000)|(18,14,0.8145,0.0977,0.0000)|(18,14,0.7713,0.1456,0.0000)|(21,11,0.6120,0.5388,0.8776)",3|3|3|3|3|3|3|3|3,0.991211|0.987305|0.931152|0.986816|0.978516|0.993652|0.997559|0.997070|0.990234,192,40,0.5,0.9,0.9,32,0.1,1337,cuda,fastprior
917,8,8,1.000000,0|1|2|3|4|5|6|7|9,0|0|0|0|0|0|0|0|0,40,70848,"(14,18,1.0000,1.0000,1.0000)|(25,18,1.0000,1.0000,1.0000)|(12,26,1.0000,0.0080,0.0000)|(22,26,0.0000,0.0000,0.0027)|(15,11,0.0000,0.0000,0.4065)|(20,21,0.9635,0.0000,0.0000)|(22,22,1.0000,1.0000,1.0000)|(23,22,0.0000,0.0000,0.3046)|(18,23,1.0000,1.0000,1.0000)",8|8|8|8|8|8|8|8|8,1.000000|1.000000|1.000000|1.000000|1.000000|1.000000|1.000000|1.000000|0.997559,192,40,0.5,0.9,0.9,32,0.1,1337,cuda,fastprior
918,8,8,1.000000,0|1|2|3|4|5|6|7|9,0|0|0|0|0|0|0|0|0,40,70848,"(27,25,1.0000,1.0000,1.0000)|(16,17,0.0000,0.0000,0.9964)|(17,12,0.0000,0.0000,0.3209)|(15,6,0.2603,0.0584,0.0345)|(16,17,0.0000,0.0000,1.0000)|(18,11,0.0000,0.0000,0.4400)|(18,11,0.0000,0.0000,0.5664)|(16,17,0.0000,0.0000,0.7055)|(3,15,0.0000,0.0000,0.6141)",8|8|8|8|8|8|8|8|8,0.998047|0.998047|1.000000|1.000000|0.998047|1.000000|1.000000|0.998047|1.000000,192,40,0.5,0.9,0.9,32,0.1,1337,cuda,fastprior
919,0,0,1.000000,1|2|3|4|5|6|7|8|9,0|0|0|0|0|0|0|0|0,40,70848,"(20,14,0.6599,1.0000,1.0000)|(8,6,0.3895,1.0000,0.6712)|(10,9,1.0000,1.0000,1.0000)|(10,7,0.4816,0.8722,0.7715)|(20,14,0.7980,1.0000,1.0000)|(21,25,0.5294,0.0000,0.9777)|(20,14,0.5489,1.0000,1.0000)|(8,10,0.8972,0.5097,0.4899)|(7,6,1.0000,0.7848,0.8377)",0|0|0|0|0|0|0|0|0,0.998047|0.998047|1.000000|1.000000|0.998535|1.000000|0.998047|0.999512|0.999023,192,40,0.5,0.9,0.9,32,0.1,1337,cuda,fastprior
920,6,6,0.993164,0|1|2|3|4|5|7|8|9,0|0|0|0|0|0|0|0|0,40,70848,"(21,17,1.0000,0.9393,1.0000)|(24,24,0.0000,0.2344,0.0000)|(12,21,1.0000,1.0000,1.0000)|(17,16,0.0000,0.0000,0.0000)|(24,24,0.0000,0.3101,0.0000)|(17,16,0.0363,0.0000,0.0000)|(21,16,0.0000,0.0000,0.0642)|(10,23,0.0000,0.2917,0.0000)|(24,24,0.0000,0.0000,0.0000)",6|6|6|6|6|6|6|6|6,0.998047|0.953125|0.565430|0.873047|0.952148|0.875488|0.995117|0.988770|0.957031,192,40,0.5,0.9,0.9,32,0.1,1337,cuda,fastprior
921,9,9,1.000000,0|1|2|3|4|5|6|7|8,0|0|0|0|0|0|0|0|0,40,70848,"(17,5,0.6872,0.0703,0.1210)|(26,10,1.0000,1.0000,1.0000)|(17,3,0.7614,0.2052,0.8191)|(19,4,0.6175,0.0000,0.0000)|(26,17,0.8343,0.8284,0.4138)|(18,21,0.3749,0.6109,0.6295)|(18,16,0.6978,0.8477,0.1775)|(26,10,0.1186,0.0000,0.0000)|(18,14,1.0000,0.8488,0.1162)",9|9|9|9|9|9|9|9|9,1.000000|1.000000|1.000000|1.000000|1.000000|1.000000|1.000000|1.000000|1.000000,192,40,0.5,0.9,0.9,32,0.1,1337,cuda,fastprior
922,9,9,0.998535,0|1|2|3|4|5|6|7|8,0|0|0|0|0|0|0|0|0,40,70848,"(12,16,0.0000,0.0000,0.0000)|(10,13,0.0000,0.0000,0.0000)|(10,13,0.0000,0.0000,1.0000)|(20,22,0.0000,0.0000,0.0000)|(11,17,0.0000,0.0000,0.0041)|(10,13,0.0000,0.0000,0.9242)|(8,22,0.0000,0.0000,0.8058)|(29,13,0.0000,0.0000,1.0000)|(10,21,0.0000,0.0000,0.0000)",9|9|9|9|9|9|9|9|9,0.997070|0.992188|0.992188|0.999512|0.998047|0.991699|0.997559|0.997070|0.996582,192,40,0.5,0.9,0.9,32,0.1,1337,cuda,fastprior
926,8,8,0.999512,0|1|2|3|4|5|6|7|9,0|0|0|0|0|0|0|0|0,40,70848,"(11,8,1.0000,1.0000,1.0000)|(13,5,1.0000,1.0000,1.0000)|(11,8,1.0000,0.9996,1.0000)|(13,5,1.0000,1.0000,0.9992)|(13,5,0.0000,0.1301,0.8373)|(7,13,1.0000,1.0000,0.9993)|(7,13,1.0000,1.0000,1.0000)|(17,24,1.0000,1.0000,0.9992)|(15,27,1.0000,0.9996,0.5000)",8|8|8|8|8|8|8|8|8,0.996094|0.998535|0.996094|0.998535|0.998535|0.797363|0.797852|0.879883|0.967285,192,40,0.5,0.9,0.9,32,0.1,1337,cuda,fastprior
927,6,6,0.997070,0|1|2|3|4|5|7|8|9,0|0|0|0|0|0|0|0|0,40,70848,"(18,7,1.0000,1.0000,1.0000)|(22,14,0.0000,0.0000,0.9994)|(25,13,1.0000,1.0000,1.0000)|(18,7,1.0000,1.0000,1.0000)|(18,13,0.8977,0.0000,0.0000)|(21,13,0.0000,0.0000,0.3383)|(28,17,0.0000,0.5172,1.0000)|(18,13,0.0000,0.0000,0.5240)|(16,18,1.0000,1.0000,0.9994)",6|6|6|6|6|6|6|6|6,0.611816|0.930664|0.980469|0.611816|0.975586|0.905762|0.997070|0.943359|0.728516,192,40,0.5,0.9,0.9,32,0.1,1337,cuda,fastprior
928,0,0,1.000000,1|2|3|4|5|6|7|8|9,0|0|0|0|0|0|0|0|0,40,70848,"(10,11,1.0000,1.0000,0.6755)|(5,21,1.0000,1.0000,0.7774)|(8,19,1.0000,0.9988,0.6820)|(25,22,0.2988,1.0000,1.0000)|(22,13,1.0000,1.0000,0.8292)|(15,14,1.0000,0.8634,0.6914)|(23,13,0.8104,0.8370,0.1428)|(20,23,0.8035,0.7935,0.0003)|(10,11,0.8171,0.7846,0.0866)",0|0|0|0|0|0|0|0|0,1.000000|1.000000|1.000000|1.000000|1.000000|0.999512|1.000000|1.000000|1.000000,192,40,0.5,0.9,0.9,32,0.1,1337,cuda,fastprior
929,0,0,1.000000,1|2|3|4|5|6|7|8|9,0|0|0|0|0|0|0|0|0,40,70848,"(24,11,0.0000,0.5488,0.5000)|(24,11,1.0000,1.0000,1.0000)|(23,17,0.8055,0.1417,0.2006)|(30,19,0.5772,0.7154,0.1908)|(30,19,0.8870,0.3067,0.2937)|(20,17,1.0000,0.4518,0.0000)|(26,13,0.0000,0.4308,0.3928)|(23,10,0.8363,0.3992,0.1983)|(31,19,0.9048,0.5595,0.0577)",0|0|0|0|0|0|0|0|0,1.000000|1.000000|1.000000|1.000000|1.000000|1.000000|1.000000|1.000000|1.000000,192,40,0.5,0.9,0.9,32,0.1,1337,cuda,fastprior
930,4,4,1.000000,0|1|2|3|5|6|7|8|9,0|0|0|0|0|0|0|0|0,40,70848,"(19,5,1.0000,1.0000,1.0000)|(14,7,1.0000,1.0000,1.0000)|(20,13,1.0000,1.0000,1.0000)|(12,9,1.0000,1.0000,1.0000)|(14,15,1.0000,1.0000,1.0000)|(20,5,1.0000,0.9835,1.0000)|(21,11,0.9794,1.0000,1.0000)|(11,9,0.9522,0.9042,1.0000)|(20,13,1.0000,1.0000,1.0000)",4|4|4|4|4|4|4|4|4,1.000000|1.000000|1.000000|1.000000|1.000000|1.000000|1.000000|1.000000|1.000000,192,40,0.5,0.9,0.9,32,0.1,1337,cuda,fastprior
931,2,2,1.000000,0|1|3|4|5|6|7|8|9,0|0|0|0|0|0|0|0|0,40,70848,"(17,16,1.0000,0.2498,1.0000)|(17,14,1.0000,0.6669,0.5546)|(6,12,0.9933,0.7446,0.6096)|(17,12,1.0000,0.8608,1.0000)|(18,19,1.0000,0.7799,1.0000)|(17,14,1.0000,0.8173,1.0000)|(22,17,0.0000,0.9891,1.0000)|(15,12,0.0000,0.6418,0.7159)|(17,14,1.0000,0.5781,0.5200)",2|2|2|2|2|2|2|2|2,0.990234|0.976562|1.000000|0.999023|1.000000|0.992188|1.000000|1.000000|0.979980,192,40,0.5,0.9,0.9,32,0.1,1337,cuda,fastprior
932,3,3,0.982910,0|1|2|4|5|6|7|8|9,0|0|0|0|1|0|0|0|0,40,70848,"(17,26,1.0000,1.0000,1.0000)|(8,16,1.0000,1.0000,0.8647)|(16,10,1.0000,0.8589,0.9318)|(11,6,0.0602,0.0132,1.0000)|(17,26,0.6410,0.8286,0.9877)|(16,13,0.0000,0.5450,1.0000)|(12,9,0.0000,0.0000,0.6783)|(15,11,0.3105,1.0000,0.3581)|(16,2,1.0000,1.0000,0.8594)",3|3|3|3|3|3|5|3|3,0.997559|0.996582|0.647461|0.854980|0.997559|0.984375|0.605469|0.976074|0.868652,192,40,0.5,0.9,0.9,32,0.1,1337,cuda,fastprior
933,2,2,0.968262,0|1|3|4|5|6|7|8|9,0|0|0|0|1|0|0|0|0,40,70848,"(13,10,0.0310,0.0000,0.2989)|(20,7,0.0000,0.0000,0.1538)|(6,22,0.0000,0.0000,0.0000)|(7,24,0.0000,0.0000,0.1980)|(5,16,0.0000,0.0000,0.0000)|(14,16,1.0000,0.9413,0.8366)|(23,23,0.9939,1.0000,0.9875)|(15,13,1.0000,1.0000,1.0000)|(14,16,1.0000,1.0000,1.0000)",2|5|2|2|2|2|2|2|2,0.941895|0.955566|0.978027|0.991699|0.996094|0.867188|0.978516|0.874023|0.765137,192,40,0.5,0.9,0.9,32,0.1,1337,cuda,fastprior
934,7,7,1.000000,0|1|2|3|4|5|6|8|9,0|0|0|0|0|0|0|0|0,40,70848,"(22,2,0.5644,0.0000,0.0000)|(22,2,0.4423,0.0000,0.0000)|(23,1,0.0000,0.0000,0.0298)|(14,2,0.7201,0.0000,0.0000)|(22,2,0.5869,0.0000,0.0000)|(8,3,1.0000,0.0000,0.0000)|(10,4,0.6404,0.0000,0.0000)|(6,3,0.5812,0.0000,0.0000)|(8,6,0.6716,0.0000,0.0000)",7|7|7|7|7|7|7|7|7,0.997070|0.997070|0.999023|1.000000|0.997070|1.000000|1.000000|1.000000|1.000000,192,40,0.5,0.9,0.9,32,0.1,1337,cuda,fastprior
935,2,2,1.000000,0|1|3|4|5|6|7|8|9,0|0|0|0|0|0|0|0|0,40,70848,"(12,9,0.0000,0.0000,0.7710)|(11,1,0.0000,0.0000,0.7828)|(8,3,0.0000,0.0000,0.1991)|(12,14,0.0000,0.0000,0.8340)|(16,14,0.0000,0.0000,0.7813)|(12,14,0.0000,0.0000,0.7804)|(12,14,0.0000,0.0000,0.8247)|(13,9,0.0000,0.0000,0.6520)|(8,1,0.0000,0.0000,0.7771)",2|2|2|2|2|2|2|2|2,1.000000|1.000000|1.000000|0.967285|1.000000|0.966797|0.966797|1.000000|1.000000,192,40,0.5,0.9,0.9,32,0.1,1337,cuda,fastprior
936,2,2,1.000000,0|1|3|4|5|6|7|8|9,0|0|0|0|0|0|0|0|0,40,70848,"(18,7,0.8882,1.0000,1.0000)|(8,12,0.0000,0.0000,0.1055)|(17,20,1.0000,0.6173,0.6471)|(8,12,0.7840,0.3751,0.8498)|(17,8,0.7862,1.0000,1.0000)|(6,7,0.0579,0.8305,0.0000)|(23,2,0.0936,0.0000,0.0000)|(21,7,0.8521,0.0000,0.4330)|(24,5,0.9956,0.0000,0.7289)",2|2|2|2|2|2|2|2|2,0.999512|0.999512|0.998535|1.000000|0.999512|1.000000|0.999023|1.000000|0.997559,192,40,0.5,0.9,0.9,32,0.1,1337,cuda,fastprior
937,5,5,1.000000,0|1|2|3|4|6|7|8|9,0|0|0|0|0|0|0|0|0,40,70848,"(9,1,0.0000,0.0000,0.3530)|(17,13,0.0000,0.0000,0.3703)|(5,17,0.0000,0.0000,0.1384)|(22,2,0.0000,0.0000,0.3711)|(9,1,0.0000,0.0000,1.0000)|(17,13,0.0000,0.0000,0.4413)|(6,15,0.0000,0.0000,1.0000)|(12,7,0.0000,0.0000,1.0000)|(4,18,0.0000,0.0000,0.1221)",5|5|5|5|5|5|5|5|5,1.000000|1.000000|1.000000|1.000000|1.000000|1.000000|1.000000|1.000000|1.000000,192,40,0.5,0.9,0.9,32,0.1,1337,cuda,fastprior
938,9,9,1.000000,0|1|2|3|4|5|6|7|8,0|0|0|0|0|0|0|0|0,40,70848,"(19,22,0.9890,1.0000,1.0000)|(19,26,1.0000,1.0000,1.0000)|(5,19,1.0000,1.0000,1.0000)|(19,11,1.0000,1.0000,1.0000)|(18,18,1.0000,1.0000,1.0000)|(18,18,0.9907,1.0000,1.0000)|(18,18,1.0000,1.0000,1.0000)|(18,18,0.9904,1.0000,1.0000)|(17,5,0.9909,1.0000,1.0000)",9|9|9|9|9|9|9|9|9,1.000000|1.000000|0.992676|0.999512|0.968262|0.968262|0.968262|0.968262|1.000000,192,40,0.5,0.9,0.9,32,0.1,1337,cuda,fastprior
939,8,8,1.000000,0|1|2|3|4|5|6|7|9,0|0|0|0|0|0|0|0|0,40,70848,"(23,18,1.0000,0.9981,0.9950)|(23,19,1.0000,1.0000,0.8589)|(22,9,1.0000,1.0000,0.8994)|(22,20,1.0000,1.0000,0.9554)|(17,21,0.8603,1.0000,0.7568)|(22,9,1.0000,1.0000,0.9632)|(24,20,1.0000,1.0000,0.8863)|(25,17,1.0000,1.0000,0.9088)|(23,24,1.0000,1.0000,0.9907)",0|0|8|8|8|8|8|8|8,0.857910|0.548340|0.975586|0.681152|1.000000|0.975586|0.629395|0.743652|0.925781,192,40,0.5,0.9,0.9,32,0.1,1337,cuda,fastprior
940,9,9,1.000000,0|1|2|3|4|5|6|7|8,0|0|0|0|0|0|0|0|0,40,70848,"(7,3,0.2616,0.7506,0.7609)|(26,3,0.7714,1.0000,1.0000)|(4,18,0.8345,0.4461,0.6653)|(8,5,0.3597,0.5513,0.4722)|(17,5,0.5648,0.0656,0.9746)|(29,5,0.3687,0.5661,0.4908)|(17,4,0.4750,0.2212,0.9288)|(7,3,0.3369,0.1509,0.2065)|(5,19,0.2913,0.9985,0.8165)",9|9|9|9|9|9|9|9|9,1.000000|1.000000|1.000000|1.000000|1.000000|1.000000|1.000000|1.000000|1.000000,192,40,0.5,0.9,0.9,32,0.1,1337,cuda,fastprior
941,1,1,0.981934,0|2|3|4|5|6|7|8|9,0|0|0|0|0|0|0|0|0,40,70848,"(25,23,0.8460,0.6568,0.2810)|(14,5,1.0000,1.0000,0.8600)|(7,16,0.0000,0.0000,0.1166)|(10,19,1.0000,1.0000,1.0000)|(10,19,0.0014,0.0664,0.2473)|(22,22,0.1806,0.6645,0.8509)|(7,16,0.0235,0.7947,0.8578)|(15,25,0.9380,0.7708,1.0000)|(25,23,0.7168,0.1873,0.7424)",1|1|1|1|1|1|1|1|1,0.725098|0.983398|0.982910|0.649902|0.936035|0.907715|0.993652|0.921875|0.625000,192,40,0.5,0.9,0.9,32,0.1,1337,cuda,fastprior
942,7,7,0.998047,0|1|2|3|4|5|6|8|9,0|0|0|0|0|0|0|0|0,40,70848,"(24,10,1.0000,1.0000,0.9696)|(10,19,1.0000,1.0000,1.0000)|(18,7,1.0000,0.7373,0.4287)|(18,7,0.9114,1.0000,1.0000)|(22,9,1.0000,0.3044,0.0000)|(9,4,0.8803,0.4702,0.0731)|(19,8,1.0000,0.6124,0.3992)|(10,3,1.0000,0.4170,0.0503)|(24,10,1.0000,0.7268,0.2756)",7|7|7|7|7|7|7|7|7,0.940918|0.997559|0.998535|0.996094|0.998535|0.999512|0.998535|1.000000|0.917969,192,40,0.5,0.9,0.9,32,0.1,1337,cuda,fastprior
943,4,4,1.000000,0|1|2|3|5|6|7|8|9,0|0|0|0|0|0|0|0|0,40,70848,"(14,18,1.0000,1.0000,1.0000)|(22,20,0.9556,1.0000,1.0000)|(20,19,1.0000,1.0000,1.0000)|(20,19,1.0000,1.0000,1.0000)|(12,10,1.0000,1.0000,1.0000)|(27,11,0.9053,0.8476,1.0000)|(8,16,1.0000,1.0000,1.0000)|(22,20,0.9927,1.0000,1.0000)|(18,19,1.0000,1.0000,1.0000)",4|4|4|4|4|4|4|4|4,1.000000|0.996582|0.998535|0.998535|1.000000|1.000000|1.000000|0.996094|1.000000,192,40,0.5,0.9,0.9,32,0.1,1337,cuda,fastprior
944,0,0,1.000000,1|2|3|4|5|6|7|8|9,0|0|0|0|0|0|0|0|0,40,70848,"(12,27,1.0000,0.3621,0.1960)|(5,7,0.0435,0.5528,0.0000)|(6,15,0.6211,1.0000,0.3513)|(6,8,0.0000,0.4466,0.0000)|(23,22,0.6731,1.0000,0.3882)|(9,26,0.0000,0.4904,0.0000)|(13,27,0.6315,1.0000,0.3628)|(11,9,1.0000,0.2631,0.9484)|(10,8,0.6935,1.0000,0.4331)",0|0|0|0|0|0|0|0|0,1.000000|1.000000|0.994141|0.999512|1.000000|1.000000|1.000000|0.958984|0.999512,192,40,0.5,0.9,0.9,32,0.1,1337,cuda,fastprior
945,3,3,0.998535,0|1|2|4|5|6|7|8|9,0|0|0|0|0|0|0|0|0,40,70848,"(21,12,1.0000,0.0000,0.0000)|(9,21,0.0000,0.0000,1.0000)|(21,12,0.1734,0.0000,0.9907)|(6,16,0.0000,0.0049,1.0000)|(2,11,1.0000,1.0000,1.0000)|(19,12,1.0000,0.0000,0.3895)|(6,16,1.0000,1.0000,1.0000)|(3,8,1.0000,0.0000,0.0007)|(21,12,0.9841,0.0305,0.0192)",3|3|3|3|3|3|3|3|3,0.750000|0.995605|0.783203|0.989746|0.964844|0.950684|0.973145|0.995605|0.757324,192,40,0.5,0.9,0.9,32,0.1,1337,cuda,fastprior
946,0,0,1.000000,1|2|3|4|5|6|7|8|9,0|0|0|0|0|0|0|0|0,40,70848,"(13,15,1.0000,0.0000,0.0482)|(6,19,0.7467,0.5000,1.0000)|(15,18,1.0000,0.9120,0.9940)|(2,20,1.0000,0.1453,0.0000)|(21,18,1.0000,0.0000,0.0112)|(19,11,1.0000,0.0000,0.0000)|(20,11,1.0000,0.0000,0.0020)|(13,15,1.0000,0.0000,0.0000)|(11,22,1.0000,0.0000,0.0234)",0|0|0|0|0|0|0|0|0,1.000000|1.000000|1.000000|1.000000|1.000000|1.000000|1.000000|1.000000|1.000000,192,40,0.5,0.9,0.9,32,0.1,1337,cuda,fastprior
947,1,1,0.999512,0|2|3|4|5|6|7|8|9,0|0|0|0|0|0|0|0|0,40,70848,"(13,7,1.0000,0.9473,1.0000)|(3,27,1.0000,0.9510,1.0000)|(13,7,1.0000,0.9136,0.8363)|(6,27,1.0000,0.9559,1.0000)|(13,6,1.0000,1.0000,1.0000)|(13,7,1.0000,0.8146,1.0000)|(6,28,1.0000,0.8542,1.0000)|(10,11,1.0000,1.0000,1.0000)|(25,7,1.0000,0.9973,1.0000)",1|1|1|1|1|1|1|1|1,0.995117|0.999512|0.995605|0.999023|0.997559|0.995117|0.999512|0.997070|0.999023,192,40,0.5,0.9,0.9,32,0.1,1337,cuda,fastprior
949,8,8,1.000000,0|1|2|3|4|5|6|7|9,0|0|0|0|0|0|0|0|0,40,70848,"(24,6,1.0000,1.0000,1.0000)|(28,17,1.0000,0.3660,0.5215)|(7,13,1.0000,0.8038,1.0000)|(6,10,0.7580,0.9683,0.0726)|(4,13,0.4670,0.7250,0.3691)|(24,8,0.4247,0.9238,0.1506)|(21,7,0.9989,0.8690,0.0456)|(27,5,0.4777,0.9466,0.6537)|(4,12,1.0000,0.0000,0.9278)",8|8|8|8|8|8|8|8|8,1.000000|1.000000|1.000000|1.000000|1.000000|1.000000|1.000000|1.000000|1.000000,192,40,0.5,0.9,0.9,32,0.1,1337,cuda,fastprior
950,3,3,1.000000,0|1|2|4|5|6|7|8|9,0|0|0|0|0|0|0|0|0,40,70848,"(11,13,0.0000,0.0000,0.7557)|(18,24,0.0000,0.0000,0.7814)|(11,13,0.0000,0.0000,0.8025)|(11,13,0.0000,0.0000,0.8265)|(11,13,0.0000,0.0000,0.7408)|(11,13,0.0000,0.0000,0.7101)|(20,8,0.0000,0.0000,0.7644)|(11,25,0.0000,0.0000,0.8433)|(11,13,0.0000,0.0000,0.8492)",3|3|3|3|3|3|3|3|3,1.000000|1.000000|1.000000|1.000000|1.000000|1.000000|1.000000|1.000000|1.000000,192,40,0.5,0.9,0.9,32,0.1,1337,cuda,fastprior
951,9,9,1.000000,0|1|2|3|4|5|6|7|8,0|0|0|0|0|0|0|0|0,40,70848,"(12,20,0.0000,0.0000,1.0000)|(22,19,0.8842,0.0000,0.0000)|(4,17,0.0000,0.0000,0.5970)|(26,11,0.0000,0.9708,0.0000)|(16,9,0.5896,0.0000,0.0000)|(18,9,1.0000,0.0000,0.0000)|(10,18,1.0000,0.0000,0.0000)|(15,9,0.0000,0.0000,0.9794)|(18,9,1.0000,0.1539,0.0000)",9|9|9|9|9|9|9|9|9,1.000000|1.000000|1.000000|1.000000|0.999512|0.999512|1.000000|0.999023|0.999512,192,40,0.5,0.9,0.9,32,0.1,1337,cuda,fastprior
952,6,6,1.000000,0|1|2|3|4|5|7|8|9,0|0|0|0|0|0|0|0|0,40,70848,"(21,15,0.0000,0.0000,1.0000)|(13,17,0.0000,0.0000,0.8827)|(17,14,0.0000,0.0000,1.0000)|(22,12,0.0000,0.0000,0.7616)|(19,14,0.0000,0.0000,0.8708)|(18,3,1.0000,1.0000,1.0000)|(19,14,0.0000,0.0000,0.8825)|(19,14,1.0000,1.0000,1.0000)|(16,6,0.0000,0.0000,0.9071)",6|6|6|6|6|6|6|6|6,0.999512|1.000000|1.000000|0.998535|0.988770|0.971680|0.988770|0.997070|1.000000,192,40,0.5,0.9,0.9,32,0.1,1337,cuda,fastprior
954,4,4,0.999512,0|1|2|3|5|6|7|8|9,0|0|0|0|0|0|0|0|0,40,70848,"(21,21,1.0000,1.0000,0.8261)|(17,11,1.0000,1.0000,1.0000)|(5,13,1.0000,0.8793,0.9803)|(23,22,0.0000,0.0000,0.0708)|(15,6,1.0000,0.8216,1.0000)|(17,12,1.0000,1.0000,1.0000)|(10,13,0.0000,0.1272,0.3360)|(17,6,1.0000,1.0000,1.0000)|(22,21,1.0000,1.0000,1.0000)",4|4|4|4|4|4|4|4|4,0.681641|0.999512|0.982422|0.797852|1.000000|1.000000|0.999512|1.000000|0.988281,192,40,0.5,0.9,0.9,32,0.1,1337,cuda,fastprior
955,7,7,1.000000,0|1|2|3|4|5|6|8|9,0|0|0|0|0|0|0|0|0,40,70848,"(13,5,1.0000,1.0000,0.8261)|(25,5,1.0000,1.0000,0.9721)|(7,17,1.0000,1.0000,1.0000)|(23,5,1.0000,0.9974,1.0000)|(5,23,1.0000,1.0000,0.9823)|(23,16,1.0000,1.0000,1.0000)|(23,5,1.0000,1.0000,1.0000)|(24,7,1.0000,1.0000,1.0000)|(24,18,1.0000,1.0000,1.0000)",7|7|7|7|7|7|7|7|7,1.000000|0.999512|1.000000|0.997070|1.000000|1.000000|0.997070|1.000000|1.000000,192,40,0.5,0.9,0.9,32,0.1,1337,cuda,fastprior
956,0,0,0.838867,1|2|3|4|5|6|7|8|9,0|0|0|0|0|0|0|0|0,40,70848,"(15,14,1.0000,0.1710,0.0130)|(11,18,0.7274,1.0000,0.2127)|(25,8,0.3765,0.1478,0.0128)|(12,11,0.2840,0.0000,0.0000)|(27,8,0.4798,0.0306,0.0000)|(28,8,1.0000,0.1705,0.0000)|(25,8,1.0000,0.2318,0.0000)|(25,8,0.9296,0.3414,0.0000)|(17,13,0.2845,1.0000,0.6185)",0|0|0|0|0|0|0|0|0,0.997070|0.937500|0.812988|1.000000|0.891113|0.946289|0.872559|0.862305|0.820801,192,40,0.5,0.9,0.9,32,0.1,1337,cuda,fastprior
957,3,3,0.999512,0|1|2|4|5|6|7|8|9,0|0|0|0|0|0|0|0|0,40,70848,"(15,15,0.0000,0.0000,0.7253)|(8,16,0.4241,1.0000,0.0000)|(19,30,1.0000,1.0000,0.9214)|(8,16,1.0000,1.0000,0.9199)|(25,23,0.0000,0.0000,0.7045)|(8,16,1.0000,1.0000,0.7022)|(15,15,0.0000,0.0000,0.8590)|(22,27,0.0000,0.0025,0.3095)|(15,14,0.3530,1.0000,0.0000)",3|3|3|3|3|3|3|3|3,0.967285|0.998535|0.998535|0.993164|0.999512|0.994141|0.966797|0.999023|0.964355,192,40,0.5,0.9,0.9,32,0.1,1337,cuda,fastprior
958,7,7,1.000000,0|1|2|3|4|5|6|8|9,0|0|0|0|0|0|0|0|0,40,70848,"(9,10,0.0000,0.0044,0.9923)|(22,5,0.0000,0.0000,1.0000)|(9,10,0.0000,0.0000,0.6553)|(8,3,0.0000,0.0000,0.4556)|(9,10,0.0000,0.0000,0.9729)|(21,6,0.0000,0.0000,1.0000)|(9,10,0.0000,0.0000,0.6960)|(17,3,0.0000,0.0000,0.9254)|(16,3,0.0000,0.0000,1.0000)",7|7|7|7|7|7|7|7|7,0.928711|0.999512|0.932129|1.000000|0.928223|0.999512|0.930664|0.999512|0.999512,192,40,0.5,0.9,0.9,32,0.1,1337,cuda,fastprior
959,8,8,1.000000,0|1|2|3|4|5|6|7|9,0|0|0|0|0|0|0|0|0,40,70848,"(8,17,1.0000,0.9989,1.0000)|(9,16,1.0000,1.0000,1.0000)|(6,16,1.0000,1.0000,0.6558)|(15,14,1.0000,1.0000,0.7402)|(6,16,1.0000,1.0000,1.0000)|(19,28,1.0000,1.0000,1.0000)|(14,10,1.0000,1.0000,1.0000)|(11,10,1.0000,1.0000,1.0000)|(2,12,1.0000,1.0000,0.9924)",8|8|8|8|8|8|8|8|8,0.981934|0.999023|0.996094|1.000000|0.993652|0.953613|1.000000|1.000000|1.000000,192,40,0.5,0.9,0.9,32,0.1,1337,cuda,fastprior
960,9,9,0.780762,0|1|2|3|4|5|6|7|8,0|0|0|0|0|0|0|0|0,40,70848,"(23,24,1.0000,1.0000,0.9775)|(12,17,1.0000,1.0000,1.0000)|(17,6,0.0000,0.0000,0.9677)|(24,27,1.0000,1.0000,0.8778)|(16,9,1.0000,0.7757,0.0000)|(24,27,0.3947,0.7049,0.8176)|(18,14,0.9933,0.7530,0.5252)|(9,7,1.0000,0.9468,1.0000)|(24,27,0.6093,0.7852,1.0000)",9|1|9|9|9|9|9|9|9,0.766602|0.856445|0.979004|0.707031|0.889160|0.728027|0.694824|0.813477|0.731445,192,40,0.5,0.9,0.9,32,0.1,1337,cuda,fastprior
961,1,1,0.999512,0|2|3|4|5|6|7|8|9,0|0|0|0|0|0|0|0|0,40,70848,"(15,11,1.0000,1.0000,1.0000)|(22,13,1.0000,1.0000,1.0000)|(21,9,1.0000,1.0000,1.0000)|(2,25,1.0000,0.9437,1.0000)|(15,11,1.0000,1.0000,1.0000)|(2,25,1.0000,0.5408,0.4705)|(8,5,1.0000,1.0000,1.0000)|(14,9,1.0000,0.3236,0.1320)|(15,11,1.0000,1.0000,1.0000)",1|1|1|1|1|1|1|1|1,0.963379|1.000000|0.999512|0.999512|0.963379|0.999512|0.999023|0.999023|0.963379,192,40,0.5,0.9,0.9,32,0.1,1337,cuda,fastprior
962,1,1,0.995117,0|2|3|4|5|6|7|8|9,0|0|0|0|0|0|0|0|0,40,70848,"(20,28,0.0000,0.0000,0.4153)|(15,15,0.2525,0.1899,0.4254)|(20,28,0.0000,0.0000,0.3798)|(15,12,0.2271,0.0000,0.7795)|(18,18,0.8080,1.0000,1.0000)|(21,27,0.1845,0.0101,0.3679)|(19,27,0.0000,0.7450,0.1411)|(20,28,0.8711,0.0000,0.0000)|(13,24,0.3613,1.0000,1.0000)",1|1|1|1|1|1|1|1|1,0.990234|0.995117|0.990234|0.995117|0.996094|0.992188|0.983398|0.986328|0.979980,192,40,0.5,0.9,0.9,32,0.1,1337,cuda,fastprior
963,6,6,1.000000,0|1|2|3|4|5|7|8|9,0|0|0|0|0|0|0|0|0,40,70848,"(13,24,1.0000,1.0000,1.0000)|(13,24,1.0000,1.0000,1.0000)|(12,12,1.0000,1.0000,1.0000)|(17,9,1.0000,1.0000,1.0000)|(13,24,1.0000,1.0000,1.0000)|(6,12,1.0000,1.0000,1.0000)|(12,4,1.0000,1.0000,1.0000)|(10,11,1.0000,1.0000,1.0000)|(16,1,1.0000,1.0000,1.0000)",6|6|6|6|6|6|6|6|6,1.000000|1.000000|1.000000|1.000000|1.000000|1.000000|1.000000|1.000000|1.000000,192,40,0.5,0.9,0.9,32,0.1,1337,cuda,fastprior
964,6,6,1.000000,0|1|2|3|4|5|7|8|9,0|0|0|0|0|0|0|0|0,40,70848,"(23,15,0.0000,0.0000,0.9990)|(23,15,0.0000,0.0000,0.9973)|(23,19,0.0000,0.0000,1.0000)|(19,15,0.0000,0.0000,1.0000)|(23,20,0.0000,0.0000,0.6527)|(18,8,0.0000,0.0000,1.0000)|(14,17,0.0000,0.0000,0.9941)|(14,18,0.0000,0.0000,1.0000)|(16,25,0.0000,0.0000,0.9958)",6|6|6|6|6|6|6|6|6,1.000000|1.000000|1.000000|0.999512|1.000000|0.999512|0.893066|0.973633|1.000000,192,40,0.5,0.9,0.9,32,0.1,1337,cuda,fastprior
965,6,6,1.000000,0|1|2|3|4|5|7|8|9,0|0|0|0|0|0|0|0|0,40,70848,"(23,11,1.0000,1.0000,1.0000)|(22,11,1.0000,1.0000,0.9989)|(25,22,1.0000,1.0000,1.0000)|(26,22,1.0000,1.0000,1.0000)|(27,22,1.0000,1.0000,1.0000)|(25,20,1.0000,1.0000,1.0000)|(7,24,1.0000,1.0000,1.0000)|(19,22,1.0000,1.0000,1.0000)|(27,22,1.0000,1.0000,1.0000)",6|6|6|6|6|6|6|6|6,0.999512|1.000000|1.000000|1.000000|1.000000|1.000000|1.000000|0.802246|1.000000,192,40,0.5,0.9,0.9,32,0.1,1337,cuda,fastprior
967,9,9,0.988281,0|1|2|3|4|5|6|7|8,1|0|0|0|0|0|0|0|0,40,70848,"(11,24,0.8577,1.0000,1.0000)|(14,25,1.0000,1.0000,0.0000)|(9,24,1.0000,0.0000,0.1482)|(6,9,0.9987,1.0000,1.0000)|(18,12,0.9902,1.0000,1.0000)|(17,14,1.0000,1.0000,0.9995)|(17,8,1.0000,0.2313,0.0927)|(18,12,0.9211,0.2300,0.0000)|(19,12,1.0000,1.0000,0.9910)",0|0|9|9|9|9|9|9|9,0.926270|0.591797|0.529785|0.991699|0.929199|0.880371|0.995605|0.985840|0.862305,192,40,0.5,0.9,0.9,32,0.1,1337,cuda,fastprior
968,1,1,1.000000,0|2|3|4|5|6|7|8|9,0|0|0|0|0|0|0|0|0,40,70848,"(17,22,0.0790,0.0356,0.4714)|(17,17,0.6276,0.5294,0.7894)|(26,17,1.0000,1.0000,1.0000)|(25,13,0.9461,0.1164,0.6620)|(20,16,0.9333,1.0000,0.5723)|(11,14,0.3229,0.5013,0.8655)|(16,15,0.9651,1.0000,0.5445)|(18,18,0.0000,0.0000,1.0000)|(15,19,0.4150,0.8552,0.3878)",1|1|1|1|1|1|1|1|1,1.000000|1.000000|1.000000|1.000000|1.000000|1.000000|1.000000|1.000000|1.000000,192,40,0.5,0.9,0.9,32,0.1,1337,cuda,fastprior
969,9,9,1.000000,0|1|2|3|4|5|6|7|8,0|0|0|0|0|0|0|0|0,40,70848,"(25,11,1.0000,0.6483,0.5976)|(19,14,1.0000,1.0000,1.0000)|(9,21,0.4187,0.1078,0.2096)|(30,13,0.9731,0.7394,0.8470)|(28,10,0.6141,0.4082,0.3595)|(1,23,0.6945,0.9531,0.2221)|(13,8,0.8520,0.7035,1.0000)|(30,13,0.9751,0.6020,0.4491)|(20,12,0.8928,0.6204,0.9352)",9|9|9|9|9|9|9|9|9,1.000000|1.000000|1.000000|1.000000|1.000000|1.000000|1.000000|1.000000|1.000000,192,40,0.5,0.9,0.9,32,0.1,1337,cuda,fastprior
970,9,9,1.000000,0|1|2|3|4|5|6|7|8,0|0|0|0|0|0|0|0|0,40,70848,"(17,4,0.1627,0.0000,0.0000)|(17,9,1.0000,1.0000,0.0000)|(17,4,0.1872,0.0000,0.0000)|(14,3,0.0000,0.0000,0.0000)|(17,4,1.0000,0.9362,0.4946)|(17,5,1.0000,0.8922,1.0000)|(17,4,1.0000,1.0000,0.4851)|(17,9,0.0000,0.0000,0.0000)|(20,8,1.0000,1.0000,0.5290)",9|9|9|9|9|9|9|9|9,1.000000|1.000000|1.000000|1.000000|1.000000|1.000000|1.000000|1.000000|1.000000,192,40,0.5,0.9,0.9,32,0.1,1337,cuda,fastprior
971,4,4,1.000000,0|1|2|3|5|6|7|8|9,0|0|0|0|1|0|0|0|0,40,70848,"(16,24,0.0000,0.0000,0.1683)|(21,24,0.0000,0.0000,0.1907)|(21,15,0.0269,0.0000,0.0710)|(22,25,0.0000,0.0000,0.0493)|(24,24,0.0710,0.0000,1.0000)|(17,26,0.0000,0.0000,0.7081)|(21,15,0.0000,0.0000,0.6999)|(7,15,0.0000,0.0000,0.1416)|(20,17,0.0000,0.0000,0.4042)",4|5|4|4|4|4|4|4|4,0.991699|0.837402|1.000000|0.999512|1.000000|0.975586|1.000000|1.000000|0.976562,192,40,0.5,0.9,0.9,32,0.1,1337,cuda,fastprior
973,1,1,1.000000,0|2|3|4|5|6|7|8|9,0|0|0|0|0|0|0|0|0,40,70848,"(15,4,1.0000,1.0000,1.0000)|(7,17,1.0000,1.0000,1.0000)|(25,19,1.0000,0.9839,1.0000)|(11,3,1.0000,1.0000,1.0000)|(19,17,0.9201,0.0000,0.0000)|(11,6,1.0000,1.0000,1.0000)|(11,3,1.0000,1.0000,1.0000)|(16,19,0.8329,0.8924,1.0000)|(15,4,0.6238,0.5970,0.5020)",1|1|1|1|1|1|1|1|1,0.999512|0.999512|1.000000|0.999023|1.000000|1.000000|0.999023|1.000000|1.000000,192,40,0.5,0.9,0.9,32,0.1,1337,cuda,fastprior
974,7,7,0.934570,0|1|2|3|4|5|6|8|9,1|0|0|0|0|0|0|0|0,40,70848,"(20,19,1.0000,1.0000,1.0000)|(19,14,1.0000,0.8509,1.0000)|(20,14,0.0000,1.0000,1.0000)|(12,3,0.8170,1.0000,0.6819)|(19,10,0.0000,0.3789,0.0000)|(19,15,1.0000,1.0000,1.0000)|(21,12,0.2543,1.0000,0.1033)|(12,13,1.0000,1.0000,0.9280)|(20,13,0.8881,0.8576,1.0000)",0|0|2|7|7|0|7|7|0,0.977539|0.912598|0.489746|0.524902|0.944336|0.890137|0.592773|0.758301|0.574219,192,40,0.5,0.9,0.9,32,0.1,1337,cuda,fastprior
975,0,0,1.000000,1|2|3|4|5|6|7|8|9,0|0|0|0|0|0|0|0|0,40,70848,"(13,7,1.0000,0.2261,0.1623)|(13,7,0.0000,0.0000,0.8416)|(6,10,1.0000,0.2671,0.0679)|(11,11,0.7593,0.1068,0.0000)|(13,7,0.0736,0.0000,0.8014)|(24,7,0.9654,0.4690,0.0000)|(2,21,1.0000,0.9823,1.0000)|(17,27,1.0000,0.5477,0.0044)|(28,22,0.9906,0.5300,0.0307)",0|0|0|0|0|0|0|0|0,1.000000|1.000000|1.000000|1.000000|1.000000|1.000000|1.000000|1.000000|1.000000,192,40,0.5,0.9,0.9,32,0.1,1337,cuda,fastprior
976,6,6,1.000000,0|1|2|3|4|5|7|8|9,0|0|0|1|0|0|0|0|0,40,70848,"(21,7,1.0000,1.0000,1.0000)|(9,16,0.0000,0.0000,0.5605)|(9,16,1.0000,1.0000,1.0000)|(13,13,0.0000,0.0000,0.0000)|(7,18,1.0000,1.0000,1.0000)|(6,10,0.9989,1.0000,1.0000)|(7,18,1.0000,1.0000,1.0000)|(8,18,0.3527,0.0000,0.7236)|(17,8,1.0000,1.0000,1.0000)",6|6|6|3|6|6|6|6|6,0.990234|0.965332|0.995117|0.969238|0.843750|0.999512|0.843750|0.997559|0.998047,192,40,0.5,0.9,0.9,32,0.1,1337,cuda,fastprior
977,8,8,1.000000,0|1|2|3|4|5|6|7|9,0|0|0|0|0|0|0|0|0,40,70848,"(20,23,0.9991,1.0000,1.0000)|(25,25,1.0000,1.0000,0.9948)|(20,23,1.0000,1.0000,1.0000)|(17,23,0.9993,1.0000,1.0000)|(30,14,1.0000,0.9990,1.0000)|(17,23,1.0000,1.0000,0.9964)|(21,26,1.0000,1.0000,0.9125)|(14,7,1.0000,0.9904,1.0000)|(22,11,1.0000,1.0000,0.9360)",0|8|0|0|8|0|8|8|8,0.500977|0.975098|0.499268|0.495850|1.000000|0.497803|0.604980|0.999512|1.000000,192,40,0.5,0.9,0.9,32,0.1,1337,cuda,fastprior
978,1,1,0.999512,0|2|3|4|5|6|7|8|9,0|0|0|0|0|0|0|0|0,40,70848,"(17,13,0.0000,1.0000,0.7524)|(13,13,0.0000,1.0000,0.4811)|(20,13,0.0000,1.0000,0.6213)|(16,13,0.0420,1.0000,0.6157)|(19,18,0.0000,1.0000,0.6096)|(17,18,0.0000,0.0000,0.5161)|(18,8,1.0000,1.0000,1.0000)|(18,15,0.0000,1.0000,0.6389)|(25,27,0.0000,1.0000,0.9877)",1|1|1|1|1|1|1|1|1,0.999023|0.999023|0.995605|0.999512|1.000000|1.000000|0.998047|0.988281|1.000000,192,40,0.5,0.9,0.9,32,0.1,1337,cuda,fastprior
979,9,9,1.000000,0|1|2|3|4|5|6|7|8,0|0|0|0|0|0|0|0|0,40,70848,"(13,28,0.2403,0.0673,0.0699)|(12,28,1.0000,1.0000,0.7788)|(15,26,0.7022,0.0612,0.5565)|(17,7,0.9598,1.0000,0.5891)|(16,25,0.3987,0.4476,0.2359)|(19,24,0.5122,0.1007,0.5633)|(12,26,1.0000,0.8128,0.5033)|(17,30,1.0000,1.0000,0.7127)|(21,28,1.0000,0.7601,0.5849)",9|9|9|9|9|9|9|9|9,1.000000|1.000000|1.000000|1.000000|1.000000|1.000000|1.000000|1.000000|1.000000,192,40,0.5,0.9,0.9,32,0.1,1337,cuda,fastprior
980,2,2,1.000000,0|1|3|4|5|6|7|8|9,0|0|0|0|0|0|0|0|0,40,70848,"(19,5,1.0000,1.0000,1.0000)|(17,4,0.7076,0.1132,0.0968)|(16,21,1.0000,0.9921,1.0000)|(19,5,1.0000,0.0378,1.0000)|(12,21,0.8988,1.0000,1.0000)|(16,21,0.0000,0.0000,0.7434)|(16,21,0.9453,1.0000,0.9165)|(21,6,0.0000,0.0000,0.3447)|(5,4,0.5699,0.8252,0.0635)",2|2|2|2|2|2|2|2|2,1.000000|1.000000|1.000000|1.000000|1.000000|1.000000|1.000000|1.000000|1.000000,192,40,0.5,0.9,0.9,32,0.1,1337,cuda,fastprior
981,9,9,1.000000,0|1|2|3|4|5|6|7|8,0|0|0|0|0|0|0|0|0,40,70848,"(13,18,0.0000,0.0000,1.0000)|(11,20,0.0000,0.0291,1.0000)|(25,15,0.0000,0.0000,1.0000)|(17,20,0.0000,0.1003,1.0000)|(11,20,0.0000,0.1868,1.0000)|(12,20,0.0000,0.0000,1.0000)|(11,20,0.0000,0.0000,1.0000)|(7,15,0.0000,0.0000,0.1046)|(17,19,0.2674,0.0000,0.9847)",9|9|9|9|9|9|9|9|9,1.000000|0.937500|0.998535|1.000000|0.938477|0.998047|0.937012|0.999023|0.999512,192,40,0.5,0.9,0.9,32,0.1,1337,cuda,fastprior
982,0,0,0.561035,1|2|3|4|5|6|7|8|9,0|0|0|0|1|0|1|0|0,40,70848,"(7,11,1.0000,0.8633,0.2672)|(24,15,0.7426,1.0000,0.6985)|(23,14,0.2434,1.0000,0.4761)|(3,11,0.9133,0.0000,0.0000)|(22,15,0.0000,0.0000,0.5397)|(23,10,0.2894,1.0000,0.0000)|(22,15,0.0000,0.6490,1.0000)|(23,14,0.0000,0.0000,0.9343)|(4,11,0.7665,0.2791,0.1577)",5|0|3|0|4|0|4|4|0,0.582031|0.710938|0.757812|0.859375|0.493896|0.528320|0.552246|0.462646|0.787109,192,40,0.5,0.9,0.9,32,0.1,1337,cuda,fastprior
983,4,4,1.000000,0|1|2|3|5|6|7|8|9,0|0|0|0|0|0|0|0|0,40,70848,"(18,23,1.0000,1.0000,1.0000)|(5,19,1.0000,1.0000,1.0000)|(10,14,1.0000,1.0000,1.0000)|(15,16,1.0000,1.0000,1.0000)|(16,22,0.0000,0.0000,0.2561)|(18,22,0.0000,0.0000,0.4757)|(17,18,1.0000,1.0000,1.0000)|(5,21,1.0000,1.0000,1.0000)|(5,19,1.0000,1.0000,1.0000)",4|4|4|4|4|4|4|4|4,1.000000|1.000000|1.000000|1.000000|1.000000|1.000000|1.000000|1.000000|1.000000,192,40,0.5,0.9,0.9,32,0.1,1337,cuda,fastprior
984,7,7,1.000000,0|1|2|3|4|5|6|8|9,0|0|0|0|0|0|0|0|0,40,70848,"(19,5,1.0000,1.0000,1.0000)|(15,12,1.0000,1.0000,1.0000)|(4,9,1.0000,1.0000,1.0000)|(18,4,1.0000,1.0000,1.0000)|(12,5,1.0000,1.0000,0.9990)|(12,5,1.0000,1.0000,1.0000)|(12,5,1.0000,1.0000,1.0000)|(12,5,1.0000,1.0000,1.0000)|(12,5,1.0000,1.0000,1.0000)",7|7|7|7|7|7|7|7|7,1.000000|1.000000|1.000000|1.000000|1.000000|1.000000|1.000000|1.000000|1.000000,192,40,0.5,0.9,0.9,32,0.1,1337,cuda,fastprior
985,8,8,1.000000,0|1|2|3|4|5|6|7|9,0|0|0|0|0|0|0|0|0,40,70848,"(2,29,1.0000,1.0000,1.0000)|(21,25,1.0000,0.9989,1.0000)|(23,21,1.0000,1.0000,1.0000)|(10,10,0.9975,0.9996,1.0000)|(17,24,1.0000,1.0000,0.9995)|(17,25,1.0000,1.0000,0.9995)|(17,25,0.9977,1.0000,1.0000)|(17,24,0.9997,0.9993,1.0000)|(13,5,1.0000,1.0000,0.9925)",8|8|8|8|8|8|8|8|8,1.000000|0.999512|0.986816|1.000000|0.881836|0.957520|0.958008|0.881348|0.999023,192,40,0.5,0.9,0.9,32,0.1,1337,cuda,fastprior
986,3,3,1.000000,0|1|2|4|5|6|7|8|9,0|0|0|0|0|0|0|0|0,40,70848,"(2,18,0.0000,0.0000,1.0000)|(11,24,0.0000,0.0000,0.7247)|(13,18,0.0000,0.0000,0.7769)|(11,24,0.0000,0.0000,0.9810)|(11,24,0.0000,0.0000,1.0000)|(18,17,0.3365,0.0000,0.4411)|(14,20,0.0000,0.0000,1.0000)|(14,15,0.0932,0.0000,0.4748)|(13,18,0.0000,0.0000,0.8538)",3|3|3|3|3|3|3|3|3,1.000000|0.952148|1.000000|0.946777|0.946289|1.000000|1.000000|1.000000|1.000000,192,40,0.5,0.9,0.9,32,0.1,1337,cuda,fastprior
987,1,1,1.000000,0|2|3|4|5|6|7|8|9,0|0|0|0|0|0|0|0|0,40,70848,"(3,13,1.0000,1.0000,1.0000)|(5,6,0.9838,0.8536,0.7289)|(2,13,1.0000,1.0000,1.0000)|(3,12,0.0000,0.0000,0.8711)|(2,12,0.0000,0.0000,0.4688)|(23,16,0.8915,1.0000,0.9820)|(1,15,1.0000,1.0000,1.0000)|(6,26,0.3778,0.0673,0.0512)|(4,15,1.0000,1.0000,1.0000)",1|1|1|1|1|1|1|1|1,1.000000|1.000000|1.000000|1.000000|1.000000|1.000000|1.000000|1.000000|1.000000,192,40,0.5,0.9,0.9,32,0.1,1337,cuda,fastprior
988,2,2,0.984375,0|1|3|4|5|6|7|8|9,0|0|0|0|0|0|0|0|0,40,70848,"(15,11,0.0000,0.0000,0.0809)|(23,8,0.0000,0.0000,0.0000)|(15,11,1.0000,1.0000,1.0000)|(14,12,1.0000,1.0000,1.0000)|(14,12,0.0000,0.0000,0.1980)|(9,8,1.0000,0.8580,1.0000)|(15,21,1.0000,1.0000,1.0000)|(16,13,1.0000,0.0000,0.0000)|(4,7,1.0000,1.0000,0.9367)",2|2|2|2|2|2|2|2|2,0.682129|0.957520|0.472656|0.824219|0.948730|0.985840|0.976562|0.896484|0.988281,192,40,0.5,0.9,0.9,32,0.1,1337,cuda,fastprior
989,0,0,1.000000,1|2|3|4|5|6|7|8|9,0|0|0|0|0|0|0|0|0,40,70848,"(24,14,0.0000,0.0000,0.1072)|(7,18,0.0221,0.0000,0.8017)|(23,15,0.6767,0.0000,0.1326)|(21,8,0.4653,0.0000,0.0786)|(3,7,1.0000,1.0000,0.6956)|(20,6,0.6110,0.0000,0.1621)|(22,15,1.0000,0.5194,0.0000)|(23,21,0.6258,0.1563,0.1008)|(22,13,1.0000,0.3821,0.0000)",0|0|0|0|0|0|0|0|0,1.000000|0.999023|0.999512|1.000000|1.000000|1.000000|0.998535|1.000000|1.000000,192,40,0.5,0.9,0.9,32,0.1,1337,cuda,fastprior
990,1,1,1.000000,0|2|3|4|5|6|7|8|9,0|0|0|0|0|0|0|0|0,40,70848,"(6,16,0.4063,0.3186,0.3942)|(15,6,0.0077,0.3862,0.5230)|(15,4,0.2844,0.0197,0.0000)|(7,22,0.8488,0.4352,0.7330)|(4,16,0.7067,0.6150,0.8082)|(16,6,0.8988,0.1309,0.3877)|(22,14,0.0325,0.6152,0.3252)|(6,16,0.1337,0.1080,0.3074)|(12,10,1.0000,1.0000,0.6617)",1|1|1|1|1|1|1|1|1,1.000000|1.000000|1.000000|1.000000|1.000000|1.000000|1.000000|1.000000|1.000000,192,40,0.5,0.9,0.9,32,0.1,1337,cuda,fastprior
991,5,5,1.000000,0|1|2|3|4|6|7|8|9,0|0|0|0|0|0|0|0|0,40,70848,"(20,12,1.0000,1.0000,1.0000)|(14,23,1.0000,1.0000,0.5559)|(18,10,1.0000,1.0000,1.0000)|(15,18,0.0000,1.0000,1.0000)|(14,23,1.0000,1.0000,1.0000)|(14,18,1.0000,1.0000,1.0000)|(19,10,0.0000,0.7395,1.0000)|(19,11,1.0000,1.0000,1.0000)|(15,18,1.0000,1.0000,1.0000)",5|5|5|5|5|5|5|5|5,1.000000|1.000000|1.000000|0.999512|1.000000|0.999512|1.000000|1.000000|0.999023,192,40,0.5,0.9,0.9,32,0.1,1337,cuda,fastprior
992,8,8,1.000000,0|1|2|3|4|5|6|7|9,0|0|0|0|0|0|0|0|0,40,70848,"(18,6,1.0000,1.0000,1.0000)|(5,30,1.0000,1.0000,0.9717)|(5,30,1.0000,1.0000,1.0000)|(16,7,1.0000,0.9995,1.0000)|(5,30,0.9934,1.0000,1.0000)|(5,30,1.0000,1.0000,1.0000)|(5,30,1.0000,1.0000,0.9649)|(9,16,1.0000,1.0000,1.0000)|(5,30,1.0000,1.0000,0.7703)",8|8|8|8|8|8|8|8|8,1.000000|1.000000|1.000000|1.000000|1.000000|1.000000|1.000000|1.000000|1.000000,192,40,0.5,0.9,0.9,32,0.1,1337,cuda,fastprior
993,4,4,0.958008,0|1|2|3|5|6|7|8|9,0|0|0|1|0|0|0|0|0,40,70848,"(20,13,1.0000,0.8923,1.0000)|(22,8,0.0150,0.0000,0.5613)|(17,9,0.2607,0.0000,0.6016)|(14,11,0.0000,0.0000,0.0000)|(14,9,0.0000,0.0000,0.0000)|(22,14,0.0000,0.0000,0.4645)|(24,16,0.0000,1.0000,0.0000)|(14,9,0.0767,0.0188,0.6902)|(23,9,0.1232,0.0000,0.6268)",4|4|4|4|4|4|4|4|4,0.883301|0.990234|0.829102|0.942383|0.962402|0.946777|0.588379|0.981934|0.982422,192,40,0.5,0.9,0.9,32,0.1,1337,cuda,fastprior
995,3,3,1.000000,0|1|2|4|5|6|7|8|9,0|0|0|0|0|0|0|0|0,40,70848,"(7,11,1.0000,0.8569,1.0000)|(7,12,0.9486,0.7485,1.0000)|(9,12,1.0000,0.5766,1.0000)|(7,11,0.9968,1.0000,1.0000)|(26,6,0.0000,0.0000,0.1707)|(7,11,1.0000,0.7867,0.9726)|(24,8,1.0000,0.8466,1.0000)|(23,20,0.9086,0.7958,1.0000)|(22,11,1.0000,0.8637,1.0000)",3|3|3|3|3|3|3|3|3,0.940918|0.966309|0.979004|0.952148|0.817383|0.941406|0.999023|1.000000|0.999512,192,40,0.5,0.9,0.9,32,0.1,1337,cuda,fastprior
996,8,8,0.999512,0|1|2|3|4|5|6|7|9,0|0|0|0|0|0|0|0|0,40,70848,"(11,5,0.0000,0.0000,0.2467)|(16,25,0.1783,0.0000,0.0000)|(12,23,0.0000,0.0000,0.9945)|(11,6,0.1682,0.0003,0.0000)|(12,23,0.0000,0.0000,0.0814)|(14,24,0.0000,0.0000,0.6528)|(10,3,0.0000,0.0000,1.0000)|(6,26,0.0000,0.0000,0.0920)|(11,4,0.0000,0.0000,0.5990)",8|8|8|8|8|8|8|8|8,0.869629|0.999512|1.000000|0.971191|1.000000|0.999512|0.919434|0.999512|0.891113,192,40,0.5,0.9,0.9,32,0.1,1337,cuda,fastprior
997,1,1,0.724609,0|2|3|4|5|6|7|8|9,0|0|0|0|0|0|0|0|0,40,70848,"(12,15,0.9911,0.9485,0.7169)|(15,15,0.0000,1.0000,0.0000)|(18,16,0.3717,0.0000,0.0600)|(17,14,0.6219,0.6553,0.7809)|(17,14,0.4652,0.9539,1.0000)|(17,14,0.6928,0.9861,0.8687)|(21,19,0.0000,1.0000,0.8719)|(16,13,0.9719,0.4820,0.6242)|(1,6,0.0000,0.9237,0.0000)",1|1|1|1|1|1|1|1|1,0.880371|0.912109|0.539062|0.677246|0.663574|0.669434|0.534668|0.907227|0.772949,192,40,0.5,0.9,0.9,32,0.1,1337,cuda,fastprior
998,3,3,1.000000,0|1|2|4|5|6|7|8|9,0|0|0|0|0|0|0|0|0,40,70848,"(15,7,1.0000,0.9372,1.0000)|(20,8,1.0000,0.9209,1.0000)|(15,7,1.0000,0.8183,1.0000)|(15,7,1.0000,0.8678,1.0000)|(19,4,0.0226,0.0000,0.0617)|(15,7,1.0000,0.9480,1.0000)|(20,8,1.0000,1.0000,1.0000)|(15,7,1.0000,0.9365,1.0000)|(15,3,1.0000,0.8923,1.0000)",3|3|3|3|3|3|3|3|3,0.999512|1.000000|0.999512|0.999512|1.000000|0.999512|1.000000|0.999512|1.000000,192,40,0.5,0.9,0.9,32,0.1,1337,cuda,fastprior
999,8,8,1.000000,0|1|2|3|4|5|6|7|9,0|0|0|0|0|0|0|0|0,40,70848,"(15,27,1.0000,1.0000,1.0000)|(18,12,1.0000,0.9780,0.7501)|(19,12,0.0000,0.0000,1.0000)|(15,27,1.0000,1.0000,0.6646)|(9,26,0.9854,0.9957,1.0000)|(5,24,0.0000,0.0088,0.9486)|(1,9,0.0000,0.0000,1.0000)|(14,10,0.3098,0.0000,0.9762)|(19,12,0.0000,0.0205,1.0000)",8|8|8|8|8|8|8|8|8,1.000000|1.000000|1.000000|1.000000|1.000000|1.000000|1.000000|1.000000|1.000000,192,40,0.5,0.9,0.9,32,0.1,1337,cuda,fastprior
