image_id,ds_idx,true_label,pred_before,conf_before,mode,target_label,success,adv_label,adv_conf,gens_used,queries,x,y,r,g,b,pop_size,F,Cr,max_gens,es_target,es_nonadv,seed,commit,device
0,0,3,3,1.000000,untargeted,,0,3,0.999945,100,40400,12,17,0.000163,0.000000,0.671326,400,0.5,0.9,100,0.9,0.05,1337,11c8d7a,cuda
1,1,8,8,0.999995,untargeted,,0,8,0.980156,100,40400,9,22,1.000000,1.000000,1.000000,400,0.5,0.9,100,0.9,0.05,1337,11c8d7a,cuda
2,2,8,8,0.924630,untargeted,,1,1,0.951010,18,7600,11,27,1.000000,0.000000,0.000000,400,0.5,0.9,100,0.9,0.05,1337,11c8d7a,cuda
3,4,6,6,0.999998,untargeted,,0,6,0.997799,100,40400,20,19,0.000000,0.000000,0.986525,400,0.5,0.9,100,0.9,0.05,1337,11c8d7a,cuda
4,5,6,6,0.999998,untargeted,,0,6,0.969140,100,40400,14,14,0.000029,0.004548,0.754207,400,0.5,0.9,100,0.9,0.05,1337,11c8d7a,cuda
5,6,1,1,0.902705,untargeted,,1,9,0.799800,100,40400,26,20,0.229659,0.077672,0.000039,400,0.5,0.9,100,0.9,0.05,1337,11c8d7a,cuda
6,7,6,6,0.999172,untargeted,,1,2,0.952700,0,400,19,12,1.000000,1.000000,1.000000,400,0.5,0.9,100,0.9,0.05,1337,11c8d7a,cuda
7,8,3,3,0.999905,untargeted,,1,5,0.969773,8,3600,15,9,0.000000,0.227370,1.000000,400,0.5,0.9,100,0.9,0.05,1337,11c8d7a,cuda
8,9,1,1,0.999316,untargeted,,0,1,0.968532,100,40400,16,12,0.999548,0.999831,1.000000,400,0.5,0.9,100,0.9,0.05,1337,11c8d7a,cuda
9,10,0,0,0.999997,untargeted,,0,0,0.930285,100,40400,25,5,0.000000,0.000000,0.998418,400,0.5,0.9,100,0.9,0.05,1337,11c8d7a,cuda
10,11,9,9,1.000000,untargeted,,0,9,1.000000,100,40400,7,22,1.000000,1.000000,1.000000,400,0.5,0.9,100,0.9,0.05,1337,11c8d7a,cuda
11,12,5,5,0.998657,untargeted,,0,5,0.747787,100,40400,11,13,0.763608,1.000000,0.594278,400,0.5,0.9,100,0.9,0.05,1337,11c8d7a,cuda
12,13,7,7,0.999997,untargeted,,0,7,0.998994,100,40400,18,23,0.999764,0.950657,0.469444,400,0.5,0.9,100,0.9,0.05,1337,11c8d7a,cuda
13,14,9,9,0.999956,untargeted,,0,9,0.996450,100,40400,24,7,0.999645,1.000000,0.998867,400,0.5,0.9,100,0.9,0.05,1337,11c8d7a,cuda
14,16,5,5,0.999980,untargeted,,0,5,0.840496,100,40400,12,8,0.000337,1.000000,1.000000,400,0.5,0.9,100,0.9,0.05,1337,11c8d7a,cuda
15,17,7,7,0.999994,untargeted,,0,7,0.957045,100,40400,14,15,0.997286,1.000000,1.000000,400,0.5,0.9,100,0.9,0.05,1337,11c8d7a,cuda
16,18,8,8,0.999962,untargeted,,0,8,0.789600,100,40400,15,26,0.999017,0.999650,1.000000,400,0.5,0.9,100,0.9,0.05,1337,11c8d7a,cuda
17,19,6,6,1.000000,untargeted,,0,6,0.999887,100,40400,12,17,0.000373,0.000180,0.690830,400,0.5,0.9,100,0.9,0.05,1337,11c8d7a,cuda
18,20,7,7,0.624906,untargeted,,1,5,0.971736,0,400,19,9,1.000000,0.144205,1.000000,400,0.5,0.9,100,0.9,0.05,1337,11c8d7a,cuda
19,21,0,0,0.999595,untargeted,,0,0,0.573743,100,40400,22,8,0.999595,1.000000,1.000000,400,0.5,0.9,100,0.9,0.05,1337,11c8d7a,cuda
20,22,4,4,0.976834,untargeted,,1,0,0.982785,0,400,20,15,1.000000,1.000000,0.000000,400,0.5,0.9,100,0.9,0.05,1337,11c8d7a,cuda
21,23,9,9,1.000000,untargeted,,0,9,0.999999,100,40400,2,12,0.993388,1.000000,0.000000,400,0.5,0.9,100,0.9,0.05,1337,11c8d7a,cuda
22,24,5,5,0.994192,untargeted,,1,4,0.614898,100,40400,11,11,0.000447,1.000000,0.000214,400,0.5,0.9,100,0.9,0.05,1337,11c8d7a,cuda
23,25,2,2,0.895701,untargeted,,1,3,0.946454,7,3200,24,20,0.872518,0.773082,0.718149,400,0.5,0.9,100,0.9,0.05,1337,11c8d7a,cuda
24,26,4,4,0.999963,untargeted,,1,3,0.951274,5,2400,15,20,1.000000,0.898247,0.934067,400,0.5,0.9,100,0.9,0.05,1337,11c8d7a,cuda
25,27,0,0,1.000000,untargeted,,0,0,0.999875,100,40400,18,5,0.000000,0.000000,1.000000,400,0.5,0.9,100,0.9,0.05,1337,11c8d7a,cuda
26,28,9,9,0.999638,untargeted,,1,1,0.902190,100,40400,15,14,1.000000,0.863340,0.540179,400,0.5,0.9,100,0.9,0.05,1337,11c8d7a,cuda
27,29,6,6,0.995021,untargeted,,0,6,0.744511,100,40400,20,21,0.997296,0.999205,1.000000,400,0.5,0.9,100,0.9,0.05,1337,11c8d7a,cuda
28,30,6,6,0.997374,untargeted,,1,3,0.985502,0,400,13,16,0.000000,1.000000,1.000000,400,0.5,0.9,100,0.9,0.05,1337,11c8d7a,cuda
29,31,5,5,1.000000,untargeted,,1,3,0.863926,100,40400,17,11,0.000000,0.350171,0.002027,400,0.5,0.9,100,0.9,0.05,1337,11c8d7a,cuda
30,32,4,4,0.999955,untargeted,,1,5,0.794442,100,40400,16,15,0.000759,0.000000,0.162676,400,0.5,0.9,100,0.9,0.05,1337,11c8d7a,cuda
31,33,5,5,0.997114,untargeted,,1,2,0.675375,100,40400,24,8,1.000000,0.999489,1.000000,400,0.5,0.9,100,0.9,0.05,1337,11c8d7a,cuda
32,34,9,9,1.000000,untargeted,,0,9,0.999973,100,40400,9,16,1.000000,1.000000,0.998641,400,0.5,0.9,100,0.9,0.05,1337,11c8d7a,cuda
33,35,2,2,0.973629,untargeted,,1,3,0.986450,3,1600,16,10,1.000000,1.000000,0.814570,400,0.5,0.9,100,0.9,0.05,1337,11c8d7a,cuda
34,36,4,4,0.979074,untargeted,,1,5,0.935134,100,40400,19,16,0.000578,0.000026,0.284865,400,0.5,0.9,100,0.9,0.05,1337,11c8d7a,cuda
35,37,1,1,0.701992,untargeted,,1,9,0.971247,0,400,15,21,0.841101,0.124738,0.000000,400,0.5,0.9,100,0.9,0.05,1337,11c8d7a,cuda
36,38,9,9,0.999964,untargeted,,0,9,0.999347,100,40400,12,28,0.000000,0.000000,0.741766,400,0.5,0.9,100,0.9,0.05,1337,11c8d7a,cuda
37,39,5,5,1.000000,untargeted,,0,5,0.886619,100,40400,21,13,0.000274,0.000184,1.000000,400,0.5,0.9,100,0.9,0.05,1337,11c8d7a,cuda
38,40,4,4,0.999834,untargeted,,0,4,0.678204,100,40400,17,10,0.000362,0.000019,0.111882,400,0.5,0.9,100,0.9,0.05,1337,11c8d7a,cuda
39,41,6,6,0.999998,untargeted,,0,6,0.997434,100,40400,18,13,0.999180,1.000000,1.000000,400,0.5,0.9,100,0.9,0.05,1337,11c8d7a,cuda
40,42,5,5,0.999742,untargeted,,0,5,0.398043,100,40400,21,16,0.881427,0.999915,0.631925,400,0.5,0.9,100,0.9,0.05,1337,11c8d7a,cuda
41,43,6,6,0.999999,untargeted,,0,6,0.995073,100,40400,17,10,0.998663,1.000000,0.999397,400,0.5,0.9,100,0.9,0.05,1337,11c8d7a,cuda
42,44,0,0,1.000000,untargeted,,0,0,0.999996,100,40400,29,21,0.009429,0.000000,0.293887,400,0.5,0.9,100,0.9,0.05,1337,11c8d7a,cuda
43,45,9,9,0.999995,untargeted,,0,9,0.999933,100,40400,7,18,1.000000,0.000000,0.000000,400,0.5,0.9,100,0.9,0.05,1337,11c8d7a,cuda
44,46,3,3,0.998103,untargeted,,1,2,0.634455,100,40400,13,1,0.996790,0.725466,0.999322,400,0.5,0.9,100,0.9,0.05,1337,11c8d7a,cuda
45,47,9,9,0.443281,untargeted,,1,0,0.713165,0,400,6,16,0.000000,0.000000,0.991392,400,0.5,0.9,100,0.9,0.05,1337,11c8d7a,cuda
46,48,7,7,0.999805,untargeted,,0,7,0.975298,100,40400,9,7,0.521083,0.000000,0.245889,400,0.5,0.9,100,0.9,0.05,1337,11c8d7a,cuda
47,49,6,6,0.999349,untargeted,,1,2,0.954532,19,8000,17,6,0.000000,0.000000,0.962509,400,0.5,0.9,100,0.9,0.05,1337,11c8d7a,cuda
48,50,9,9,0.999798,untargeted,,0,9,0.967409,100,40400,23,20,0.999236,1.000000,1.000000,400,0.5,0.9,100,0.9,0.05,1337,11c8d7a,cuda
49,51,8,8,0.999995,untargeted,,0,8,0.972218,100,40400,14,27,0.850619,1.000000,0.905052,400,0.5,0.9,100,0.9,0.05,1337,11c8d7a,cuda
50,53,3,3,0.995518,untargeted,,1,5,0.977042,6,2800,14,11,1.000000,1.000000,1.000000,400,0.5,0.9,100,0.9,0.05,1337,11c8d7a,cuda
51,54,8,8,0.999917,untargeted,,1,0,0.739008,100,40400,15,23,1.000000,0.999733,0.999107,400,0.5,0.9,100,0.9,0.05,1337,11c8d7a,cuda
52,55,8,8,1.000000,untargeted,,0,8,0.977177,100,40400,10,9,0.000000,0.000000,0.987162,400,0.5,0.9,100,0.9,0.05,1337,11c8d7a,cuda
53,56,7,7,0.999991,untargeted,,0,7,0.978816,100,40400,13,14,0.001511,0.000000,0.551699,400,0.5,0.9,100,0.9,0.05,1337,11c8d7a,cuda
54,58,4,4,0.540406,untargeted,,1,3,0.887271,0,400,12,16,0.388330,0.000000,0.167515,400,0.5,0.9,100,0.9,0.05,1337,11c8d7a,cuda
55,60,7,7,0.999778,untargeted,,0,7,0.857334,100,40400,22,8,0.000332,0.000078,0.619382,400,0.5,0.9,100,0.9,0.05,1337,11c8d7a,cuda
56,62,6,6,0.999950,untargeted,,1,3,0.991915,0,400,19,9,0.254738,1.000000,1.000000,400,0.5,0.9,100,0.9,0.05,1337,11c8d7a,cuda
57,63,3,3,0.955767,untargeted,,1,1,0.939112,14,6000,13,14,1.000000,0.959299,1.000000,400,0.5,0.9,100,0.9,0.05,1337,11c8d7a,cuda
58,64,6,6,0.999982,untargeted,,1,2,0.934442,100,40400,13,10,0.999289,1.000000,1.000000,400,0.5,0.9,100,0.9,0.05,1337,11c8d7a,cuda
59,65,2,2,1.000000,untargeted,,0,2,0.999812,100,40400,15,11,0.000000,0.000000,0.440122,400,0.5,0.9,100,0.9,0.05,1337,11c8d7a,cuda
60,66,1,1,0.999268,untargeted,,0,1,0.980228,100,40400,17,22,0.998557,1.000000,0.671047,400,0.5,0.9,100,0.9,0.05,1337,11c8d7a,cuda
61,67,2,2,0.999307,untargeted,,0,2,0.903223,100,40400,13,8,1.000000,0.000615,0.000000,400,0.5,0.9,100,0.9,0.05,1337,11c8d7a,cuda
62,68,3,3,0.944751,untargeted,,1,5,0.980352,0,400,13,20,0.000000,0.000000,0.163967,400,0.5,0.9,100,0.9,0.05,1337,11c8d7a,cuda
63,69,7,7,0.857400,untargeted,,1,4,0.880132,100,40400,19,2,0.930835,1.000000,0.951612,400,0.5,0.9,100,0.9,0.05,1337,11c8d7a,cuda
64,70,2,2,0.788653,untargeted,,1,3,0.881995,0,400,22,20,1.000000,1.000000,0.394110,400,0.5,0.9,100,0.9,0.05,1337,11c8d7a,cuda
65,71,6,6,0.999607,untargeted,,1,3,0.953824,10,4400,20,14,0.889779,0.953229,1.000000,400,0.5,0.9,100,0.9,0.05,1337,11c8d7a,cuda
66,72,8,8,0.999930,untargeted,,1,0,0.991603,0,400,17,25,0.000000,0.043061,0.421908,400,0.5,0.9,100,0.9,0.05,1337,11c8d7a,cuda
67,73,8,8,0.999639,untargeted,,1,0,0.960492,4,2000,20,26,1.000000,1.000000,1.000000,400,0.5,0.9,100,0.9,0.05,1337,11c8d7a,cuda
68,74,0,0,0.887959,untargeted,,1,9,0.981742,13,5600,14,26,1.000000,0.969754,0.099567,400,0.5,0.9,100,0.9,0.05,1337,11c8d7a,cuda
69,75,2,2,0.999998,untargeted,,0,2,0.999516,100,40400,16,5,0.000076,0.000000,0.486873,400,0.5,0.9,100,0.9,0.05,1337,11c8d7a,cuda
70,76,9,9,0.999992,untargeted,,0,9,0.952275,100,40400,13,29,0.000000,0.000000,0.998245,400,0.5,0.9,100,0.9,0.05,1337,11c8d7a,cuda
71,77,3,3,1.000000,untargeted,,0,3,0.999352,100,40400,12,15,0.000000,0.000000,0.998247,400,0.5,0.9,100,0.9,0.05,1337,11c8d7a,cuda
72,79,8,8,0.999987,untargeted,,1,0,0.830812,100,40400,18,24,1.000000,1.000000,1.000000,400,0.5,0.9,100,0.9,0.05,1337,11c8d7a,cuda
73,80,8,8,1.000000,untargeted,,0,8,0.947828,100,40400,17,14,1.000000,1.000000,0.998842,400,0.5,0.9,100,0.9,0.05,1337,11c8d7a,cuda
74,81,1,1,0.974264,untargeted,,1,9,0.952300,9,4000,14,23,0.031729,0.962295,1.000000,400,0.5,0.9,100,0.9,0.05,1337,11c8d7a,cuda
75,82,1,1,0.999991,untargeted,,0,1,0.996899,100,40400,19,9,0.000000,0.000220,1.000000,400,0.5,0.9,100,0.9,0.05,1337,11c8d7a,cuda
76,83,7,7,1.000000,untargeted,,0,7,0.998903,100,40400,6,11,0.000352,0.000000,0.861546,400,0.5,0.9,100,0.9,0.05,1337,11c8d7a,cuda
77,84,2,2,0.985258,untargeted,,1,5,0.995797,0,400,9,8,0.404681,0.000000,0.507859,400,0.5,0.9,100,0.9,0.05,1337,11c8d7a,cuda
78,85,5,5,0.999958,untargeted,,1,7,0.788029,100,40400,15,14,0.927614,1.000000,0.143648,400,0.5,0.9,100,0.9,0.05,1337,11c8d7a,cuda
79,86,2,2,0.998300,untargeted,,1,0,0.857548,100,40400,11,14,0.999503,1.000000,1.000000,400,0.5,0.9,100,0.9,0.05,1337,11c8d7a,cuda
80,88,8,8,0.999997,untargeted,,0,8,0.998285,100,40400,21,30,0.997557,0.999726,0.999348,400,0.5,0.9,100,0.9,0.05,1337,11c8d7a,cuda
81,89,9,9,0.999986,untargeted,,0,9,0.998648,100,40400,23,29,0.549795,0.000146,0.000000,400,0.5,0.9,100,0.9,0.05,1337,11c8d7a,cuda
82,90,0,0,0.999996,untargeted,,0,0,0.997033,100,40400,20,21,1.000000,0.484100,0.000000,400,0.5,0.9,100,0.9,0.05,1337,11c8d7a,cuda
83,91,3,3,0.999998,untargeted,,0,3,0.998133,100,40400,17,17,0.999833,0.460106,0.999439,400,0.5,0.9,100,0.9,0.05,1337,11c8d7a,cuda
84,92,8,8,1.000000,untargeted,,0,8,0.999665,100,40400,14,30,1.000000,0.999298,1.000000,400,0.5,0.9,100,0.9,0.05,1337,11c8d7a,cuda
85,93,6,6,1.000000,untargeted,,0,6,0.999820,100,40400,17,1,0.000000,0.000000,0.990087,400,0.5,0.9,100,0.9,0.05,1337,11c8d7a,cuda
86,94,4,4,0.999982,untargeted,,0,4,0.632594,100,40400,17,11,1.000000,1.000000,1.000000,400,0.5,0.9,100,0.9,0.05,1337,11c8d7a,cuda
87,95,6,6,0.663218,untargeted,,1,3,0.963297,16,6800,17,16,0.000000,0.000000,0.146444,400,0.5,0.9,100,0.9,0.05,1337,11c8d7a,cuda
88,96,6,6,0.998855,untargeted,,1,4,0.590303,100,40400,9,12,0.000191,0.000062,0.528258,400,0.5,0.9,100,0.9,0.05,1337,11c8d7a,cuda
89,97,0,0,0.919351,untargeted,,1,2,0.967784,0,400,13,10,0.850079,0.000000,0.000000,400,0.5,0.9,100,0.9,0.05,1337,11c8d7a,cuda
90,98,0,0,0.999970,untargeted,,0,0,0.997684,100,40400,4,11,0.000304,0.000122,0.997641,400,0.5,0.9,100,0.9,0.05,1337,11c8d7a,cuda
91,99,7,7,1.000000,untargeted,,0,7,0.987136,100,40400,12,8,0.000000,0.000000,0.525734,400,0.5,0.9,100,0.9,0.05,1337,11c8d7a,cuda
92,100,4,4,0.999995,untargeted,,0,4,0.960370,100,40400,14,14,0.000000,0.000000,0.557915,400,0.5,0.9,100,0.9,0.05,1337,11c8d7a,cuda
93,101,5,5,0.885693,untargeted,,1,4,0.948637,8,3600,16,13,0.793733,0.000000,0.000000,400,0.5,0.9,100,0.9,0.05,1337,11c8d7a,cuda
94,102,6,6,1.000000,untargeted,,0,6,0.997277,100,40400,11,15,0.000000,0.000000,0.009164,400,0.5,0.9,100,0.9,0.05,1337,11c8d7a,cuda
95,103,3,3,0.999999,untargeted,,0,3,0.997933,100,40400,6,12,0.001699,0.000000,0.164485,400,0.5,0.9,100,0.9,0.05,1337,11c8d7a,cuda
96,104,1,1,0.999978,untargeted,,0,1,0.998867,100,40400,11,5,1.000000,0.939523,1.000000,400,0.5,0.9,100,0.9,0.05,1337,11c8d7a,cuda
97,105,1,1,0.999847,untargeted,,0,1,0.990405,100,40400,16,5,0.616818,0.000000,0.000080,400,0.5,0.9,100,0.9,0.05,1337,11c8d7a,cuda
98,106,3,3,0.997177,untargeted,,1,2,0.771880,100,40400,8,1,1.000000,0.966125,1.000000,400,0.5,0.9,100,0.9,0.05,1337,11c8d7a,cuda
99,107,6,6,1.000000,untargeted,,0,6,0.999991,100,40400,7,14,0.965420,1.000000,1.000000,400,0.5,0.9,100,0.9,0.05,1337,11c8d7a,cuda
100,108,8,8,0.998887,untargeted,,0,8,0.912395,100,40400,21,15,0.001346,0.000914,0.995284,400,0.5,0.9,100,0.9,0.05,1337,11c8d7a,cuda
101,109,7,7,1.000000,untargeted,,0,7,0.976300,100,40400,18,16,0.000319,0.000000,1.000000,400,0.5,0.9,100,0.9,0.05,1337,11c8d7a,cuda
102,110,4,4,0.999795,untargeted,,1,5,0.733521,100,40400,23,12,0.255399,0.017454,0.095106,400,0.5,0.9,100,0.9,0.05,1337,11c8d7a,cuda
103,111,0,0,0.999937,untargeted,,0,0,0.810971,100,40400,10,13,1.000000,1.000000,1.000000,400,0.5,0.9,100,0.9,0.05,1337,11c8d7a,cuda
104,112,6,6,0.999765,untargeted,,0,6,0.827236,100,40400,24,2,0.000000,0.000000,0.998268,400,0.5,0.9,100,0.9,0.05,1337,11c8d7a,cuda
105,113,2,2,0.999974,untargeted,,0,2,0.977125,100,40400,16,12,0.000713,0.131603,0.000326,400,0.5,0.9,100,0.9,0.05,1337,11c8d7a,cuda
106,114,1,1,0.998822,untargeted,,0,1,0.947439,100,40400,19,15,0.000058,0.000000,0.482387,400,0.5,0.9,100,0.9,0.05,1337,11c8d7a,cuda
107,115,3,3,0.999940,untargeted,,0,3,0.530002,100,40400,15,15,1.000000,0.006762,0.134647,400,0.5,0.9,100,0.9,0.05,1337,11c8d7a,cuda
108,116,0,0,0.999998,untargeted,,0,0,0.999158,100,40400,13,17,0.999772,0.999806,0.746749,400,0.5,0.9,100,0.9,0.05,1337,11c8d7a,cuda
109,117,4,4,0.999942,untargeted,,0,4,0.967459,100,40400,7,16,0.815287,0.998632,1.000000,400,0.5,0.9,100,0.9,0.05,1337,11c8d7a,cuda
110,119,7,7,0.993060,untargeted,,0,7,0.687516,100,40400,26,7,0.999974,0.999731,0.800592,400,0.5,0.9,100,0.9,0.05,1337,11c8d7a,cuda
111,120,8,8,0.999997,untargeted,,1,0,0.913808,100,40400,7,14,0.000000,0.000512,0.999407,400,0.5,0.9,100,0.9,0.05,1337,11c8d7a,cuda
112,121,3,3,0.983715,untargeted,,1,0,0.938206,100,40400,6,13,0.437637,0.460645,0.999702,400,0.5,0.9,100,0.9,0.05,1337,11c8d7a,cuda
113,122,1,1,0.998779,untargeted,,0,1,0.821693,100,40400,12,25,1.000000,0.683459,0.779423,400,0.5,0.9,100,0.9,0.05,1337,11c8d7a,cuda
114,123,2,2,0.999999,untargeted,,0,2,0.999583,100,40400,18,3,1.000000,0.997623,0.999222,400,0.5,0.9,100,0.9,0.05,1337,11c8d7a,cuda
115,124,8,8,0.999974,untargeted,,1,0,0.958941,14,6000,15,16,1.000000,1.000000,1.000000,400,0.5,0.9,100,0.9,0.05,1337,11c8d7a,cuda
116,126,8,8,1.000000,untargeted,,0,8,0.874417,100,40400,21,17,0.000000,0.000000,0.999506,400,0.5,0.9,100,0.9,0.05,1337,11c8d7a,cuda
117,127,3,3,0.999778,untargeted,,0,3,0.734982,100,40400,16,8,0.000071,0.001746,0.842633,400,0.5,0.9,100,0.9,0.05,1337,11c8d7a,cuda
118,129,2,2,0.999977,untargeted,,0,2,0.619632,100,40400,11,18,0.000000,0.000000,0.986166,400,0.5,0.9,100,0.9,0.05,1337,11c8d7a,cuda
119,130,4,4,0.999995,untargeted,,0,4,0.812461,100,40400,15,15,0.081339,0.000000,0.000227,400,0.5,0.9,100,0.9,0.05,1337,11c8d7a,cuda
120,131,1,1,0.999994,untargeted,,0,1,0.999694,100,40400,17,3,0.000286,0.000000,0.994179,400,0.5,0.9,100,0.9,0.05,1337,11c8d7a,cuda
121,132,8,8,0.999999,untargeted,,0,8,0.888324,100,40400,21,21,1.000000,1.000000,0.726095,400,0.5,0.9,100,0.9,0.05,1337,11c8d7a,cuda
122,133,9,9,0.999993,untargeted,,0,9,0.999801,100,40400,21,10,0.000000,0.000000,0.012587,400,0.5,0.9,100,0.9,0.05,1337,11c8d7a,cuda
123,134,1,1,0.996435,untargeted,,0,1,0.647590,100,40400,11,21,0.665078,0.000330,0.000000,400,0.5,0.9,100,0.9,0.05,1337,11c8d7a,cuda
124,135,2,2,1.000000,untargeted,,0,2,0.998052,100,40400,24,15,0.000310,0.115971,0.000000,400,0.5,0.9,100,0.9,0.05,1337,11c8d7a,cuda
125,136,9,9,1.000000,untargeted,,0,9,0.999989,100,40400,16,5,0.000000,0.000000,1.000000,400,0.5,0.9,100,0.9,0.05,1337,11c8d7a,cuda
126,137,7,7,0.999715,untargeted,,0,7,0.900089,100,40400,10,8,0.000996,0.000059,0.204870,400,0.5,0.9,100,0.9,0.05,1337,11c8d7a,cuda
127,138,2,2,0.999988,untargeted,,0,2,0.752058,100,40400,16,13,0.000131,0.000000,0.542239,400,0.5,0.9,100,0.9,0.05,1337,11c8d7a,cuda
128,139,9,9,0.798339,untargeted,,1,1,0.887162,100,40400,20,21,0.998447,1.000000,1.000000,400,0.5,0.9,100,0.9,0.05,1337,11c8d7a,cuda
129,140,6,6,0.999765,untargeted,,1,3,0.598690,100,40400,17,13,0.000056,0.000000,0.563742,400,0.5,0.9,100,0.9,0.05,1337,11c8d7a,cuda
130,141,5,5,0.996666,untargeted,,1,2,0.579671,100,40400,10,31,0.999562,0.755694,0.998585,400,0.5,0.9,100,0.9,0.05,1337,11c8d7a,cuda
131,142,6,6,0.999998,untargeted,,0,6,0.995315,100,40400,18,4,0.000000,0.000458,1.000000,400,0.5,0.9,100,0.9,0.05,1337,11c8d7a,cuda
132,143,3,3,0.572052,untargeted,,1,5,0.975618,0,400,14,1,0.681392,0.501195,1.000000,400,0.5,0.9,100,0.9,0.05,1337,11c8d7a,cuda
133,144,8,8,0.999997,untargeted,,0,8,0.997107,100,40400,13,22,1.000000,1.000000,0.997976,400,0.5,0.9,100,0.9,0.05,1337,11c8d7a,cuda
134,145,7,7,0.978856,untargeted,,1,2,0.983861,0,400,15,10,0.720642,0.000000,0.000000,400,0.5,0.9,100,0.9,0.05,1337,11c8d7a,cuda
135,146,6,6,0.999997,untargeted,,0,6,0.996684,100,40400,20,15,0.998745,1.000000,1.000000,400,0.5,0.9,100,0.9,0.05,1337,11c8d7a,cuda
136,148,5,5,0.996045,untargeted,,1,3,0.936139,21,8800,10,6,0.740951,0.000000,0.008816,400,0.5,0.9,100,0.9,0.05,1337,11c8d7a,cuda
137,149,2,2,0.999970,untargeted,,0,2,0.836844,100,40400,8,12,0.000212,0.000000,0.781371,400,0.5,0.9,100,0.9,0.05,1337,11c8d7a,cuda
138,150,8,8,0.995967,untargeted,,1,0,0.957316,0,400,19,22,0.306053,1.000000,1.000000,400,0.5,0.9,100,0.9,0.05,1337,11c8d7a,cuda
139,151,9,9,0.981672,untargeted,,1,1,0.819211,100,40400,10,13,0.000212,0.000099,0.133394,400,0.5,0.9,100,0.9,0.05,1337,11c8d7a,cuda
140,152,6,6,0.999931,untargeted,,1,3,0.677696,100,40400,11,14,1.000000,0.999096,1.000000,400,0.5,0.9,100,0.9,0.05,1337,11c8d7a,cuda
141,153,0,0,0.999998,untargeted,,0,0,0.999785,100,40400,12,6,0.000007,0.011130,0.999180,400,0.5,0.9,100,0.9,0.05,1337,11c8d7a,cuda
142,154,0,0,0.999996,untargeted,,0,0,0.838126,100,40400,21,12,0.330423,1.000000,0.651371,400,0.5,0.9,100,0.9,0.05,1337,11c8d7a,cuda
143,155,5,5,0.999974,untargeted,,0,5,0.838887,100,40400,17,11,0.477356,1.000000,1.000000,400,0.5,0.9,100,0.9,0.05,1337,11c8d7a,cuda
144,156,2,2,0.999697,untargeted,,0,2,0.929145,100,40400,19,11,0.812447,0.000000,0.925268,400,0.5,0.9,100,0.9,0.05,1337,11c8d7a,cuda
145,157,9,9,0.999177,untargeted,,0,9,0.970870,100,40400,15,3,0.335837,0.000000,0.000000,400,0.5,0.9,100,0.9,0.05,1337,11c8d7a,cuda
146,159,4,4,0.999998,untargeted,,0,4,0.999939,100,40400,20,16,0.000000,0.999852,1.000000,400,0.5,0.9,100,0.9,0.05,1337,11c8d7a,cuda
147,160,2,2,0.980008,untargeted,,1,0,0.869496,100,40400,13,10,0.668553,1.000000,0.999435,400,0.5,0.9,100,0.9,0.05,1337,11c8d7a,cuda
148,161,1,1,0.995082,untargeted,,0,1,0.900002,100,40400,7,4,1.000000,1.000000,0.999436,400,0.5,0.9,100,0.9,0.05,1337,11c8d7a,cuda
149,162,6,6,0.953327,untargeted,,1,3,0.816801,100,40400,16,12,0.996618,1.000000,0.999390,400,0.5,0.9,100,0.9,0.05,1337,11c8d7a,cuda
150,163,6,6,0.999472,untargeted,,0,6,0.714992,100,40400,23,14,0.000000,0.000130,0.702379,400,0.5,0.9,100,0.9,0.05,1337,11c8d7a,cuda
151,164,8,8,0.639294,untargeted,,1,0,0.981458,0,400,8,25,0.056426,0.134257,0.100525,400,0.5,0.9,100,0.9,0.05,1337,11c8d7a,cuda
152,165,4,4,0.848827,untargeted,,1,2,0.950574,0,400,25,20,1.000000,0.000000,1.000000,400,0.5,0.9,100,0.9,0.05,1337,11c8d7a,cuda
153,166,8,8,0.999820,untargeted,,1,2,0.904665,100,40400,22,9,0.000000,0.000050,0.465425,400,0.5,0.9,100,0.9,0.05,1337,11c8d7a,cuda
154,167,4,4,1.000000,untargeted,,1,2,0.978189,8,3600,18,15,0.919149,0.965867,1.000000,400,0.5,0.9,100,0.9,0.05,1337,11c8d7a,cuda
155,168,5,5,0.999998,untargeted,,0,5,0.952582,100,40400,15,20,0.999423,1.000000,1.000000,400,0.5,0.9,100,0.9,0.05,1337,11c8d7a,cuda
156,170,9,9,0.999984,untargeted,,0,9,0.998393,100,40400,18,15,0.000000,0.000000,0.006459,400,0.5,0.9,100,0.9,0.05,1337,11c8d7a,cuda
157,172,9,9,1.000000,untargeted,,0,9,0.999370,100,40400,21,6,0.000100,0.000332,0.966111,400,0.5,0.9,100,0.9,0.05,1337,11c8d7a,cuda
158,173,8,8,0.999621,untargeted,,0,8,0.827070,100,40400,10,25,0.947948,0.725761,0.999522,400,0.5,0.9,100,0.9,0.05,1337,11c8d7a,cuda
159,174,9,9,0.999224,untargeted,,0,9,0.987249,100,40400,13,26,0.000043,0.000000,0.829241,400,0.5,0.9,100,0.9,0.05,1337,11c8d7a,cuda
160,175,9,9,1.000000,untargeted,,0,9,0.999981,100,40400,23,14,1.000000,1.000000,1.000000,400,0.5,0.9,100,0.9,0.05,1337,11c8d7a,cuda
161,176,3,3,0.997600,untargeted,,1,5,0.992076,10,4400,24,16,0.000000,0.007897,0.602229,400,0.5,0.9,100,0.9,0.05,1337,11c8d7a,cuda
162,177,7,7,1.000000,untargeted,,0,7,0.999433,100,40400,17,13,0.998915,1.000000,1.000000,400,0.5,0.9,100,0.9,0.05,1337,11c8d7a,cuda
163,179,0,0,0.999995,untargeted,,0,0,0.995666,100,40400,7,10,0.755939,0.206725,0.018227,400,0.5,0.9,100,0.9,0.05,1337,11c8d7a,cuda
164,180,0,0,0.993152,untargeted,,0,0,0.684117,100,40400,19,15,0.000000,0.000000,0.595330,400,0.5,0.9,100,0.9,0.05,1337,11c8d7a,cuda
165,181,5,5,0.999988,untargeted,,0,5,0.994848,100,40400,12,8,0.002874,0.000000,0.000000,400,0.5,0.9,100,0.9,0.05,1337,11c8d7a,cuda
166,182,2,2,0.999999,untargeted,,0,2,0.999857,100,40400,25,17,0.996870,0.999565,0.999928,400,0.5,0.9,100,0.9,0.05,1337,11c8d7a,cuda
167,184,3,3,0.998025,untargeted,,1,5,0.955280,10,4400,26,12,0.067754,0.306213,0.841438,400,0.5,0.9,100,0.9,0.05,1337,11c8d7a,cuda
168,185,8,8,0.999999,untargeted,,0,8,0.998395,100,40400,15,7,0.000116,0.000000,0.244038,400,0.5,0.9,100,0.9,0.05,1337,11c8d7a,cuda
169,186,6,6,1.000000,untargeted,,0,6,0.982644,100,40400,15,7,1.000000,0.999637,1.000000,400,0.5,0.9,100,0.9,0.05,1337,11c8d7a,cuda
170,187,3,3,0.999999,untargeted,,0,3,0.998098,100,40400,5,10,0.000000,0.000000,1.000000,400,0.5,0.9,100,0.9,0.05,1337,11c8d7a,cuda
171,189,0,0,0.980671,untargeted,,0,0,0.716434,100,40400,21,18,0.963152,0.592133,0.365643,400,0.5,0.9,100,0.9,0.05,1337,11c8d7a,cuda
172,190,5,5,0.999974,untargeted,,0,5,0.857123,100,40400,17,9,0.000228,0.003387,1.000000,400,0.5,0.9,100,0.9,0.05,1337,11c8d7a,cuda
173,191,8,8,0.999937,untargeted,,0,8,0.941601,100,40400,3,6,1.000000,0.652637,1.000000,400,0.5,0.9,100,0.9,0.05,1337,11c8d7a,cuda
174,192,0,0,0.824212,untargeted,,1,9,0.943369,1,800,14,30,1.000000,0.697508,1.000000,400,0.5,0.9,100,0.9,0.05,1337,11c8d7a,cuda
175,193,1,1,0.996310,untargeted,,1,9,0.795026,100,40400,16,19,0.268123,0.000068,0.000317,400,0.5,0.9,100,0.9,0.05,1337,11c8d7a,cuda
176,194,7,7,1.000000,untargeted,,0,7,0.998508,100,40400,16,11,0.999405,1.000000,1.000000,400,0.5,0.9,100,0.9,0.05,1337,11c8d7a,cuda
177,195,2,2,0.883496,untargeted,,1,3,0.703022,7,3200,21,12,1.000000,0.912802,0.841600,400,0.5,0.9,100,0.9,0.05,1337,11c8d7a,cuda
178,196,8,8,0.999987,untargeted,,0,8,0.998743,100,40400,26,18,0.000000,0.000000,0.763738,400,0.5,0.9,100,0.9,0.05,1337,11c8d7a,cuda
179,197,8,8,0.999974,untargeted,,0,8,0.589795,100,40400,17,1,0.000311,0.000023,0.054544,400,0.5,0.9,100,0.9,0.05,1337,11c8d7a,cuda
180,198,7,7,0.999987,untargeted,,1,3,0.836367,100,40400,17,14,1.000000,1.000000,1.000000,400,0.5,0.9,100,0.9,0.05,1337,11c8d7a,cuda
181,199,8,8,0.999998,untargeted,,0,8,0.996300,100,40400,14,13,0.000000,0.000454,0.085540,400,0.5,0.9,100,0.9,0.05,1337,11c8d7a,cuda
182,200,5,5,0.999580,untargeted,,1,3,0.952863,3,1600,20,18,0.944881,0.876257,0.362958,400,0.5,0.9,100,0.9,0.05,1337,11c8d7a,cuda
183,201,1,1,0.779359,untargeted,,1,0,0.985919,0,400,16,25,0.000000,0.000000,0.396779,400,0.5,0.9,100,0.9,0.05,1337,11c8d7a,cuda
184,202,8,8,0.999999,untargeted,,0,8,0.998981,100,40400,16,21,1.000000,1.000000,0.997069,400,0.5,0.9,100,0.9,0.05,1337,11c8d7a,cuda
185,203,7,7,0.995007,untargeted,,1,9,0.946844,28,11600,12,16,0.758073,0.996821,0.000000,400,0.5,0.9,100,0.9,0.05,1337,11c8d7a,cuda
186,204,1,1,0.999999,untargeted,,0,1,0.999851,100,40400,6,21,1.000000,0.960839,0.994353,400,0.5,0.9,100,0.9,0.05,1337,11c8d7a,cuda
187,205,3,3,0.999998,untargeted,,0,3,0.851667,100,40400,21,9,0.001125,0.000000,0.144168,400,0.5,0.9,100,0.9,0.05,1337,11c8d7a,cuda
188,206,0,0,0.996576,untargeted,,1,2,0.959711,2,1200,20,6,0.894855,1.000000,0.710434,400,0.5,0.9,100,0.9,0.05,1337,11c8d7a,cuda
189,207,5,5,0.999999,untargeted,,0,5,0.999825,100,40400,6,4,0.001614,0.000381,0.001368,400,0.5,0.9,100,0.9,0.05,1337,11c8d7a,cuda
190,208,7,7,1.000000,untargeted,,0,7,0.999992,100,40400,6,5,1.000000,1.000000,1.000000,400,0.5,0.9,100,0.9,0.05,1337,11c8d7a,cuda
191,209,9,9,0.999311,untargeted,,0,9,0.805025,100,40400,14,3,0.000000,0.000000,0.454693,400,0.5,0.9,100,0.9,0.05,1337,11c8d7a,cuda
192,210,7,7,0.999993,untargeted,,1,3,0.921709,9,4000,15,11,1.000000,0.857149,1.000000,400,0.5,0.9,100,0.9,0.05,1337,11c8d7a,cuda
193,211,4,4,0.997100,untargeted,,1,0,0.956991,24,10000,14,19,1.000000,1.000000,1.000000,400,0.5,0.9,100,0.9,0.05,1337,11c8d7a,cuda
194,212,5,5,0.999999,untargeted,,0,5,0.999797,100,40400,18,22,0.322368,0.001299,0.000000,400,0.5,0.9,100,0.9,0.05,1337,11c8d7a,cuda
195,214,8,8,0.901861,untargeted,,1,2,0.685946,100,40400,7,15,0.007941,0.021243,0.291911,400,0.5,0.9,100,0.9,0.05,1337,11c8d7a,cuda
196,215,0,0,0.999461,untargeted,,0,0,0.835210,100,40400,8,2,0.000683,0.000000,0.997767,400,0.5,0.9,100,0.9,0.05,1337,11c8d7a,cuda
197,216,7,7,0.999996,untargeted,,0,7,0.999528,100,40400,8,15,0.997995,0.999597,1.000000,400,0.5,0.9,100,0.9,0.05,1337,11c8d7a,cuda
198,217,9,9,0.977551,untargeted,,1,1,0.613980,100,40400,3,17,0.000000,0.000294,0.983951,400,0.5,0.9,100,0.9,0.05,1337,11c8d7a,cuda
199,218,8,8,0.975005,untargeted,,1,0,0.948123,0,400,23,21,0.000000,0.243971,0.386542,400,0.5,0.9,100,0.9,0.05,1337,11c8d7a,cuda
200,219,2,2,1.000000,untargeted,,0,2,0.999953,100,40400,7,16,0.000418,0.000432,1.000000,400,0.5,0.9,100,0.9,0.05,1337,11c8d7a,cuda
201,220,7,7,0.997116,untargeted,,1,4,0.881239,100,40400,19,4,0.020856,0.007729,0.127585,400,0.5,0.9,100,0.9,0.05,1337,11c8d7a,cuda
202,221,6,6,0.898634,untargeted,,1,5,0.994859,1,800,23,13,0.000000,0.000000,0.721396,400,0.5,0.9,100,0.9,0.05,1337,11c8d7a,cuda
203,222,9,9,0.998708,untargeted,,0,9,0.956860,100,40400,17,19,0.000372,0.037556,1.000000,400,0.5,0.9,100,0.9,0.05,1337,11c8d7a,cuda
204,223,4,4,0.983964,untargeted,,1,5,0.970011,0,400,17,23,0.755525,0.804004,1.000000,400,0.5,0.9,100,0.9,0.05,1337,11c8d7a,cuda
205,224,3,3,0.981987,untargeted,,1,5,0.848526,100,40400,9,6,0.000000,0.170555,1.000000,400,0.5,0.9,100,0.9,0.05,1337,11c8d7a,cuda
206,225,9,9,0.999970,untargeted,,0,9,0.997197,100,40400,15,8,0.999344,1.000000,0.931751,400,0.5,0.9,100,0.9,0.05,1337,11c8d7a,cuda
207,227,4,4,1.000000,untargeted,,0,4,0.999983,100,40400,23,23,0.000000,0.000253,0.999363,400,0.5,0.9,100,0.9,0.05,1337,11c8d7a,cuda
208,229,6,6,0.849741,untargeted,,1,2,0.984401,0,400,17,13,0.969819,0.219955,0.867509,400,0.5,0.9,100,0.9,0.05,1337,11c8d7a,cuda
209,230,5,5,1.000000,untargeted,,0,5,0.999951,100,40400,13,17,1.000000,1.000000,1.000000,400,0.5,0.9,100,0.9,0.05,1337,11c8d7a,cuda
210,231,1,1,0.999998,untargeted,,0,1,0.999866,100,40400,20,3,1.000000,1.000000,1.000000,400,0.5,0.9,100,0.9,0.05,1337,11c8d7a,cuda
211,233,8,8,0.999945,untargeted,,1,1,0.950882,7,3200,22,19,1.000000,0.959187,1.000000,400,0.5,0.9,100,0.9,0.05,1337,11c8d7a,cuda
212,234,8,8,1.000000,untargeted,,0,8,0.914087,100,40400,19,24,0.999557,0.999759,1.000000,400,0.5,0.9,100,0.9,0.05,1337,11c8d7a,cuda
213,235,0,0,0.999945,untargeted,,0,0,0.998696,100,40400,15,4,1.000000,1.000000,0.998499,400,0.5,0.9,100,0.9,0.05,1337,11c8d7a,cuda
214,236,4,4,1.000000,untargeted,,0,4,0.955490,100,40400,13,5,0.999615,1.000000,1.000000,400,0.5,0.9,100,0.9,0.05,1337,11c8d7a,cuda
215,237,0,0,0.999657,untargeted,,1,9,0.925654,100,40400,16,21,0.998501,0.999993,0.001156,400,0.5,0.9,100,0.9,0.05,1337,11c8d7a,cuda
216,238,5,5,0.999999,untargeted,,0,5,0.716071,100,40400,18,13,0.000121,0.000761,0.998330,400,0.5,0.9,100,0.9,0.05,1337,11c8d7a,cuda
217,239,5,5,1.000000,untargeted,,0,5,0.999974,100,40400,12,14,1.000000,1.000000,0.999154,400,0.5,0.9,100,0.9,0.05,1337,11c8d7a,cuda
218,240,1,1,0.999996,untargeted,,0,1,0.999960,100,40400,26,20,1.000000,0.778019,0.673862,400,0.5,0.9,100,0.9,0.05,1337,11c8d7a,cuda
219,241,1,1,0.999362,untargeted,,0,1,0.834024,100,40400,16,6,0.000000,0.000000,0.567387,400,0.5,0.9,100,0.9,0.05,1337,11c8d7a,cuda
220,242,8,8,0.973529,untargeted,,1,0,0.965561,1,800,19,14,0.672567,0.618050,1.000000,400,0.5,0.9,100,0.9,0.05,1337,11c8d7a,cuda
221,243,9,9,0.999980,untargeted,,0,9,0.994637,100,40400,14,29,0.341781,0.704370,0.999624,400,0.5,0.9,100,0.9,0.05,1337,11c8d7a,cuda
222,244,0,0,1.000000,untargeted,,0,0,0.999964,100,40400,17,16,1.000000,1.000000,1.000000,400,0.5,0.9,100,0.9,0.05,1337,11c8d7a,cuda
223,245,3,3,0.996939,untargeted,,1,6,0.783627,100,40400,20,8,0.987741,1.000000,0.000321,400,0.5,0.9,100,0.9,0.05,1337,11c8d7a,cuda
224,246,1,1,0.999945,untargeted,,0,1,0.999341,100,40400,14,23,0.000297,0.469600,0.999735,400,0.5,0.9,100,0.9,0.05,1337,11c8d7a,cuda
225,248,2,2,0.999740,untargeted,,0,2,0.925382,100,40400,12,8,0.000285,0.000000,0.001266,400,0.5,0.9,100,0.9,0.05,1337,11c8d7a,cuda
226,249,2,2,0.872278,untargeted,,1,0,0.995634,0,400,9,19,0.913574,1.000000,0.911743,400,0.5,0.9,100,0.9,0.05,1337,11c8d7a,cuda
227,250,5,5,0.999927,untargeted,,0,5,0.707155,100,40400,15,16,0.436905,1.000000,0.999767,400,0.5,0.9,100,0.9,0.05,1337,11c8d7a,cuda
228,251,3,3,0.999990,untargeted,,1,2,0.977069,2,1200,13,5,1.000000,0.328422,0.551290,400,0.5,0.9,100,0.9,0.05,1337,11c8d7a,cuda
229,252,9,9,0.999997,untargeted,,0,9,0.999742,100,40400,7,12,1.000000,0.999459,1.000000,400,0.5,0.9,100,0.9,0.05,1337,11c8d7a,cuda
230,253,9,9,0.999971,untargeted,,0,9,0.993284,100,40400,18,9,1.000000,0.999517,0.999450,400,0.5,0.9,100,0.9,0.05,1337,11c8d7a,cuda
231,254,4,4,0.998861,untargeted,,1,3,0.956074,12,5200,6,9,0.000000,0.035793,0.000000,400,0.5,0.9,100,0.9,0.05,1337,11c8d7a,cuda
232,255,0,0,0.998481,untargeted,,1,2,0.937346,100,40400,7,7,0.583318,0.000000,0.000117,400,0.5,0.9,100,0.9,0.05,1337,11c8d7a,cuda
233,256,3,3,1.000000,untargeted,,0,3,0.997376,100,40400,17,2,0.998202,1.000000,1.000000,400,0.5,0.9,100,0.9,0.05,1337,11c8d7a,cuda
234,257,0,0,1.000000,untargeted,,0,0,0.999815,100,40400,7,13,0.000000,0.000000,0.344411,400,0.5,0.9,100,0.9,0.05,1337,11c8d7a,cuda
235,258,0,0,0.937298,untargeted,,1,8,0.928373,100,40400,20,14,0.000000,0.000000,0.924973,400,0.5,0.9,100,0.9,0.05,1337,11c8d7a,cuda
236,259,9,9,0.999864,untargeted,,0,9,0.995639,100,40400,14,22,0.473279,0.174034,1.000000,400,0.5,0.9,100,0.9,0.05,1337,11c8d7a,cuda
237,260,8,8,1.000000,untargeted,,0,8,0.999998,100,40400,22,27,1.000000,1.000000,0.850552,400,0.5,0.9,100,0.9,0.05,1337,11c8d7a,cuda
238,261,1,1,0.999161,untargeted,,0,1,0.901697,100,40400,12,16,0.884632,0.999345,0.640262,400,0.5,0.9,100,0.9,0.05,1337,11c8d7a,cuda
239,262,5,5,0.999897,untargeted,,1,3,0.995123,0,400,13,12,0.910274,0.527050,0.750511,400,0.5,0.9,100,0.9,0.05,1337,11c8d7a,cuda
240,263,7,7,0.999653,untargeted,,1,3,0.975443,0,400,23,17,1.000000,1.000000,0.659633,400,0.5,0.9,100,0.9,0.05,1337,11c8d7a,cuda
241,264,0,0,0.978015,untargeted,,1,8,0.678364,100,40400,9,16,0.974134,0.208826,0.351127,400,0.5,0.9,100,0.9,0.05,1337,11c8d7a,cuda
242,265,8,8,0.999978,untargeted,,1,0,0.761361,6,2800,14,20,0.852249,0.911932,1.000000,400,0.5,0.9,100,0.9,0.05,1337,11c8d7a,cuda
243,266,2,2,0.991813,untargeted,,1,3,0.894053,1,800,9,14,0.000000,0.000000,0.101013,400,0.5,0.9,100,0.9,0.05,1337,11c8d7a,cuda
244,267,4,4,0.999999,untargeted,,0,4,0.992289,100,40400,12,17,0.000281,0.000113,0.775343,400,0.5,0.9,100,0.9,0.05,1337,11c8d7a,cuda
245,268,7,7,0.999999,untargeted,,0,7,0.999638,100,40400,10,9,0.000000,0.000000,0.877632,400,0.5,0.9,100,0.9,0.05,1337,11c8d7a,cuda
246,270,2,2,1.000000,untargeted,,0,2,0.999825,100,40400,14,1,1.000000,0.633122,0.565348,400,0.5,0.9,100,0.9,0.05,1337,11c8d7a,cuda
247,272,6,6,1.000000,untargeted,,0,6,0.999202,100,40400,15,22,1.000000,1.000000,0.999464,400,0.5,0.9,100,0.9,0.05,1337,11c8d7a,cuda
248,273,3,3,0.999295,untargeted,,1,5,0.916169,100,40400,12,18,0.000241,0.000082,1.000000,400,0.5,0.9,100,0.9,0.05,1337,11c8d7a,cuda
249,274,8,8,0.999985,untargeted,,0,8,0.565571,100,40400,14,23,1.000000,1.000000,0.993984,400,0.5,0.9,100,0.9,0.05,1337,11c8d7a,cuda
250,276,0,0,0.999997,untargeted,,0,0,0.994096,100,40400,13,19,1.000000,1.000000,0.615771,400,0.5,0.9,100,0.9,0.05,1337,11c8d7a,cuda
251,278,4,4,0.999534,untargeted,,0,4,0.784730,100,40400,13,13,0.999513,0.998566,0.999281,400,0.5,0.9,100,0.9,0.05,1337,11c8d7a,cuda
252,279,3,3,0.998503,untargeted,,1,5,0.588054,1,800,11,5,0.812723,0.973325,0.670814,400,0.5,0.9,100,0.9,0.05,1337,11c8d7a,cuda
253,280,9,9,0.999915,untargeted,,1,0,0.619147,100,40400,15,30,0.000205,0.000000,1.000000,400,0.5,0.9,100,0.9,0.05,1337,11c8d7a,cuda
254,281,0,0,0.996569,untargeted,,1,1,0.844668,100,40400,13,19,0.673091,0.999976,0.000182,400,0.5,0.9,100,0.9,0.05,1337,11c8d7a,cuda
255,282,6,6,0.999460,untargeted,,1,4,0.424017,100,40400,15,13,1.000000,1.000000,1.000000,400,0.5,0.9,100,0.9,0.05,1337,11c8d7a,cuda
256,283,1,1,0.999974,untargeted,,0,1,0.996763,100,40400,25,21,0.999725,0.389789,0.423194,400,0.5,0.9,100,0.9,0.05,1337,11c8d7a,cuda
257,284,0,0,0.995977,untargeted,,1,1,0.539193,100,40400,13,23,1.000000,0.998622,0.937054,400,0.5,0.9,100,0.9,0.05,1337,11c8d7a,cuda
258,285,9,9,0.999978,untargeted,,0,9,0.998953,100,40400,12,9,0.917277,1.000000,1.000000,400,0.5,0.9,100,0.9,0.05,1337,11c8d7a,cuda
259,286,1,1,0.978803,untargeted,,1,9,0.627180,100,40400,29,20,0.999646,0.995995,0.932146,400,0.5,0.9,100,0.9,0.05,1337,11c8d7a,cuda
260,288,7,7,0.996233,untargeted,,0,7,0.656169,100,40400,9,16,0.997584,1.000000,0.998250,400,0.5,0.9,100,0.9,0.05,1337,11c8d7a,cuda
261,289,9,9,0.999975,untargeted,,0,9,0.994670,100,40400,14,25,0.957324,0.994689,1.000000,400,0.5,0.9,100,0.9,0.05,1337,11c8d7a,cuda
262,290,1,1,0.999998,untargeted,,0,1,0.999974,100,40400,23,22,1.000000,1.000000,1.000000,400,0.5,0.9,100,0.9,0.05,1337,11c8d7a,cuda
263,291,2,2,1.000000,untargeted,,0,2,0.999992,100,40400,15,4,0.723677,1.000000,0.856373,400,0.5,0.9,100,0.9,0.05,1337,11c8d7a,cuda
264,292,6,6,0.999991,untargeted,,0,6,0.962396,100,40400,22,2,1.000000,0.997304,1.000000,400,0.5,0.9,100,0.9,0.05,1337,11c8d7a,cuda
265,293,9,9,0.800240,untargeted,,1,1,0.973368,12,5200,7,11,1.000000,1.000000,0.000000,400,0.5,0.9,100,0.9,0.05,1337,11c8d7a,cuda
266,294,3,3,0.999935,untargeted,,0,3,0.979222,100,40400,10,7,0.999352,1.000000,1.000000,400,0.5,0.9,100,0.9,0.05,1337,11c8d7a,cuda
267,295,4,4,0.997552,untargeted,,1,2,0.952498,0,400,16,21,1.000000,0.653728,0.747820,400,0.5,0.9,100,0.9,0.05,1337,11c8d7a,cuda
268,296,6,6,1.000000,untargeted,,0,6,0.999995,100,40400,22,22,1.000000,0.840056,1.000000,400,0.5,0.9,100,0.9,0.05,1337,11c8d7a,cuda
269,297,0,0,0.999975,untargeted,,0,0,0.996360,100,40400,7,13,0.999902,0.746634,0.000526,400,0.5,0.9,100,0.9,0.05,1337,11c8d7a,cuda
270,298,0,0,0.999876,untargeted,,0,0,0.989168,100,40400,6,3,1.000000,1.000000,0.998728,400,0.5,0.9,100,0.9,0.05,1337,11c8d7a,cuda
271,299,6,6,0.999989,untargeted,,0,6,0.987805,100,40400,17,2,0.999612,1.000000,1.000000,400,0.5,0.9,100,0.9,0.05,1337,11c8d7a,cuda
272,300,6,6,1.000000,untargeted,,0,6,0.999910,100,40400,18,15,1.000000,1.000000,0.998157,400,0.5,0.9,100,0.9,0.05,1337,11c8d7a,cuda
273,301,6,6,1.000000,untargeted,,0,6,0.999630,100,40400,10,15,1.000000,1.000000,0.964769,400,0.5,0.9,100,0.9,0.05,1337,11c8d7a,cuda
274,302,3,3,0.679008,untargeted,,1,5,0.998932,0,400,13,8,1.000000,0.380443,0.971118,400,0.5,0.9,100,0.9,0.05,1337,11c8d7a,cuda
275,303,2,2,0.999890,untargeted,,0,2,0.799652,100,40400,26,18,0.998566,0.998978,0.999427,400,0.5,0.9,100,0.9,0.05,1337,11c8d7a,cuda
276,304,6,6,0.995851,untargeted,,1,3,0.958112,2,1200,13,11,0.226707,0.000000,0.667517,400,0.5,0.9,100,0.9,0.05,1337,11c8d7a,cuda
277,305,1,1,0.946325,untargeted,,1,0,0.967351,0,400,24,7,0.000000,0.182361,1.000000,400,0.5,0.9,100,0.9,0.05,1337,11c8d7a,cuda
278,306,8,8,0.999828,untargeted,,1,0,0.939707,0,400,14,29,1.000000,0.659076,1.000000,400,0.5,0.9,100,0.9,0.05,1337,11c8d7a,cuda
279,307,2,2,0.999984,untargeted,,1,3,0.873962,100,40400,14,15,0.999607,0.999431,0.999367,400,0.5,0.9,100,0.9,0.05,1337,11c8d7a,cuda
280,308,1,1,0.988525,untargeted,,0,1,0.599649,100,40400,7,3,1.000000,1.000000,0.999151,400,0.5,0.9,100,0.9,0.05,1337,11c8d7a,cuda
281,309,6,6,0.997016,untargeted,,1,2,0.994030,0,400,17,3,0.739233,0.865752,1.000000,400,0.5,0.9,100,0.9,0.05,1337,11c8d7a,cuda
282,310,8,8,0.980009,untargeted,,1,0,0.934105,10,4400,19,26,1.000000,1.000000,1.000000,400,0.5,0.9,100,0.9,0.05,1337,11c8d7a,cuda
283,311,6,6,0.999540,untargeted,,0,6,0.817836,100,40400,17,3,0.999463,1.000000,0.999139,400,0.5,0.9,100,0.9,0.05,1337,11c8d7a,cuda
284,312,8,8,0.677344,untargeted,,1,0,0.999788,0,400,11,17,0.254328,0.128325,0.000000,400,0.5,0.9,100,0.9,0.05,1337,11c8d7a,cuda
285,314,4,4,0.999985,untargeted,,0,4,0.688612,100,40400,11,10,1.000000,0.999405,0.883166,400,0.5,0.9,100,0.9,0.05,1337,11c8d7a,cuda
286,315,0,0,0.999976,untargeted,,0,0,0.997406,100,40400,7,9,0.656351,0.999985,0.503333,400,0.5,0.9,100,0.9,0.05,1337,11c8d7a,cuda
287,316,7,7,0.629549,untargeted,,1,4,0.997764,0,400,16,7,0.266448,1.000000,0.000000,400,0.5,0.9,100,0.9,0.05,1337,11c8d7a,cuda
288,317,7,7,0.999654,untargeted,,0,7,0.649475,100,40400,14,12,0.000002,0.000361,0.462007,400,0.5,0.9,100,0.9,0.05,1337,11c8d7a,cuda
289,318,5,5,1.000000,untargeted,,0,5,0.998486,100,40400,5,16,0.000000,0.000000,0.211791,400,0.5,0.9,100,0.9,0.05,1337,11c8d7a,cuda
290,319,5,5,1.000000,untargeted,,0,5,1.000000,100,40400,6,20,0.000000,0.792994,0.754234,400,0.5,0.9,100,0.9,0.05,1337,11c8d7a,cuda
291,320,3,3,1.000000,untargeted,,0,3,0.999203,100,40400,22,10,0.328739,0.000000,0.838158,400,0.5,0.9,100,0.9,0.05,1337,11c8d7a,cuda
292,321,5,5,1.000000,untargeted,,0,5,0.999594,100,40400,20,11,1.000000,1.000000,0.771046,400,0.5,0.9,100,0.9,0.05,1337,11c8d7a,cuda
293,322,2,2,0.999995,untargeted,,0,2,0.998710,100,40400,22,5,0.999510,1.000000,0.998020,400,0.5,0.9,100,0.9,0.05,1337,11c8d7a,cuda
294,323,3,3,0.625869,untargeted,,1,2,0.991783,0,400,20,6,0.653945,0.825497,0.480246,400,0.5,0.9,100,0.9,0.05,1337,11c8d7a,cuda
295,325,1,1,0.999838,untargeted,,0,1,0.928427,100,40400,28,19,1.000000,0.999417,1.000000,400,0.5,0.9,100,0.9,0.05,1337,11c8d7a,cuda
296,326,7,7,0.999989,untargeted,,0,7,0.964206,100,40400,11,10,0.000079,0.001023,0.841509,400,0.5,0.9,100,0.9,0.05,1337,11c8d7a,cuda
297,327,5,5,0.999999,untargeted,,0,5,0.999753,100,40400,13,6,0.000000,0.000000,0.255028,400,0.5,0.9,100,0.9,0.05,1337,11c8d7a,cuda
298,328,4,4,0.999954,untargeted,,1,2,0.622747,100,40400,13,6,0.996300,0.000000,0.000000,400,0.5,0.9,100,0.9,0.05,1337,11c8d7a,cuda
299,329,6,6,0.999998,untargeted,,0,6,0.972083,100,40400,13,12,0.000000,0.000395,0.753214,400,0.5,0.9,100,0.9,0.05,1337,11c8d7a,cuda
300,330,1,1,0.999986,untargeted,,0,1,0.995031,100,40400,15,9,0.999977,0.249832,0.000686,400,0.5,0.9,100,0.9,0.05,1337,11c8d7a,cuda
301,331,9,9,0.999771,untargeted,,0,9,0.979892,100,40400,17,14,1.000000,0.999184,1.000000,400,0.5,0.9,100,0.9,0.05,1337,11c8d7a,cuda
302,333,6,6,1.000000,untargeted,,0,6,0.998978,100,40400,7,14,0.000000,0.002501,0.000000,400,0.5,0.9,100,0.9,0.05,1337,11c8d7a,cuda
303,334,6,6,0.999999,untargeted,,0,6,0.998829,100,40400,14,15,0.998566,1.000000,1.000000,400,0.5,0.9,100,0.9,0.05,1337,11c8d7a,cuda
304,335,9,9,0.998061,untargeted,,0,9,0.655633,100,40400,19,13,0.000414,0.000773,0.997768,400,0.5,0.9,100,0.9,0.05,1337,11c8d7a,cuda
305,336,3,3,0.999991,untargeted,,0,3,0.935583,100,40400,21,8,0.020095,0.000003,0.574743,400,0.5,0.9,100,0.9,0.05,1337,11c8d7a,cuda
306,337,8,8,0.999992,untargeted,,0,8,0.987168,100,40400,24,27,0.991110,1.000000,0.946939,400,0.5,0.9,100,0.9,0.05,1337,11c8d7a,cuda
307,338,0,0,0.999595,untargeted,,0,0,0.831879,100,40400,15,10,0.593906,0.656072,0.999842,400,0.5,0.9,100,0.9,0.05,1337,11c8d7a,cuda
308,339,7,7,0.998941,untargeted,,0,7,0.910764,100,40400,18,19,0.000000,0.000000,0.389083,400,0.5,0.9,100,0.9,0.05,1337,11c8d7a,cuda
309,340,2,2,0.835304,untargeted,,1,3,0.752476,1,800,3,16,0.028332,0.157574,0.876486,400,0.5,0.9,100,0.9,0.05,1337,11c8d7a,cuda
310,341,6,6,0.992227,untargeted,,1,3,0.956299,0,400,14,12,0.174016,0.000000,0.674476,400,0.5,0.9,100,0.9,0.05,1337,11c8d7a,cuda
311,342,2,2,0.851022,untargeted,,1,0,0.995808,3,1600,11,15,0.000000,0.031159,0.827795,400,0.5,0.9,100,0.9,0.05,1337,11c8d7a,cuda
312,343,5,5,0.988082,untargeted,,1,3,0.971597,3,1600,13,18,0.000000,0.000000,0.160330,400,0.5,0.9,100,0.9,0.05,1337,11c8d7a,cuda
313,344,8,8,0.999962,untargeted,,0,8,0.972903,100,40400,15,19,0.992171,1.000000,1.000000,400,0.5,0.9,100,0.9,0.05,1337,11c8d7a,cuda
314,345,5,5,0.981385,untargeted,,1,3,0.958180,1,800,13,10,0.000000,0.894823,1.000000,400,0.5,0.9,100,0.9,0.05,1337,11c8d7a,cuda
315,346,4,4,0.670933,untargeted,,1,3,0.998570,0,400,17,25,0.000000,0.000000,0.573217,400,0.5,0.9,100,0.9,0.05,1337,11c8d7a,cuda
316,347,6,6,0.999974,untargeted,,0,6,0.807404,100,40400,14,13,1.000000,0.998787,1.000000,400,0.5,0.9,100,0.9,0.05,1337,11c8d7a,cuda
317,348,8,8,0.999973,untargeted,,0,8,0.959378,100,40400,9,10,0.999204,1.000000,1.000000,400,0.5,0.9,100,0.9,0.05,1337,11c8d7a,cuda
318,349,9,9,0.999989,untargeted,,0,9,0.999488,100,40400,14,25,0.999522,0.912792,1.000000,400,0.5,0.9,100,0.9,0.05,1337,11c8d7a,cuda
319,350,9,9,0.999990,untargeted,,0,9,0.999818,100,40400,10,10,0.000000,0.000000,0.383268,400,0.5,0.9,100,0.9,0.05,1337,11c8d7a,cuda
320,351,1,1,0.999988,untargeted,,0,1,0.999571,100,40400,25,14,0.037022,1.000000,0.027997,400,0.5,0.9,100,0.9,0.05,1337,11c8d7a,cuda
321,352,0,0,0.914868,untargeted,,1,8,0.760046,100,40400,18,12,0.105556,0.000000,0.564405,400,0.5,0.9,100,0.9,0.05,1337,11c8d7a,cuda
322,353,2,2,0.999998,untargeted,,0,2,0.998683,100,40400,23,16,0.000000,0.000000,0.000802,400,0.5,0.9,100,0.9,0.05,1337,11c8d7a,cuda
323,354,2,2,0.999999,untargeted,,0,2,0.940137,100,40400,15,10,0.000000,0.112039,0.996349,400,0.5,0.9,100,0.9,0.05,1337,11c8d7a,cuda
324,356,3,3,0.995499,untargeted,,1,5,0.977576,1,800,14,13,0.000000,0.000000,0.961249,400,0.5,0.9,100,0.9,0.05,1337,11c8d7a,cuda
325,357,2,2,0.973134,untargeted,,1,3,0.960552,0,400,13,8,0.633108,1.000000,0.409741,400,0.5,0.9,100,0.9,0.05,1337,11c8d7a,cuda
326,358,8,8,0.999998,untargeted,,0,8,0.969555,100,40400,21,17,1.000000,1.000000,0.999467,400,0.5,0.9,100,0.9,0.05,1337,11c8d7a,cuda
327,359,0,0,0.999985,untargeted,,0,0,0.922993,100,40400,22,1,0.000641,0.001900,0.128113,400,0.5,0.9,100,0.9,0.05,1337,11c8d7a,cuda
328,360,9,9,0.999995,untargeted,,0,9,0.999924,100,40400,15,25,0.646846,0.761342,1.000000,400,0.5,0.9,100,0.9,0.05,1337,11c8d7a,cuda
329,361,5,5,0.999896,untargeted,,1,3,0.539626,100,40400,12,14,0.967640,0.000307,0.000268,400,0.5,0.9,100,0.9,0.05,1337,11c8d7a,cuda
330,362,8,8,0.999988,untargeted,,0,8,0.924806,100,40400,17,22,0.000000,0.000000,0.637748,400,0.5,0.9,100,0.9,0.05,1337,11c8d7a,cuda
331,363,1,1,0.998964,untargeted,,0,1,0.910091,100,40400,18,30,0.998714,0.999909,0.999299,400,0.5,0.9,100,0.9,0.05,1337,11c8d7a,cuda
332,364,9,9,0.999999,untargeted,,0,9,0.998526,100,40400,26,25,0.000000,0.000523,1.000000,400,0.5,0.9,100,0.9,0.05,1337,11c8d7a,cuda
333,365,4,4,0.999906,untargeted,,0,4,0.930598,100,40400,22,5,0.000015,0.000508,0.931465,400,0.5,0.9,100,0.9,0.05,1337,11c8d7a,cuda
334,366,1,1,0.999639,untargeted,,0,1,0.979247,100,40400,23,22,0.154785,0.000068,0.645474,400,0.5,0.9,100,0.9,0.05,1337,11c8d7a,cuda
335,367,3,3,0.999891,untargeted,,0,3,0.841664,100,40400,5,4,1.000000,0.995816,1.000000,400,0.5,0.9,100,0.9,0.05,1337,11c8d7a,cuda
336,368,8,8,0.899903,untargeted,,1,4,0.592357,4,2000,21,8,1.000000,1.000000,0.822201,400,0.5,0.9,100,0.9,0.05,1337,11c8d7a,cuda
337,369,1,1,0.998767,untargeted,,0,1,0.979846,100,40400,22,27,1.000000,0.880730,0.977405,400,0.5,0.9,100,0.9,0.05,1337,11c8d7a,cuda
338,371,7,7,0.999992,untargeted,,0,7,0.998785,100,40400,7,8,1.000000,1.000000,0.999272,400,0.5,0.9,100,0.9,0.05,1337,11c8d7a,cuda
339,372,9,9,0.999848,untargeted,,0,9,0.728541,100,40400,13,24,1.000000,0.753911,1.000000,400,0.5,0.9,100,0.9,0.05,1337,11c8d7a,cuda
340,373,4,4,0.934770,untargeted,,1,8,0.660131,3,1600,28,10,0.990821,1.000000,0.538476,400,0.5,0.9,100,0.9,0.05,1337,11c8d7a,cuda
341,374,2,2,0.999998,untargeted,,0,2,0.998892,100,40400,18,23,1.000000,0.999179,1.000000,400,0.5,0.9,100,0.9,0.05,1337,11c8d7a,cuda
342,375,7,7,0.999895,untargeted,,1,0,0.586203,100,40400,23,16,0.000000,0.000000,0.991742,400,0.5,0.9,100,0.9,0.05,1337,11c8d7a,cuda
343,376,0,0,0.945441,untargeted,,1,9,0.945175,2,1200,15,24,0.719925,0.945653,0.823347,400,0.5,0.9,100,0.9,0.05,1337,11c8d7a,cuda
344,377,7,7,0.999760,untargeted,,1,3,0.632747,100,40400,11,20,1.000000,0.868837,0.701114,400,0.5,0.9,100,0.9,0.05,1337,11c8d7a,cuda
345,379,6,6,1.000000,untargeted,,0,6,0.999986,100,40400,6,17,1.000000,0.970567,1.000000,400,0.5,0.9,100,0.9,0.05,1337,11c8d7a,cuda
346,380,6,6,0.999860,untargeted,,0,6,0.967556,100,40400,14,29,1.000000,1.000000,1.000000,400,0.5,0.9,100,0.9,0.05,1337,11c8d7a,cuda
347,381,9,9,0.999285,untargeted,,1,1,0.692248,100,40400,15,12,0.369506,0.000000,0.000000,400,0.5,0.9,100,0.9,0.05,1337,11c8d7a,cuda
348,382,0,0,0.999975,untargeted,,0,0,0.978240,100,40400,20,17,0.304334,0.999763,1.000000,400,0.5,0.9,100,0.9,0.05,1337,11c8d7a,cuda
349,383,9,9,0.825389,untargeted,,1,0,0.859693,0,400,14,27,0.137469,0.000000,1.000000,400,0.5,0.9,100,0.9,0.05,1337,11c8d7a,cuda
350,386,7,7,0.999990,untargeted,,0,7,0.997749,100,40400,21,5,0.000000,0.000000,0.472487,400,0.5,0.9,100,0.9,0.05,1337,11c8d7a,cuda
351,387,2,2,0.526120,untargeted,,1,5,0.997949,0,400,22,22,0.561234,0.000000,1.000000,400,0.5,0.9,100,0.9,0.05,1337,11c8d7a,cuda
352,388,2,2,0.992543,untargeted,,1,5,0.540019,0,400,19,20,1.000000,0.358655,0.284491,400,0.5,0.9,100,0.9,0.05,1337,11c8d7a,cuda
353,389,5,5,0.999993,untargeted,,0,5,0.776866,100,40400,17,14,0.946325,1.000000,0.982093,400,0.5,0.9,100,0.9,0.05,1337,11c8d7a,cuda
354,390,1,1,0.999990,untargeted,,0,1,0.999111,100,40400,10,23,0.999385,1.000000,1.000000,400,0.5,0.9,100,0.9,0.05,1337,11c8d7a,cuda
355,391,2,2,0.999998,untargeted,,0,2,0.999935,100,40400,11,8,0.999527,0.999623,0.999143,400,0.5,0.9,100,0.9,0.05,1337,11c8d7a,cuda
356,392,6,6,0.999999,untargeted,,0,6,0.999876,100,40400,8,19,0.998675,1.000000,1.000000,400,0.5,0.9,100,0.9,0.05,1337,11c8d7a,cuda
357,393,2,2,0.999610,untargeted,,1,5,0.978307,10,4400,18,12,0.099945,0.000000,0.738009,400,0.5,0.9,100,0.9,0.05,1337,11c8d7a,cuda
358,394,9,9,0.896150,untargeted,,1,1,0.965121,0,400,12,12,0.213139,0.000000,0.841243,400,0.5,0.9,100,0.9,0.05,1337,11c8d7a,cuda
359,395,6,6,0.999938,untargeted,,0,6,0.825399,100,40400,26,14,1.000000,0.932277,1.000000,400,0.5,0.9,100,0.9,0.05,1337,11c8d7a,cuda
360,396,2,2,0.999860,untargeted,,1,4,0.942374,2,1200,14,18,0.837422,0.317476,0.839870,400,0.5,0.9,100,0.9,0.05,1337,11c8d7a,cuda
361,397,3,3,0.999779,untargeted,,0,3,0.587628,100,40400,9,10,0.999032,0.869567,1.000000,400,0.5,0.9,100,0.9,0.05,1337,11c8d7a,cuda
362,398,0,0,0.928703,untargeted,,1,9,0.959558,46,18800,11,22,0.761511,0.224786,0.139133,400,0.5,0.9,100,0.9,0.05,1337,11c8d7a,cuda
363,399,3,3,0.999996,untargeted,,0,3,0.999691,100,40400,22,14,0.128133,0.000052,0.444288,400,0.5,0.9,100,0.9,0.05,1337,11c8d7a,cuda
364,400,9,9,1.000000,untargeted,,0,9,0.999814,100,40400,14,14,0.000000,0.000179,0.842323,400,0.5,0.9,100,0.9,0.05,1337,11c8d7a,cuda
365,401,8,8,0.999997,untargeted,,1,9,0.466520,100,40400,14,25,1.000000,1.000000,0.747109,400,0.5,0.9,100,0.9,0.05,1337,11c8d7a,cuda
366,402,7,7,0.999983,untargeted,,0,7,0.896310,100,40400,13,17,0.000000,0.000000,0.967368,400,0.5,0.9,100,0.9,0.05,1337,11c8d7a,cuda
367,403,8,8,0.999903,untargeted,,1,0,0.991591,0,400,13,19,1.000000,0.481961,1.000000,400,0.5,0.9,100,0.9,0.05,1337,11c8d7a,cuda
368,404,8,8,0.999990,untargeted,,1,1,0.888949,100,40400,18,21,0.996256,1.000000,0.972712,400,0.5,0.9,100,0.9,0.05,1337,11c8d7a,cuda
369,405,4,4,0.971992,untargeted,,1,6,0.981857,0,400,25,17,1.000000,0.628463,0.108402,400,0.5,0.9,100,0.9,0.05,1337,11c8d7a,cuda
370,406,0,0,0.999997,untargeted,,0,0,0.999961,100,40400,5,6,0.940228,0.000000,0.000168,400,0.5,0.9,100,0.9,0.05,1337,11c8d7a,cuda
371,407,1,1,0.995276,untargeted,,1,9,0.906995,100,40400,18,25,0.986320,1.000000,1.000000,400,0.5,0.9,100,0.9,0.05,1337,11c8d7a,cuda
372,408,8,8,0.999999,untargeted,,0,8,0.999660,100,40400,20,12,0.000019,0.000125,0.684151,400,0.5,0.9,100,0.9,0.05,1337,11c8d7a,cuda
373,409,2,2,0.999578,untargeted,,0,2,0.440190,100,40400,20,22,0.999428,1.000000,1.000000,400,0.5,0.9,100,0.9,0.05,1337,11c8d7a,cuda
374,410,7,7,0.999950,untargeted,,0,7,0.974766,100,40400,8,7,0.000333,0.000000,0.256832,400,0.5,0.9,100,0.9,0.05,1337,11c8d7a,cuda
375,411,9,9,0.996871,untargeted,,1,0,0.535587,100,40400,19,11,0.000000,0.000000,1.000000,400,0.5,0.9,100,0.9,0.05,1337,11c8d7a,cuda
376,413,6,6,0.955525,untargeted,,1,0,0.341398,100,40400,14,21,0.999226,1.000000,1.000000,400,0.5,0.9,100,0.9,0.05,1337,11c8d7a,cuda
377,414,1,1,0.999551,untargeted,,0,1,0.966590,100,40400,17,21,1.000000,0.000000,0.000580,400,0.5,0.9,100,0.9,0.05,1337,11c8d7a,cuda
378,415,9,9,0.999999,untargeted,,0,9,0.999987,100,40400,22,14,0.000000,0.000000,0.317866,400,0.5,0.9,100,0.9,0.05,1337,11c8d7a,cuda
379,416,0,0,0.999596,untargeted,,0,0,0.674585,100,40400,15,25,0.181754,0.000885,0.000000,400,0.5,0.9,100,0.9,0.05,1337,11c8d7a,cuda
380,417,7,7,0.998518,untargeted,,1,5,0.980009,20,8400,12,10,0.000000,0.000000,1.000000,400,0.5,0.9,100,0.9,0.05,1337,11c8d7a,cuda
381,418,3,3,0.882468,untargeted,,1,2,0.998826,0,400,14,20,0.000000,0.053930,0.868435,400,0.5,0.9,100,0.9,0.05,1337,11c8d7a,cuda
382,419,7,7,1.000000,untargeted,,0,7,0.996754,100,40400,11,14,0.999305,0.999162,1.000000,400,0.5,0.9,100,0.9,0.05,1337,11c8d7a,cuda
383,420,4,4,0.999981,untargeted,,1,3,0.835048,100,40400,16,17,0.999439,0.513023,0.999600,400,0.5,0.9,100,0.9,0.05,1337,11c8d7a,cuda
384,421,5,5,0.998179,untargeted,,1,4,0.848461,100,40400,17,11,0.011326,0.000000,0.602247,400,0.5,0.9,100,0.9,0.05,1337,11c8d7a,cuda
385,422,0,0,0.848711,untargeted,,1,8,0.973260,3,1600,9,10,0.224931,0.262500,0.461661,400,0.5,0.9,100,0.9,0.05,1337,11c8d7a,cuda
386,423,0,0,1.000000,untargeted,,0,0,0.999167,100,40400,13,8,0.999763,0.997506,0.996767,400,0.5,0.9,100,0.9,0.05,1337,11c8d7a,cuda
387,424,2,2,1.000000,untargeted,,0,2,0.999777,100,40400,12,8,0.073786,0.006313,0.118171,400,0.5,0.9,100,0.9,0.05,1337,11c8d7a,cuda
388,425,9,9,0.999639,untargeted,,0,9,0.923843,100,40400,18,10,0.118662,0.000000,0.533271,400,0.5,0.9,100,0.9,0.05,1337,11c8d7a,cuda
389,427,4,4,0.999991,untargeted,,0,4,0.967410,100,40400,17,15,1.000000,1.000000,1.000000,400,0.5,0.9,100,0.9,0.05,1337,11c8d7a,cuda
390,428,0,0,0.996794,untargeted,,1,6,0.950292,55,22400,19,11,0.000000,0.000000,0.273856,400,0.5,0.9,100,0.9,0.05,1337,11c8d7a,cuda
391,429,6,6,0.999959,untargeted,,1,3,0.526447,100,40400,17,14,0.999168,1.000000,0.999265,400,0.5,0.9,100,0.9,0.05,1337,11c8d7a,cuda
392,430,2,2,0.994275,untargeted,,1,4,0.963562,0,400,17,17,0.000000,1.000000,0.920539,400,0.5,0.9,100,0.9,0.05,1337,11c8d7a,cuda
393,431,5,5,0.999958,untargeted,,1,3,0.886115,100,40400,18,15,0.001237,0.000206,0.000000,400,0.5,0.9,100,0.9,0.05,1337,11c8d7a,cuda
394,432,3,3,0.999726,untargeted,,0,3,0.689580,100,40400,15,16,0.000000,0.031790,1.000000,400,0.5,0.9,100,0.9,0.05,1337,11c8d7a,cuda
395,433,7,7,0.568840,untargeted,,1,0,0.992746,0,400,19,14,0.073635,0.000000,0.622471,400,0.5,0.9,100,0.9,0.05,1337,11c8d7a,cuda
396,434,3,3,0.999998,untargeted,,0,3,0.636591,100,40400,18,16,0.000000,0.000000,0.717009,400,0.5,0.9,100,0.9,0.05,1337,11c8d7a,cuda
397,435,7,7,0.999998,untargeted,,0,7,0.995872,100,40400,15,17,1.000000,0.998185,0.999584,400,0.5,0.9,100,0.9,0.05,1337,11c8d7a,cuda
398,436,2,2,0.999999,untargeted,,1,3,0.621365,100,40400,21,14,1.000000,1.000000,0.999563,400,0.5,0.9,100,0.9,0.05,1337,11c8d7a,cuda
399,437,5,5,0.998845,untargeted,,1,3,0.998311,0,400,17,14,0.000000,0.000000,0.000000,400,0.5,0.9,100,0.9,0.05,1337,11c8d7a,cuda
400,438,3,3,0.999999,untargeted,,0,3,0.943265,100,40400,18,11,1.000000,1.000000,0.880702,400,0.5,0.9,100,0.9,0.05,1337,11c8d7a,cuda
401,440,1,1,0.999997,untargeted,,0,1,0.999888,100,40400,26,25,1.000000,1.000000,0.900136,400,0.5,0.9,100,0.9,0.05,1337,11c8d7a,cuda
402,441,4,4,0.999903,untargeted,,1,2,0.993826,15,6400,20,17,1.000000,1.000000,1.000000,400,0.5,0.9,100,0.9,0.05,1337,11c8d7a,cuda
403,442,9,9,0.999999,untargeted,,0,9,0.996600,100,40400,22,26,0.000000,0.000000,0.740776,400,0.5,0.9,100,0.9,0.05,1337,11c8d7a,cuda
404,443,9,9,0.984787,untargeted,,1,0,0.620654,100,40400,11,13,0.000023,0.000000,0.409996,400,0.5,0.9,100,0.9,0.05,1337,11c8d7a,cuda
405,444,5,5,0.999822,untargeted,,1,3,0.618276,100,40400,14,17,1.000000,0.001997,0.000000,400,0.5,0.9,100,0.9,0.05,1337,11c8d7a,cuda
406,445,7,7,0.999896,untargeted,,0,7,0.835701,100,40400,14,13,0.000000,0.000000,0.003869,400,0.5,0.9,100,0.9,0.05,1337,11c8d7a,cuda
407,446,5,5,1.000000,untargeted,,1,3,0.994725,1,800,14,13,0.000000,0.325795,0.280296,400,0.5,0.9,100,0.9,0.05,1337,11c8d7a,cuda
408,447,0,0,0.711975,untargeted,,1,2,0.926674,100,40400,10,7,0.883014,0.000243,0.000203,400,0.5,0.9,100,0.9,0.05,1337,11c8d7a,cuda
409,448,2,2,1.000000,untargeted,,0,2,0.999980,100,40400,22,15,0.000000,0.000000,0.795015,400,0.5,0.9,100,0.9,0.05,1337,11c8d7a,cuda
410,449,2,2,0.900858,untargeted,,1,0,0.963616,7,3200,5,13,1.000000,0.034176,0.000000,400,0.5,0.9,100,0.9,0.05,1337,11c8d7a,cuda
411,450,2,2,0.999992,untargeted,,0,2,0.992725,100,40400,19,22,1.000000,1.000000,0.997417,400,0.5,0.9,100,0.9,0.05,1337,11c8d7a,cuda
412,451,9,9,0.999916,untargeted,,0,9,0.984887,100,40400,17,16,0.000000,0.337364,0.000492,400,0.5,0.9,100,0.9,0.05,1337,11c8d7a,cuda
413,452,7,7,0.999045,untargeted,,1,4,0.687364,100,40400,18,14,0.000000,0.000000,0.999549,400,0.5,0.9,100,0.9,0.05,1337,11c8d7a,cuda
414,453,3,3,0.999510,untargeted,,1,2,0.968780,3,1600,18,8,0.000000,0.000000,0.991286,400,0.5,0.9,100,0.9,0.05,1337,11c8d7a,cuda
415,454,9,9,0.999898,untargeted,,0,9,0.962121,100,40400,9,24,0.000213,0.000000,1.000000,400,0.5,0.9,100,0.9,0.05,1337,11c8d7a,cuda
416,455,4,4,0.999992,untargeted,,0,4,0.883246,100,40400,17,13,0.958526,0.998855,1.000000,400,0.5,0.9,100,0.9,0.05,1337,11c8d7a,cuda
417,457,5,5,0.998450,untargeted,,0,5,0.815251,100,40400,20,5,0.657339,0.000179,1.000000,400,0.5,0.9,100,0.9,0.05,1337,11c8d7a,cuda
418,458,4,4,0.997477,untargeted,,1,5,0.854053,100,40400,18,1,0.999809,0.994950,0.999541,400,0.5,0.9,100,0.9,0.05,1337,11c8d7a,cuda
419,459,6,6,0.993280,untargeted,,1,0,0.949274,0,400,11,9,0.044154,0.014261,0.570135,400,0.5,0.9,100,0.9,0.05,1337,11c8d7a,cuda
420,460,5,5,0.999963,untargeted,,0,5,0.999128,100,40400,8,2,1.000000,1.000000,0.998943,400,0.5,0.9,100,0.9,0.05,1337,11c8d7a,cuda
421,461,6,6,0.999974,untargeted,,1,2,0.849808,100,40400,16,11,1.000000,1.000000,0.999229,400,0.5,0.9,100,0.9,0.05,1337,11c8d7a,cuda
422,462,1,1,0.999917,untargeted,,0,1,0.981934,100,40400,6,19,1.000000,0.972770,0.700871,400,0.5,0.9,100,0.9,0.05,1337,11c8d7a,cuda
423,463,4,4,0.999930,untargeted,,1,5,0.772692,100,40400,28,14,0.000099,0.000295,0.606681,400,0.5,0.9,100,0.9,0.05,1337,11c8d7a,cuda
424,464,3,3,0.999074,untargeted,,1,4,0.758308,22,9200,6,12,0.029838,0.000000,0.546811,400,0.5,0.9,100,0.9,0.05,1337,11c8d7a,cuda
425,465,4,4,1.000000,untargeted,,0,4,0.999155,100,40400,20,8,0.000415,0.000043,0.996953,400,0.5,0.9,100,0.9,0.05,1337,11c8d7a,cuda
426,466,4,4,1.000000,untargeted,,0,4,0.999429,100,40400,15,9,0.000000,0.000000,1.000000,400,0.5,0.9,100,0.9,0.05,1337,11c8d7a,cuda
427,467,3,3,0.999999,untargeted,,0,3,0.999780,100,40400,21,12,0.000508,0.000000,0.149311,400,0.5,0.9,100,0.9,0.05,1337,11c8d7a,cuda
428,468,7,7,0.989165,untargeted,,1,5,0.957965,6,2800,12,15,1.000000,0.986514,1.000000,400,0.5,0.9,100,0.9,0.05,1337,11c8d7a,cuda
429,469,8,8,0.999993,untargeted,,0,8,0.825631,100,40400,18,25,0.000000,0.000000,0.091126,400,0.5,0.9,100,0.9,0.05,1337,11c8d7a,cuda
430,470,3,3,0.864877,untargeted,,1,5,0.998896,0,400,17,15,0.000000,0.375400,1.000000,400,0.5,0.9,100,0.9,0.05,1337,11c8d7a,cuda
431,471,7,7,0.999990,untargeted,,0,7,0.980698,100,40400,18,7,1.000000,0.999811,0.997739,400,0.5,0.9,100,0.9,0.05,1337,11c8d7a,cuda
432,472,8,8,0.999994,untargeted,,1,0,0.570699,100,40400,17,20,1.000000,0.998977,1.000000,400,0.5,0.9,100,0.9,0.05,1337,11c8d7a,cuda
433,473,0,0,0.999220,untargeted,,1,2,0.962278,2,1200,11,8,0.881794,0.000000,0.377335,400,0.5,0.9,100,0.9,0.05,1337,11c8d7a,cuda
434,474,5,5,0.967344,untargeted,,1,2,0.896328,100,40400,25,22,0.694171,1.000000,1.000000,400,0.5,0.9,100,0.9,0.05,1337,11c8d7a,cuda
435,475,7,7,0.999946,untargeted,,0,7,0.992784,100,40400,23,6,0.998224,0.999148,1.000000,400,0.5,0.9,100,0.9,0.05,1337,11c8d7a,cuda
436,476,6,6,0.999915,untargeted,,0,6,0.864979,100,40400,15,8,0.999407,0.999725,1.000000,400,0.5,0.9,100,0.9,0.05,1337,11c8d7a,cuda
437,477,0,0,0.999944,untargeted,,1,9,0.546728,100,40400,11,28,0.769488,0.999731,0.016427,400,0.5,0.9,100,0.9,0.05,1337,11c8d7a,cuda
438,479,4,4,1.000000,untargeted,,0,4,0.999946,100,40400,15,20,1.000000,0.999668,1.000000,400,0.5,0.9,100,0.9,0.05,1337,11c8d7a,cuda
439,480,8,8,0.998530,untargeted,,1,3,0.707908,100,40400,19,10,0.000000,0.550477,1.000000,400,0.5,0.9,100,0.9,0.05,1337,11c8d7a,cuda
440,481,6,6,0.999985,untargeted,,0,6,0.998880,100,40400,28,11,0.964196,1.000000,0.998754,400,0.5,0.9,100,0.9,0.05,1337,11c8d7a,cuda
441,482,8,8,0.999998,untargeted,,0,8,0.981344,100,40400,22,17,1.000000,1.000000,1.000000,400,0.5,0.9,100,0.9,0.05,1337,11c8d7a,cuda
442,483,5,5,0.986772,untargeted,,1,3,0.954066,0,400,17,10,0.573980,0.761815,1.000000,400,0.5,0.9,100,0.9,0.05,1337,11c8d7a,cuda
443,484,5,5,0.999992,untargeted,,0,5,0.987960,100,40400,21,16,0.000099,0.000203,0.001036,400,0.5,0.9,100,0.9,0.05,1337,11c8d7a,cuda
444,485,9,9,0.594968,untargeted,,1,5,0.698147,75,30400,24,8,0.000000,0.000000,0.461428,400,0.5,0.9,100,0.9,0.05,1337,11c8d7a,cuda
445,486,9,9,0.999999,untargeted,,0,9,0.999883,100,40400,23,25,0.000117,0.000000,0.607062,400,0.5,0.9,100,0.9,0.05,1337,11c8d7a,cuda
446,487,9,9,0.999999,untargeted,,0,9,0.999993,100,40400,9,30,0.908012,1.000000,1.000000,400,0.5,0.9,100,0.9,0.05,1337,11c8d7a,cuda
447,488,5,5,0.986803,untargeted,,1,4,0.991318,1,800,19,11,0.176808,0.650160,1.000000,400,0.5,0.9,100,0.9,0.05,1337,11c8d7a,cuda
448,489,0,0,0.986340,untargeted,,0,0,0.631697,100,40400,22,8,1.000000,1.000000,0.938138,400,0.5,0.9,100,0.9,0.05,1337,11c8d7a,cuda
449,490,1,1,0.999943,untargeted,,0,1,0.976654,100,40400,24,17,1.000000,0.999258,1.000000,400,0.5,0.9,100,0.9,0.05,1337,11c8d7a,cuda
450,491,0,0,0.831489,untargeted,,1,2,0.823027,100,40400,7,19,0.998806,1.000000,0.000000,400,0.5,0.9,100,0.9,0.05,1337,11c8d7a,cuda
451,492,8,8,0.999624,untargeted,,1,0,0.920203,100,40400,14,19,0.999959,0.999423,1.000000,400,0.5,0.9,100,0.9,0.05,1337,11c8d7a,cuda
452,493,1,1,0.999978,untargeted,,0,1,0.998696,100,40400,17,5,0.999914,0.176893,0.001765,400,0.5,0.9,100,0.9,0.05,1337,11c8d7a,cuda
453,494,1,1,0.999985,untargeted,,0,1,0.998988,100,40400,23,10,0.989329,0.240491,0.001103,400,0.5,0.9,100,0.9,0.05,1337,11c8d7a,cuda
454,495,8,8,0.999986,untargeted,,0,8,0.597984,100,40400,9,16,1.000000,1.000000,1.000000,400,0.5,0.9,100,0.9,0.05,1337,11c8d7a,cuda
455,496,0,0,0.996543,untargeted,,0,0,0.828133,100,40400,10,5,1.000000,0.813314,1.000000,400,0.5,0.9,100,0.9,0.05,1337,11c8d7a,cuda
456,497,2,2,0.715613,untargeted,,1,5,0.976023,0,400,12,16,0.135288,0.421040,0.736234,400,0.5,0.9,100,0.9,0.05,1337,11c8d7a,cuda
457,498,2,2,1.000000,untargeted,,0,2,1.000000,100,40400,3,8,0.000000,0.000000,0.688288,400,0.5,0.9,100,0.9,0.05,1337,11c8d7a,cuda
458,499,0,0,0.998999,untargeted,,1,2,0.817013,100,40400,9,14,1.000000,1.000000,0.996616,400,0.5,0.9,100,0.9,0.05,1337,11c8d7a,cuda
459,500,4,4,0.997904,untargeted,,1,2,0.955360,5,2400,20,5,0.090884,0.000000,0.964152,400,0.5,0.9,100,0.9,0.05,1337,11c8d7a,cuda
460,501,6,6,0.774998,untargeted,,1,2,0.971569,0,400,15,18,1.000000,1.000000,1.000000,400,0.5,0.9,100,0.9,0.05,1337,11c8d7a,cuda
461,502,5,5,0.999984,untargeted,,1,3,0.959610,13,5600,15,19,0.018291,0.000000,0.017591,400,0.5,0.9,100,0.9,0.05,1337,11c8d7a,cuda
462,503,4,4,0.998065,untargeted,,1,5,0.540167,100,40400,15,13,0.194067,0.000088,0.115221,400,0.5,0.9,100,0.9,0.05,1337,11c8d7a,cuda
463,504,9,9,0.999995,untargeted,,0,9,0.999019,100,40400,23,11,0.000000,0.000000,0.282180,400,0.5,0.9,100,0.9,0.05,1337,11c8d7a,cuda
464,505,4,4,0.999959,untargeted,,0,4,0.995551,100,40400,15,2,0.000554,0.000000,0.997167,400,0.5,0.9,100,0.9,0.05,1337,11c8d7a,cuda
465,506,7,7,1.000000,untargeted,,0,7,0.965936,100,40400,14,9,1.000000,1.000000,1.000000,400,0.5,0.9,100,0.9,0.05,1337,11c8d7a,cuda
466,507,9,9,0.999999,untargeted,,0,9,0.998416,100,40400,21,29,0.000000,0.000708,1.000000,400,0.5,0.9,100,0.9,0.05,1337,11c8d7a,cuda
467,509,4,4,0.999999,untargeted,,1,2,0.565493,100,40400,16,19,1.000000,0.906261,1.000000,400,0.5,0.9,100,0.9,0.05,1337,11c8d7a,cuda
468,510,5,5,1.000000,untargeted,,0,5,0.999999,100,40400,13,12,1.000000,1.000000,0.000000,400,0.5,0.9,100,0.9,0.05,1337,11c8d7a,cuda
469,511,6,6,0.999985,untargeted,,0,6,0.994021,100,40400,15,14,0.711443,0.999961,0.999857,400,0.5,0.9,100,0.9,0.05,1337,11c8d7a,cuda
470,512,6,6,0.999997,untargeted,,0,6,0.989125,100,40400,23,13,0.000627,0.000000,0.105876,400,0.5,0.9,100,0.9,0.05,1337,11c8d7a,cuda
471,513,1,1,0.991320,untargeted,,0,1,0.593999,100,40400,8,18,0.000277,1.000000,0.998496,400,0.5,0.9,100,0.9,0.05,1337,11c8d7a,cuda
472,514,5,5,0.999941,untargeted,,1,3,0.956409,2,1200,16,12,0.923816,0.000000,0.996512,400,0.5,0.9,100,0.9,0.05,1337,11c8d7a,cuda
473,515,3,3,0.999999,untargeted,,0,3,0.875947,100,40400,18,13,1.000000,0.803582,0.983154,400,0.5,0.9,100,0.9,0.05,1337,11c8d7a,cuda
474,516,8,8,0.999994,untargeted,,0,8,0.990383,100,40400,6,23,1.000000,0.999314,1.000000,400,0.5,0.9,100,0.9,0.05,1337,11c8d7a,cuda
475,517,9,9,0.999830,untargeted,,0,9,0.966199,100,40400,23,7,0.000317,0.000000,0.573690,400,0.5,0.9,100,0.9,0.05,1337,11c8d7a,cuda
476,518,5,5,0.999681,untargeted,,1,3,0.972364,0,400,12,14,1.000000,0.746838,0.681801,400,0.5,0.9,100,0.9,0.05,1337,11c8d7a,cuda
477,519,8,8,0.970696,untargeted,,1,1,0.948858,0,400,19,22,1.000000,0.719829,1.000000,400,0.5,0.9,100,0.9,0.05,1337,11c8d7a,cuda
478,520,5,5,0.998960,untargeted,,1,3,0.946209,100,40400,10,4,0.361174,0.000013,0.000362,400,0.5,0.9,100,0.9,0.05,1337,11c8d7a,cuda
479,521,7,7,1.000000,untargeted,,0,7,0.999786,100,40400,15,19,1.000000,1.000000,1.000000,400,0.5,0.9,100,0.9,0.05,1337,11c8d7a,cuda
480,522,0,0,1.000000,untargeted,,0,0,0.999887,100,40400,16,23,0.790670,0.987640,0.920865,400,0.5,0.9,100,0.9,0.05,1337,11c8d7a,cuda
481,523,7,7,0.999816,untargeted,,0,7,0.988030,100,40400,21,12,1.000000,0.890350,0.788725,400,0.5,0.9,100,0.9,0.05,1337,11c8d7a,cuda
482,524,0,0,0.999991,untargeted,,0,0,0.999628,100,40400,30,23,0.000000,0.214164,0.001585,400,0.5,0.9,100,0.9,0.05,1337,11c8d7a,cuda
483,525,5,5,0.964735,untargeted,,1,3,0.958645,0,400,11,15,0.620412,0.000000,0.000000,400,0.5,0.9,100,0.9,0.05,1337,11c8d7a,cuda
484,526,0,0,0.999868,untargeted,,0,0,0.859829,100,40400,21,5,0.000000,0.000000,0.925984,400,0.5,0.9,100,0.9,0.05,1337,11c8d7a,cuda
485,527,0,0,0.999533,untargeted,,0,0,0.984106,100,40400,17,9,0.027258,0.000000,0.744766,400,0.5,0.9,100,0.9,0.05,1337,11c8d7a,cuda
486,528,4,4,0.999996,untargeted,,0,4,0.995458,100,40400,20,16,0.000000,0.000000,0.281057,400,0.5,0.9,100,0.9,0.05,1337,11c8d7a,cuda
487,529,6,6,1.000000,untargeted,,0,6,0.999460,100,40400,5,5,1.000000,0.935361,1.000000,400,0.5,0.9,100,0.9,0.05,1337,11c8d7a,cuda
488,530,9,9,0.999999,untargeted,,0,9,0.999217,100,40400,15,7,0.000000,0.000000,0.630028,400,0.5,0.9,100,0.9,0.05,1337,11c8d7a,cuda
489,532,9,9,0.999774,untargeted,,0,9,0.984580,100,40400,6,13,1.000000,0.999315,1.000000,400,0.5,0.9,100,0.9,0.05,1337,11c8d7a,cuda
490,533,5,5,1.000000,untargeted,,0,5,0.999782,100,40400,18,17,1.000000,1.000000,0.818217,400,0.5,0.9,100,0.9,0.05,1337,11c8d7a,cuda
491,534,6,6,0.993366,untargeted,,1,2,0.893941,100,40400,23,6,0.999821,0.876266,0.996028,400,0.5,0.9,100,0.9,0.05,1337,11c8d7a,cuda
492,535,6,6,0.996150,untargeted,,1,2,0.898323,100,40400,5,6,0.998049,1.000000,1.000000,400,0.5,0.9,100,0.9,0.05,1337,11c8d7a,cuda
493,536,6,6,1.000000,untargeted,,0,6,0.999660,100,40400,11,15,0.000000,0.000000,0.938027,400,0.5,0.9,100,0.9,0.05,1337,11c8d7a,cuda
494,538,9,9,0.639430,untargeted,,1,8,0.973871,1,800,22,6,1.000000,0.000000,0.000000,400,0.5,0.9,100,0.9,0.05,1337,11c8d7a,cuda
495,539,0,0,0.999997,untargeted,,0,0,0.999783,100,40400,7,28,0.986069,0.999978,0.556077,400,0.5,0.9,100,0.9,0.05,1337,11c8d7a,cuda
496,540,1,1,0.999832,untargeted,,0,1,0.985139,100,40400,7,20,0.998660,1.000000,0.843538,400,0.5,0.9,100,0.9,0.05,1337,11c8d7a,cuda
497,541,7,7,0.655707,untargeted,,1,4,0.935941,5,2400,9,22,0.697550,1.000000,1.000000,400,0.5,0.9,100,0.9,0.05,1337,11c8d7a,cuda
498,542,6,6,0.995272,untargeted,,1,2,0.907362,100,40400,25,5,0.000027,0.000850,0.346905,400,0.5,0.9,100,0.9,0.05,1337,11c8d7a,cuda
499,543,7,7,1.000000,untargeted,,0,7,0.999971,100,40400,26,17,0.998229,1.000000,1.000000,400,0.5,0.9,100,0.9,0.05,1337,11c8d7a,cuda
500,544,5,5,0.999993,untargeted,,0,5,0.787515,100,40400,16,13,0.998829,0.000553,0.000094,400,0.5,0.9,100,0.9,0.05,1337,11c8d7a,cuda
501,545,9,9,0.999985,untargeted,,0,9,0.999565,100,40400,15,20,1.000000,1.000000,0.999376,400,0.5,0.9,100,0.9,0.05,1337,11c8d7a,cuda
502,546,1,1,0.999965,untargeted,,0,1,0.995879,100,40400,19,3,0.000000,0.000000,0.467700,400,0.5,0.9,100,0.9,0.05,1337,11c8d7a,cuda
503,547,6,6,0.999994,untargeted,,0,6,0.997584,100,40400,22,13,1.000000,1.000000,0.999005,400,0.5,0.9,100,0.9,0.05,1337,11c8d7a,cuda
504,548,2,2,0.999968,untargeted,,0,2,0.871781,100,40400,16,12,0.000000,0.000000,0.499592,400,0.5,0.9,100,0.9,0.05,1337,11c8d7a,cuda
505,549,5,5,0.958219,untargeted,,1,3,0.969190,1,800,19,19,0.457773,0.035980,0.118687,400,0.5,0.9,100,0.9,0.05,1337,11c8d7a,cuda
506,550,5,5,0.998808,untargeted,,0,5,0.541172,100,40400,15,16,0.189813,1.000000,0.908002,400,0.5,0.9,100,0.9,0.05,1337,11c8d7a,cuda
507,551,5,5,0.995128,untargeted,,1,0,0.718283,8,3600,15,19,1.000000,0.957524,0.995351,400,0.5,0.9,100,0.9,0.05,1337,11c8d7a,cuda
508,552,8,8,0.999991,untargeted,,0,8,0.818741,100,40400,19,21,1.000000,1.000000,0.719460,400,0.5,0.9,100,0.9,0.05,1337,11c8d7a,cuda
509,553,5,5,0.999939,untargeted,,1,3,0.950066,25,10400,11,8,0.933217,0.783655,1.000000,400,0.5,0.9,100,0.9,0.05,1337,11c8d7a,cuda
510,554,9,9,1.000000,untargeted,,0,9,1.000000,100,40400,12,9,0.766851,1.000000,1.000000,400,0.5,0.9,100,0.9,0.05,1337,11c8d7a,cuda
511,555,4,4,0.999993,untargeted,,1,2,0.952714,0,400,20,13,1.000000,0.869681,0.362943,400,0.5,0.9,100,0.9,0.05,1337,11c8d7a,cuda
512,556,6,6,0.999974,untargeted,,1,4,0.940448,9,4000,18,15,1.000000,1.000000,0.920482,400,0.5,0.9,100,0.9,0.05,1337,11c8d7a,cuda
513,557,4,4,1.000000,untargeted,,0,4,0.999980,100,40400,25,12,1.000000,1.000000,1.000000,400,0.5,0.9,100,0.9,0.05,1337,11c8d7a,cuda
514,558,3,3,0.999955,untargeted,,1,5,0.967521,4,2000,16,12,1.000000,0.000000,0.331527,400,0.5,0.9,100,0.9,0.05,1337,11c8d7a,cuda
515,559,2,2,1.000000,untargeted,,0,2,0.999999,100,40400,19,13,0.921953,1.000000,1.000000,400,0.5,0.9,100,0.9,0.05,1337,11c8d7a,cuda
516,560,0,0,0.998684,untargeted,,0,0,0.927520,100,40400,19,15,0.455052,0.182480,0.843201,400,0.5,0.9,100,0.9,0.05,1337,11c8d7a,cuda
517,561,7,7,0.999152,untargeted,,0,7,0.542833,100,40400,14,15,0.999675,0.745248,0.255537,400,0.5,0.9,100,0.9,0.05,1337,11c8d7a,cuda
518,563,2,2,0.992690,untargeted,,1,4,0.874122,100,40400,27,9,0.999941,0.836695,0.800200,400,0.5,0.9,100,0.9,0.05,1337,11c8d7a,cuda
519,564,2,2,1.000000,untargeted,,0,2,0.999977,100,40400,25,8,1.000000,1.000000,1.000000,400,0.5,0.9,100,0.9,0.05,1337,11c8d7a,cuda
520,565,3,3,0.998019,untargeted,,1,5,0.950191,13,5600,24,12,0.000000,0.129050,0.874190,400,0.5,0.9,100,0.9,0.05,1337,11c8d7a,cuda
521,566,9,9,0.999999,untargeted,,0,9,0.999949,100,40400,20,4,0.999372,0.007591,0.000000,400,0.5,0.9,100,0.9,0.05,1337,11c8d7a,cuda
522,567,7,7,0.520488,untargeted,,1,3,0.918776,0,400,12,15,0.883681,0.933658,0.994350,400,0.5,0.9,100,0.9,0.05,1337,11c8d7a,cuda
523,568,9,9,0.997248,untargeted,,1,0,0.872941,100,40400,11,27,0.911990,0.445810,0.999905,400,0.5,0.9,100,0.9,0.05,1337,11c8d7a,cuda
524,569,2,2,0.999998,untargeted,,0,2,0.999837,100,40400,19,18,1.000000,0.000412,0.000000,400,0.5,0.9,100,0.9,0.05,1337,11c8d7a,cuda
525,570,6,6,0.840469,untargeted,,1,3,0.996829,0,400,20,19,0.119151,0.503804,1.000000,400,0.5,0.9,100,0.9,0.05,1337,11c8d7a,cuda
526,571,7,7,0.999999,untargeted,,0,7,0.999460,100,40400,8,9,1.000000,1.000000,0.999565,400,0.5,0.9,100,0.9,0.05,1337,11c8d7a,cuda
527,572,1,1,0.965430,untargeted,,1,9,0.687436,100,40400,18,29,1.000000,0.999663,1.000000,400,0.5,0.9,100,0.9,0.05,1337,11c8d7a,cuda
528,573,3,3,0.999995,untargeted,,0,3,0.977353,100,40400,14,4,0.000101,0.000083,0.430925,400,0.5,0.9,100,0.9,0.05,1337,11c8d7a,cuda
529,574,6,6,0.999872,untargeted,,1,3,0.978017,16,6800,19,18,1.000000,1.000000,0.994453,400,0.5,0.9,100,0.9,0.05,1337,11c8d7a,cuda
530,575,6,6,0.999766,untargeted,,1,3,0.948150,2,1200,18,15,0.000000,0.000000,0.385631,400,0.5,0.9,100,0.9,0.05,1337,11c8d7a,cuda
531,576,8,8,0.999991,untargeted,,1,0,0.887290,100,40400,19,22,1.000000,0.999358,1.000000,400,0.5,0.9,100,0.9,0.05,1337,11c8d7a,cuda
532,578,7,7,0.985609,untargeted,,0,7,0.579576,100,40400,9,10,0.000000,0.000000,0.987238,400,0.5,0.9,100,0.9,0.05,1337,11c8d7a,cuda
533,579,5,5,0.999017,untargeted,,0,5,0.570214,100,40400,12,9,0.337779,0.999907,0.000467,400,0.5,0.9,100,0.9,0.05,1337,11c8d7a,cuda
534,580,4,4,1.000000,untargeted,,0,4,0.999713,100,40400,18,6,0.000000,0.000000,0.999573,400,0.5,0.9,100,0.9,0.05,1337,11c8d7a,cuda
535,581,0,0,0.999973,untargeted,,0,0,0.998895,100,40400,5,2,1.000000,0.271504,0.000680,400,0.5,0.9,100,0.9,0.05,1337,11c8d7a,cuda
536,582,8,8,0.999830,untargeted,,0,8,0.996811,100,40400,8,15,0.807493,0.000000,0.001236,400,0.5,0.9,100,0.9,0.05,1337,11c8d7a,cuda
537,583,4,4,0.999935,untargeted,,0,4,0.983547,100,40400,14,16,1.000000,0.955909,1.000000,400,0.5,0.9,100,0.9,0.05,1337,11c8d7a,cuda
538,584,0,0,0.999999,untargeted,,0,0,0.999840,100,40400,8,3,0.998756,1.000000,1.000000,400,0.5,0.9,100,0.9,0.05,1337,11c8d7a,cuda
539,585,9,9,0.999701,untargeted,,0,9,0.761555,100,40400,11,9,0.000000,0.000000,0.559600,400,0.5,0.9,100,0.9,0.05,1337,11c8d7a,cuda
540,586,3,3,0.999798,untargeted,,1,6,0.987247,0,400,10,15,0.339109,1.000000,1.000000,400,0.5,0.9,100,0.9,0.05,1337,11c8d7a,cuda
541,587,4,4,0.999927,untargeted,,0,4,0.950476,100,40400,13,10,0.000000,0.000000,0.500000,400,0.5,0.9,100,0.9,0.05,1337,11c8d7a,cuda
542,588,8,8,1.000000,untargeted,,0,8,0.866540,100,40400,18,23,1.000000,1.000000,1.000000,400,0.5,0.9,100,0.9,0.05,1337,11c8d7a,cuda
543,589,9,9,0.999991,untargeted,,0,9,0.999903,100,40400,13,23,0.000000,0.320675,1.000000,400,0.5,0.9,100,0.9,0.05,1337,11c8d7a,cuda
544,590,6,6,1.000000,untargeted,,0,6,0.999959,100,40400,15,18,1.000000,1.000000,0.999540,400,0.5,0.9,100,0.9,0.05,1337,11c8d7a,cuda
545,591,9,9,0.999995,untargeted,,0,9,0.971074,100,40400,18,9,1.000000,1.000000,0.998829,400,0.5,0.9,100,0.9,0.05,1337,11c8d7a,cuda
546,592,2,2,0.999927,untargeted,,0,2,0.964245,100,40400,11,16,1.000000,0.999475,1.000000,400,0.5,0.9,100,0.9,0.05,1337,11c8d7a,cuda
547,593,6,6,0.999832,untargeted,,1,2,0.683501,100,40400,4,6,1.000000,1.000000,1.000000,400,0.5,0.9,100,0.9,0.05,1337,11c8d7a,cuda
548,594,1,1,0.999999,untargeted,,0,1,0.999671,100,40400,18,26,0.000000,0.000000,0.948963,400,0.5,0.9,100,0.9,0.05,1337,11c8d7a,cuda
549,595,4,4,0.999999,untargeted,,0,4,0.896834,100,40400,13,14,1.000000,1.000000,1.000000,400,0.5,0.9,100,0.9,0.05,1337,11c8d7a,cuda
550,596,7,7,0.999970,untargeted,,0,7,0.994794,100,40400,15,14,0.000000,0.000000,0.997876,400,0.5,0.9,100,0.9,0.05,1337,11c8d7a,cuda
551,598,5,5,0.872332,untargeted,,1,3,0.974990,1,800,7,12,0.982786,1.000000,0.511136,400,0.5,0.9,100,0.9,0.05,1337,11c8d7a,cuda
552,599,3,3,0.999949,untargeted,,1,5,0.965375,0,400,12,2,0.942376,0.688453,0.974174,400,0.5,0.9,100,0.9,0.05,1337,11c8d7a,cuda
553,600,8,8,0.999984,untargeted,,0,8,0.979243,100,40400,17,27,0.000000,0.000000,0.522124,400,0.5,0.9,100,0.9,0.05,1337,11c8d7a,cuda
554,601,5,5,0.997157,untargeted,,1,3,0.984024,0,400,23,8,0.910501,0.022336,0.553487,400,0.5,0.9,100,0.9,0.05,1337,11c8d7a,cuda
555,602,0,0,1.000000,untargeted,,0,0,0.999916,100,40400,14,20,0.999869,0.999736,0.671986,400,0.5,0.9,100,0.9,0.05,1337,11c8d7a,cuda
556,603,2,2,1.000000,untargeted,,0,2,0.999996,100,40400,11,15,0.000000,0.000000,0.000000,400,0.5,0.9,100,0.9,0.05,1337,11c8d7a,cuda
557,604,1,1,0.999997,untargeted,,0,1,0.999911,100,40400,10,21,0.913063,1.000000,1.000000,400,0.5,0.9,100,0.9,0.05,1337,11c8d7a,cuda
558,605,6,6,0.999986,untargeted,,0,6,0.999444,100,40400,16,25,1.000000,1.000000,0.999366,400,0.5,0.9,100,0.9,0.05,1337,11c8d7a,cuda
559,608,3,3,0.999945,untargeted,,0,3,0.969268,100,40400,12,9,0.999932,0.916261,1.000000,400,0.5,0.9,100,0.9,0.05,1337,11c8d7a,cuda
560,609,9,9,0.999983,untargeted,,0,9,0.999904,100,40400,7,30,0.000643,0.000311,0.997426,400,0.5,0.9,100,0.9,0.05,1337,11c8d7a,cuda
561,610,6,6,1.000000,untargeted,,0,6,0.840732,100,40400,14,11,0.999363,1.000000,1.000000,400,0.5,0.9,100,0.9,0.05,1337,11c8d7a,cuda
562,611,9,9,0.998491,untargeted,,0,9,0.857294,100,40400,19,15,0.000000,0.000156,0.997959,400,0.5,0.9,100,0.9,0.05,1337,11c8d7a,cuda
563,612,8,8,0.999988,untargeted,,0,8,0.986813,100,40400,23,7,0.000936,0.000015,0.341194,400,0.5,0.9,100,0.9,0.05,1337,11c8d7a,cuda
564,613,8,8,1.000000,untargeted,,0,8,0.998432,100,40400,19,26,0.000000,0.000000,1.000000,400,0.5,0.9,100,0.9,0.05,1337,11c8d7a,cuda
565,614,5,5,1.000000,untargeted,,0,5,0.995956,100,40400,12,13,0.406074,1.000000,1.000000,400,0.5,0.9,100,0.9,0.05,1337,11c8d7a,cuda
566,615,8,8,0.999991,untargeted,,0,8,0.921265,100,40400,6,10,0.000329,1.000000,0.943561,400,0.5,0.9,100,0.9,0.05,1337,11c8d7a,cuda
567,616,6,6,0.999957,untargeted,,0,6,0.980445,100,40400,11,12,1.000000,1.000000,1.000000,400,0.5,0.9,100,0.9,0.05,1337,11c8d7a,cuda
568,617,6,6,0.999999,untargeted,,0,6,0.996955,100,40400,6,7,0.959058,1.000000,1.000000,400,0.5,0.9,100,0.9,0.05,1337,11c8d7a,cuda
569,618,2,2,0.401716,untargeted,,1,7,0.357000,0,400,11,11,0.000000,1.000000,0.000000,400,0.5,0.9,100,0.9,0.05,1337,11c8d7a,cuda
570,619,1,1,0.999906,untargeted,,0,1,0.995091,100,40400,11,17,1.000000,0.835299,0.999688,400,0.5,0.9,100,0.9,0.05,1337,11c8d7a,cuda
571,620,7,7,0.999996,untargeted,,0,7,0.999515,100,40400,18,8,0.000000,0.000204,0.553717,400,0.5,0.9,100,0.9,0.05,1337,11c8d7a,cuda
572,621,7,7,0.999941,untargeted,,1,3,0.839327,100,40400,21,9,0.495008,0.000000,0.000011,400,0.5,0.9,100,0.9,0.05,1337,11c8d7a,cuda
573,622,1,1,0.999998,untargeted,,0,1,0.999255,100,40400,24,20,1.000000,0.000861,0.000000,400,0.5,0.9,100,0.9,0.05,1337,11c8d7a,cuda
574,623,2,2,0.997361,untargeted,,1,5,0.520839,100,40400,16,14,0.998298,0.959422,0.999676,400,0.5,0.9,100,0.9,0.05,1337,11c8d7a,cuda
575,624,7,7,0.999740,untargeted,,0,7,0.976806,100,40400,17,24,0.000000,0.000000,0.998537,400,0.5,0.9,100,0.9,0.05,1337,11c8d7a,cuda
576,625,9,9,0.999124,untargeted,,0,9,0.969091,100,40400,15,18,1.000000,1.000000,0.999541,400,0.5,0.9,100,0.9,0.05,1337,11c8d7a,cuda
577,626,9,9,0.999994,untargeted,,0,9,0.999524,100,40400,15,26,0.999831,0.637587,0.885400,400,0.5,0.9,100,0.9,0.05,1337,11c8d7a,cuda
578,627,4,4,0.999938,untargeted,,1,2,0.676586,100,40400,21,9,1.000000,0.903372,1.000000,400,0.5,0.9,100,0.9,0.05,1337,11c8d7a,cuda
579,628,4,4,0.999999,untargeted,,0,4,0.999216,100,40400,5,16,1.000000,0.867296,1.000000,400,0.5,0.9,100,0.9,0.05,1337,11c8d7a,cuda
580,629,1,1,0.998963,untargeted,,0,1,0.899301,100,40400,21,20,0.000000,0.000000,0.597460,400,0.5,0.9,100,0.9,0.05,1337,11c8d7a,cuda
581,630,2,2,0.999973,untargeted,,0,2,0.643516,100,40400,18,22,1.000000,0.997862,0.999519,400,0.5,0.9,100,0.9,0.05,1337,11c8d7a,cuda
582,631,5,5,0.996095,untargeted,,1,2,0.941180,0,400,15,18,1.000000,0.972453,0.825069,400,0.5,0.9,100,0.9,0.05,1337,11c8d7a,cuda
583,632,6,6,0.999843,untargeted,,1,3,0.952880,8,3600,11,10,1.000000,0.943764,1.000000,400,0.5,0.9,100,0.9,0.05,1337,11c8d7a,cuda
584,633,8,8,0.998637,untargeted,,1,0,0.949624,9,4000,23,17,0.086975,0.032025,0.588367,400,0.5,0.9,100,0.9,0.05,1337,11c8d7a,cuda
585,634,7,7,0.997417,untargeted,,1,4,0.939453,8,3600,17,11,1.000000,1.000000,0.657090,400,0.5,0.9,100,0.9,0.05,1337,11c8d7a,cuda
586,635,6,6,0.988221,untargeted,,1,3,0.878668,100,40400,12,5,0.067150,0.000000,0.000000,400,0.5,0.9,100,0.9,0.05,1337,11c8d7a,cuda
587,636,8,8,0.999872,untargeted,,0,8,0.550800,100,40400,20,21,0.930953,0.999977,0.999336,400,0.5,0.9,100,0.9,0.05,1337,11c8d7a,cuda
588,637,3,3,0.999758,untargeted,,1,7,0.775363,100,40400,22,10,0.000278,0.065813,1.000000,400,0.5,0.9,100,0.9,0.05,1337,11c8d7a,cuda
589,638,0,0,0.999554,untargeted,,1,2,0.938019,100,40400,10,6,0.000000,0.000000,0.002687,400,0.5,0.9,100,0.9,0.05,1337,11c8d7a,cuda
590,639,5,5,0.942081,untargeted,,1,3,0.941954,26,10800,18,4,0.000000,0.006825,0.000000,400,0.5,0.9,100,0.9,0.05,1337,11c8d7a,cuda
591,640,5,5,0.756461,untargeted,,1,3,0.995791,0,400,19,6,0.256104,0.522531,1.000000,400,0.5,0.9,100,0.9,0.05,1337,11c8d7a,cuda
592,641,3,3,0.992469,untargeted,,1,2,0.889559,1,800,15,9,0.803978,0.138947,0.977464,400,0.5,0.9,100,0.9,0.05,1337,11c8d7a,cuda
593,642,0,0,0.988238,untargeted,,1,2,0.822301,100,40400,20,19,1.000000,0.000000,0.000000,400,0.5,0.9,100,0.9,0.05,1337,11c8d7a,cuda
594,643,7,7,0.999986,untargeted,,0,7,0.987650,100,40400,21,8,0.833677,0.778684,0.953909,400,0.5,0.9,100,0.9,0.05,1337,11c8d7a,cuda
595,644,9,9,0.999980,untargeted,,0,9,0.945319,100,40400,15,25,1.000000,0.000617,0.000123,400,0.5,0.9,100,0.9,0.05,1337,11c8d7a,cuda
596,645,1,1,0.999827,untargeted,,0,1,0.991558,100,40400,10,18,0.616912,0.000000,0.000000,400,0.5,0.9,100,0.9,0.05,1337,11c8d7a,cuda
597,646,3,3,0.942860,untargeted,,1,5,0.590953,5,2400,15,16,0.000000,0.000000,0.553601,400,0.5,0.9,100,0.9,0.05,1337,11c8d7a,cuda
598,647,4,4,0.980780,untargeted,,1,3,0.873389,0,400,19,20,0.211914,0.000000,0.786294,400,0.5,0.9,100,0.9,0.05,1337,11c8d7a,cuda
599,648,4,4,0.999964,untargeted,,0,4,0.955676,100,40400,17,12,0.047765,0.818324,1.000000,400,0.5,0.9,100,0.9,0.05,1337,11c8d7a,cuda
600,649,5,5,0.999960,untargeted,,0,5,0.990835,100,40400,6,15,0.625797,0.000000,0.000000,400,0.5,0.9,100,0.9,0.05,1337,11c8d7a,cuda
601,650,3,3,1.000000,untargeted,,0,3,0.999996,100,40400,26,25,0.149329,0.102963,1.000000,400,0.5,0.9,100,0.9,0.05,1337,11c8d7a,cuda
602,651,9,9,0.985357,untargeted,,1,1,0.896225,100,40400,7,15,0.983652,0.066881,1.000000,400,0.5,0.9,100,0.9,0.05,1337,11c8d7a,cuda
603,652,5,5,0.999371,untargeted,,1,3,0.984078,1,800,19,10,1.000000,1.000000,1.000000,400,0.5,0.9,100,0.9,0.05,1337,11c8d7a,cuda
604,653,6,6,1.000000,untargeted,,0,6,0.999274,100,40400,14,19,0.000000,0.000000,1.000000,400,0.5,0.9,100,0.9,0.05,1337,11c8d7a,cuda
605,654,9,9,0.999684,untargeted,,0,9,0.921216,100,40400,19,25,0.000367,0.000000,1.000000,400,0.5,0.9,100,0.9,0.05,1337,11c8d7a,cuda
606,655,2,2,0.989594,untargeted,,1,0,0.748671,3,1600,18,21,0.000000,0.019813,0.102456,400,0.5,0.9,100,0.9,0.05,1337,11c8d7a,cuda
607,656,1,1,0.999997,untargeted,,0,1,0.999795,100,40400,13,2,0.000000,0.000564,0.999125,400,0.5,0.9,100,0.9,0.05,1337,11c8d7a,cuda
608,658,4,4,0.995822,untargeted,,1,5,0.945302,13,5600,10,24,0.000000,0.000000,0.476510,400,0.5,0.9,100,0.9,0.05,1337,11c8d7a,cuda
609,659,1,1,0.999989,untargeted,,0,1,0.998125,100,40400,11,10,0.999794,0.814811,1.000000,400,0.5,0.9,100,0.9,0.05,1337,11c8d7a,cuda
610,660,9,9,0.999998,untargeted,,0,9,0.999627,100,40400,7,21,0.997946,1.000000,0.998451,400,0.5,0.9,100,0.9,0.05,1337,11c8d7a,cuda
611,661,4,4,0.999773,untargeted,,0,4,0.694260,100,40400,10,6,0.000000,0.000187,0.723275,400,0.5,0.9,100,0.9,0.05,1337,11c8d7a,cuda
612,662,7,7,0.999988,untargeted,,0,7,0.999764,100,40400,9,14,1.000000,0.993942,1.000000,400,0.5,0.9,100,0.9,0.05,1337,11c8d7a,cuda
613,663,6,6,0.913670,untargeted,,1,5,0.999521,0,400,19,21,0.000000,0.973952,0.894278,400,0.5,0.9,100,0.9,0.05,1337,11c8d7a,cuda
614,664,3,3,0.999987,untargeted,,0,3,0.997517,100,40400,19,5,1.000000,0.993862,0.997922,400,0.5,0.9,100,0.9,0.05,1337,11c8d7a,cuda
615,666,9,9,1.000000,untargeted,,0,9,0.999971,100,40400,10,7,1.000000,0.997699,1.000000,400,0.5,0.9,100,0.9,0.05,1337,11c8d7a,cuda
616,667,0,0,0.999917,untargeted,,0,0,0.923069,100,40400,23,18,0.733450,0.211250,0.389269,400,0.5,0.9,100,0.9,0.05,1337,11c8d7a,cuda
617,668,1,1,0.999893,untargeted,,0,1,0.998085,100,40400,8,19,1.000000,0.999743,0.996519,400,0.5,0.9,100,0.9,0.05,1337,11c8d7a,cuda
618,669,3,3,0.999999,untargeted,,0,3,0.928368,100,40400,15,12,1.000000,0.999766,1.000000,400,0.5,0.9,100,0.9,0.05,1337,11c8d7a,cuda
619,670,6,6,1.000000,untargeted,,0,6,0.999759,100,40400,5,3,0.000000,0.000000,0.318402,400,0.5,0.9,100,0.9,0.05,1337,11c8d7a,cuda
620,671,3,3,0.931206,untargeted,,1,5,0.953539,0,400,16,18,0.000000,0.234836,0.000000,400,0.5,0.9,100,0.9,0.05,1337,11c8d7a,cuda
621,673,3,3,0.999819,untargeted,,0,3,0.993865,100,40400,10,20,0.341046,1.000000,1.000000,400,0.5,0.9,100,0.9,0.05,1337,11c8d7a,cuda
622,674,2,2,0.999070,untargeted,,1,4,0.928965,3,1600,18,7,0.481028,0.432180,0.674056,400,0.5,0.9,100,0.9,0.05,1337,11c8d7a,cuda
623,675,0,0,0.602772,untargeted,,1,3,0.604068,100,40400,24,9,0.837931,1.000000,0.932133,400,0.5,0.9,100,0.9,0.05,1337,11c8d7a,cuda
624,676,3,3,0.999997,untargeted,,0,3,0.997650,100,40400,17,1,1.000000,0.677985,1.000000,400,0.5,0.9,100,0.9,0.05,1337,11c8d7a,cuda
625,677,1,1,0.998587,untargeted,,1,9,0.935202,100,40400,5,19,0.804879,0.848426,0.460866,400,0.5,0.9,100,0.9,0.05,1337,11c8d7a,cuda
626,678,0,0,0.994196,untargeted,,1,4,0.526625,100,40400,20,15,0.000550,0.000614,0.589150,400,0.5,0.9,100,0.9,0.05,1337,11c8d7a,cuda
627,679,5,5,0.999704,untargeted,,1,3,0.954594,5,2400,16,10,0.665272,1.000000,0.387810,400,0.5,0.9,100,0.9,0.05,1337,11c8d7a,cuda
628,681,6,6,1.000000,untargeted,,1,3,0.744770,100,40400,16,10,0.514089,1.000000,0.999978,400,0.5,0.9,100,0.9,0.05,1337,11c8d7a,cuda
629,682,4,4,0.997132,untargeted,,1,0,0.990245,0,400,14,14,0.702389,0.091884,0.981885,400,0.5,0.9,100,0.9,0.05,1337,11c8d7a,cuda
630,684,9,9,0.999490,untargeted,,0,9,0.580261,100,40400,21,16,0.000510,0.000267,1.000000,400,0.5,0.9,100,0.9,0.05,1337,11c8d7a,cuda
631,686,9,9,0.999566,untargeted,,0,9,0.909421,100,40400,23,26,0.692640,0.999405,1.000000,400,0.5,0.9,100,0.9,0.05,1337,11c8d7a,cuda
632,687,6,6,0.992203,untargeted,,1,3,0.712789,0,400,15,13,0.067757,0.000000,0.372759,400,0.5,0.9,100,0.9,0.05,1337,11c8d7a,cuda
633,688,3,3,0.999894,untargeted,,1,6,0.527158,100,40400,24,7,0.000000,0.000555,0.503184,400,0.5,0.9,100,0.9,0.05,1337,11c8d7a,cuda
634,689,0,0,0.527513,untargeted,,1,6,0.983171,8,3600,15,17,0.321216,1.000000,0.085649,400,0.5,0.9,100,0.9,0.05,1337,11c8d7a,cuda
635,690,3,3,0.997960,untargeted,,1,4,0.961798,1,800,21,11,0.169272,0.003558,0.347257,400,0.5,0.9,100,0.9,0.05,1337,11c8d7a,cuda
636,691,2,2,0.999784,untargeted,,0,2,0.991379,100,40400,20,19,0.997754,1.000000,1.000000,400,0.5,0.9,100,0.9,0.05,1337,11c8d7a,cuda
637,692,2,2,0.952982,untargeted,,1,0,0.961272,4,2000,26,12,0.143967,0.000000,1.000000,400,0.5,0.9,100,0.9,0.05,1337,11c8d7a,cuda
638,693,7,7,0.999993,untargeted,,0,7,0.997933,100,40400,12,9,1.000000,0.999666,1.000000,400,0.5,0.9,100,0.9,0.05,1337,11c8d7a,cuda
639,694,8,8,0.999999,untargeted,,0,8,0.999003,100,40400,18,23,0.999558,0.999370,0.999219,400,0.5,0.9,100,0.9,0.05,1337,11c8d7a,cuda
640,695,3,3,0.999999,untargeted,,0,3,0.999820,100,40400,14,12,0.000291,0.000077,0.712307,400,0.5,0.9,100,0.9,0.05,1337,11c8d7a,cuda
641,696,8,8,0.999741,untargeted,,0,8,0.648226,100,40400,21,7,0.000000,0.000000,0.511894,400,0.5,0.9,100,0.9,0.05,1337,11c8d7a,cuda
642,697,2,2,0.998974,untargeted,,1,0,0.984794,0,400,28,15,1.000000,1.000000,0.531116,400,0.5,0.9,100,0.9,0.05,1337,11c8d7a,cuda
643,698,7,7,0.998795,untargeted,,0,7,0.976465,100,40400,18,17,1.000000,0.998943,1.000000,400,0.5,0.9,100,0.9,0.05,1337,11c8d7a,cuda
644,699,5,5,0.999327,untargeted,,0,5,0.581466,100,40400,20,7,1.000000,0.000842,0.000000,400,0.5,0.9,100,0.9,0.05,1337,11c8d7a,cuda
645,700,7,7,0.999999,untargeted,,0,7,0.999945,100,40400,14,9,1.000000,1.000000,0.644487,400,0.5,0.9,100,0.9,0.05,1337,11c8d7a,cuda
646,701,2,2,0.999998,untargeted,,0,2,0.936713,100,40400,18,14,0.000000,0.000666,1.000000,400,0.5,0.9,100,0.9,0.05,1337,11c8d7a,cuda
647,702,4,4,1.000000,untargeted,,0,4,0.998716,100,40400,12,13,0.000000,0.000515,0.604973,400,0.5,0.9,100,0.9,0.05,1337,11c8d7a,cuda
648,703,8,8,1.000000,untargeted,,0,8,0.984422,100,40400,17,21,1.000000,0.936747,0.999552,400,0.5,0.9,100,0.9,0.05,1337,11c8d7a,cuda
649,704,7,7,0.982241,untargeted,,1,2,0.939555,14,6000,21,17,1.000000,0.601565,1.000000,400,0.5,0.9,100,0.9,0.05,1337,11c8d7a,cuda
650,705,4,4,0.999999,untargeted,,0,4,0.998861,100,40400,15,18,0.000065,0.002557,0.759945,400,0.5,0.9,100,0.9,0.05,1337,11c8d7a,cuda
651,706,2,2,0.999749,untargeted,,0,2,0.820487,100,40400,23,8,0.839136,0.000569,0.000000,400,0.5,0.9,100,0.9,0.05,1337,11c8d7a,cuda
652,707,9,9,0.999999,untargeted,,0,9,0.999902,100,40400,12,19,0.000000,0.000000,0.990041,400,0.5,0.9,100,0.9,0.05,1337,11c8d7a,cuda
653,708,8,8,0.999687,untargeted,,1,2,0.743568,100,40400,10,10,0.000000,0.000000,0.998794,400,0.5,0.9,100,0.9,0.05,1337,11c8d7a,cuda
654,709,8,8,1.000000,untargeted,,0,8,0.998727,100,40400,16,21,0.999678,0.999934,0.997008,400,0.5,0.9,100,0.9,0.05,1337,11c8d7a,cuda
655,710,6,6,0.889627,untargeted,,1,2,0.957669,17,7200,3,10,0.000000,0.541680,0.605049,400,0.5,0.9,100,0.9,0.05,1337,11c8d7a,cuda
656,711,8,8,0.999799,untargeted,,1,0,0.959229,0,400,18,9,0.303998,0.000000,0.850236,400,0.5,0.9,100,0.9,0.05,1337,11c8d7a,cuda
657,712,8,8,1.000000,untargeted,,0,8,0.803038,100,40400,18,19,1.000000,1.000000,0.999352,400,0.5,0.9,100,0.9,0.05,1337,11c8d7a,cuda
658,713,7,7,1.000000,untargeted,,1,5,0.682584,9,4000,13,13,0.947530,0.864035,1.000000,400,0.5,0.9,100,0.9,0.05,1337,11c8d7a,cuda
659,714,4,4,0.999866,untargeted,,1,3,0.693471,100,40400,23,17,0.388742,0.000073,0.000000,400,0.5,0.9,100,0.9,0.05,1337,11c8d7a,cuda
660,716,3,3,0.999990,untargeted,,1,5,0.820779,100,40400,16,8,0.000000,0.000414,0.556674,400,0.5,0.9,100,0.9,0.05,1337,11c8d7a,cuda
661,717,8,8,0.999806,untargeted,,0,8,0.545850,100,40400,13,24,0.000000,0.000291,0.999628,400,0.5,0.9,100,0.9,0.05,1337,11c8d7a,cuda
662,718,4,4,0.999983,untargeted,,0,4,0.995878,100,40400,20,2,0.999851,0.975401,0.999978,400,0.5,0.9,100,0.9,0.05,1337,11c8d7a,cuda
663,719,9,9,0.999996,untargeted,,0,9,0.999287,100,40400,11,4,0.000000,0.000305,1.000000,400,0.5,0.9,100,0.9,0.05,1337,11c8d7a,cuda
664,720,4,4,0.999739,untargeted,,0,4,0.712371,100,40400,15,15,0.999572,0.983755,1.000000,400,0.5,0.9,100,0.9,0.05,1337,11c8d7a,cuda
665,721,8,8,0.999982,untargeted,,0,8,0.863279,100,40400,22,22,1.000000,0.999102,0.999462,400,0.5,0.9,100,0.9,0.05,1337,11c8d7a,cuda
666,722,8,8,1.000000,untargeted,,0,8,0.999570,100,40400,19,22,1.000000,0.999369,0.999530,400,0.5,0.9,100,0.9,0.05,1337,11c8d7a,cuda
667,723,1,1,1.000000,untargeted,,0,1,0.999985,100,40400,19,6,1.000000,1.000000,1.000000,400,0.5,0.9,100,0.9,0.05,1337,11c8d7a,cuda
668,724,8,8,0.999755,untargeted,,1,0,0.985616,1,800,13,27,0.000000,0.221589,0.631093,400,0.5,0.9,100,0.9,0.05,1337,11c8d7a,cuda
669,726,1,1,0.999995,untargeted,,0,1,0.999154,100,40400,15,2,1.000000,0.999032,0.999242,400,0.5,0.9,100,0.9,0.05,1337,11c8d7a,cuda
670,728,6,6,0.984997,untargeted,,1,2,0.987152,10,4400,7,11,0.000000,0.001391,0.944643,400,0.5,0.9,100,0.9,0.05,1337,11c8d7a,cuda
671,729,5,5,0.999989,untargeted,,1,3,0.625611,100,40400,21,16,0.999842,0.935176,0.999956,400,0.5,0.9,100,0.9,0.05,1337,11c8d7a,cuda
672,730,4,4,0.984920,untargeted,,1,5,0.995300,0,400,14,12,0.835900,1.000000,0.672868,400,0.5,0.9,100,0.9,0.05,1337,11c8d7a,cuda
673,731,2,2,0.600016,untargeted,,1,0,0.962303,0,400,7,10,1.000000,0.000000,0.872302,400,0.5,0.9,100,0.9,0.05,1337,11c8d7a,cuda
674,732,7,7,0.999999,untargeted,,0,7,0.999955,100,40400,5,5,1.000000,1.000000,1.000000,400,0.5,0.9,100,0.9,0.05,1337,11c8d7a,cuda
675,733,9,9,0.997996,untargeted,,0,9,0.841691,100,40400,11,14,0.921528,0.998600,1.000000,400,0.5,0.9,100,0.9,0.05,1337,11c8d7a,cuda
676,735,4,4,0.806397,untargeted,,1,6,0.980547,0,400,18,19,0.168436,0.263008,0.389678,400,0.5,0.9,100,0.9,0.05,1337,11c8d7a,cuda
677,736,1,1,0.999781,untargeted,,0,1,0.936558,100,40400,23,19,0.725379,0.000000,0.000127,400,0.5,0.9,100,0.9,0.05,1337,11c8d7a,cuda
678,737,4,4,1.000000,untargeted,,0,4,0.992888,100,40400,21,14,0.998036,1.000000,0.998441,400,0.5,0.9,100,0.9,0.05,1337,11c8d7a,cuda
679,738,1,1,0.999990,untargeted,,0,1,0.998801,100,40400,4,20,1.000000,0.942780,0.998813,400,0.5,0.9,100,0.9,0.05,1337,11c8d7a,cuda
680,740,2,2,0.999943,untargeted,,0,2,0.941735,100,40400,14,2,0.999792,0.900499,0.679322,400,0.5,0.9,100,0.9,0.05,1337,11c8d7a,cuda
681,741,7,7,0.999995,untargeted,,0,7,0.999796,100,40400,22,22,0.000000,0.000000,0.993849,400,0.5,0.9,100,0.9,0.05,1337,11c8d7a,cuda
682,742,0,0,0.999999,untargeted,,0,0,0.999877,100,40400,5,24,0.000001,0.403116,0.333565,400,0.5,0.9,100,0.9,0.05,1337,11c8d7a,cuda
683,743,7,7,0.999994,untargeted,,0,7,0.999141,100,40400,14,20,0.000000,0.000000,0.546241,400,0.5,0.9,100,0.9,0.05,1337,11c8d7a,cuda
684,744,9,9,0.847396,untargeted,,1,3,0.945529,28,11600,20,11,0.661909,1.000000,1.000000,400,0.5,0.9,100,0.9,0.05,1337,11c8d7a,cuda
685,745,7,7,0.997255,untargeted,,0,7,0.614678,100,40400,14,11,0.214761,0.000000,0.067345,400,0.5,0.9,100,0.9,0.05,1337,11c8d7a,cuda
686,746,6,6,0.981371,untargeted,,1,2,0.994375,0,400,10,6,0.466701,0.707076,1.000000,400,0.5,0.9,100,0.9,0.05,1337,11c8d7a,cuda
687,747,6,6,0.999980,untargeted,,0,6,0.970703,100,40400,22,15,0.998817,0.999144,1.000000,400,0.5,0.9,100,0.9,0.05,1337,11c8d7a,cuda
688,748,2,2,0.999999,untargeted,,0,2,0.999766,100,40400,10,15,1.000000,0.993094,1.000000,400,0.5,0.9,100,0.9,0.05,1337,11c8d7a,cuda
689,749,5,5,0.999588,untargeted,,1,3,0.949547,2,1200,12,9,0.181767,0.586588,0.388035,400,0.5,0.9,100,0.9,0.05,1337,11c8d7a,cuda
690,750,9,9,0.999822,untargeted,,0,9,0.880697,100,40400,26,26,0.000217,0.000121,1.000000,400,0.5,0.9,100,0.9,0.05,1337,11c8d7a,cuda
691,751,2,2,0.963584,untargeted,,1,0,0.951925,7,3200,13,10,1.000000,1.000000,0.703351,400,0.5,0.9,100,0.9,0.05,1337,11c8d7a,cuda
692,752,9,9,0.999903,untargeted,,0,9,0.511518,100,40400,9,14,0.999608,0.551460,0.999603,400,0.5,0.9,100,0.9,0.05,1337,11c8d7a,cuda
693,753,1,1,0.999975,untargeted,,0,1,0.988659,100,40400,15,4,0.000156,0.000052,0.974654,400,0.5,0.9,100,0.9,0.05,1337,11c8d7a,cuda
694,754,2,2,0.999999,untargeted,,0,2,0.956547,100,40400,11,14,0.993397,1.000000,1.000000,400,0.5,0.9,100,0.9,0.05,1337,11c8d7a,cuda
695,755,2,2,0.999913,untargeted,,0,2,0.673102,100,40400,20,18,0.000793,0.000000,0.998575,400,0.5,0.9,100,0.9,0.05,1337,11c8d7a,cuda
696,756,6,6,0.999987,untargeted,,0,6,0.803376,100,40400,23,17,0.999347,0.999831,1.000000,400,0.5,0.9,100,0.9,0.05,1337,11c8d7a,cuda
697,757,8,8,0.999995,untargeted,,0,8,0.954499,100,40400,19,20,1.000000,1.000000,1.000000,400,0.5,0.9,100,0.9,0.05,1337,11c8d7a,cuda
698,758,2,2,0.999967,untargeted,,0,2,0.940215,100,40400,13,17,1.000000,0.999096,1.000000,400,0.5,0.9,100,0.9,0.05,1337,11c8d7a,cuda
699,759,1,1,0.999989,untargeted,,0,1,0.999222,100,40400,23,20,0.874530,0.999781,0.999890,400,0.5,0.9,100,0.9,0.05,1337,11c8d7a,cuda
700,760,3,3,0.903632,untargeted,,1,5,0.949657,10,4400,16,6,0.000000,0.120066,0.000000,400,0.5,0.9,100,0.9,0.05,1337,11c8d7a,cuda
701,761,6,6,0.997132,untargeted,,1,5,0.952969,0,400,22,22,0.089660,0.000000,0.396397,400,0.5,0.9,100,0.9,0.05,1337,11c8d7a,cuda
702,762,6,6,1.000000,untargeted,,0,6,0.999982,100,40400,10,19,1.000000,1.000000,1.000000,400,0.5,0.9,100,0.9,0.05,1337,11c8d7a,cuda
703,763,0,0,0.999997,untargeted,,1,2,0.633735,100,40400,19,5,0.000000,0.000485,0.997050,400,0.5,0.9,100,0.9,0.05,1337,11c8d7a,cuda
704,764,1,1,0.999961,untargeted,,0,1,0.997733,100,40400,10,29,1.000000,0.999081,0.738429,400,0.5,0.9,100,0.9,0.05,1337,11c8d7a,cuda
705,765,2,2,0.999999,untargeted,,0,2,0.999881,100,40400,11,9,0.000687,0.000000,0.302470,400,0.5,0.9,100,0.9,0.05,1337,11c8d7a,cuda
706,766,7,7,0.950660,untargeted,,1,0,0.690177,0,400,20,19,1.000000,1.000000,0.632886,400,0.5,0.9,100,0.9,0.05,1337,11c8d7a,cuda
707,767,0,0,0.999990,untargeted,,0,0,0.840729,100,40400,15,14,0.015683,0.000000,0.000573,400,0.5,0.9,100,0.9,0.05,1337,11c8d7a,cuda
708,768,5,5,0.643641,untargeted,,1,3,0.989487,0,400,10,3,0.927088,0.900076,0.656074,400,0.5,0.9,100,0.9,0.05,1337,11c8d7a,cuda
709,769,4,4,1.000000,untargeted,,0,4,0.997169,100,40400,13,20,1.000000,0.999778,0.998368,400,0.5,0.9,100,0.9,0.05,1337,11c8d7a,cuda
710,771,1,1,0.704661,untargeted,,1,9,0.967792,0,400,14,11,0.000000,0.585017,1.000000,400,0.5,0.9,100,0.9,0.05,1337,11c8d7a,cuda
711,772,6,6,0.999794,untargeted,,0,6,0.829418,100,40400,20,11,1.000000,0.000000,0.000000,400,0.5,0.9,100,0.9,0.05,1337,11c8d7a,cuda
712,773,4,4,0.999989,untargeted,,0,4,0.991689,100,40400,15,16,1.000000,0.877577,0.999464,400,0.5,0.9,100,0.9,0.05,1337,11c8d7a,cuda
713,774,0,0,0.999973,untargeted,,1,2,0.838182,100,40400,11,5,0.000585,0.000381,0.244357,400,0.5,0.9,100,0.9,0.05,1337,11c8d7a,cuda
714,777,6,6,0.999993,untargeted,,0,6,0.550299,100,40400,17,10,0.000064,0.000493,0.461617,400,0.5,0.9,100,0.9,0.05,1337,11c8d7a,cuda
715,778,0,0,0.997868,untargeted,,0,0,0.921586,100,40400,29,13,0.000000,0.000220,0.961564,400,0.5,0.9,100,0.9,0.05,1337,11c8d7a,cuda
716,779,5,5,0.999864,untargeted,,0,5,0.465284,100,40400,20,5,0.001557,1.000000,1.000000,400,0.5,0.9,100,0.9,0.05,1337,11c8d7a,cuda
717,780,9,9,1.000000,untargeted,,0,9,0.999979,100,40400,19,14,0.000917,0.000088,0.000654,400,0.5,0.9,100,0.9,0.05,1337,11c8d7a,cuda
718,781,1,1,1.000000,untargeted,,0,1,0.999983,100,40400,27,25,1.000000,1.000000,1.000000,400,0.5,0.9,100,0.9,0.05,1337,11c8d7a,cuda
719,782,7,7,1.000000,untargeted,,0,7,0.985284,100,40400,10,13,1.000000,1.000000,0.999456,400,0.5,0.9,100,0.9,0.05,1337,11c8d7a,cuda
720,783,6,6,0.999953,untargeted,,0,6,0.922980,100,40400,18,7,1.000000,1.000000,1.000000,400,0.5,0.9,100,0.9,0.05,1337,11c8d7a,cuda
721,784,7,7,0.998862,untargeted,,0,7,0.798363,100,40400,18,15,0.000430,0.000000,0.062705,400,0.5,0.9,100,0.9,0.05,1337,11c8d7a,cuda
722,785,0,0,0.999994,untargeted,,0,0,0.996146,100,40400,22,20,0.000000,0.000816,0.917712,400,0.5,0.9,100,0.9,0.05,1337,11c8d7a,cuda
723,786,3,3,0.999762,untargeted,,0,3,0.954277,100,40400,21,6,0.000000,0.000000,0.126238,400,0.5,0.9,100,0.9,0.05,1337,11c8d7a,cuda
724,787,9,9,0.995794,untargeted,,1,0,0.963723,12,5200,20,26,0.937388,0.971091,0.915610,400,0.5,0.9,100,0.9,0.05,1337,11c8d7a,cuda
725,788,6,6,0.553339,untargeted,,1,4,0.971094,0,400,5,10,1.000000,0.516295,0.557453,400,0.5,0.9,100,0.9,0.05,1337,11c8d7a,cuda
726,789,8,8,0.999928,untargeted,,1,0,0.842535,100,40400,8,16,1.000000,0.998810,1.000000,400,0.5,0.9,100,0.9,0.05,1337,11c8d7a,cuda
727,790,3,3,0.999707,untargeted,,0,3,0.652270,100,40400,17,14,0.000000,0.002967,0.202038,400,0.5,0.9,100,0.9,0.05,1337,11c8d7a,cuda
728,791,0,0,1.000000,untargeted,,0,0,0.999990,100,40400,15,18,0.992186,1.000000,0.696011,400,0.5,0.9,100,0.9,0.05,1337,11c8d7a,cuda
729,792,3,3,0.790733,untargeted,,1,6,0.951228,0,400,8,13,0.246011,1.000000,0.000000,400,0.5,0.9,100,0.9,0.05,1337,11c8d7a,cuda
730,794,7,7,0.999647,untargeted,,1,2,0.999164,1,800,18,17,1.000000,0.974862,0.850397,400,0.5,0.9,100,0.9,0.05,1337,11c8d7a,cuda
731,795,7,7,0.998131,untargeted,,1,5,0.506782,100,40400,17,13,1.000000,1.000000,0.999052,400,0.5,0.9,100,0.9,0.05,1337,11c8d7a,cuda
732,796,1,1,0.648894,untargeted,,1,4,0.975896,0,400,14,14,0.772700,0.000000,1.000000,400,0.5,0.9,100,0.9,0.05,1337,11c8d7a,cuda
733,797,4,4,0.999998,untargeted,,0,4,0.989569,100,40400,11,13,0.000249,0.000000,0.999394,400,0.5,0.9,100,0.9,0.05,1337,11c8d7a,cuda
734,798,7,7,0.953357,untargeted,,1,2,0.753513,1,800,11,12,1.000000,0.553756,0.000000,400,0.5,0.9,100,0.9,0.05,1337,11c8d7a,cuda
735,799,2,2,0.950383,untargeted,,1,5,0.965311,1,800,11,19,0.884097,1.000000,1.000000,400,0.5,0.9,100,0.9,0.05,1337,11c8d7a,cuda
736,800,7,7,0.999986,untargeted,,0,7,0.997916,100,40400,25,11,0.997713,1.000000,0.999083,400,0.5,0.9,100,0.9,0.05,1337,11c8d7a,cuda
737,801,1,1,0.999729,untargeted,,0,1,0.978853,100,40400,18,10,0.967901,0.998582,1.000000,400,0.5,0.9,100,0.9,0.05,1337,11c8d7a,cuda
738,802,4,4,0.999868,untargeted,,0,4,0.996087,100,40400,16,28,0.000000,0.000000,0.100858,400,0.5,0.9,100,0.9,0.05,1337,11c8d7a,cuda
739,803,7,7,0.999835,untargeted,,0,7,0.981180,100,40400,27,13,0.000000,0.000084,0.392195,400,0.5,0.9,100,0.9,0.05,1337,11c8d7a,cuda
740,804,4,4,0.999998,untargeted,,0,4,0.582668,100,40400,19,11,1.000000,1.000000,0.305457,400,0.5,0.9,100,0.9,0.05,1337,11c8d7a,cuda
741,805,4,4,0.982599,untargeted,,1,5,0.847094,100,40400,19,7,0.999445,0.999245,1.000000,400,0.5,0.9,100,0.9,0.05,1337,11c8d7a,cuda
742,806,8,8,0.999903,untargeted,,1,0,0.542184,100,40400,13,20,1.000000,0.999355,0.999162,400,0.5,0.9,100,0.9,0.05,1337,11c8d7a,cuda
743,807,4,4,0.999998,untargeted,,0,4,0.852205,100,40400,20,17,0.000000,0.000000,0.871210,400,0.5,0.9,100,0.9,0.05,1337,11c8d7a,cuda
744,808,7,7,0.999985,untargeted,,0,7,0.992090,100,40400,15,16,0.000031,0.425404,0.000083,400,0.5,0.9,100,0.9,0.05,1337,11c8d7a,cuda
745,809,7,7,1.000000,untargeted,,0,7,0.993973,100,40400,18,16,0.000000,0.000000,0.999162,400,0.5,0.9,100,0.9,0.05,1337,11c8d7a,cuda
746,812,7,7,0.999982,untargeted,,1,5,0.766382,100,40400,21,13,0.999967,0.956849,0.964796,400,0.5,0.9,100,0.9,0.05,1337,11c8d7a,cuda
747,813,2,2,0.999931,untargeted,,0,2,0.999064,100,40400,24,19,0.000000,0.000134,0.908791,400,0.5,0.9,100,0.9,0.05,1337,11c8d7a,cuda
748,814,0,0,0.984992,untargeted,,1,9,0.699811,100,40400,18,28,0.939484,0.999466,0.156487,400,0.5,0.9,100,0.9,0.05,1337,11c8d7a,cuda
749,815,8,8,1.000000,untargeted,,0,8,0.883411,100,40400,19,23,1.000000,0.999275,0.999831,400,0.5,0.9,100,0.9,0.05,1337,11c8d7a,cuda
750,816,9,9,0.999929,untargeted,,0,9,0.955793,100,40400,9,10,1.000000,0.999481,0.998519,400,0.5,0.9,100,0.9,0.05,1337,11c8d7a,cuda
751,817,5,5,0.998694,untargeted,,0,5,0.501760,100,40400,17,16,0.998187,0.999766,1.000000,400,0.5,0.9,100,0.9,0.05,1337,11c8d7a,cuda
752,818,8,8,0.971016,untargeted,,1,0,0.729481,0,400,12,11,0.907434,1.000000,0.413017,400,0.5,0.9,100,0.9,0.05,1337,11c8d7a,cuda
753,819,3,3,0.934992,untargeted,,1,2,0.959310,0,400,21,11,0.938687,0.179608,0.451659,400,0.5,0.9,100,0.9,0.05,1337,11c8d7a,cuda
754,820,6,6,0.998376,untargeted,,1,2,0.956821,5,2400,7,7,0.581848,0.012720,0.000000,400,0.5,0.9,100,0.9,0.05,1337,11c8d7a,cuda
755,821,2,2,1.000000,untargeted,,0,2,0.999787,100,40400,13,5,0.999760,0.683390,0.798671,400,0.5,0.9,100,0.9,0.05,1337,11c8d7a,cuda
756,822,0,0,0.993571,untargeted,,1,2,0.772260,100,40400,25,9,0.000107,0.000103,0.971643,400,0.5,0.9,100,0.9,0.05,1337,11c8d7a,cuda
757,823,8,8,0.999997,untargeted,,0,8,0.986736,100,40400,26,14,1.000000,0.000000,0.000000,400,0.5,0.9,100,0.9,0.05,1337,11c8d7a,cuda
758,824,7,7,1.000000,untargeted,,0,7,0.999983,100,40400,12,7,0.000179,0.000065,0.999045,400,0.5,0.9,100,0.9,0.05,1337,11c8d7a,cuda
759,825,3,3,0.999993,untargeted,,0,3,0.996196,100,40400,10,10,0.000000,0.000092,0.995828,400,0.5,0.9,100,0.9,0.05,1337,11c8d7a,cuda
760,826,7,7,0.999855,untargeted,,1,9,0.617834,100,40400,12,18,0.000410,0.000000,0.742601,400,0.5,0.9,100,0.9,0.05,1337,11c8d7a,cuda
761,827,6,6,0.999956,untargeted,,0,6,0.996908,100,40400,5,6,1.000000,1.000000,0.999443,400,0.5,0.9,100,0.9,0.05,1337,11c8d7a,cuda
762,829,3,3,0.797135,untargeted,,1,6,0.870448,100,40400,19,16,0.219165,0.000000,1.000000,400,0.5,0.9,100,0.9,0.05,1337,11c8d7a,cuda
763,830,1,1,0.999908,untargeted,,0,1,0.943506,100,40400,14,27,1.000000,0.993685,0.998406,400,0.5,0.9,100,0.9,0.05,1337,11c8d7a,cuda
764,831,3,3,0.977394,untargeted,,1,2,0.756546,100,40400,19,2,0.000000,0.000185,0.898266,400,0.5,0.9,100,0.9,0.05,1337,11c8d7a,cuda
765,832,2,2,1.000000,untargeted,,0,2,0.979282,100,40400,25,16,0.000317,0.000000,0.091831,400,0.5,0.9,100,0.9,0.05,1337,11c8d7a,cuda
766,833,2,2,0.924447,untargeted,,1,5,0.937107,8,3600,15,27,1.000000,1.000000,1.000000,400,0.5,0.9,100,0.9,0.05,1337,11c8d7a,cuda
767,834,5,5,0.999990,untargeted,,1,3,0.936889,100,40400,16,10,0.000575,0.105426,1.000000,400,0.5,0.9,100,0.9,0.05,1337,11c8d7a,cuda
768,835,4,4,0.998434,untargeted,,1,5,0.943034,3,1600,18,18,0.000000,0.000000,0.000000,400,0.5,0.9,100,0.9,0.05,1337,11c8d7a,cuda
769,837,2,2,0.999994,untargeted,,0,2,0.995749,100,40400,12,17,0.999467,1.000000,0.946284,400,0.5,0.9,100,0.9,0.05,1337,11c8d7a,cuda
770,838,9,9,0.999979,untargeted,,0,9,0.813934,100,40400,9,28,0.001243,0.000000,1.000000,400,0.5,0.9,100,0.9,0.05,1337,11c8d7a,cuda
771,839,2,2,1.000000,untargeted,,0,2,0.999965,100,40400,23,14,1.000000,1.000000,1.000000,400,0.5,0.9,100,0.9,0.05,1337,11c8d7a,cuda
772,840,7,7,0.999999,untargeted,,0,7,0.999841,100,40400,16,15,1.000000,1.000000,1.000000,400,0.5,0.9,100,0.9,0.05,1337,11c8d7a,cuda
773,841,0,0,0.999522,untargeted,,0,0,0.905862,100,40400,19,8,0.955062,0.332492,0.273470,400,0.5,0.9,100,0.9,0.05,1337,11c8d7a,cuda
774,842,7,7,0.999966,untargeted,,0,7,0.993327,100,40400,8,5,1.000000,0.988248,1.000000,400,0.5,0.9,100,0.9,0.05,1337,11c8d7a,cuda
775,843,2,2,0.998843,untargeted,,0,2,0.941972,100,40400,27,21,1.000000,0.999112,1.000000,400,0.5,0.9,100,0.9,0.05,1337,11c8d7a,cuda
776,844,1,1,0.999465,untargeted,,0,1,0.971109,100,40400,28,19,0.999530,1.000000,0.995624,400,0.5,0.9,100,0.9,0.05,1337,11c8d7a,cuda
777,845,3,3,0.993716,untargeted,,1,0,0.860027,100,40400,11,8,1.000000,0.999300,1.000000,400,0.5,0.9,100,0.9,0.05,1337,11c8d7a,cuda
778,846,2,2,1.000000,untargeted,,0,2,0.999876,100,40400,18,15,0.000000,0.000000,0.736030,400,0.5,0.9,100,0.9,0.05,1337,11c8d7a,cuda
779,847,0,0,0.999945,untargeted,,0,0,0.994611,100,40400,23,10,0.629352,0.000439,0.000000,400,0.5,0.9,100,0.9,0.05,1337,11c8d7a,cuda
780,848,2,2,0.997120,untargeted,,1,3,0.876310,100,40400,15,20,0.984747,0.999847,1.000000,400,0.5,0.9,100,0.9,0.05,1337,11c8d7a,cuda
781,849,4,4,1.000000,untargeted,,0,4,0.960133,100,40400,16,18,0.000834,0.000088,0.491489,400,0.5,0.9,100,0.9,0.05,1337,11c8d7a,cuda
782,850,7,7,0.880240,untargeted,,1,5,0.983528,0,400,10,9,0.469459,0.000000,0.099321,400,0.5,0.9,100,0.9,0.05,1337,11c8d7a,cuda
783,851,9,9,0.999996,untargeted,,0,9,0.999615,100,40400,9,4,0.998787,0.998501,1.000000,400,0.5,0.9,100,0.9,0.05,1337,11c8d7a,cuda
784,852,8,8,0.997171,untargeted,,1,0,0.964717,0,400,14,22,0.807718,0.439633,0.592191,400,0.5,0.9,100,0.9,0.05,1337,11c8d7a,cuda
785,854,0,0,0.999642,untargeted,,0,0,0.820687,100,40400,22,10,0.790499,0.001887,0.000018,400,0.5,0.9,100,0.9,0.05,1337,11c8d7a,cuda
786,855,7,7,0.999999,untargeted,,0,7,0.998780,100,40400,9,12,0.999959,0.997520,0.996309,400,0.5,0.9,100,0.9,0.05,1337,11c8d7a,cuda
787,856,7,7,0.998209,untargeted,,0,7,0.646222,100,40400,19,19,1.000000,0.416932,1.000000,400,0.5,0.9,100,0.9,0.05,1337,11c8d7a,cuda
788,857,0,0,0.996086,untargeted,,1,2,0.858777,100,40400,10,14,1.000000,1.000000,1.000000,400,0.5,0.9,100,0.9,0.05,1337,11c8d7a,cuda
789,858,7,7,0.999996,untargeted,,0,7,0.999545,100,40400,21,2,1.000000,1.000000,1.000000,400,0.5,0.9,100,0.9,0.05,1337,11c8d7a,cuda
790,859,8,8,0.999999,untargeted,,0,8,0.999070,100,40400,3,14,1.000000,1.000000,0.996755,400,0.5,0.9,100,0.9,0.05,1337,11c8d7a,cuda
791,860,4,4,0.997403,untargeted,,1,2,0.987806,0,400,18,13,1.000000,0.620783,1.000000,400,0.5,0.9,100,0.9,0.05,1337,11c8d7a,cuda
792,861,6,6,0.999410,untargeted,,1,4,0.941850,100,40400,13,14,0.997965,1.000000,1.000000,400,0.5,0.9,100,0.9,0.05,1337,11c8d7a,cuda
793,862,3,3,0.989453,untargeted,,1,2,0.949184,10,4400,27,2,0.891437,1.000000,0.962889,400,0.5,0.9,100,0.9,0.05,1337,11c8d7a,cuda
794,863,3,3,0.864931,untargeted,,1,5,0.948641,54,22000,19,13,0.423997,0.443695,0.825096,400,0.5,0.9,100,0.9,0.05,1337,11c8d7a,cuda
795,864,0,0,0.999999,untargeted,,0,0,0.999794,100,40400,16,19,0.851266,0.998943,0.590318,400,0.5,0.9,100,0.9,0.05,1337,11c8d7a,cuda
796,865,1,1,0.999804,untargeted,,0,1,0.996579,100,40400,19,14,0.992049,0.056573,0.000421,400,0.5,0.9,100,0.9,0.05,1337,11c8d7a,cuda
797,866,3,3,0.997827,untargeted,,1,5,0.988472,3,1600,17,14,0.088734,0.007339,0.519096,400,0.5,0.9,100,0.9,0.05,1337,11c8d7a,cuda
798,867,7,7,0.999992,untargeted,,0,7,0.962409,100,40400,9,8,0.924736,0.891991,0.917962,400,0.5,0.9,100,0.9,0.05,1337,11c8d7a,cuda
799,868,0,0,0.996798,untargeted,,0,0,0.755958,100,40400,5,7,0.000000,0.337033,0.653540,400,0.5,0.9,100,0.9,0.05,1337,11c8d7a,cuda
800,869,1,1,0.984603,untargeted,,0,1,0.781433,100,40400,13,9,0.000000,1.000000,0.000000,400,0.5,0.9,100,0.9,0.05,1337,11c8d7a,cuda
801,870,3,3,0.985887,untargeted,,1,5,0.989444,0,400,16,12,0.997159,0.854809,1.000000,400,0.5,0.9,100,0.9,0.05,1337,11c8d7a,cuda
802,871,1,1,0.999996,untargeted,,0,1,0.999848,100,40400,17,1,0.999850,0.978369,1.000000,400,0.5,0.9,100,0.9,0.05,1337,11c8d7a,cuda
803,872,4,4,0.999995,untargeted,,1,2,0.698172,100,40400,17,13,0.999762,0.999639,0.999418,400,0.5,0.9,100,0.9,0.05,1337,11c8d7a,cuda
804,873,2,2,1.000000,untargeted,,0,2,0.904491,100,40400,15,22,0.000000,0.000000,0.701981,400,0.5,0.9,100,0.9,0.05,1337,11c8d7a,cuda
805,874,3,3,0.999999,untargeted,,0,3,0.999735,100,40400,4,2,1.000000,1.000000,1.000000,400,0.5,0.9,100,0.9,0.05,1337,11c8d7a,cuda
806,875,8,8,0.999961,untargeted,,0,8,0.911763,100,40400,17,19,0.000000,0.000000,1.000000,400,0.5,0.9,100,0.9,0.05,1337,11c8d7a,cuda
807,876,4,4,1.000000,untargeted,,0,4,0.999976,100,40400,14,23,1.000000,0.997435,1.000000,400,0.5,0.9,100,0.9,0.05,1337,11c8d7a,cuda
808,877,2,2,0.997860,untargeted,,1,5,0.981150,2,1200,18,11,1.000000,0.675525,1.000000,400,0.5,0.9,100,0.9,0.05,1337,11c8d7a,cuda
809,878,3,3,0.963812,untargeted,,1,4,0.830235,8,3600,14,18,0.000000,0.000000,0.582266,400,0.5,0.9,100,0.9,0.05,1337,11c8d7a,cuda
810,879,7,7,0.999991,untargeted,,0,7,0.973048,100,40400,10,13,1.000000,0.842667,0.824802,400,0.5,0.9,100,0.9,0.05,1337,11c8d7a,cuda
811,880,8,8,0.999993,untargeted,,1,0,0.910017,100,40400,17,22,1.000000,0.999747,1.000000,400,0.5,0.9,100,0.9,0.05,1337,11c8d7a,cuda
812,881,4,4,0.999811,untargeted,,1,3,0.731834,100,40400,20,11,0.764871,0.999874,1.000000,400,0.5,0.9,100,0.9,0.05,1337,11c8d7a,cuda
813,883,0,0,0.999995,untargeted,,0,0,0.999385,100,40400,1,10,0.971786,0.163287,0.000023,400,0.5,0.9,100,0.9,0.05,1337,11c8d7a,cuda
814,884,9,9,0.979294,untargeted,,1,1,0.683115,100,40400,16,10,0.873024,0.852731,0.657041,400,0.5,0.9,100,0.9,0.05,1337,11c8d7a,cuda
815,885,0,0,0.999999,untargeted,,0,0,0.995853,100,40400,20,15,0.688703,0.000149,0.000092,400,0.5,0.9,100,0.9,0.05,1337,11c8d7a,cuda
816,886,0,0,0.999992,untargeted,,0,0,0.983996,100,40400,8,28,0.545635,1.000000,0.461863,400,0.5,0.9,100,0.9,0.05,1337,11c8d7a,cuda
817,887,1,1,0.988521,untargeted,,1,6,0.713817,100,40400,15,12,0.193293,0.000000,0.000115,400,0.5,0.9,100,0.9,0.05,1337,11c8d7a,cuda
818,889,4,4,0.999828,untargeted,,1,5,0.818326,100,40400,22,19,1.000000,0.946415,1.000000,400,0.5,0.9,100,0.9,0.05,1337,11c8d7a,cuda
819,890,4,4,1.000000,untargeted,,0,4,0.825243,100,40400,12,7,0.998851,1.000000,0.998022,400,0.5,0.9,100,0.9,0.05,1337,11c8d7a,cuda
820,891,6,6,1.000000,untargeted,,0,6,0.999523,100,40400,14,12,1.000000,0.999730,1.000000,400,0.5,0.9,100,0.9,0.05,1337,11c8d7a,cuda
821,892,7,7,0.995289,untargeted,,1,3,0.940587,0,400,14,14,0.163364,1.000000,1.000000,400,0.5,0.9,100,0.9,0.05,1337,11c8d7a,cuda
822,894,1,1,0.999782,untargeted,,0,1,0.996155,100,40400,11,5,1.000000,0.995824,1.000000,400,0.5,0.9,100,0.9,0.05,1337,11c8d7a,cuda
823,895,1,1,0.935245,untargeted,,1,9,0.691121,100,40400,24,22,0.823116,0.793717,0.826156,400,0.5,0.9,100,0.9,0.05,1337,11c8d7a,cuda
824,896,3,3,1.000000,untargeted,,0,3,0.999973,100,40400,5,17,0.999427,0.000000,0.000000,400,0.5,0.9,100,0.9,0.05,1337,11c8d7a,cuda
825,897,7,7,0.999888,untargeted,,0,7,0.996306,100,40400,22,7,0.998384,1.000000,0.997867,400,0.5,0.9,100,0.9,0.05,1337,11c8d7a,cuda
826,899,5,5,0.999978,untargeted,,0,5,0.572872,100,40400,14,16,0.468214,0.087084,0.000050,400,0.5,0.9,100,0.9,0.05,1337,11c8d7a,cuda
827,900,2,2,0.581545,untargeted,,1,6,0.898332,0,400,13,22,0.000000,0.000000,0.270004,400,0.5,0.9,100,0.9,0.05,1337,11c8d7a,cuda
828,901,6,6,0.999755,untargeted,,1,3,0.956697,5,2400,17,10,0.795395,0.816177,0.974583,400,0.5,0.9,100,0.9,0.05,1337,11c8d7a,cuda
829,902,6,6,0.999983,untargeted,,0,6,0.992402,100,40400,15,24,0.999374,0.999753,1.000000,400,0.5,0.9,100,0.9,0.05,1337,11c8d7a,cuda
830,903,5,5,0.999998,untargeted,,0,5,0.996943,100,40400,19,16,0.000000,0.000000,0.643976,400,0.5,0.9,100,0.9,0.05,1337,11c8d7a,cuda
831,904,8,8,0.999760,untargeted,,1,0,0.948637,5,2400,15,11,0.000000,0.000000,0.194298,400,0.5,0.9,100,0.9,0.05,1337,11c8d7a,cuda
832,905,7,7,1.000000,untargeted,,0,7,0.991452,100,40400,11,10,0.000520,0.742561,0.000499,400,0.5,0.9,100,0.9,0.05,1337,11c8d7a,cuda
833,906,1,1,0.999999,untargeted,,0,1,0.999962,100,40400,13,22,0.999802,0.741006,0.512462,400,0.5,0.9,100,0.9,0.05,1337,11c8d7a,cuda
834,907,6,6,0.999993,untargeted,,0,6,0.813931,100,40400,9,9,0.999373,0.988621,0.999812,400,0.5,0.9,100,0.9,0.05,1337,11c8d7a,cuda
835,908,8,8,1.000000,untargeted,,0,8,0.994229,100,40400,17,22,1.000000,1.000000,1.000000,400,0.5,0.9,100,0.9,0.05,1337,11c8d7a,cuda
836,909,8,8,1.000000,untargeted,,0,8,0.999933,100,40400,3,12,1.000000,1.000000,1.000000,400,0.5,0.9,100,0.9,0.05,1337,11c8d7a,cuda
837,911,3,3,1.000000,untargeted,,0,3,0.999983,100,40400,8,11,0.000000,0.000000,0.669514,400,0.5,0.9,100,0.9,0.05,1337,11c8d7a,cuda
838,912,0,0,0.999790,untargeted,,0,0,0.879436,100,40400,19,15,0.569827,1.000000,0.993141,400,0.5,0.9,100,0.9,0.05,1337,11c8d7a,cuda
839,913,4,4,0.999849,untargeted,,0,4,0.496253,100,40400,12,21,1.000000,0.865144,1.000000,400,0.5,0.9,100,0.9,0.05,1337,11c8d7a,cuda
840,915,1,1,0.999979,untargeted,,0,1,0.999579,100,40400,6,19,0.990528,1.000000,1.000000,400,0.5,0.9,100,0.9,0.05,1337,11c8d7a,cuda
841,916,3,3,0.998368,untargeted,,1,4,0.990611,12,5200,14,20,0.101288,0.165081,0.197027,400,0.5,0.9,100,0.9,0.05,1337,11c8d7a,cuda
842,917,8,8,1.000000,untargeted,,0,8,0.821764,100,40400,23,14,0.000583,0.000000,0.212482,400,0.5,0.9,100,0.9,0.05,1337,11c8d7a,cuda
843,918,8,8,0.999959,untargeted,,0,8,0.827116,100,40400,16,22,1.000000,0.997757,1.000000,400,0.5,0.9,100,0.9,0.05,1337,11c8d7a,cuda
844,919,0,0,0.999752,untargeted,,0,0,0.715905,100,40400,19,2,0.000262,0.001709,0.995488,400,0.5,0.9,100,0.9,0.05,1337,11c8d7a,cuda
845,920,6,6,0.993163,untargeted,,1,2,0.634313,100,40400,14,20,0.998369,1.000000,1.000000,400,0.5,0.9,100,0.9,0.05,1337,11c8d7a,cuda
846,921,9,9,1.000000,untargeted,,0,9,0.999992,100,40400,25,6,1.000000,1.000000,1.000000,400,0.5,0.9,100,0.9,0.05,1337,11c8d7a,cuda
847,922,9,9,0.998595,untargeted,,0,9,0.815447,100,40400,15,13,0.000000,0.000000,0.000294,400,0.5,0.9,100,0.9,0.05,1337,11c8d7a,cuda
848,926,8,8,0.999321,untargeted,,1,2,0.466789,100,40400,19,21,0.999530,1.000000,1.000000,400,0.5,0.9,100,0.9,0.05,1337,11c8d7a,cuda
849,927,6,6,0.997083,untargeted,,1,5,0.947692,54,22000,17,12,0.000000,0.000000,0.532081,400,0.5,0.9,100,0.9,0.05,1337,11c8d7a,cuda
850,928,0,0,0.999995,untargeted,,0,0,0.989934,100,40400,14,14,0.999815,0.993554,0.095612,400,0.5,0.9,100,0.9,0.05,1337,11c8d7a,cuda
851,929,0,0,0.999988,untargeted,,0,0,0.999173,100,40400,27,6,0.741434,0.000000,0.000000,400,0.5,0.9,100,0.9,0.05,1337,11c8d7a,cuda
852,930,4,4,0.999999,untargeted,,0,4,0.994986,100,40400,19,15,0.000000,0.002904,1.000000,400,0.5,0.9,100,0.9,0.05,1337,11c8d7a,cuda
853,931,2,2,1.000000,untargeted,,0,2,0.974060,100,40400,17,14,1.000000,0.713225,0.596079,400,0.5,0.9,100,0.9,0.05,1337,11c8d7a,cuda
854,932,3,3,0.983295,untargeted,,1,5,0.991103,0,400,13,11,0.807609,0.844688,1.000000,400,0.5,0.9,100,0.9,0.05,1337,11c8d7a,cuda
855,933,2,2,0.968094,untargeted,,1,5,0.834785,1,800,22,7,0.000000,0.000000,1.000000,400,0.5,0.9,100,0.9,0.05,1337,11c8d7a,cuda
856,934,7,7,0.999834,untargeted,,0,7,0.997152,100,40400,22,2,0.557233,0.000000,0.000000,400,0.5,0.9,100,0.9,0.05,1337,11c8d7a,cuda
857,935,2,2,0.999997,untargeted,,0,2,0.966460,100,40400,12,14,0.000000,0.000000,0.811988,400,0.5,0.9,100,0.9,0.05,1337,11c8d7a,cuda
858,936,2,2,0.999844,untargeted,,1,0,0.790139,100,40400,11,16,0.000000,0.000037,0.999480,400,0.5,0.9,100,0.9,0.05,1337,11c8d7a,cuda
859,937,5,5,1.000000,untargeted,,0,5,0.997792,100,40400,17,15,0.000126,0.000751,0.835437,400,0.5,0.9,100,0.9,0.05,1337,11c8d7a,cuda
860,938,9,9,0.999973,untargeted,,0,9,0.877719,100,40400,19,18,0.936718,1.000000,1.000000,400,0.5,0.9,100,0.9,0.05,1337,11c8d7a,cuda
861,939,8,8,0.999874,untargeted,,1,0,0.856880,100,40400,23,18,0.999524,1.000000,0.996900,400,0.5,0.9,100,0.9,0.05,1337,11c8d7a,cuda
862,940,9,9,1.000000,untargeted,,0,9,0.999998,100,40400,11,9,1.000000,1.000000,1.000000,400,0.5,0.9,100,0.9,0.05,1337,11c8d7a,cuda
863,941,1,1,0.981993,untargeted,,1,9,0.680111,100,40400,12,17,1.000000,0.992969,0.999198,400,0.5,0.9,100,0.9,0.05,1337,11c8d7a,cuda
864,942,7,7,0.998193,untargeted,,1,5,0.739032,100,40400,20,16,0.000000,0.259140,1.000000,400,0.5,0.9,100,0.9,0.05,1337,11c8d7a,cuda
865,943,4,4,1.000000,untargeted,,0,4,0.968060,100,40400,24,21,0.999470,1.000000,1.000000,400,0.5,0.9,100,0.9,0.05,1337,11c8d7a,cuda
866,944,0,0,0.999971,untargeted,,0,0,0.916086,100,40400,8,9,0.999931,0.299102,0.473506,400,0.5,0.9,100,0.9,0.05,1337,11c8d7a,cuda
867,945,3,3,0.998510,untargeted,,0,3,0.644036,100,40400,21,10,0.000000,0.000000,1.000000,400,0.5,0.9,100,0.9,0.05,1337,11c8d7a,cuda
868,946,0,0,0.999975,untargeted,,0,0,0.983941,100,40400,28,11,0.000564,0.000000,0.000415,400,0.5,0.9,100,0.9,0.05,1337,11c8d7a,cuda
869,947,1,1,0.999728,untargeted,,0,1,0.991723,100,40400,15,8,1.000000,0.967132,1.000000,400,0.5,0.9,100,0.9,0.05,1337,11c8d7a,cuda
870,949,8,8,1.000000,untargeted,,0,8,0.999978,100,40400,9,5,1.000000,0.999086,1.000000,400,0.5,0.9,100,0.9,0.05,1337,11c8d7a,cuda
871,950,3,3,1.000000,untargeted,,0,3,0.896324,100,40400,14,14,0.000000,0.000324,0.996944,400,0.5,0.9,100,0.9,0.05,1337,11c8d7a,cuda
872,951,9,9,0.999982,untargeted,,0,9,0.975618,100,40400,21,28,0.000312,0.000000,0.385666,400,0.5,0.9,100,0.9,0.05,1337,11c8d7a,cuda
873,952,6,6,0.999919,untargeted,,1,5,0.594314,100,40400,24,9,1.000000,1.000000,1.000000,400,0.5,0.9,100,0.9,0.05,1337,11c8d7a,cuda
874,954,4,4,0.999693,untargeted,,1,5,0.679084,100,40400,21,21,1.000000,0.789621,1.000000,400,0.5,0.9,100,0.9,0.05,1337,11c8d7a,cuda
875,955,7,7,0.999992,untargeted,,0,7,0.996988,100,40400,23,5,1.000000,0.999466,0.999115,400,0.5,0.9,100,0.9,0.05,1337,11c8d7a,cuda
876,956,0,0,0.839330,untargeted,,1,2,0.979334,0,400,16,8,1.000000,0.168545,0.531825,400,0.5,0.9,100,0.9,0.05,1337,11c8d7a,cuda
877,957,3,3,0.999339,untargeted,,0,3,0.831723,100,40400,12,14,0.999894,0.899147,0.984626,400,0.5,0.9,100,0.9,0.05,1337,11c8d7a,cuda
878,958,7,7,0.999781,untargeted,,0,7,0.916251,100,40400,10,10,0.000000,0.000000,0.983744,400,0.5,0.9,100,0.9,0.05,1337,11c8d7a,cuda
879,959,8,8,0.999993,untargeted,,0,8,0.954051,100,40400,19,28,1.000000,0.999459,0.998365,400,0.5,0.9,100,0.9,0.05,1337,11c8d7a,cuda
880,960,9,9,0.781433,untargeted,,1,1,0.901171,100,40400,16,20,0.001193,0.000000,1.000000,400,0.5,0.9,100,0.9,0.05,1337,11c8d7a,cuda
881,961,1,1,0.999462,untargeted,,0,1,0.960382,100,40400,15,11,1.000000,0.829307,1.000000,400,0.5,0.9,100,0.9,0.05,1337,11c8d7a,cuda
882,962,1,1,0.994935,untargeted,,0,1,0.884219,100,40400,24,24,0.000000,0.000121,1.000000,400,0.5,0.9,100,0.9,0.05,1337,11c8d7a,cuda
883,963,6,6,0.999993,untargeted,,0,6,0.993277,100,40400,3,5,1.000000,1.000000,1.000000,400,0.5,0.9,100,0.9,0.05,1337,11c8d7a,cuda
884,964,6,6,0.999961,untargeted,,1,4,0.583948,100,40400,11,20,0.000000,0.000000,0.995380,400,0.5,0.9,100,0.9,0.05,1337,11c8d7a,cuda
885,965,6,6,0.999986,untargeted,,0,6,0.565160,100,40400,16,21,0.686835,0.999918,0.999772,400,0.5,0.9,100,0.9,0.05,1337,11c8d7a,cuda
886,967,9,9,0.987901,untargeted,,1,0,0.975082,0,400,10,22,1.000000,0.717504,0.138495,400,0.5,0.9,100,0.9,0.05,1337,11c8d7a,cuda
887,968,1,1,1.000000,untargeted,,0,1,0.999915,100,40400,22,6,0.000545,0.000000,0.999377,400,0.5,0.9,100,0.9,0.05,1337,11c8d7a,cuda
888,969,9,9,1.000000,untargeted,,0,9,0.999979,100,40400,26,7,0.000000,0.000000,1.000000,400,0.5,0.9,100,0.9,0.05,1337,11c8d7a,cuda
889,970,9,9,0.999992,untargeted,,0,9,0.999753,100,40400,23,18,0.453842,0.746186,1.000000,400,0.5,0.9,100,0.9,0.05,1337,11c8d7a,cuda
890,971,4,4,0.999998,untargeted,,1,5,0.968490,1,800,21,24,0.000000,0.000000,0.359777,400,0.5,0.9,100,0.9,0.05,1337,11c8d7a,cuda
891,973,1,1,0.999828,untargeted,,0,1,0.994968,100,40400,12,28,1.000000,1.000000,0.504104,400,0.5,0.9,100,0.9,0.05,1337,11c8d7a,cuda
892,974,7,7,0.934598,untargeted,,1,2,0.754218,0,400,22,12,0.111491,1.000000,0.657646,400,0.5,0.9,100,0.9,0.05,1337,11c8d7a,cuda
893,975,0,0,0.999996,untargeted,,0,0,0.999911,100,40400,6,5,0.300034,0.001696,0.000000,400,0.5,0.9,100,0.9,0.05,1337,11c8d7a,cuda
894,976,6,6,0.999905,untargeted,,1,3,0.951371,1,800,13,13,0.000000,0.000000,0.592158,400,0.5,0.9,100,0.9,0.05,1337,11c8d7a,cuda
895,977,8,8,0.999983,untargeted,,1,0,0.891553,100,40400,22,19,0.998242,1.000000,0.999494,400,0.5,0.9,100,0.9,0.05,1337,11c8d7a,cuda
896,978,1,1,0.999728,untargeted,,0,1,0.988367,100,40400,18,15,0.026092,0.999943,0.627684,400,0.5,0.9,100,0.9,0.05,1337,11c8d7a,cuda
897,979,9,9,0.999999,untargeted,,0,9,0.999957,100,40400,14,10,0.999212,1.000000,1.000000,400,0.5,0.9,100,0.9,0.05,1337,11c8d7a,cuda
898,980,2,2,1.000000,untargeted,,0,2,0.999014,100,40400,12,20,1.000000,1.000000,0.999274,400,0.5,0.9,100,0.9,0.05,1337,11c8d7a,cuda
899,981,9,9,0.999891,untargeted,,1,1,0.583777,100,40400,10,19,0.000000,0.000432,1.000000,400,0.5,0.9,100,0.9,0.05,1337,11c8d7a,cuda
900,982,0,0,0.559663,untargeted,,1,5,0.996112,0,400,14,17,0.000000,0.168509,0.000000,400,0.5,0.9,100,0.9,0.05,1337,11c8d7a,cuda
901,983,4,4,0.999999,untargeted,,0,4,0.997560,100,40400,8,16,1.000000,0.860447,0.999563,400,0.5,0.9,100,0.9,0.05,1337,11c8d7a,cuda
902,984,7,7,0.999993,untargeted,,0,7,0.994770,100,40400,8,2,0.999943,0.913258,0.639593,400,0.5,0.9,100,0.9,0.05,1337,11c8d7a,cuda
903,985,8,8,0.999997,untargeted,,0,8,0.669858,100,40400,18,21,0.998928,0.999469,0.999241,400,0.5,0.9,100,0.9,0.05,1337,11c8d7a,cuda
904,986,3,3,0.999999,untargeted,,0,3,0.945848,100,40400,11,24,0.000631,0.000000,1.000000,400,0.5,0.9,100,0.9,0.05,1337,11c8d7a,cuda
905,987,1,1,0.999999,untargeted,,0,1,0.999991,100,40400,8,14,0.000000,0.000000,0.226432,400,0.5,0.9,100,0.9,0.05,1337,11c8d7a,cuda
906,988,2,2,0.984178,untargeted,,1,7,0.829997,100,40400,11,8,0.000360,0.000000,0.901051,400,0.5,0.9,100,0.9,0.05,1337,11c8d7a,cuda
907,989,0,0,0.999871,untargeted,,0,0,0.976219,100,40400,11,5,0.440659,0.000081,0.000000,400,0.5,0.9,100,0.9,0.05,1337,11c8d7a,cuda
908,990,1,1,1.000000,untargeted,,0,1,0.999998,100,40400,7,2,1.000000,1.000000,1.000000,400,0.5,0.9,100,0.9,0.05,1337,11c8d7a,cuda
909,991,5,5,0.999997,untargeted,,1,3,0.853539,100,40400,17,16,0.489196,0.999927,0.881939,400,0.5,0.9,100,0.9,0.05,1337,11c8d7a,cuda
910,992,8,8,0.999990,untargeted,,0,8,0.994484,100,40400,22,27,1.000000,0.999838,1.000000,400,0.5,0.9,100,0.9,0.05,1337,11c8d7a,cuda
911,993,4,4,0.958103,untargeted,,1,3,0.938377,0,400,21,9,0.182437,0.632823,1.000000,400,0.5,0.9,100,0.9,0.05,1337,11c8d7a,cuda
912,995,3,3,0.999854,untargeted,,1,0,0.694979,100,40400,9,10,1.000000,0.960088,1.000000,400,0.5,0.9,100,0.9,0.05,1337,11c8d7a,cuda
913,996,8,8,0.999657,untargeted,,1,0,0.505318,100,40400,10,17,0.723699,0.992329,1.000000,400,0.5,0.9,100,0.9,0.05,1337,11c8d7a,cuda
914,997,1,1,0.722459,untargeted,,1,9,0.897904,100,40400,12,13,0.000075,0.909849,0.000000,400,0.5,0.9,100,0.9,0.05,1337,11c8d7a,cuda
915,998,3,3,0.999999,untargeted,,0,3,0.999388,100,40400,15,8,1.000000,0.997238,1.000000,400,0.5,0.9,100,0.9,0.05,1337,11c8d7a,cuda
916,999,8,8,0.999999,untargeted,,0,8,0.998756,100,40400,22,7,0.000000,0.000000,0.962044,400,0.5,0.9,100,0.9,0.05,1337,11c8d7a,cuda
