ds_idx,true,pred_clean,pred_adv,iou10_gc,iou10_ig,iou10_rise,rho_gc,rho_ig,rho_rise,del_auc_gc_clean,del_auc_ig_clean,del_auc_rise_clean,del_auc_gc_adv,del_auc_ig_adv,del_auc_rise_adv
0,3,3,,,,,,,,0.25743746757507324,0.7427040934562683,0.32194873690605164,,,
1,8,8,,,,,,,,0.3600694239139557,0.30506211519241333,0.17375783622264862,,,
2,8,8,,,,,,,,0.5289945006370544,0.0636640191078186,0.2539001405239105,,,
3,0,8,,,,,,,,0.4106593430042267,0.12691403925418854,0.04250207915902138,,,
4,6,6,,,,,,,,0.53626948595047,0.7656433582305908,0.6600905656814575,,,
5,6,6,,,,,,,,0.17557504773139954,0.5906553268432617,0.24856595695018768,,,
6,1,1,,,,,,,,0.0616520494222641,0.22108043730258942,0.1218545064330101,,,
7,6,6,2,0.48905109489051096,0.3333333333333333,0.3877551020408163,0.8441709280014038,0.7387255430221558,0.4914594292640686,0.23854999244213104,0.3800867795944214,0.1554378718137741,0.14834724366664886,0.5011454820632935,0.09189919382333755
8,3,3,3,0.5572519083969466,0.3972602739726027,0.0625,0.8856496810913086,0.8125444650650024,0.3928892910480499,0.20540711283683777,0.2964412569999695,0.458040714263916,0.08069881796836853,0.2781810164451599,0.32389602065086365
9,1,1,,,,,,,,0.2065477967262268,0.26683270931243896,0.19869926571846008,,,
10,0,0,,,,,,,,0.6156447529792786,0.34543368220329285,0.32683804631233215,,,
11,9,9,,,,,,,,0.48124849796295166,0.32774320244789124,0.35809317231178284,,,
12,5,5,,,,,,,,0.2183428406715393,0.0381346121430397,0.2830377221107483,,,
13,7,7,,,,,,,,0.37077564001083374,0.09050766378641129,0.30000919103622437,,,
14,9,9,,,,,,,,0.2831346392631531,0.10616931319236755,0.3017728626728058,,,
15,8,6,,,,,,,,0.37748903036117554,0.6715224385261536,0.21095998585224152,,,
16,5,5,,,,,,,,0.26458296179771423,0.03573879227042198,0.08574207127094269,,,
17,7,7,,,,,,,,0.1490306258201599,0.1337069422006607,0.30432355403900146,,,
18,8,8,,,,,,,,0.5369253158569336,0.0471472293138504,0.08017423748970032,,,
19,6,6,,,,,,,,0.24851477146148682,0.5106853246688843,0.08085152506828308,,,
20,7,7,7,0.8378378378378378,0.8715596330275229,0.45714285714285713,0.995887815952301,0.991138219833374,0.7121268510818481,0.28659120202064514,0.05721089988946915,0.10300374031066895,0.3049466609954834,0.11213482171297073,0.019047079607844353
21,0,0,,,,,,,,0.5295737981796265,0.5175624489784241,0.7558503746986389,,,
22,4,4,4,0.6721311475409836,0.3691275167785235,0.4782608695652174,0.9862393140792847,0.6856911182403564,0.5259077548980713,0.04317643493413925,0.03266119211912155,0.03307813033461571,0.022705160081386566,0.0510256253182888,0.022420570254325867
23,9,9,,,,,,,,0.44799116253852844,0.46159908175468445,0.30912595987319946,,,
24,5,5,,,,,,,,0.27095553278923035,0.08282677829265594,0.09634287655353546,,,
25,2,2,,,,,,,,0.4760645031929016,0.1172340139746666,0.14812307059764862,,,
26,4,4,4,0.6190476190476191,0.48905109489051096,0.4782608695652174,0.883070707321167,0.8626028299331665,0.5501192808151245,0.12315837293863297,0.1601332724094391,0.3415321111679077,0.02666393481194973,0.12106087803840637,0.2237541675567627
27,0,0,,,,,,,,0.561904788017273,0.29410475492477417,0.8998344540596008,,,
28,9,9,9,0.45714285714285713,0.7739130434782608,0.11475409836065574,0.9772470593452454,0.9323235750198364,0.6259851455688477,0.3271695673465729,0.2063094824552536,0.2161717563867569,0.2741890847682953,0.1709160953760147,0.2393684834241867
29,6,6,,,,,,,,0.2707847058773041,0.5929005146026611,0.06886378675699234,,,
30,6,6,6,0.9615384615384616,0.3161290322580645,0.43661971830985913,0.9846269488334656,0.773781418800354,0.6872291564941406,0.05756748095154762,0.2777995467185974,0.03552411124110222,0.05092988163232803,0.17633123695850372,0.05253107473254204
31,5,5,,,,,,,,0.21803587675094604,0.12742722034454346,0.31834620237350464,,,
32,4,4,,,,,,,,0.27293315529823303,0.15577173233032227,0.25147199630737305,,,
33,5,5,,,,,,,,0.24166013300418854,0.06262194365262985,0.0419977605342865,,,
34,9,9,,,,,,,,0.2799808084964752,0.15661565959453583,0.2425907403230667,,,
35,2,2,,,,,,,,0.3006252646446228,0.08950086683034897,0.1605546921491623,,,
36,4,4,4,0.7288135593220338,0.4782608695652174,0.5813953488372093,0.9825003147125244,0.9383186101913452,0.6139570474624634,0.2070789784193039,0.3288593292236328,0.048349153250455856,0.39816612005233765,0.4102523624897003,0.08209691196680069
37,1,1,9,0.4782608695652174,0.6859504132231405,0.3076923076923077,0.9587575197219849,0.9112100601196289,0.5849502086639404,0.026735184714198112,0.15413102507591248,0.08710858970880508,0.018833067268133163,0.13223432004451752,0.031207337975502014
38,9,9,,,,,,,,0.40837350487709045,0.2619052529335022,0.15567056834697723,,,
39,5,5,,,,,,,,0.4315534234046936,0.05702239274978638,0.2757960259914398,,,
40,4,4,,,,,,,,0.15942496061325073,0.10303466767072678,0.16834011673927307,,,
41,6,6,,,,,,,,0.3644283711910248,0.34477728605270386,0.2796330153942108,,,
42,5,5,,,,,,,,0.13326190412044525,0.050230368971824646,0.15057767927646637,,,
43,6,6,,,,,,,,0.19458572566509247,0.4722215533256531,0.13556607067584991,,,
44,0,0,,,,,,,,0.2988358736038208,0.9068262577056885,0.9546082615852356,,,
45,9,9,,,,,,,,0.4189295768737793,0.23075883090496063,0.1649172306060791,,,
46,3,3,,,,,,,,0.1657639890909195,0.5515764355659485,0.3142412006855011,,,
47,9,9,0,0.2289156626506024,0.34210526315789475,0.2215568862275449,0.4089586138725281,0.7980067729949951,0.6741499900817871,0.1754860132932663,0.022409681230783463,0.0185370035469532,0.0003423741727601737,0.007196409162133932,0.0003571957640815526
48,7,7,,,,,,,,0.17618128657341003,0.15842925012111664,0.08058930933475494,,,
49,6,6,,,,,,,,0.10776377469301224,0.3201789855957031,0.11838559806346893,,,
50,9,9,,,,,,,,0.22821228206157684,0.16065706312656403,0.20756584405899048,,,
51,8,8,,,,,,,,0.49909481406211853,0.18236011266708374,0.2163984775543213,,,
52,0,5,,,,,,,,0.15137764811515808,0.06036465987563133,0.021631311625242233,,,
53,3,3,5,0.24390243902439024,0.44680851063829785,0.18604651162790697,0.7472730875015259,0.7998061776161194,0.5501347780227661,0.4971257746219635,0.2803691625595093,0.626674473285675,0.10954363644123077,0.33493661880493164,0.07108085602521896
54,8,8,,,,,,,,0.28721287846565247,0.21776852011680603,0.13184961676597595,,,
55,8,8,,,,,,,,0.6525285243988037,0.08949913829565048,0.16767315566539764,,,
56,7,7,,,,,,,,0.3767281472682953,0.12079071253538132,0.13430221378803253,,,
57,7,5,,,,,,,,0.1322644203901291,0.027275053784251213,0.02013038657605648,,,
58,4,4,5,0.7288135593220338,0.5813953488372093,0.5813953488372093,0.9724624752998352,0.9056150913238525,0.4534834027290344,0.033681053668260574,0.24497486650943756,0.12378299981355667,0.07467061281204224,0.14104773104190826,0.06940051168203354
59,6,3,,,,,,,,0.5809918642044067,0.21454104781150818,0.16300906240940094,,,
60,7,7,,,,,,,,0.3525298535823822,0.136621356010437,0.3727603554725647,,,
61,3,5,,,,,,,,0.21662072837352753,0.047247979789972305,0.1013198122382164,,,
62,6,6,6,0.9805825242718447,0.7,0.7,0.9952666759490967,0.9346826076507568,0.5724815130233765,0.052793264389038086,0.3283129930496216,0.09771318733692169,0.05486755818128586,0.3995770215988159,0.09891680628061295
63,3,3,,,,,,,,0.12333246320486069,0.2965838313102722,0.14080630242824554,,,
64,6,6,,,,,,,,0.15606193244457245,0.23858098685741425,0.13402730226516724,,,
65,2,2,,,,,,,,0.7487289309501648,0.3730604350566864,0.546903669834137,,,
66,1,1,,,,,,,,0.20716188848018646,0.18261271715164185,0.14254404604434967,,,
67,2,2,,,,,,,,0.32866090536117554,0.2579466998577118,0.28815674781799316,,,
68,3,3,3,0.5223880597014925,0.7142857142857143,0.1270718232044199,0.8726782202720642,0.9440693855285645,0.34822940826416016,0.16138480603694916,0.17317230999469757,0.25070449709892273,0.10777934640645981,0.1661786288022995,0.17504042387008667
69,7,7,,,,,,,,0.0744069367647171,0.10734295099973679,0.06479158997535706,,,
70,2,2,0,0.5813953488372093,0.5111111111111111,0.6062992125984252,0.9476830959320068,0.7652745246887207,0.5607417821884155,0.16208194196224213,0.11040373146533966,0.45505085587501526,0.01962304674088955,0.2644539773464203,0.0844462662935257
71,6,6,6,0.6451612903225806,0.6190476190476191,0.6451612903225806,0.9757243394851685,0.8490307331085205,0.8238788843154907,0.09480037540197372,0.20201340317726135,0.04448513686656952,0.0554237887263298,0.3237804174423218,0.04026985168457031
72,8,8,8,0.48905109489051096,0.3877551020408163,0.6721311475409836,0.9306240677833557,0.8594579696655273,0.5521716475486755,0.6034169793128967,0.10862824320793152,0.1305811107158661,0.5819988250732422,0.08639094978570938,0.05371285602450371
73,8,8,,,,,,,,0.36998483538627625,0.1604597121477127,0.1507742702960968,,,
74,0,0,,,,,,,,0.3985710144042969,0.6065114736557007,0.5392600297927856,,,
75,2,2,,,,,,,,0.4454774260520935,0.4724493622779846,0.6187645196914673,,,
76,9,9,,,,,,,,0.2052335888147354,0.16329073905944824,0.12406441569328308,,,
77,3,3,,,,,,,,0.2755553722381592,0.29930219054222107,0.35796302556991577,,,
78,3,5,,,,,,,,0.08809677511453629,0.04384054243564606,0.07727047801017761,,,
79,8,8,,,,,,,,0.2999173700809479,0.2035634070634842,0.17802873253822327,,,
80,8,8,,,,,,,,0.7553710341453552,0.2969987392425537,0.4388578236103058,,,
81,1,1,,,,,,,,0.11277029663324356,0.20385658740997314,0.38251015543937683,,,
82,1,1,,,,,,,,0.1343756467103958,0.29392555356025696,0.134292334318161,,,
83,7,7,,,,,,,,0.25155237317085266,0.10469206422567368,0.4595594108104706,,,
84,2,2,5,0.3783783783783784,0.3783783783783784,0.2670807453416149,0.68421471118927,0.8179632425308228,0.4515090584754944,0.289030522108078,0.11017315089702606,0.21630211174488068,0.1568455696105957,0.13884574174880981,0.0900099128484726
85,5,5,,,,,,,,0.060038622468709946,0.0522647388279438,0.09781484305858612,,,
86,2,2,,,,,,,,0.4828418791294098,0.19374890625476837,0.3640490472316742,,,
87,7,3,,,,,,,,0.10732459276914597,0.15692494809627533,0.12033279240131378,,,
88,8,8,,,,,,,,0.4043201506137848,0.09185317158699036,0.19478341937065125,,,
89,9,9,,,,,,,,0.15838401019573212,0.2412831038236618,0.16192863881587982,,,
90,0,0,,,,,,,,0.3059294819831848,0.7137773633003235,0.9288288950920105,,,
91,3,3,,,,,,,,0.21309533715248108,0.28155893087387085,0.23736929893493652,,,
92,8,8,,,,,,,,0.5730233192443848,0.32176217436790466,0.1730581820011139,,,
93,6,6,,,,,,,,0.3297315537929535,0.5847789645195007,0.3203277885913849,,,
94,4,4,,,,,,,,0.2593388855457306,0.20156151056289673,0.2869241535663605,,,
95,6,6,3,0.44680851063829785,0.6451612903225806,0.3333333333333333,0.9132542014122009,0.9193960428237915,0.7560537457466125,0.14156591892242432,0.579099178314209,0.16685615479946136,0.08011674880981445,0.5496288537979126,0.15053190290927887
96,6,6,,,,,,,,0.28605160117149353,0.48733633756637573,0.07905294001102448,,,
97,0,0,0,0.5223880597014925,0.44680851063829785,0.1724137931034483,0.975325882434845,0.8151627779006958,0.2677784562110901,0.1439712792634964,0.12141132354736328,0.3496643304824829,0.13284800946712494,0.21071593463420868,0.2899753153324127
98,0,0,,,,,,,,0.4767027795314789,0.6122825145721436,0.8288382887840271,,,
99,7,7,,,,,,,,0.17806851863861084,0.07953044027090073,0.15852196514606476,,,
100,4,4,,,,,,,,0.21082289516925812,0.1588553935289383,0.18864573538303375,,,
101,5,5,,,,,,,,0.07744261622428894,0.03514301776885986,0.09351968765258789,,,
102,6,6,,,,,,,,0.2191578447818756,0.2535514831542969,0.17190304398536682,,,
103,3,3,,,,,,,,0.32616761326789856,0.4347095787525177,0.3100111186504364,,,
104,1,1,,,,,,,,0.23514266312122345,0.08915998041629791,0.29071125388145447,,,
105,1,1,,,,,,,,0.3231945335865021,0.5390764474868774,0.1910126507282257,,,
106,3,3,,,,,,,,0.062319204211235046,0.2520102262496948,0.02983303926885128,,,
107,6,6,,,,,,,,0.4159107208251953,0.6450346112251282,0.2977938950061798,,,
108,8,8,,,,,,,,0.4406174421310425,0.38818085193634033,0.22582662105560303,,,
109,7,7,,,,,,,,0.16230419278144836,0.04152875393629074,0.2267087996006012,,,
110,4,4,,,,,,,,0.2556346356868744,0.33572202920913696,0.1834515780210495,,,
111,0,0,,,,,,,,0.701181948184967,0.6453539133071899,0.6429579257965088,,,
112,6,6,,,,,,,,0.14357922971248627,0.31114643812179565,0.3028718829154968,,,
113,2,2,,,,,,,,0.5430223941802979,0.2661389708518982,0.43752989172935486,,,
114,1,1,,,,,,,,0.2843345105648041,0.07343944907188416,0.2031736969947815,,,
115,3,3,,,,,,,,0.22852203249931335,0.5224248766899109,0.1640729010105133,,,
116,0,0,,,,,,,,0.3626066744327545,0.6540724635124207,0.5780344605445862,,,
117,4,4,,,,,,,,0.1818767935037613,0.24540065228939056,0.08557872474193573,,,
118,2,6,,,,,,,,0.036040980368852615,0.38126638531684875,0.07396329194307327,,,
119,7,7,,,,,,,,0.22814704477787018,0.08840418606996536,0.29947319626808167,,,
120,8,8,,,,,,,,0.7984707355499268,0.10739856213331223,0.2400152087211609,,,
121,3,3,,,,,,,,0.49498051404953003,0.37787729501724243,0.2896961271762848,,,
122,1,1,,,,,,,,0.41509971022605896,0.10674425959587097,0.3761838674545288,,,
123,2,2,,,,,,,,0.6941576600074768,0.30963432788848877,0.34116092324256897,,,
124,8,8,0,0.18604651162790697,0.3161290322580645,0.1270718232044199,0.21376711130142212,0.8066943883895874,0.17945411801338196,0.47562140226364136,0.0354037769138813,0.031380947679281235,0.0028551446739584208,0.05715080723166466,0.0028025368228554726
125,0,2,,,,,,,,0.17677508294582367,0.21524563431739807,0.12326915562152863,,,
126,8,8,,,,,,,,0.8053894639015198,0.1166902482509613,0.3028154671192169,,,
127,3,3,,,,,,,,0.3439812958240509,0.26884928345680237,0.4353680908679962,,,
128,5,3,,,,,,,,0.11491013318300247,0.4070696532726288,0.11164272576570511,,,
129,2,2,,,,,,,,0.5036118030548096,0.30409955978393555,0.40204918384552,,,
130,4,4,,,,,,,,0.10460279136896133,0.17868418991565704,0.20289750397205353,,,
131,1,1,,,,,,,,0.3362084925174713,0.45586034655570984,0.33115363121032715,,,
132,8,8,,,,,,,,0.3309081494808197,0.11906430125236511,0.26180416345596313,,,
133,9,9,,,,,,,,0.6478840708732605,0.28436896204948425,0.18268102407455444,,,
134,1,1,,,,,,,,0.10076446831226349,0.2935841679573059,0.11076442152261734,,,
135,2,2,,,,,,,,0.700892448425293,0.16453567147254944,0.6388124227523804,,,
136,9,9,,,,,,,,0.3849276900291443,0.179130420088768,0.37179288268089294,,,
137,7,7,,,,,,,,0.1740403026342392,0.31002193689346313,0.21523670852184296,,,
138,2,2,,,,,,,,0.7560847997665405,0.10522163659334183,0.6789307594299316,,,
139,9,9,,,,,,,,0.03576856851577759,0.030507072806358337,0.03704562783241272,,,
140,6,6,,,,,,,,0.3098521828651428,0.39109012484550476,0.09155252575874329,,,
141,5,5,,,,,,,,0.377572238445282,0.06097908318042755,0.260455459356308,,,
142,6,6,,,,,,,,0.28011879324913025,0.3932514190673828,0.19149751961231232,,,
143,3,3,5,0.8545454545454545,0.7142857142857143,0.36,0.9898676872253418,0.9470324516296387,0.44030559062957764,0.04999622330069542,0.18829667568206787,0.1782073825597763,0.06470471620559692,0.2166317105293274,0.04633735492825508
144,8,8,,,,,,,,0.7580513954162598,0.18548452854156494,0.16528430581092834,,,
145,7,7,7,0.8715596330275229,0.632,0.2670807453416149,0.9443691968917847,0.924882709980011,0.6669977903366089,0.10462155938148499,0.053275249898433685,0.0729174017906189,0.04440521448850632,0.030876655131578445,0.03550274297595024
146,6,6,,,,,,,,0.11729273200035095,0.625836968421936,0.27704036235809326,,,
147,2,5,,,,,,,,0.2336014211177826,0.042690765112638474,0.10997680574655533,,,
148,5,5,,,,,,,,0.08040473610162735,0.06835882365703583,0.03352844715118408,,,
149,2,2,,,,,,,,0.8436752557754517,0.2532815635204315,0.4657367169857025,,,
150,8,8,,,,,,,,0.3432217836380005,0.09028025716543198,0.2577965259552002,,,
151,9,9,,,,,,,,0.056338466703891754,0.10732696205377579,0.0839962363243103,,,
152,6,6,,,,,,,,0.07882235944271088,0.34122538566589355,0.1587408035993576,,,
153,0,0,,,,,,,,0.6365433931350708,0.3471035957336426,0.8535481691360474,,,
154,0,0,,,,,,,,0.44952380657196045,0.5433416366577148,0.7850370407104492,,,
155,5,5,,,,,,,,0.27548444271087646,0.031911902129650116,0.07339071482419968,,,
156,2,2,,,,,,,,0.46512266993522644,0.23480340838432312,0.26469287276268005,,,
157,9,9,,,,,,,,0.25926148891448975,0.09375079721212387,0.2933032810688019,,,
158,5,3,,,,,,,,0.4796493351459503,0.5441868305206299,0.05864701047539711,,,
159,4,4,,,,,,,,0.16608497500419617,0.31401604413986206,0.13363884389400482,,,
160,2,2,,,,,,,,0.6372320055961609,0.09252400696277618,0.16860778629779816,,,
161,1,1,,,,,,,,0.16759806871414185,0.33179137110710144,0.11053575575351715,,,
162,6,6,,,,,,,,0.19775284826755524,0.45186734199523926,0.03564728423953056,,,
163,6,6,,,,,,,,0.38837605714797974,0.6192014217376709,0.34192708134651184,,,
164,8,8,0,0.4782608695652174,0.44680851063829785,0.3783783783783784,0.9083280563354492,0.8324681520462036,0.6136740446090698,0.03961858153343201,0.04732462018728256,0.017677156254649162,0.05053271725773811,0.15566731989383698,0.00725709879770875
165,4,4,2,0.7586206896551724,0.5338345864661654,0.275,0.906219482421875,0.8947063088417053,0.690193235874176,0.3426879048347473,0.08419561386108398,0.0434529110789299,0.27450406551361084,0.117017962038517,0.012738073244690895
166,8,8,,,,,,,,0.5376206636428833,0.04348485916852951,0.08317819982767105,,,
167,4,4,,,,,,,,0.2044381946325302,0.16466321051120758,0.21128782629966736,,,
168,5,5,,,,,,,,0.1122516542673111,0.1408718377351761,0.15342147648334503,,,
169,0,8,,,,,,,,0.17154456675052643,0.04063550382852554,0.029820434749126434,,,
170,9,9,,,,,,,,0.23449677228927612,0.1738814264535904,0.22846926748752594,,,
171,9,0,,,,,,,,0.741814911365509,0.2686106860637665,0.5678752660751343,,,
172,9,9,,,,,,,,0.3547018766403198,0.07557894289493561,0.22374935448169708,,,
173,8,8,,,,,,,,0.24183319509029388,0.24037688970565796,0.041843462735414505,,,
174,9,9,,,,,,,,0.5164191126823425,0.12813913822174072,0.12579037249088287,,,
175,9,9,,,,,,,,0.1031905934214592,0.24896599352359772,0.12650617957115173,,,
176,3,3,3,0.9428571428571428,0.5338345864661654,0.1590909090909091,0.9671945571899414,0.8382573127746582,0.1451350450515747,0.15837763249874115,0.500735342502594,0.38609379529953003,0.1451941430568695,0.35244953632354736,0.1916777640581131
177,7,7,,,,,,,,0.36420005559921265,0.25589171051979065,0.24224765598773956,,,
178,5,2,,,,,,,,0.20766253769397736,0.05615711957216263,0.1260424107313156,,,
179,0,0,,,,,,,,0.42031535506248474,0.4362580478191376,0.9728952646255493,,,
180,0,0,,,,,,,,0.2972468435764313,0.6544195413589478,0.8213693499565125,,,
181,5,5,,,,,,,,0.1758594810962677,0.0783160850405693,0.11161639541387558,,,
182,2,2,,,,,,,,0.7539483308792114,0.6078755259513855,0.6335501074790955,,,
183,2,3,,,,,,,,0.2741851210594177,0.2502959072589874,0.03390411287546158,,,
184,3,3,,,,,,,,0.0803508535027504,0.18709677457809448,0.1141015812754631,,,
185,8,8,,,,,,,,0.7398273944854736,0.4903114438056946,0.3065958023071289,,,
186,6,6,,,,,,,,0.03942398354411125,0.5972201824188232,0.09315327554941177,,,
187,3,3,,,,,,,,0.11487466096878052,0.279181569814682,0.2701799273490906,,,
188,4,2,,,,,,,,0.6258354187011719,0.10356523096561432,0.3372315466403961,,,
189,0,0,,,,,,,,0.22124740481376648,0.2607725262641907,0.5739951133728027,,,
190,5,5,,,,,,,,0.22010502219200134,0.07284840941429138,0.08628515154123306,,,
191,8,8,,,,,,,,0.4179309606552124,0.14816489815711975,0.47508504986763,,,
192,0,0,,,,,,,,0.11944243311882019,0.4406556487083435,0.5132386088371277,,,
193,1,1,,,,,,,,0.09966333210468292,0.029301514849066734,0.1184273436665535,,,
194,7,7,,,,,,,,0.07741111516952515,0.0796031728386879,0.1260772943496704,,,
195,2,2,,,,,,,,0.17691482603549957,0.1263117492198944,0.13568298518657684,,,
196,8,8,,,,,,,,0.6661245822906494,0.15676680207252502,0.21033498644828796,,,
197,8,8,,,,,,,,0.6003304719924927,0.05410102754831314,0.10386595129966736,,,
198,7,7,,,,,,,,0.06642483919858932,0.027896994724869728,0.3420449495315552,,,
199,8,8,,,,,,,,0.335887610912323,0.16415683925151825,0.317973256111145,,,
200,5,5,,,,,,,,0.32247239351272583,0.1488141119480133,0.3116506338119507,,,
201,1,1,9,0.8214285714285714,0.7288135593220338,0.8053097345132744,0.9874759912490845,0.9561396837234497,0.6524222493171692,0.04477029666304588,0.1448400765657425,0.021909819915890694,0.052478641271591187,0.11346497386693954,0.012455933727324009
202,8,8,,,,,,,,0.3609480857849121,0.5669787526130676,0.15119683742523193,,,
203,7,7,,,,,,,,0.2728560268878937,0.0790831595659256,0.1771925836801529,,,
204,1,1,,,,,,,,0.6179932355880737,0.22159099578857422,0.4110490083694458,,,
205,3,3,,,,,,,,0.24955981969833374,0.6911605596542358,0.41532212495803833,,,
206,0,0,,,,,,,,0.54986971616745,0.48400479555130005,0.7727481722831726,,,
207,5,5,,,,,,,,0.21071381866931915,0.21486124396324158,0.0938456803560257,,,
208,7,7,,,,,,,,0.4604049026966095,0.24478548765182495,0.6248914003372192,,,
209,9,9,,,,,,,,0.29912617802619934,0.14337284862995148,0.1760408580303192,,,
210,7,7,,,,,,,,0.09676360338926315,0.03114072047173977,0.12860624492168427,,,
211,4,4,,,,,,,,0.025707969442009926,0.042551036924123764,0.07436518371105194,,,
212,5,5,,,,,,,,0.1361948549747467,0.076436847448349,0.17318423092365265,,,
213,9,8,,,,,,,,0.11639375239610672,0.0806293934583664,0.05229603871703148,,,
214,8,8,,,,,,,,0.6657735705375671,0.04007626697421074,0.04007416591048241,,,
215,0,0,,,,,,,,0.20946501195430756,0.44797611236572266,0.6727995276451111,,,
216,7,7,,,,,,,,0.2271105945110321,0.22872526943683624,0.17249800264835358,,,
217,9,9,,,,,,,,0.21076054871082306,0.19417543709278107,0.11579291522502899,,,
218,8,8,8,0.7435897435897436,0.48905109489051096,0.44680851063829785,0.9712315797805786,0.856342077255249,0.5279113054275513,0.10063501447439194,0.07144729793071747,0.0840965211391449,0.11509622633457184,0.03764324635267258,0.08458346873521805
219,2,2,,,,,,,,0.7038382291793823,0.2513510286808014,0.28023025393486023,,,
220,7,7,,,,,,,,0.16638056933879852,0.15159949660301208,0.23678244650363922,,,
221,6,6,5,0.5648854961832062,0.5111111111111111,0.43661971830985913,0.9142648577690125,0.8728355765342712,0.5223296284675598,0.050363022834062576,0.5013894438743591,0.07297316193580627,0.039123062044382095,0.540560781955719,0.010167988948523998
222,9,9,,,,,,,,0.3034546673297882,0.16113710403442383,0.425500750541687,,,
223,4,4,5,0.19298245614035087,0.45714285714285713,0.2911392405063291,0.6167031526565552,0.8610934019088745,0.34201866388320923,0.06937768310308456,0.18764883279800415,0.09203440696001053,0.003771020332351327,0.07464645802974701,0.04003914073109627
224,3,3,,,,,,,,0.34263646602630615,0.1671736091375351,0.0713646411895752,,,
225,9,9,,,,,,,,0.24444159865379333,0.2860430181026459,0.1022811233997345,,,
226,6,3,,,,,,,,0.0662175789475441,0.3323017954826355,0.13831272721290588,,,
227,4,4,,,,,,,,0.1787421852350235,0.4773796498775482,0.1787615716457367,,,
228,7,5,,,,,,,,0.08359793573617935,0.05622648447751999,0.10370899736881256,,,
229,6,6,2,0.632,0.5,0.3877551020408163,0.8202309608459473,0.8785779476165771,0.7082383632659912,0.032995063811540604,0.2952171564102173,0.04697220027446747,0.029596300795674324,0.4555457830429077,0.03426621854305267
230,5,5,,,,,,,,0.3222563564777374,0.12683331966400146,0.12240125983953476,,,
231,1,1,,,,,,,,0.6495738625526428,0.406342476606369,0.6514801979064941,,,
232,5,3,,,,,,,,0.17790035903453827,0.18163743615150452,0.23391465842723846,,,
233,8,8,8,0.6062992125984252,0.6721311475409836,0.2289156626506024,0.8696416020393372,0.8619046211242676,0.5499625205993652,0.4054279923439026,0.08581291884183884,0.23445579409599304,0.3563539385795593,0.0554957315325737,0.11228922009468079
234,8,8,,,,,,,,0.7798244953155518,0.04111766442656517,0.1644650101661682,,,
235,0,0,,,,,,,,0.8476729989051819,0.7249627709388733,0.9628990292549133,,,
236,4,4,,,,,,,,0.08487094193696976,0.17433060705661774,0.05877627432346344,,,
237,0,0,,,,,,,,0.42257747054100037,0.6893425583839417,0.8946729898452759,,,
238,5,5,,,,,,,,0.25293058156967163,0.05462420731782913,0.17236283421516418,,,
239,5,5,,,,,,,,0.20188939571380615,0.029052261263132095,0.40500858426094055,,,
240,1,1,,,,,,,,0.4890417158603668,0.3286059498786926,0.2729909121990204,,,
241,1,1,,,,,,,,0.39172598719596863,0.057529669255018234,0.26402679085731506,,,
242,8,8,,,,,,,,0.20006372034549713,0.045986391603946686,0.02877410128712654,,,
243,9,9,,,,,,,,0.18867412209510803,0.23800845444202423,0.3640148341655731,,,
244,0,0,,,,,,,,0.7848703861236572,0.7249345779418945,0.9118228554725647,,,
245,3,3,,,,,,,,0.14007999002933502,0.18456363677978516,0.14059606194496155,,,
246,1,1,,,,,,,,0.13112151622772217,0.14606577157974243,0.1309724748134613,,,
247,9,8,,,,,,,,0.392422080039978,0.062084317207336426,0.17590665817260742,,,
248,2,2,,,,,,,,0.3728458285331726,0.24371325969696045,0.19817578792572021,,,
249,2,2,0,0.3076923076923077,0.48905109489051096,0.3509933774834437,0.9527251720428467,0.8496612906455994,0.6729090809822083,0.2810293138027191,0.1517404317855835,0.12823514640331268,0.28197920322418213,0.1421787440776825,0.03752022609114647
250,5,5,,,,,,,,0.20042634010314941,0.08046483248472214,0.19234296679496765,,,
251,3,3,,,,,,,,0.12300021946430206,0.32888829708099365,0.26658719778060913,,,
252,9,9,,,,,,,,0.31325146555900574,0.22349494695663452,0.18088304996490479,,,
253,9,9,,,,,,,,0.14565321803092957,0.3902771770954132,0.21574246883392334,,,
254,4,4,,,,,,,,0.1126817986369133,0.2215452790260315,0.09297094494104385,,,
255,0,0,,,,,,,,0.2878667414188385,0.5631704330444336,0.9437888264656067,,,
256,3,3,,,,,,,,0.21738070249557495,0.3592406213283539,0.2782485783100128,,,
257,0,0,,,,,,,,0.4088752567768097,0.597150444984436,0.8080536127090454,,,
258,0,0,,,,,,,,0.2727276086807251,0.5815684199333191,0.9626709222793579,,,
259,9,9,,,,,,,,0.17752787470817566,0.31112632155418396,0.16486802697181702,,,
260,8,8,,,,,,,,0.5076916217803955,0.13562139868736267,0.27837857604026794,,,
261,1,1,,,,,,,,0.27165645360946655,0.2729901969432831,0.24641947448253632,,,
262,5,5,5,0.6585365853658537,0.4782608695652174,0.5813953488372093,0.9560533761978149,0.9352561235427856,0.5653676986694336,0.08511126786470413,0.14408473670482635,0.05149631202220917,0.03076641820371151,0.13960382342338562,0.02594560943543911
263,7,7,3,0.48905109489051096,0.4068965517241379,0.2670807453416149,0.7903637886047363,0.8875573873519897,0.5006986856460571,0.16137155890464783,0.02721095085144043,0.07576097548007965,0.1345636397600174,0.004815286956727505,0.0399666428565979
264,0,0,,,,,,,,0.7301973104476929,0.5888861417770386,0.7263646125793457,,,
265,8,8,,,,,,,,0.6291460990905762,0.05294623598456383,0.18423467874526978,,,
266,2,2,2,0.5111111111111111,0.6062992125984252,0.43661971830985913,0.906434953212738,0.8808797001838684,0.6992999315261841,0.30690789222717285,0.07413922995328903,0.41253796219825745,0.391543447971344,0.07432965934276581,0.15716364979743958
267,4,4,,,,,,,,0.1686142534017563,0.27039480209350586,0.3199511468410492,,,
268,7,7,,,,,,,,0.3894849121570587,0.2666218876838684,0.2538081407546997,,,
269,0,3,,,,,,,,0.12537781894207,0.15786394476890564,0.08666402101516724,,,
270,2,2,,,,,,,,0.2619146704673767,0.24150815606117249,0.2593768239021301,,,
271,3,5,,,,,,,,0.10323728621006012,0.07241900265216827,0.032078832387924194,,,
272,6,6,,,,,,,,0.2993111312389374,0.7707624435424805,0.161733478307724,,,
273,3,3,,,,,,,,0.20770086348056793,0.22527781128883362,0.2669347822666168,,,
274,8,8,,,,,,,,0.5860803127288818,0.03405150771141052,0.07591238617897034,,,
275,5,3,,,,,,,,0.11552628874778748,0.18709495663642883,0.04997752234339714,,,
276,0,0,,,,,,,,0.6815963983535767,0.6079798936843872,0.8460614085197449,,,
277,3,5,,,,,,,,0.09140297770500183,0.04947732016444206,0.05793638899922371,,,
278,4,4,,,,,,,,0.43792402744293213,0.21124009788036346,0.39152225852012634,,,
279,3,3,,,,,,,,0.07920185476541519,0.2333279699087143,0.10846934467554092,,,
280,9,9,,,,,,,,0.1358359158039093,0.1779833734035492,0.1285497546195984,,,
281,0,0,,,,,,,,0.293923020362854,0.8158715963363647,0.9320365786552429,,,
282,6,6,,,,,,,,0.12562541663646698,0.5992462635040283,0.06459285318851471,,,
283,1,1,,,,,,,,0.40194427967071533,0.20292291045188904,0.2587798237800598,,,
284,0,0,,,,,,,,0.17515477538108826,0.41284361481666565,0.706244945526123,,,
285,9,9,,,,,,,,0.3197392523288727,0.14883433282375336,0.11789064854383469,,,
286,1,1,,,,,,,,0.27660003304481506,0.3281842768192291,0.22362585365772247,,,
287,0,8,,,,,,,,0.4762188196182251,0.24864012002944946,0.049454301595687866,,,
288,7,7,,,,,,,,0.31920376420021057,0.23508557677268982,0.19948342442512512,,,
289,9,9,,,,,,,,0.35107406973838806,0.10289762169122696,0.1799212396144867,,,
290,1,1,,,,,,,,0.43505820631980896,0.08827373385429382,0.3061041235923767,,,
291,2,2,,,,,,,,0.32956868410110474,0.39809665083885193,0.8011494874954224,,,
292,6,6,,,,,,,,0.36962270736694336,0.5801163911819458,0.1861468255519867,,,
293,9,9,9,0.9615384615384616,0.7435897435897436,0.36,0.9922487139701843,0.9399359226226807,0.6863709688186646,0.03245887532830238,0.051417384296655655,0.026415053755044937,0.026214931160211563,0.051912471652030945,0.016180770471692085
294,3,3,,,,,,,,0.2590450644493103,0.45681968331336975,0.46087804436683655,,,
295,4,4,2,0.5572519083969466,0.632,0.42657342657342656,0.8523790836334229,0.8461251258850098,0.5045504570007324,0.18546663224697113,0.5971989631652832,0.056324005126953125,0.19050326943397522,0.6047344207763672,0.0018048722995445132
296,6,6,,,,,,,,0.4242861866950989,0.6234235763549805,0.21684923768043518,,,
297,0,0,,,,,,,,0.36692407727241516,0.21332843601703644,0.5172286629676819,,,
298,0,0,,,,,,,,0.2597321569919586,0.385518342256546,0.62394779920578,,,
299,6,6,,,,,,,,0.15833780169487,0.7372398376464844,0.11428090929985046,,,
300,6,6,,,,,,,,0.23863892257213593,0.39012208580970764,0.13756462931632996,,,
301,6,6,,,,,,,,0.3103271424770355,0.6133553385734558,0.20070654153823853,,,
302,3,3,5,0.13966480446927373,0.5692307692307692,0.3783783783783784,0.5675343871116638,0.8996683359146118,0.5694897174835205,0.0927915945649147,0.28142663836479187,0.0691102147102356,0.16095691919326782,0.1333736926317215,0.032531823962926865
303,2,2,,,,,,,,0.4953267574310303,0.05704466253519058,0.19212815165519714,,,
304,6,6,6,0.8053097345132744,0.7586206896551724,0.5692307692307692,0.9584786295890808,0.9362233877182007,0.5280801057815552,0.19179125130176544,0.24620109796524048,0.10635869950056076,0.09750090539455414,0.3081880807876587,0.08667589724063873
305,1,1,1,0.7894736842105263,0.5111111111111111,0.5692307692307692,0.9835617542266846,0.8911799192428589,0.5985722541809082,0.1039666160941124,0.16475079953670502,0.09549584984779358,0.04231959208846092,0.06967068463563919,0.04979152977466583
306,8,8,,,,,,,,0.2540508508682251,0.04663971811532974,0.09984332323074341,,,
307,2,2,,,,,,,,0.3703894019126892,0.11570605635643005,0.38254618644714355,,,
308,1,1,,,,,,,,0.6083628535270691,0.47971081733703613,0.16610945761203766,,,
309,6,6,2,0.14606741573033707,0.4166666666666667,0.7288135593220338,0.7659982442855835,0.7954574823379517,0.6014417409896851,0.19316819310188293,0.631711483001709,0.24582423269748688,0.045263901352882385,0.5739531517028809,0.07643717527389526
310,8,8,0,0.3945578231292517,0.42657342657342656,0.15254237288135594,0.5834606885910034,0.8462409377098083,0.4659326374530792,0.13974641263484955,0.285255491733551,0.029410455375909805,0.007250077091157436,0.19073154032230377,0.0031747769098728895
311,6,6,,,,,,,,0.28384602069854736,0.4392261207103729,0.13473595678806305,,,
312,8,8,0,0.5223880597014925,0.3972602739726027,0.5111111111111111,0.9752413630485535,0.8461599349975586,0.4391529858112335,0.11040252447128296,0.03095964901149273,0.09076731652021408,0.061826568096876144,0.1056055799126625,0.012276547029614449
313,0,2,,,,,,,,0.4386838972568512,0.07492490857839584,0.10170336812734604,,,
314,4,4,,,,,,,,0.2094230353832245,0.19138197600841522,0.16089725494384766,,,
315,0,0,,,,,,,,0.86979740858078,0.2752889394760132,0.692905843257904,,,
316,7,7,4,0.8715596330275229,0.6451612903225806,0.44680851063829785,0.9923245906829834,0.9298548698425293,0.6733554601669312,0.019484052434563637,0.02317509427666664,0.022503310814499855,0.009835902601480484,0.009663990698754787,0.012212458997964859
317,7,7,,,,,,,,0.20326058566570282,0.03008769080042839,0.08649150282144547,,,
318,5,5,,,,,,,,0.16210930049419403,0.13545449078083038,0.1173432469367981,,,
319,5,5,,,,,,,,0.5219429135322571,0.19998040795326233,0.14604854583740234,,,
320,3,3,,,,,,,,0.4566948711872101,0.33887141942977905,0.3048878312110901,,,
321,5,5,,,,,,,,0.2918092906475067,0.02970700152218342,0.18343965709209442,,,
322,2,2,,,,,,,,0.8077213764190674,0.09708165377378464,0.5686244368553162,,,
323,3,3,3,0.34210526315789475,0.45714285714285713,0.20710059171597633,0.9272227883338928,0.7715672254562378,0.5225358009338379,0.28949323296546936,0.16769862174987793,0.17679835855960846,0.09719619899988174,0.3213919997215271,0.23073509335517883
324,4,5,,,,,,,,0.15365202724933624,0.02663457952439785,0.11179713159799576,,,
325,1,1,,,,,,,,0.1377273052930832,0.09633605927228928,0.08631786704063416,,,
326,7,7,,,,,,,,0.299976646900177,0.10110144317150116,0.1196713000535965,,,
327,5,5,,,,,,,,0.5700167417526245,0.15346910059452057,0.3244980573654175,,,
328,4,4,,,,,,,,0.0782584473490715,0.21085745096206665,0.07562471181154251,,,
329,6,6,,,,,,,,0.22559072077274323,0.7822097539901733,0.11921966075897217,,,
330,1,1,,,,,,,,0.35030630230903625,0.17469266057014465,0.2585683763027191,,,
331,9,9,,,,,,,,0.25515076518058777,0.1395135521888733,0.07526429742574692,,,
332,3,2,,,,,,,,0.11403662711381912,0.03840760141611099,0.175803080201149,,,
333,6,6,,,,,,,,0.3013821542263031,0.43003201484680176,0.19907812774181366,,,
334,6,6,,,,,,,,0.17184294760227203,0.7287217974662781,0.22211109101772308,,,
335,9,9,,,,,,,,0.3810039460659027,0.2646678388118744,0.25323668122291565,,,
336,3,3,,,,,,,,0.3889752924442291,0.21937969326972961,0.3644256591796875,,,
337,8,8,,,,,,,,0.49560773372650146,0.2511679530143738,0.4337449073791504,,,
338,0,0,,,,,,,,0.31887754797935486,0.6891643404960632,0.3989410400390625,,,
339,7,7,,,,,,,,0.29719600081443787,0.1687844842672348,0.07361627370119095,,,
340,2,2,,,,,,,,0.5448020696640015,0.4354887008666992,0.09961029887199402,,,
341,6,6,6,0.4676258992805755,0.5813953488372093,0.7739130434782608,0.9633668065071106,0.9098680019378662,0.6241101026535034,0.04724608361721039,0.36777982115745544,0.04919276759028435,0.09049559384584427,0.33817917108535767,0.03542475029826164
342,2,2,0,0.29936305732484075,0.3783783783783784,0.2289156626506024,0.8606523871421814,0.8079792261123657,0.4650212228298187,0.40673717856407166,0.07667834311723709,0.6855498552322388,0.259806364774704,0.018560977652668953,0.06271883100271225
343,5,5,,,,,,,,0.051840174943208694,0.0707530826330185,0.13498851656913757,,,
344,8,8,,,,,,,,0.21614030003547668,0.13788987696170807,0.16603747010231018,,,
345,5,5,3,0.6062992125984252,0.6062992125984252,0.19298245614035087,0.9481744170188904,0.9055386781692505,0.5631542205810547,0.2129700928926468,0.053992386907339096,0.14263136684894562,0.13255435228347778,0.028864825144410133,0.0017472978215664625
346,4,4,4,0.5813953488372093,0.34210526315789475,0.36,0.9827731251716614,0.7917624711990356,0.5382363796234131,0.10717015713453293,0.07959750294685364,0.1849919706583023,0.12488146126270294,0.1712920069694519,0.11566013842821121
347,6,6,,,,,,,,0.2508416175842285,0.7625441551208496,0.15636399388313293,,,
348,8,8,,,,,,,,0.31231075525283813,0.3440212607383728,0.3075697720050812,,,
349,9,9,,,,,,,,0.21662889420986176,0.3128989040851593,0.30421483516693115,,,
350,9,9,,,,,,,,0.3301401138305664,0.2176831066608429,0.2812901735305786,,,
351,1,1,,,,,,,,0.41477566957473755,0.2989434003829956,0.3899552524089813,,,
352,0,0,,,,,,,,0.34054067730903625,0.70084547996521,0.6219104528427124,,,
353,2,2,,,,,,,,0.5334736704826355,0.054631028324365616,0.4296610653400421,,,
354,2,2,,,,,,,,0.46418702602386475,0.11867155879735947,0.3890044391155243,,,
355,7,4,,,,,,,,0.1337016522884369,0.16877856850624084,0.08594542741775513,,,
356,3,3,4,0.0,0.5111111111111111,0.11475409836065574,0.564761757850647,0.8129024505615234,0.3755342364311218,0.15187843143939972,0.09405968338251114,0.029681945219635963,0.34219712018966675,0.09191273897886276,0.020211486145853996
357,2,2,3,0.48905109489051096,0.34210526315789475,0.5454545454545454,0.28814077377319336,0.8075856566429138,0.6227468252182007,0.4657072126865387,0.09220026433467865,0.5261382460594177,0.33825263381004333,0.13828736543655396,0.22804804146289825
358,8,8,,,,,,,,0.19561707973480225,0.032131824642419815,0.08288312703371048,,,
359,0,0,,,,,,,,0.34843385219573975,0.4028579294681549,0.8868796825408936,,,
360,9,9,,,,,,,,0.2753165066242218,0.30315276980400085,0.3646695911884308,,,
361,5,5,,,,,,,,0.4349110722541809,0.06694946438074112,0.06283775717020035,,,
362,8,8,,,,,,,,0.5284024477005005,0.18265153467655182,0.1910332888364792,,,
363,1,1,,,,,,,,0.22334010899066925,0.18009185791015625,0.1269110143184662,,,
364,9,9,,,,,,,,0.148675337433815,0.254118412733078,0.20224805176258087,,,
365,4,4,,,,,,,,0.12072495371103287,0.23518966138362885,0.16964800655841827,,,
366,1,1,,,,,,,,0.39452630281448364,0.17728844285011292,0.3239539861679077,,,
367,3,3,,,,,,,,0.17198266088962555,0.31327277421951294,0.11175950616598129,,,
368,8,8,,,,,,,,0.18385136127471924,0.32748255133628845,0.1135023981332779,,,
369,1,1,,,,,,,,0.5229419469833374,0.18985441327095032,0.17944909632205963,,,
370,4,2,,,,,,,,0.266639769077301,0.26667946577072144,0.3042755722999573,,,
371,7,7,,,,,,,,0.2804211378097534,0.3238086700439453,0.4212983250617981,,,
372,9,9,,,,,,,,0.0872541293501854,0.16944719851016998,0.24150621891021729,,,
373,4,4,,,,,,,,0.09629745036363602,0.239512100815773,0.04596291854977608,,,
374,2,2,,,,,,,,0.6560123562812805,0.4737227261066437,0.37148791551589966,,,
375,7,7,,,,,,,,0.09140644967556,0.10323084145784378,0.19601322710514069,,,
376,0,0,0,0.5338345864661654,0.5223880597014925,0.3076923076923077,0.9387932419776917,0.8495604991912842,0.6936050057411194,0.5487731695175171,0.5948344469070435,0.8231571316719055,0.5708261728286743,0.7063066959381104,0.9652546048164368
377,7,7,,,,,,,,0.1447436511516571,0.07539186626672745,0.12396625429391861,,,
378,0,8,,,,,,,,0.48860421776771545,0.08784874528646469,0.39161765575408936,,,
379,6,6,,,,,,,,0.5378223657608032,0.5251501798629761,0.18898481130599976,,,
380,6,6,,,,,,,,0.3274991512298584,0.5625322461128235,0.1416236311197281,,,
381,9,9,,,,,,,,0.1512298732995987,0.10578157752752304,0.2921702265739441,,,
382,0,0,,,,,,,,0.37331637740135193,0.9168894290924072,0.7844204902648926,,,
383,9,9,,,,,,,,0.3031091094017029,0.0698651522397995,0.023136697709560394,,,
384,2,5,,,,,,,,0.05711730942130089,0.06265021115541458,0.0214381143450737,,,
385,8,0,,,,,,,,0.6849727630615234,0.7706068158149719,0.6208556890487671,,,
386,7,7,,,,,,,,0.24246527254581451,0.18312327563762665,0.24831290543079376,,,
387,2,2,5,0.41379310344827586,0.7,0.48905109489051096,0.953387975692749,0.8809547424316406,0.4658111333847046,0.5944443345069885,0.03323940932750702,0.4338111877441406,0.2848460078239441,0.06728363037109375,0.37576889991760254
388,2,2,2,0.5338345864661654,0.4166666666666667,0.14606741573033707,0.9138203263282776,0.8173258304595947,0.27219223976135254,0.24419116973876953,0.035704340785741806,0.21475446224212646,0.33207860589027405,0.07324583828449249,0.207831472158432
389,5,5,,,,,,,,0.4236072301864624,0.16458360850811005,0.09118055552244186,,,
390,1,1,,,,,,,,0.352298378944397,0.2008010745048523,0.13968941569328308,,,
391,2,2,,,,,,,,0.4255939722061157,0.23295190930366516,0.23968735337257385,,,
392,6,6,,,,,,,,0.49032706022262573,0.7393558025360107,0.6505894660949707,,,
393,2,2,2,0.43661971830985913,0.5572519083969466,0.5338345864661654,0.9484915733337402,0.929032564163208,0.6827995777130127,0.525434672832489,0.2320864498615265,0.18233294785022736,0.3624095916748047,0.21488632261753082,0.174483060836792
394,9,9,9,0.48905109489051096,0.6721311475409836,0.5572519083969466,0.9798306822776794,0.955218493938446,0.6880543828010559,0.04524213820695877,0.12467297911643982,0.10137037187814713,0.04109529033303261,0.13856248557567596,0.07500647753477097
395,6,6,,,,,,,,0.14112268388271332,0.6493843197822571,0.1840902417898178,,,
396,2,2,,,,,,,,0.3180249333381653,0.21134690940380096,0.03490244597196579,,,
397,3,3,,,,,,,,0.22962799668312073,0.08258482068777084,0.05556893348693848,,,
398,0,0,,,,,,,,0.4730350375175476,0.7147212028503418,0.5510109066963196,,,
399,3,3,,,,,,,,0.15450192987918854,0.1333005130290985,0.13628913462162018,,,
400,9,9,,,,,,,,0.4760516881942749,0.21930627524852753,0.37512338161468506,,,
401,8,8,,,,,,,,0.3478154242038727,0.05219157785177231,0.17722134292125702,,,
402,7,7,,,,,,,,0.12193190306425095,0.1534479856491089,0.15154355764389038,,,
403,8,8,,,,,,,,0.5252800583839417,0.08102012425661087,0.1254270374774933,,,
404,8,8,,,,,,,,0.5205996036529541,0.041507329791784286,0.25146085023880005,,,
405,4,4,4,0.4782608695652174,0.6062992125984252,0.1791907514450867,0.894314169883728,0.8197414875030518,0.5133600831031799,0.2191680669784546,0.12599970400333405,0.14503063261508942,0.20371782779693604,0.13550427556037903,0.2950843870639801
406,0,0,,,,,,,,0.5188709497451782,0.4922565817832947,0.93570876121521,,,
407,1,1,,,,,,,,0.052180930972099304,0.10474824160337448,0.06622572243213654,,,
408,8,8,,,,,,,,0.44857704639434814,0.3714286983013153,0.256795197725296,,,
409,2,2,,,,,,,,0.2987934350967407,0.1689424067735672,0.19136571884155273,,,
410,7,7,,,,,,,,0.35443055629730225,0.18448466062545776,0.29973530769348145,,,
411,9,9,,,,,,,,0.06609528511762619,0.09779052436351776,0.06293671578168869,,,
412,3,5,,,,,,,,0.2317803055047989,0.088327556848526,0.05659998580813408,,,
413,6,6,,,,,,,,0.16628889739513397,0.36389532685279846,0.08307871967554092,,,
414,1,1,,,,,,,,0.2901259958744049,0.2765374779701233,0.3917831778526306,,,
415,9,9,,,,,,,,0.24160543084144592,0.14243870973587036,0.16776815056800842,,,
416,0,0,,,,,,,,0.47612398862838745,0.35103729367256165,0.7023108601570129,,,
417,7,7,7,0.9245283018867925,0.5454545454545454,0.4166666666666667,0.9915111064910889,0.904173731803894,0.7112591862678528,0.055418260395526886,0.029222197830677032,0.11065806448459625,0.0825568288564682,0.030344689264893532,0.11920468509197235
418,3,3,2,0.2,0.44680851063829785,0.14606741573033707,0.7333751320838928,0.7815150022506714,0.505171000957489,0.25075578689575195,0.1536034345626831,0.14027927815914154,0.050845906138420105,0.2291354089975357,0.004683131817728281
419,7,7,,,,,,,,0.3192006051540375,0.1282770186662674,0.3102409243583679,,,
420,4,4,,,,,,,,0.19362953305244446,0.1933012753725052,0.20648391544818878,,,
421,5,5,,,,,,,,0.3848617970943451,0.09693750739097595,0.05676093325018883,,,
422,0,0,8,0.1791907514450867,0.6062992125984252,0.009900990099009901,0.6784965991973877,0.8753740191459656,0.0718739926815033,0.5626742243766785,0.27727752923965454,0.908501386642456,0.34875360131263733,0.4054742157459259,0.8648561835289001
423,0,0,,,,,,,,0.303286075592041,0.32754212617874146,0.611510694026947,,,
424,2,2,,,,,,,,0.6576442718505859,0.24272701144218445,0.6484240293502808,,,
425,9,9,,,,,,,,0.20341144502162933,0.22959284484386444,0.3819645941257477,,,
426,3,4,,,,,,,,0.07373170554637909,0.019709067419171333,0.03944358602166176,,,
427,4,4,,,,,,,,0.3043404519557953,0.2883414328098297,0.23210540413856506,,,
428,0,0,,,,,,,,0.5538092255592346,0.4104914963245392,0.4781299829483032,,,
429,6,6,,,,,,,,0.0971921980381012,0.3981613516807556,0.11367945373058319,,,
430,2,2,2,0.5692307692307692,0.5338345864661654,0.4782608695652174,0.9553846120834351,0.8615556955337524,0.6458770036697388,0.41283199191093445,0.05639857426285744,0.30217766761779785,0.31705939769744873,0.04902929067611694,0.32750487327575684
431,5,5,,,,,,,,0.3718155324459076,0.0454833023250103,0.19528146088123322,,,
432,3,3,,,,,,,,0.28992959856987,0.17202965915203094,0.4291595220565796,,,
433,7,7,0,0.44680851063829785,0.5,0.5692307692307692,0.8888992071151733,0.8593473434448242,0.7647891044616699,0.06762531399726868,0.03614063560962677,0.10626832395792007,0.0371088832616806,0.03165019676089287,0.009068846702575684
434,3,3,,,,,,,,0.08654189854860306,0.27134907245635986,0.14361652731895447,,,
435,7,7,,,,,,,,0.384356290102005,0.03441401571035385,0.2835724651813507,,,
436,2,2,,,,,,,,0.210489422082901,0.16578996181488037,0.44800296425819397,,,
437,5,5,3,0.43661971830985913,0.3691275167785235,0.2289156626506024,0.8190613389015198,0.7545870542526245,0.21577328443527222,0.16063137352466583,0.038594890385866165,0.04369556903839111,0.21285870671272278,0.011028053238987923,0.018576189875602722
438,3,3,,,,,,,,0.19298717379570007,0.47558626532554626,0.24995817244052887,,,
439,1,9,,,,,,,,0.1354558914899826,0.192425936460495,0.1562676578760147,,,
440,1,1,,,,,,,,0.2049596607685089,0.15527623891830444,0.18547478318214417,,,
441,4,4,2,0.08465608465608465,0.3333333333333333,0.5572519083969466,0.6240047216415405,0.8352475166320801,0.6794344186782837,0.12568657100200653,0.23580293357372284,0.23019100725650787,0.032754287123680115,0.24543315172195435,0.04087698459625244
442,9,9,,,,,,,,0.31979793310165405,0.06137189641594887,0.1910697966814041,,,
443,9,9,,,,,,,,0.16177614033222198,0.24877962470054626,0.12490911036729813,,,
444,5,5,,,,,,,,0.21741962432861328,0.07501932233572006,0.0527825765311718,,,
445,7,7,,,,,,,,0.1464260071516037,0.10429202020168304,0.12700843811035156,,,
446,5,5,3,0.05128205128205128,0.3877551020408163,0.13333333333333333,0.10820981860160828,0.8511925935745239,0.42667412757873535,0.33489829301834106,0.201869398355484,0.2739236652851105,0.0061174617148935795,0.13145798444747925,0.0008174555841833353
447,0,0,,,,,,,,0.1463276892900467,0.47131723165512085,0.4628406763076782,,,
448,2,2,,,,,,,,0.572454035282135,0.3079662024974823,0.5835464596748352,,,
449,2,2,2,0.8214285714285714,0.6190476190476191,0.5813953488372093,0.9895163774490356,0.8992187976837158,0.7032303214073181,0.2793020009994507,0.22314152121543884,0.1820099800825119,0.2984849214553833,0.45732995867729187,0.1735149323940277
450,2,2,,,,,,,,0.4363729953765869,0.18186832964420319,0.43036943674087524,,,
451,9,9,,,,,,,,0.08456555008888245,0.20178470015525818,0.22867684066295624,,,
452,7,7,,,,,,,,0.17621691524982452,0.0737510696053505,0.09906031936407089,,,
453,3,3,,,,,,,,0.13998828828334808,0.20967409014701843,0.09278018027544022,,,
454,9,9,,,,,,,,0.1850912868976593,0.07662695646286011,0.13104961812496185,,,
455,4,4,,,,,,,,0.12595324218273163,0.33713382482528687,0.2189193218946457,,,
456,3,4,,,,,,,,0.11839552223682404,0.21665723621845245,0.139369398355484,,,
457,5,5,,,,,,,,0.26271316409111023,0.03107929788529873,0.14778076112270355,,,
458,4,4,,,,,,,,0.21082936227321625,0.1924133151769638,0.1239408552646637,,,
459,6,6,6,0.8545454545454545,0.45714285714285713,0.6062992125984252,0.9904296398162842,0.8753293752670288,0.7446098327636719,0.036408014595508575,0.334665447473526,0.052189186215400696,0.059334103018045425,0.3335992693901062,0.0502452552318573
460,5,5,,,,,,,,0.21756602823734283,0.051787249743938446,0.07179953902959824,,,
461,6,6,,,,,,,,0.21039722859859467,0.47964954376220703,0.14017125964164734,,,
462,1,1,,,,,,,,0.3387519121170044,0.31772956252098083,0.2324514538049698,,,
463,4,4,,,,,,,,0.09014035016298294,0.37414106726646423,0.19792895019054413,,,
464,3,3,,,,,,,,0.27464041113853455,0.6202583312988281,0.14606331288814545,,,
465,4,4,,,,,,,,0.43418487906455994,0.2925708293914795,0.269341379404068,,,
466,4,4,,,,,,,,0.40636390447616577,0.10907948762178421,0.28976985812187195,,,
467,3,3,,,,,,,,0.15746791660785675,0.28369131684303284,0.376400351524353,,,
468,7,7,7,0.9065420560747663,0.7435897435897436,0.19298245614035087,0.9960752725601196,0.9480961561203003,0.5636335611343384,0.1291954070329666,0.026888886466622353,0.2319544404745102,0.05778823047876358,0.0259847491979599,0.16599388420581818
469,8,8,,,,,,,,0.4573265612125397,0.21548306941986084,0.3108188211917877,,,
470,3,3,4,0.12021857923497267,0.45714285714285713,0.13966480446927373,0.07322154939174652,0.7646728754043579,0.5214614868164062,0.21965910494327545,0.25590938329696655,0.049687594175338745,0.048689406365156174,0.14529293775558472,0.010957145132124424
471,7,7,,,,,,,,0.22359247505664825,0.16867701709270477,0.18294814229011536,,,
472,8,8,,,,,,,,0.485387921333313,0.24179217219352722,0.3424338102340698,,,
473,0,0,2,0.6721311475409836,0.59375,0.4782608695652174,0.9600840210914612,0.9156895875930786,0.43542152643203735,0.2437829077243805,0.4761427044868469,0.663451075553894,0.040062762796878815,0.5068323016166687,0.6589428782463074
474,5,5,,,,,,,,0.047083429992198944,0.1515856236219406,0.07940729707479477,,,
475,7,7,,,,,,,,0.26117584109306335,0.23337393999099731,0.30861392617225647,,,
476,6,6,,,,,,,,0.2880901098251343,0.5832365155220032,0.1255112588405609,,,
477,0,0,,,,,,,,0.5042107105255127,0.6068342328071594,0.5443448424339294,,,
478,5,3,,,,,,,,0.22100374102592468,0.1772785186767578,0.14564718306064606,,,
479,4,4,,,,,,,,0.3536999225616455,0.6066346764564514,0.30076682567596436,,,
480,8,8,,,,,,,,0.2871045470237732,0.05708539858460426,0.22351622581481934,,,
481,6,6,,,,,,,,0.8416796326637268,0.5596680641174316,0.22552259266376495,,,
482,8,8,,,,,,,,0.6750577092170715,0.0985100269317627,0.12375615537166595,,,
483,5,5,5,0.8715596330275229,0.59375,0.3691275167785235,0.9889581203460693,0.9058167338371277,0.6480579972267151,0.26326942443847656,0.06056821346282959,0.04151022434234619,0.20478320121765137,0.0452987477183342,0.02047060988843441
484,5,5,,,,,,,,0.19048720598220825,0.03570479899644852,0.21057498455047607,,,
485,9,9,,,,,,,,0.04972970485687256,0.05450603738427162,0.1097414419054985,,,
486,9,9,,,,,,,,0.44610917568206787,0.32833078503608704,0.1561548113822937,,,
487,9,9,,,,,,,,0.3333582282066345,0.26674580574035645,0.23555105924606323,,,
488,5,5,5,0.3972602739726027,0.6062992125984252,0.6585365853658537,0.9735832810401917,0.9057220220565796,0.6447128057479858,0.21792621910572052,0.07391373813152313,0.0594870001077652,0.24012693762779236,0.04531519114971161,0.07008621096611023
489,0,0,,,,,,,,0.7154037952423096,0.4445018768310547,0.8321295380592346,,,
490,1,1,,,,,,,,0.6297615766525269,0.14784951508045197,0.12592728435993195,,,
491,0,0,,,,,,,,0.6820856928825378,0.8064771890640259,0.8832712173461914,,,
492,8,8,,,,,,,,0.3829710781574249,0.11829255521297455,0.366357684135437,,,
493,1,1,,,,,,,,0.28393319249153137,0.3570663630962372,0.1399003565311432,,,
494,1,1,,,,,,,,0.39632147550582886,0.09520252048969269,0.12215889990329742,,,
495,8,8,,,,,,,,0.3736165463924408,0.2451111525297165,0.2271583527326584,,,
496,0,0,,,,,,,,0.6599010825157166,0.47312313318252563,0.7797732949256897,,,
497,2,2,5,0.632,0.4782608695652174,0.2,0.8565789461135864,0.8838686943054199,0.6416472792625427,0.7724571824073792,0.4667011499404907,0.10530777275562286,0.8371111154556274,0.17957837879657745,0.0522589348256588
498,2,2,,,,,,,,0.5085612535476685,0.17594118416309357,0.5614801049232483,,,
499,0,0,,,,,,,,0.3525761067867279,0.8718157410621643,0.72053062915802,,,
500,4,4,,,,,,,,0.1209142655134201,0.34019935131073,0.18713900446891785,,,
501,6,6,3,0.59375,0.4676258992805755,0.275,0.8483982086181641,0.8351430296897888,0.7736078500747681,0.047177303582429886,0.38280147314071655,0.08350779861211777,0.0122738778591156,0.38091450929641724,0.021277720108628273
502,5,5,,,,,,,,0.11386370658874512,0.03977806866168976,0.05761626735329628,,,
503,4,4,,,,,,,,0.21674424409866333,0.14718863368034363,0.2812348008155823,,,
504,9,9,,,,,,,,0.24033528566360474,0.24252253770828247,0.26034170389175415,,,
505,4,4,,,,,,,,0.22468066215515137,0.1436757892370224,0.23364129662513733,,,
506,7,7,,,,,,,,0.18197113275527954,0.14569875597953796,0.21027903258800507,,,
507,9,9,,,,,,,,0.23316587507724762,0.19138410687446594,0.12314076721668243,,,
508,9,0,,,,,,,,0.21838334202766418,0.4205809235572815,0.3321114182472229,,,
509,4,4,,,,,,,,0.08135481178760529,0.23242947459220886,0.12251432985067368,,,
510,5,5,,,,,,,,0.5170640349388123,0.08990627527236938,0.1626446545124054,,,
511,6,6,,,,,,,,0.28987032175064087,0.36414164304733276,0.0993555337190628,,,
512,6,6,,,,,,,,0.3462532162666321,0.778175950050354,0.36565494537353516,,,
513,1,1,,,,,,,,0.43322330713272095,0.13380765914916992,0.08431564271450043,,,
514,5,5,5,0.6585365853658537,0.5,0.5454545454545454,0.986117959022522,0.9159489274024963,0.5059372186660767,0.19168533384799957,0.07768689095973969,0.050797659903764725,0.1858893632888794,0.08543632179498672,0.03677266463637352
515,3,3,,,,,,,,0.20989836752414703,0.32081878185272217,0.12712495028972626,,,
516,8,8,,,,,,,,0.31771719455718994,0.15629708766937256,0.16544562578201294,,,
517,9,9,,,,,,,,0.17294186353683472,0.06624069809913635,0.11727248877286911,,,
518,5,5,5,0.5454545454545454,0.5111111111111111,0.275,0.9470040798187256,0.8663452863693237,0.5535778999328613,0.11315662413835526,0.056919533759355545,0.1352001428604126,0.16547450423240662,0.06581825017929077,0.22782500088214874
519,8,8,8,0.7435897435897436,0.7288135593220338,0.2911392405063291,0.971535325050354,0.9348534345626831,0.5821328163146973,0.05630560964345932,0.0746934562921524,0.04112052544951439,0.02669212780892849,0.029714591801166534,0.037220634520053864
520,5,5,5,0.8214285714285714,0.6585365853658537,0.014925373134328358,0.9913433194160461,0.8961812257766724,0.4516375660896301,0.2459162473678589,0.07616602629423141,0.22377067804336548,0.25911736488342285,0.07797905802726746,0.062044981867074966
521,7,7,,,,,,,,0.44410255551338196,0.2735646367073059,0.2802077829837799,,,
522,0,0,,,,,,,,0.45059770345687866,0.4225965738296509,0.9059465527534485,,,
523,7,7,,,,,,,,0.219826802611351,0.17672866582870483,0.2621932625770569,,,
524,0,0,,,,,,,,0.6706361174583435,0.4199504852294922,0.9188106060028076,,,
525,5,5,5,0.8214285714285714,0.48905109489051096,0.7288135593220338,0.9818478226661682,0.8323686718940735,0.30639106035232544,0.0645366758108139,0.09497018903493881,0.14756271243095398,0.2093411684036255,0.08089542388916016,0.15579234063625336
526,0,0,,,,,,,,0.16421720385551453,0.17162053287029266,0.7931783199310303,,,
527,0,0,,,,,,,,0.4062695801258087,0.6004029512405396,0.9283431172370911,,,
528,4,4,,,,,,,,0.24432611465454102,0.1468883752822876,0.1839163899421692,,,
529,6,6,,,,,,,,0.20897863805294037,0.5514562129974365,0.2726648449897766,,,
530,9,9,,,,,,,,0.4286479651927948,0.055456098169088364,0.22090153396129608,,,
531,0,3,,,,,,,,0.03206759691238403,0.08755839616060257,0.024861395359039307,,,
532,9,9,,,,,,,,0.18864676356315613,0.2053239792585373,0.5102458000183105,,,
533,5,5,,,,,,,,0.47785550355911255,0.07306792587041855,0.035176970064640045,,,
534,6,6,,,,,,,,0.19366607069969177,0.48897597193717957,0.0671410784125328,,,
535,6,6,,,,,,,,0.23518909513950348,0.5532033443450928,0.4209200143814087,,,
536,6,6,,,,,,,,0.4008118510246277,0.4976624846458435,0.3606363832950592,,,
537,2,6,,,,,,,,0.10262410342693329,0.41801080107688904,0.03442767634987831,,,
538,9,9,9,0.8888888888888888,0.5338345864661654,0.4166666666666667,0.9943477511405945,0.9424148201942444,0.6774485111236572,0.033550869673490524,0.06821579486131668,0.03155649080872536,0.12168111652135849,0.06879642605781555,0.022140005603432655
539,0,0,,,,,,,,0.519396960735321,0.3160076439380646,0.9753355979919434,,,
540,1,1,,,,,,,,0.6055079102516174,0.13134396076202393,0.47485947608947754,,,
541,7,7,4,0.8053097345132744,0.6190476190476191,0.3691275167785235,0.9777518510818481,0.8498599529266357,0.550577700138092,0.12163988500833511,0.017753610387444496,0.05797576531767845,0.012070938013494015,0.002562236972153187,0.006760666612535715
542,6,6,,,,,,,,0.4534505009651184,0.40651756525039673,0.13922235369682312,,,
543,7,7,,,,,,,,0.3159886300563812,0.2821677625179291,0.40418484807014465,,,
544,5,5,,,,,,,,0.42674776911735535,0.21860745549201965,0.1665530651807785,,,
545,9,9,,,,,,,,0.19385071098804474,0.13823871314525604,0.1370556503534317,,,
546,1,1,,,,,,,,0.32484865188598633,0.22650817036628723,0.17775775492191315,,,
547,6,6,,,,,,,,0.3130876421928406,0.691747784614563,0.16413597762584686,,,
548,2,2,,,,,,,,0.564447820186615,0.126834437251091,0.1832314282655716,,,
549,5,5,5,0.7739130434782608,0.45714285714285713,0.2670807453416149,0.9894198775291443,0.8963648080825806,0.39448410272598267,0.07689712196588516,0.05779951065778732,0.029286926612257957,0.08599190413951874,0.02928861416876316,0.026653360575437546
550,5,5,,,,,,,,0.2728804647922516,0.07376176118850708,0.13967978954315186,,,
551,5,5,7,0.09090909090909091,0.4166666666666667,0.15254237288135594,0.6382222771644592,0.8619481325149536,0.3693903684616089,0.14796020090579987,0.13361811637878418,0.04861561581492424,0.022863280028104782,0.050351887941360474,0.0040406277403235435
552,8,8,,,,,,,,0.703971266746521,0.13612014055252075,0.30008167028427124,,,
553,5,5,,,,,,,,0.2346622794866562,0.06401278078556061,0.037473808974027634,,,
554,9,9,,,,,,,,0.4341095983982086,0.42077842354774475,0.5811678171157837,,,
555,4,4,4,0.8378378378378378,0.5111111111111111,0.6585365853658537,0.9950515031814575,0.8850185871124268,0.41325995326042175,0.07506014406681061,0.14463859796524048,0.08782415091991425,0.06711269170045853,0.06706222146749496,0.08706828206777573
556,6,6,,,,,,,,0.36852651834487915,0.6011568307876587,0.28258246183395386,,,
557,4,4,,,,,,,,0.23912721872329712,0.24132557213306427,0.2501026391983032,,,
558,3,3,,,,,,,,0.4233594834804535,0.3281562924385071,0.22861631214618683,,,
559,2,2,,,,,,,,0.397434800863266,0.513427197933197,0.835657000541687,,,
560,0,0,,,,,,,,0.5294684171676636,0.5613784790039062,0.9145417213439941,,,
561,7,7,,,,,,,,0.3160145580768585,0.08755231648683548,0.1464885175228119,,,
562,6,3,,,,,,,,0.13838577270507812,0.27422046661376953,0.0563662052154541,,,
563,2,2,,,,,,,,0.29626932740211487,0.15835058689117432,0.2566697895526886,,,
564,2,2,,,,,,,,0.694810688495636,0.19851084053516388,0.5413620471954346,,,
565,3,3,,,,,,,,0.2639751732349396,0.5665472149848938,0.31145983934402466,,,
566,9,9,,,,,,,,0.2511366903781891,0.13138778507709503,0.1716182976961136,,,
567,7,7,7,0.9428571428571428,0.6585365853658537,0.7435897435897436,0.9986246228218079,0.9514650106430054,0.7083178162574768,0.014437869191169739,0.08376959711313248,0.026003260165452957,0.014038844965398312,0.0555354505777359,0.024083610624074936
568,9,9,,,,,,,,0.2291051149368286,0.05494704097509384,0.07404158264398575,,,
569,2,2,,,,,,,,0.4680537283420563,0.17074663937091827,0.2879931628704071,,,
570,6,6,6,0.3691275167785235,0.4166666666666667,0.6721311475409836,0.6201087236404419,0.8526250123977661,0.6976197957992554,0.21944496035575867,0.36978426575660706,0.03168779984116554,0.037107374519109726,0.3779691159725189,0.04248395562171936
571,7,7,,,,,,,,0.44321364164352417,0.06662189215421677,0.36531803011894226,,,
572,1,1,,,,,,,,0.1640782356262207,0.27887019515037537,0.22363802790641785,,,
573,3,3,,,,,,,,0.43040359020233154,0.3055921494960785,0.13541431725025177,,,
574,6,6,,,,,,,,0.2105937898159027,0.47138747572898865,0.07229115813970566,,,
575,6,6,,,,,,,,0.3414511978626251,0.7027299404144287,0.14259302616119385,,,
576,8,8,,,,,,,,0.40552058815956116,0.07159144431352615,0.14968526363372803,,,
577,9,8,,,,,,,,0.3161291480064392,0.04331691935658455,0.1189379021525383,,,
578,7,7,,,,,,,,0.2521323561668396,0.22146844863891602,0.5471972227096558,,,
579,5,5,,,,,,,,0.37216833233833313,0.15275615453720093,0.03628436475992203,,,
580,4,4,,,,,,,,0.2095690220594406,0.3219076097011566,0.255641371011734,,,
581,0,0,,,,,,,,0.5566141605377197,0.50937420129776,0.5825791954994202,,,
582,8,8,,,,,,,,0.325364351272583,0.15353602170944214,0.22615550458431244,,,
583,4,4,,,,,,,,0.24231740832328796,0.1738119274377823,0.13037116825580597,,,
584,0,0,,,,,,,,0.9156630039215088,0.5019115209579468,0.8810437917709351,,,
585,9,9,,,,,,,,0.2580014169216156,0.08842266350984573,0.14222046732902527,,,
586,3,3,3,0.7894736842105263,0.6062992125984252,0.25153374233128833,0.9671028256416321,0.9155425429344177,-0.0069306520745158195,0.14773499965667725,0.2727274000644684,0.19385291635990143,0.15475888550281525,0.1855432093143463,0.08169829100370407
587,4,4,,,,,,,,0.21600642800331116,0.2548196315765381,0.09869653731584549,,,
588,8,8,,,,,,,,0.276334673166275,0.08811003714799881,0.2665039598941803,,,
589,9,9,,,,,,,,0.5269111394882202,0.19017277657985687,0.35454612970352173,,,
590,6,6,,,,,,,,0.4725099503993988,0.500558614730835,0.24240614473819733,,,
591,9,9,,,,,,,,0.2748330533504486,0.07416124641895294,0.22910019755363464,,,
592,2,2,,,,,,,,0.8398824334144592,0.49485060572624207,0.44520917534828186,,,
593,6,6,,,,,,,,0.15653429925441742,0.28189817070961,0.09671402722597122,,,
594,1,1,,,,,,,,0.2734639346599579,0.09106878936290741,0.19138504564762115,,,
595,4,4,,,,,,,,0.2996550500392914,0.11215129494667053,0.17646381258964539,,,
596,7,7,,,,,,,,0.15863154828548431,0.19521352648735046,0.19788086414337158,,,
597,3,0,,,,,,,,0.3067665994167328,0.15807203948497772,0.5508679151535034,,,
598,5,5,5,0.8053097345132744,0.632,0.3333333333333333,0.9924169182777405,0.956717848777771,0.6406747102737427,0.19568370282649994,0.05959778651595116,0.2564813792705536,0.19665329158306122,0.0795813798904419,0.1751783788204193
599,3,3,,,,,,,,0.28309574723243713,0.2186221033334732,0.1951528787612915,,,
600,8,8,,,,,,,,0.31281352043151855,0.16887864470481873,0.279405802488327,,,
601,5,5,3,0.20710059171597633,0.3691275167785235,0.13333333333333333,0.638441264629364,0.8346658945083618,0.5730770826339722,0.18304866552352905,0.055020760744810104,0.13086268305778503,0.18490438163280487,0.041572436690330505,0.012066560797393322
602,0,0,,,,,,,,0.7830649018287659,0.739946722984314,0.6758917570114136,,,
603,2,2,,,,,,,,0.38785743713378906,0.26289790868759155,0.9570030570030212,,,
604,1,1,,,,,,,,0.7256498336791992,0.17194902896881104,0.4128335416316986,,,
605,6,6,,,,,,,,0.40156301856040955,0.6680795550346375,0.1649172306060791,,,
606,4,3,,,,,,,,0.14885908365249634,0.2656714916229248,0.12109080702066422,,,
607,3,2,,,,,,,,0.016617130488157272,0.26491042971611023,0.03761507198214531,,,
608,3,3,,,,,,,,0.2109513282775879,0.48419851064682007,0.20273080468177795,,,
609,9,9,,,,,,,,0.2523818612098694,0.466968834400177,0.2456894814968109,,,
610,6,6,,,,,,,,0.12362297624349594,0.666801393032074,0.2794022560119629,,,
611,9,9,,,,,,,,0.19394336640834808,0.16720645129680634,0.07082859426736832,,,
612,8,8,,,,,,,,0.3505253791809082,0.49087077379226685,0.22803781926631927,,,
613,8,8,,,,,,,,0.6426119208335876,0.2318885773420334,0.5942139625549316,,,
614,5,5,,,,,,,,0.3259630799293518,0.08685405552387238,0.35498926043510437,,,
615,8,8,,,,,,,,0.49177268147468567,0.12617476284503937,0.232085183262825,,,
616,6,6,,,,,,,,0.236018568277359,0.5291916131973267,0.11930501461029053,,,
617,6,6,,,,,,,,0.39085978269577026,0.45655375719070435,0.20836669206619263,,,
618,2,2,,,,,,,,0.21086470782756805,0.022983672097325325,0.2992989122867584,,,
619,1,1,,,,,,,,0.2248750776052475,0.36776310205459595,0.24085910618305206,,,
620,7,7,,,,,,,,0.2214829921722412,0.16495786607265472,0.1528601497411728,,,
621,7,7,,,,,,,,0.26682350039482117,0.030275072902441025,0.21177837252616882,,,
622,1,1,,,,,,,,0.6554175615310669,0.30479997396469116,0.25047335028648376,,,
623,2,2,,,,,,,,0.3220297396183014,0.08808211982250214,0.09856215864419937,,,
624,7,7,,,,,,,,0.18841293454170227,0.16111993789672852,0.269729882478714,,,
625,9,9,,,,,,,,0.12471989542245865,0.33811166882514954,0.22735194861888885,,,
626,9,9,,,,,,,,0.1992575228214264,0.5087432265281677,0.21007093787193298,,,
627,4,4,,,,,,,,0.2795787453651428,0.07690632343292236,0.3240398168563843,,,
628,4,4,,,,,,,,0.4828966557979584,0.5850568413734436,0.4804227352142334,,,
629,1,1,,,,,,,,0.1338505893945694,0.1337614804506302,0.10697382688522339,,,
630,2,2,,,,,,,,0.2750016748905182,0.3147813379764557,0.6833137273788452,,,
631,5,5,2,0.03553299492385787,0.3509933774834437,0.20710059171597633,0.027081198990345,0.7945536971092224,0.48941153287887573,0.17360569536685944,0.08295401930809021,0.042757220566272736,0.018490111455321312,0.041505295783281326,0.004411820787936449
632,6,6,,,,,,,,0.07922366261482239,0.4276493489742279,0.063767209649086,,,
633,8,8,,,,,,,,0.15189309418201447,0.02917531691491604,0.25829362869262695,,,
634,7,7,,,,,,,,0.26804178953170776,0.1341753453016281,0.17216798663139343,,,
635,6,6,,,,,,,,0.04251560941338539,0.5997399091720581,0.04336663708090782,,,
636,8,8,,,,,,,,0.40271085500717163,0.07009260356426239,0.37594911456108093,,,
637,3,3,,,,,,,,0.06473136693239212,0.21938565373420715,0.04699842631816864,,,
638,0,0,,,,,,,,0.3809569180011749,0.567943274974823,0.6036545634269714,,,
639,5,5,3,0.25153374233128833,0.632,0.632,0.820281982421875,0.8952721357345581,0.8091058731079102,0.101935975253582,0.09282226115465164,0.09332191199064255,0.011157135479152203,0.03773193433880806,0.012046209536492825
640,5,5,3,0.4676258992805755,0.42657342657342656,0.7,0.9542219638824463,0.8426932096481323,0.6146894097328186,0.2271760255098343,0.04194558411836624,0.022583691403269768,0.11069241911172867,0.03628924489021301,0.010088514536619186
641,3,3,3,0.3972602739726027,0.5338345864661654,0.05699481865284974,0.9152005910873413,0.9029322862625122,-0.05436357855796814,0.17890995740890503,0.3774302005767822,0.43656307458877563,0.14770449697971344,0.3530682623386383,0.229373037815094
642,0,0,,,,,,,,0.300125390291214,0.7001057863235474,0.7293307781219482,,,
643,7,7,,,,,,,,0.5228258967399597,0.1353086680173874,0.3495827317237854,,,
644,9,9,,,,,,,,0.31278035044670105,0.08945781737565994,0.20944498479366302,,,
645,1,1,,,,,,,,0.3244149684906006,0.19920320808887482,0.1611449122428894,,,
646,3,3,,,,,,,,0.07491546869277954,0.048532966524362564,0.1989668309688568,,,
647,4,4,3,0.10270270270270271,0.3161290322580645,0.20710059171597633,0.7092132568359375,0.7197705507278442,0.34717798233032227,0.1488182544708252,0.18925347924232483,0.08452224731445312,0.0010496493196114898,0.05750720947980881,0.008977879770100117
648,4,4,,,,,,,,0.169051855802536,0.4661113917827606,0.44923436641693115,,,
649,5,5,,,,,,,,0.34868085384368896,0.2689034342765808,0.4382357597351074,,,
650,3,3,,,,,,,,0.4538758099079132,0.593875527381897,0.41347044706344604,,,
651,9,9,,,,,,,,0.0741252601146698,0.21540142595767975,0.18864403665065765,,,
652,5,5,5,0.7435897435897436,0.5813953488372093,0.4676258992805755,0.899332582950592,0.8760649561882019,0.4154539108276367,0.14229716360569,0.10362978279590607,0.10359658300876617,0.08546005189418793,0.07492642849683762,0.039534006267786026
653,6,6,,,,,,,,0.21415765583515167,0.6037905812263489,0.2548202574253082,,,
654,9,9,,,,,,,,0.3454105257987976,0.20981591939926147,0.18895287811756134,,,
655,2,2,2,0.7,0.6190476190476191,0.5338345864661654,0.9634720683097839,0.8555938601493835,0.5479397177696228,0.08045709878206253,0.3607853055000305,0.4792039692401886,0.05108208954334259,0.3491823971271515,0.12410614639520645
656,1,1,,,,,,,,0.5338631272315979,0.3442991077899933,0.4302908778190613,,,
657,1,9,,,,,,,,0.022103101015090942,0.060943275690078735,0.014308858662843704,,,
658,4,4,,,,,,,,0.11177162081003189,0.2626429498195648,0.13049043715000153,,,
659,1,1,,,,,,,,0.169207364320755,0.21210923790931702,0.17285548150539398,,,
660,9,9,,,,,,,,0.29007411003112793,0.1956484615802765,0.3522128462791443,,,
661,4,4,,,,,,,,0.3541952669620514,0.131687730550766,0.41979852318763733,,,
662,7,7,,,,,,,,0.3905560076236725,0.3009456992149353,0.16162793338298798,,,
663,6,6,5,0.4166666666666667,0.6721311475409836,0.275,0.55540531873703,0.9012566208839417,0.484111487865448,0.05779577046632767,0.3174174726009369,0.15840691328048706,0.23281952738761902,0.3068098723888397,0.05373799800872803
664,3,3,,,,,,,,0.1435644030570984,0.22719471156597137,0.22733823955059052,,,
665,8,0,,,,,,,,0.4184407591819763,0.4284243583679199,0.693432092666626,,,
666,9,9,,,,,,,,0.5720174312591553,0.36883068084716797,0.32464078068733215,,,
667,0,0,,,,,,,,0.5513838529586792,0.46269896626472473,0.8158342838287354,,,
668,1,1,,,,,,,,0.33442041277885437,0.2294909954071045,0.39541125297546387,,,
669,3,3,,,,,,,,0.06725198030471802,0.21556450426578522,0.10259238630533218,,,
670,6,6,,,,,,,,0.40697139501571655,0.6779933571815491,0.24393726885318756,,,
671,3,3,5,0.5572519083969466,0.6190476190476191,0.20710059171597633,0.5437257885932922,0.8646886944770813,0.5155069828033447,0.25565314292907715,0.6778593063354492,0.34683191776275635,0.1326810121536255,0.5067825317382812,0.022470815107226372
672,6,2,,,,,,,,0.5608314275741577,0.08041825890541077,0.11910152435302734,,,
673,3,3,,,,,,,,0.25700265169143677,0.5004277229309082,0.5356161594390869,,,
674,2,2,4,0.24390243902439024,0.36,0.23636363636363636,0.8098360300064087,0.7893357276916504,0.6345961093902588,0.4232538342475891,0.06442566215991974,0.08145783841609955,0.168112114071846,0.05382141098380089,0.09164497256278992
675,0,0,,,,,,,,0.3902015686035156,0.4806049168109894,0.8067088723182678,,,
676,3,3,,,,,,,,0.7115041017532349,0.2763541340827942,0.3411351144313812,,,
677,1,1,,,,,,,,0.17102015018463135,0.10598346590995789,0.38521185517311096,,,
678,0,0,,,,,,,,0.599530041217804,0.4037245512008667,0.6353542804718018,,,
679,5,5,5,0.5111111111111111,0.5111111111111111,0.34210526315789475,0.9323804378509521,0.8367379903793335,0.6531996130943298,0.29579782485961914,0.04186068847775459,0.20318396389484406,0.2738693356513977,0.060750845819711685,0.18350337445735931
680,9,1,,,,,,,,0.045199502259492874,0.0897054672241211,0.022713417187333107,,,
681,6,6,,,,,,,,0.127861887216568,0.7198417782783508,0.13078190386295319,,,
682,4,4,0,0.3783783783783784,0.4166666666666667,0.3246753246753247,0.8767338395118713,0.8251585960388184,0.244197815656662,0.07734531164169312,0.06283076852560043,0.0424799844622612,0.0007581551326438785,0.06181935593485832,0.0007255095988512039
683,8,0,,,,,,,,0.6347212791442871,0.4681541323661804,0.9382917284965515,,,
684,9,9,,,,,,,,0.30526772141456604,0.22539454698562622,0.5271302461624146,,,
685,6,4,,,,,,,,0.21570782363414764,0.15692853927612305,0.04086295887827873,,,
686,9,9,,,,,,,,0.22563472390174866,0.1703449785709381,0.3282773792743683,,,
687,6,6,2,0.1657142857142857,0.43661971830985913,0.24390243902439024,0.6046309471130371,0.8331623077392578,0.5002317428588867,0.1318867802619934,0.31637272238731384,0.03303934261202812,0.005884526763111353,0.3815045952796936,0.0021925298497080803
688,3,3,,,,,,,,0.17052248120307922,0.25520315766334534,0.4011310636997223,,,
689,0,0,0,0.48905109489051096,0.8378378378378378,0.24390243902439024,0.9619736671447754,0.9483779668807983,0.5273175239562988,0.4246182441711426,0.1602892130613327,0.17035198211669922,0.4011715054512024,0.21047388017177582,0.25938695669174194
690,3,3,,,,,,,,0.1211281418800354,0.3476361930370331,0.13371998071670532,,,
691,2,2,,,,,,,,0.472528338432312,0.20825591683387756,0.34622499346733093,,,
692,2,2,0,0.7,0.45714285714285713,0.4068965517241379,0.9003331661224365,0.8665528297424316,0.645203709602356,0.6045747399330139,0.06370074301958084,0.2256423383951187,0.5527555346488953,0.1832055002450943,0.03625607118010521
693,7,7,,,,,,,,0.3163231909275055,0.29873988032341003,0.39171111583709717,,,
694,8,8,,,,,,,,0.7679972648620605,0.030486030504107475,0.3936387300491333,,,
695,3,3,,,,,,,,0.31042343378067017,0.14933623373508453,0.439755916595459,,,
696,8,8,,,,,,,,0.399410605430603,0.09073059260845184,0.11058830469846725,,,
697,2,2,2,0.7586206896551724,0.45714285714285713,0.3691275167785235,0.9922080636024475,0.9411724805831909,0.6696346402168274,0.33031946420669556,0.2019680142402649,0.27634677290916443,0.27295809984207153,0.17434030771255493,0.2611486613750458
698,7,7,,,,,,,,0.46380144357681274,0.18814606964588165,0.23643530905246735,,,
699,5,5,,,,,,,,0.1383032202720642,0.10555751621723175,0.06705407798290253,,,
700,7,7,,,,,,,,0.37356483936309814,0.22731657326221466,0.2605654299259186,,,
701,2,2,,,,,,,,0.7519827485084534,0.3610686659812927,0.3085382580757141,,,
702,4,4,,,,,,,,0.32438695430755615,0.250885933637619,0.2156585454940796,,,
703,8,8,,,,,,,,0.6759018301963806,0.21304668486118317,0.31005173921585083,,,
704,7,7,7,0.5298507462686567,0.44680851063829785,0.3246753246753247,0.9217624664306641,0.8941804766654968,0.6625362634658813,0.10899706929922104,0.039122384041547775,0.21700146794319153,0.039798129349946976,0.023879582062363625,0.12388782948255539
705,4,4,,,,,,,,0.3691953718662262,0.24661171436309814,0.46334224939346313,,,
706,2,2,,,,,,,,0.4411972761154175,0.15434567630290985,0.13771748542785645,,,
707,9,9,,,,,,,,0.4250129759311676,0.16112478077411652,0.3003005385398865,,,
708,8,8,,,,,,,,0.7211710214614868,0.08879432082176208,0.4130145311355591,,,
709,8,8,,,,,,,,0.6581466794013977,0.12077432125806808,0.4279152750968933,,,
710,6,6,,,,,,,,0.03741922229528427,0.11575697362422943,0.10628598183393478,,,
711,8,8,8,0.8378378378378378,0.48905109489051096,0.18604651162790697,0.9645302295684814,0.8838576078414917,0.4271639585494995,0.1621721386909485,0.053512170910835266,0.13186195492744446,0.17929671704769135,0.07728010416030884,0.025413265451788902
712,8,8,,,,,,,,0.7540917992591858,0.10322163254022598,0.37886202335357666,,,
713,7,7,,,,,,,,0.10912132263183594,0.029877644032239914,0.08333466202020645,,,
714,4,4,,,,,,,,0.17719334363937378,0.35811758041381836,0.394872784614563,,,
715,3,5,,,,,,,,0.03800157457590103,0.03547962009906769,0.1340404450893402,,,
716,3,3,,,,,,,,0.395721435546875,0.7102959156036377,0.4856811761856079,,,
717,8,8,,,,,,,,0.45642685890197754,0.09920288622379303,0.2373751848936081,,,
718,4,4,,,,,,,,0.09653270244598389,0.39988377690315247,0.16708926856517792,,,
719,9,9,,,,,,,,0.2069684863090515,0.3613956570625305,0.10969617962837219,,,
720,4,4,,,,,,,,0.1710963398218155,0.4616600573062897,0.0718352198600769,,,
721,8,8,,,,,,,,0.24528691172599792,0.057478662580251694,0.08234947174787521,,,
722,8,8,,,,,,,,0.5298231244087219,0.25807246565818787,0.21048492193222046,,,
723,1,1,,,,,,,,0.4425068795681,0.5314984321594238,0.3711228668689728,,,
724,8,8,0,0.3246753246753247,0.632,0.2,0.8024696111679077,0.8831294775009155,0.4491804838180542,0.32088640332221985,0.029935842379927635,0.026755040511488914,0.03628590703010559,0.012062719091773033,0.04199220612645149
725,2,0,,,,,,,,0.29755866527557373,0.13393570482730865,0.4280426502227783,,,
726,1,1,,,,,,,,0.5056590437889099,0.2076077163219452,0.2673467993736267,,,
727,3,2,,,,,,,,0.14473286271095276,0.2871032953262329,0.3295220732688904,,,
728,6,6,2,0.3076923076923077,0.5454545454545454,0.7586206896551724,0.6225618720054626,0.8962396383285522,0.8256293535232544,0.2079501897096634,0.32335031032562256,0.1822468787431717,0.014888317324221134,0.22987984120845795,0.0027558475267142057
729,5,5,,,,,,,,0.22632485628128052,0.09286966919898987,0.04746231809258461,,,
730,4,4,5,0.18604651162790697,0.4068965517241379,0.6721311475409836,0.5887510776519775,0.7517583966255188,0.5626460313796997,0.07645305246114731,0.31255796551704407,0.07257054001092911,0.004118464887142181,0.24280951917171478,0.0010908436961472034
731,2,2,0,0.5111111111111111,0.5572519083969466,0.6062992125984252,0.975583553314209,0.8507311940193176,0.47471290826797485,0.4653579294681549,0.2824819087982178,0.26203060150146484,0.4831983745098114,0.23693020641803741,0.3457467257976532
732,7,7,,,,,,,,0.351222425699234,0.16244620084762573,0.19879624247550964,,,
733,9,9,,,,,,,,0.216263547539711,0.13405588269233704,0.2103714793920517,,,
734,9,1,,,,,,,,0.05309300869703293,0.2711803615093231,0.06134400889277458,,,
735,4,4,6,0.3333333333333333,0.3076923076923077,0.15254237288135594,0.939111590385437,0.7418876886367798,0.4346759021282196,0.05443236231803894,0.06221529096364975,0.04435540363192558,0.022137688472867012,0.10590040683746338,0.001800310448743403
736,1,1,,,,,,,,0.14828969538211823,0.11113519221544266,0.10923667997121811,,,
737,4,4,,,,,,,,0.042992740869522095,0.05325468257069588,0.06146280840039253,,,
738,1,1,,,,,,,,0.39626777172088623,0.08485481142997742,0.30645257234573364,,,
739,3,5,,,,,,,,0.13636353611946106,0.05663629621267319,0.12625275552272797,,,
740,2,2,,,,,,,,0.7282955646514893,0.2010554075241089,0.20851239562034607,,,
741,7,7,,,,,,,,0.41284382343292236,0.2572426497936249,0.38408300280570984,,,
742,0,0,,,,,,,,0.6124114990234375,0.5008416175842285,0.9804915189743042,,,
743,7,7,,,,,,,,0.25853291153907776,0.1835368275642395,0.1300707906484604,,,
744,9,9,,,,,,,,0.2202928364276886,0.02520482800900936,0.05492795631289482,,,
745,7,7,,,,,,,,0.22222313284873962,0.04925339296460152,0.18276050686836243,,,
746,6,6,2,0.046153846153846156,0.5,0.43661971830985913,0.0868404358625412,0.8686866164207458,0.5844314098358154,0.05597083270549774,0.38319528102874756,0.10107152163982391,0.02310311235487461,0.20107759535312653,0.01694221794605255
747,6,6,,,,,,,,0.1995919793844223,0.6521332263946533,0.2009376585483551,,,
748,2,2,,,,,,,,0.5465279221534729,0.44789808988571167,0.5035223364830017,,,
749,5,5,5,0.8888888888888888,0.3783783783783784,0.20710059171597633,0.9894941449165344,0.8236560225486755,0.3041023910045624,0.3713882565498352,0.07306569069623947,0.11422833800315857,0.321822851896286,0.06310450285673141,0.19081276655197144
750,9,9,,,,,,,,0.22169999778270721,0.25799065828323364,0.23862145841121674,,,
751,2,2,2,0.7894736842105263,0.45714285714285713,0.5338345864661654,0.9234305620193481,0.8107173442840576,0.7291588187217712,0.42650479078292847,0.08606410771608353,0.43045690655708313,0.3295391798019409,0.1484992504119873,0.5045099258422852
752,9,9,,,,,,,,0.44889456033706665,0.10753398388624191,0.22485198080539703,,,
753,1,1,,,,,,,,0.35302796959877014,0.11587618291378021,0.31962430477142334,,,
754,2,2,,,,,,,,0.4982655942440033,0.2636444568634033,0.3371630311012268,,,
755,2,2,,,,,,,,0.429021418094635,0.1426447480916977,0.2397243082523346,,,
756,6,6,,,,,,,,0.1910543143749237,0.5596108436584473,0.2091236710548401,,,
757,8,8,,,,,,,,0.4462605118751526,0.528092622756958,0.3083066940307617,,,
758,2,2,,,,,,,,0.4380829930305481,0.20653139054775238,0.21142390370368958,,,
759,1,1,,,,,,,,0.563583254814148,0.0893109068274498,0.266742080450058,,,
760,3,3,5,0.5338345864661654,0.5454545454545454,0.3877551020408163,0.9037103652954102,0.9054182171821594,0.5478847622871399,0.22685298323631287,0.36181285977363586,0.12762032449245453,0.08318287134170532,0.253844290971756,0.02558927796781063
761,6,6,,,,,,,,0.18988284468650818,0.4816697835922241,0.17664803564548492,,,
762,6,6,,,,,,,,0.2752293348312378,0.5799221992492676,0.16548043489456177,,,
763,0,0,,,,,,,,0.4891479015350342,0.48902609944343567,0.8283653259277344,,,
764,1,1,,,,,,,,0.48138171434402466,0.24071766436100006,0.1826746165752411,,,
765,2,2,,,,,,,,0.6118224859237671,0.1742912381887436,0.2758937478065491,,,
766,7,7,7,0.6721311475409836,0.4068965517241379,0.5454545454545454,0.9555662870407104,0.8785386085510254,0.6467592120170593,0.15707480907440186,0.044913921505212784,0.14365774393081665,0.1551404893398285,0.034623488783836365,0.02357841283082962
767,0,0,,,,,,,,0.10901749134063721,0.1799321323633194,0.6388422250747681,,,
768,5,5,5,0.8378378378378378,0.59375,0.5,0.9701876640319824,0.9412580728530884,0.6419728994369507,0.11561530083417892,0.054084185510873795,0.047539275139570236,0.061780039221048355,0.11297992616891861,0.03255535662174225
769,4,4,,,,,,,,0.12425773590803146,0.29234907031059265,0.1819264441728592,,,
770,6,3,,,,,,,,0.09933128952980042,0.11012014001607895,0.11624158173799515,,,
771,1,1,1,0.45714285714285713,0.6585365853658537,0.2215568862275449,0.9090887904167175,0.9012470245361328,0.5623703002929688,0.16852691769599915,0.04345285892486572,0.06936440616846085,0.25220224261283875,0.03679854795336723,0.05428989976644516
772,6,6,,,,,,,,0.42701196670532227,0.6470393538475037,0.10571317374706268,,,
773,4,4,,,,,,,,0.27317431569099426,0.34349295496940613,0.1900881677865982,,,
774,0,0,,,,,,,,0.4453713893890381,0.31399616599082947,0.8396430611610413,,,
775,2,4,,,,,,,,0.10904618352651596,0.11752273142337799,0.1660119742155075,,,
776,2,5,,,,,,,,0.1256423443555832,0.08313069492578506,0.051130183041095734,,,
777,6,6,,,,,,,,0.2088140994310379,0.5751203894615173,0.10300027579069138,,,
778,0,0,,,,,,,,0.6538403630256653,0.432833194732666,0.48112186789512634,,,
779,5,5,,,,,,,,0.06722839921712875,0.17764195799827576,0.11507846415042877,,,
780,9,9,,,,,,,,0.4343014359474182,0.14387863874435425,0.2731494605541229,,,
781,1,1,,,,,,,,0.556093156337738,0.3020208179950714,0.5342711210250854,,,
782,7,7,,,,,,,,0.18437139689922333,0.1285039484500885,0.24546751379966736,,,
783,6,6,,,,,,,,0.4240857660770416,0.36372998356819153,0.08851128816604614,,,
784,7,7,,,,,,,,0.08030697703361511,0.18140941858291626,0.13887037336826324,,,
785,0,0,,,,,,,,0.640086829662323,0.46455562114715576,0.9017338752746582,,,
786,3,3,,,,,,,,0.20196005702018738,0.2498481720685959,0.14892074465751648,,,
787,9,9,0,0.7,0.59375,0.3972602739726027,0.843285322189331,0.9181864261627197,0.49327632784843445,0.15101148188114166,0.0647864043712616,0.027081802487373352,0.01750810630619526,0.008530125953257084,0.01768198423087597
788,6,6,6,0.9428571428571428,0.8545454545454545,0.48905109489051096,0.9985342621803284,0.9880253672599792,0.8377726078033447,0.1805422306060791,0.36250612139701843,0.05260660499334335,0.19158455729484558,0.4898563325405121,0.04697079211473465
789,8,8,,,,,,,,0.15888406336307526,0.1493406742811203,0.18597882986068726,,,
790,3,3,,,,,,,,0.10391773283481598,0.06152675300836563,0.11870940774679184,,,
791,0,0,,,,,,,,0.801422655582428,0.5563014149665833,0.923848569393158,,,
792,3,3,5,0.10270270270270271,0.3691275167785235,0.09090909090909091,0.7857519388198853,0.7992836236953735,0.4201757609844208,0.06261783838272095,0.3006390929222107,0.10855106264352798,0.03647570312023163,0.26505663990974426,0.02399674616754055
793,4,5,,,,,,,,0.09054978936910629,0.05196206271648407,0.0847102627158165,,,
794,7,7,2,0.3333333333333333,0.5111111111111111,0.3691275167785235,0.8986386060714722,0.8793179988861084,0.662626326084137,0.17761743068695068,0.026568524539470673,0.04430440813302994,0.022540053352713585,0.0022453218698501587,0.0003621615469455719
795,7,7,,,,,,,,0.22828833758831024,0.12141121923923492,0.18774080276489258,,,
796,1,1,4,0.6859504132231405,0.7,0.5572519083969466,0.9854001998901367,0.8519872426986694,0.6653881669044495,0.026951925829052925,0.027449747547507286,0.0221948754042387,0.0022643019910901785,0.020113492384552956,0.0031883229967206717
797,4,4,,,,,,,,0.18683995306491852,0.1419346034526825,0.1522224098443985,,,
798,7,7,,,,,,,,0.051687855273485184,0.0255974680185318,0.06624868512153625,,,
799,2,2,3,0.5111111111111111,0.4782608695652174,0.2670807453416149,0.7697187662124634,0.8502517938613892,0.6332440972328186,0.264204204082489,0.10324984043836594,0.12546837329864502,0.22673603892326355,0.11980900913476944,0.07479198276996613
800,7,7,,,,,,,,0.32630255818367004,0.32032597064971924,0.22513598203659058,,,
801,1,1,,,,,,,,0.23748037219047546,0.2703893482685089,0.14995217323303223,,,
802,4,4,,,,,,,,0.11522459983825684,0.07683082669973373,0.036154743283987045,,,
803,7,7,,,,,,,,0.32532042264938354,0.17468543350696564,0.3505708575248718,,,
804,4,4,,,,,,,,0.44163382053375244,0.1595364212989807,0.3183051347732544,,,
805,4,4,,,,,,,,0.11582763493061066,0.1955142319202423,0.09565006196498871,,,
806,8,8,,,,,,,,0.5872824192047119,0.2894521951675415,0.14857172966003418,,,
807,4,4,,,,,,,,0.0907839760184288,0.369657039642334,0.2237238734960556,,,
808,7,7,,,,,,,,0.38836368918418884,0.24107737839221954,0.42800766229629517,,,
809,7,7,,,,,,,,0.14013445377349854,0.028194161131978035,0.40346434712409973,,,
810,5,2,,,,,,,,0.4385948181152344,0.057051144540309906,0.19447730481624603,,,
811,3,2,,,,,,,,0.2944146394729614,0.17156864702701569,0.24724897742271423,,,
812,7,7,,,,,,,,0.2689412236213684,0.16559679806232452,0.3455160856246948,,,
813,2,2,,,,,,,,0.7082908749580383,0.2246328890323639,0.6329776644706726,,,
814,0,0,,,,,,,,0.48485076427459717,0.4167274236679077,0.6848594546318054,,,
815,8,8,,,,,,,,0.32835066318511963,0.3109200596809387,0.27068760991096497,,,
816,9,9,,,,,,,,0.2399437427520752,0.16703768074512482,0.1471557766199112,,,
817,5,5,,,,,,,,0.20350858569145203,0.09143213927745819,0.41949182748794556,,,
818,8,8,8,0.7,0.5223880597014925,0.5223880597014925,0.8386609554290771,0.8717894554138184,0.5423725247383118,0.061742957681417465,0.055475495755672455,0.0334608256816864,0.17137400805950165,0.05242307484149933,0.04166681319475174
819,3,3,2,0.5111111111111111,0.5692307692307692,0.3691275167785235,0.7297893762588501,0.8985497951507568,0.41402462124824524,0.201515331864357,0.05809265375137329,0.029609328135848045,0.022346822544932365,0.060571279376745224,0.0002463039418216795
820,6,6,6,0.5572519083969466,0.5454545454545454,0.6062992125984252,0.929458737373352,0.832097053527832,0.7619221210479736,0.22596201300621033,0.3115256428718567,0.15197151899337769,0.2010064274072647,0.5244937539100647,0.17917205393314362
821,2,2,,,,,,,,0.4772116541862488,0.29133862257003784,0.5302784442901611,,,
822,0,0,,,,,,,,0.2906571626663208,0.33972156047821045,0.8758436441421509,,,
823,8,8,,,,,,,,0.6580126285552979,0.18596023321151733,0.07609719038009644,,,
824,7,7,,,,,,,,0.5519809722900391,0.3774222433567047,0.5081334710121155,,,
825,3,3,,,,,,,,0.04266122356057167,0.355431467294693,0.07620249688625336,,,
826,7,7,,,,,,,,0.11405155807733536,0.08155479282140732,0.16086095571517944,,,
827,6,6,,,,,,,,0.2791784107685089,0.6373699307441711,0.2556190490722656,,,
828,5,4,,,,,,,,0.26568350195884705,0.39400607347488403,0.2396152764558792,,,
829,3,3,,,,,,,,0.0823858305811882,0.4833132028579712,0.05192852392792702,,,
830,1,1,,,,,,,,0.20873266458511353,0.1017841324210167,0.172931969165802,,,
831,3,3,,,,,,,,0.19364914298057556,0.136605367064476,0.08671370148658752,,,
832,2,2,,,,,,,,0.7649685740470886,0.1310693472623825,0.5169689655303955,,,
833,2,2,,,,,,,,0.0735100507736206,0.135879784822464,0.04009435698390007,,,
834,5,5,,,,,,,,0.4110739231109619,0.09692703187465668,0.3593713045120239,,,
835,4,4,4,0.7,0.43661971830985913,0.4782608695652174,0.9928958415985107,0.8805047273635864,0.6273149251937866,0.09734472632408142,0.22208014130592346,0.13388057053089142,0.08349521458148956,0.1997096985578537,0.10867190361022949
836,1,9,,,,,,,,0.07573894411325455,0.09073469042778015,0.023298485204577446,,,
837,2,2,,,,,,,,0.5342133045196533,0.30235281586647034,0.298039972782135,,,
838,9,9,,,,,,,,0.16932381689548492,0.196178138256073,0.05471791326999664,,,
839,2,2,,,,,,,,0.722318708896637,0.18226762115955353,0.36139652132987976,,,
840,7,7,,,,,,,,0.4412538707256317,0.23272742331027985,0.3710940480232239,,,
841,0,0,,,,,,,,0.3843364119529724,0.7039080858230591,0.9738540649414062,,,
842,7,7,,,,,,,,0.3681335151195526,0.22582344710826874,0.38012582063674927,,,
843,2,2,,,,,,,,0.333562970161438,0.38478371500968933,0.29153597354888916,,,
844,1,1,,,,,,,,0.35281217098236084,0.10602942854166031,0.23558448255062103,,,
845,3,3,,,,,,,,0.13643059134483337,0.09202078729867935,0.15035122632980347,,,
846,2,2,,,,,,,,0.6917325258255005,0.16491948068141937,0.45277127623558044,,,
847,0,0,,,,,,,,0.48460233211517334,0.7992310523986816,0.8362131714820862,,,
848,2,2,,,,,,,,0.5977634191513062,0.295377254486084,0.11824457347393036,,,
849,4,4,,,,,,,,0.2074834555387497,0.26338931918144226,0.1756400614976883,,,
850,7,7,5,0.2911392405063291,0.45714285714285713,0.48905109489051096,0.8259384036064148,0.8763355612754822,0.6812394857406616,0.04543225094676018,0.11877654492855072,0.21422022581100464,0.13955286145210266,0.07511033862829208,0.13832606375217438
851,9,9,,,,,,,,0.24089206755161285,0.540662944316864,0.42432937026023865,,,
852,8,8,,,,,,,,0.4159785509109497,0.09325755387544632,0.025219133123755455,,,
853,9,1,,,,,,,,0.21999606490135193,0.26851722598075867,0.5216889977455139,,,
854,0,0,,,,,,,,0.5092334151268005,0.35547545552253723,0.6778708100318909,,,
855,7,7,,,,,,,,0.24621348083019257,0.1409960389137268,0.5342079997062683,,,
856,7,7,,,,,,,,0.14965294301509857,0.07495737075805664,0.0768580287694931,,,
857,0,0,,,,,,,,0.11735305935144424,0.21531346440315247,0.8788423538208008,,,
858,7,7,,,,,,,,0.40530431270599365,0.1411520093679428,0.3720870614051819,,,
859,8,8,,,,,,,,0.4856526851654053,0.19882258772850037,0.41250109672546387,,,
860,4,4,2,0.4166666666666667,0.3783783783783784,0.10869565217391304,0.9341525435447693,0.7116376161575317,0.27986061573028564,0.23216336965560913,0.4054361581802368,0.23874621093273163,0.41831836104393005,0.5194559693336487,0.18494173884391785
861,6,6,,,,,,,,0.24723631143569946,0.2246118187904358,0.0394432432949543,,,
862,3,3,,,,,,,,0.18667708337306976,0.17837662994861603,0.16320791840553284,,,
863,3,3,3,0.2830188679245283,0.43661971830985913,0.18604651162790697,0.9231172204017639,0.8803861141204834,0.0735418051481247,0.4850189685821533,0.24212725460529327,0.17610159516334534,0.572927713394165,0.2696743905544281,0.14171968400478363
864,0,0,,,,,,,,0.6216543912887573,0.8223923444747925,0.9650202393531799,,,
865,1,1,,,,,,,,0.17980128526687622,0.06418359279632568,0.07351447641849518,,,
866,3,3,5,0.1791907514450867,0.5454545454545454,0.23636363636363636,0.5708317756652832,0.8970264196395874,0.3002769351005554,0.20664404332637787,0.19114355742931366,0.12631911039352417,0.11277862638235092,0.1287914514541626,0.06097880378365517
867,7,7,,,,,,,,0.15505507588386536,0.10320154577493668,0.14437271654605865,,,
868,0,0,,,,,,,,0.2945437729358673,0.5306309461593628,0.592294454574585,,,
869,1,1,,,,,,,,0.14864736795425415,0.044146496802568436,0.0788266509771347,,,
870,3,3,2,0.0,0.20710059171597633,0.3246753246753247,0.5439674854278564,0.6554499268531799,0.28080233931541443,0.4057152569293976,0.5855721831321716,0.19471925497055054,0.008052131161093712,0.48840266466140747,0.029567252844572067
871,1,1,,,,,,,,0.6587653160095215,0.3610023558139801,0.5796546339988708,,,
872,4,4,,,,,,,,0.15375015139579773,0.10355042666196823,0.17329123616218567,,,
873,2,2,,,,,,,,0.44218090176582336,0.08710209280252457,0.2519143521785736,,,
874,3,3,,,,,,,,0.4474118649959564,0.41620245575904846,0.3974984884262085,,,
875,8,8,,,,,,,,0.5150456428527832,0.15626560151576996,0.2965434193611145,,,
876,4,4,,,,,,,,0.24045465886592865,0.4327840209007263,0.6060745120048523,,,
877,2,2,2,0.4068965517241379,0.5223880597014925,0.1724137931034483,0.9366751909255981,0.8286250829696655,0.5457285642623901,0.6987080574035645,0.1695908010005951,0.34020915627479553,0.6511291861534119,0.14688433706760406,0.4697144031524658
878,3,3,,,,,,,,0.28108954429626465,0.19727005064487457,0.21364149451255798,,,
879,7,7,,,,,,,,0.27949056029319763,0.15316493809223175,0.26696768403053284,,,
880,8,8,,,,,,,,0.5523062944412231,0.08000488579273224,0.14498791098594666,,,
881,4,4,,,,,,,,0.23087972402572632,0.04430020600557327,0.2759578227996826,,,
882,3,2,,,,,,,,0.7932766079902649,0.15998642146587372,0.18673433363437653,,,
883,0,0,,,,,,,,0.6186548471450806,0.6048364639282227,0.6648115515708923,,,
884,9,9,,,,,,,,0.3353882431983948,0.12506884336471558,0.17611970007419586,,,
885,0,0,,,,,,,,0.4432258605957031,0.2799381911754608,0.6409332752227783,,,
886,0,0,,,,,,,,0.33727768063545227,0.566497802734375,0.8588559627532959,,,
887,1,1,,,,,,,,0.07681149244308472,0.07868672162294388,0.08233549445867538,,,
888,0,8,,,,,,,,0.08175790309906006,0.04450894519686699,0.03794408217072487,,,
889,4,4,,,,,,,,0.3460349440574646,0.11064189672470093,0.17390859127044678,,,
890,4,4,,,,,,,,0.08590257167816162,0.11073955148458481,0.21476952731609344,,,
891,6,6,,,,,,,,0.7154136896133423,0.7936701774597168,0.3270874619483948,,,
892,7,7,7,0.6062992125984252,0.42657342657342656,0.4676258992805755,0.9323168992996216,0.892188549041748,0.6664466857910156,0.03273676708340645,0.03459475189447403,0.1866314560174942,0.03382609784603119,0.04231114685535431,0.1661089062690735
893,6,3,,,,,,,,0.1774565428495407,0.20862865447998047,0.11179277300834656,,,
894,1,1,,,,,,,,0.22653716802597046,0.1697876900434494,0.18992897868156433,,,
895,1,1,,,,,,,,0.2966846823692322,0.2695510983467102,0.23669925332069397,,,
896,3,3,,,,,,,,0.5599021315574646,0.2571004629135132,0.33349722623825073,,,
897,7,7,,,,,,,,0.3579365313053131,0.08573202043771744,0.18595494329929352,,,
898,3,2,,,,,,,,0.19785235822200775,0.04878006502985954,0.5151146054267883,,,
899,5,5,,,,,,,,0.36850979924201965,0.12551897764205933,0.3337112367153168,,,
900,2,2,4,0.48905109489051096,0.3877551020408163,0.5454545454545454,0.9289156198501587,0.8785791993141174,0.7926247119903564,0.5276687741279602,0.10915105044841766,0.29659610986709595,0.2777629494667053,0.07592222839593887,0.2940845489501953
901,6,6,3,0.3691275167785235,0.48905109489051096,0.42657342657342656,0.5037855505943298,0.8247085809707642,0.5176273584365845,0.1363334208726883,0.3230184316635132,0.21697703003883362,0.024591097608208656,0.3835664987564087,0.0015576131409034133
902,6,6,,,,,,,,0.44358277320861816,0.6647245287895203,0.44943171739578247,,,
903,5,5,,,,,,,,0.2520596385002136,0.04354984313249588,0.11530527472496033,,,
904,8,8,,,,,,,,0.2402121126651764,0.1758405715227127,0.11575738340616226,,,
905,7,7,,,,,,,,0.15165916085243225,0.09815837442874908,0.20788916945457458,,,
906,1,1,,,,,,,,0.42364269495010376,0.5791401863098145,0.47397807240486145,,,
907,6,6,,,,,,,,0.09856502711772919,0.39660006761550903,0.10596586763858795,,,
908,8,8,,,,,,,,0.752302885055542,0.16245678067207336,0.3904695212841034,,,
909,8,8,,,,,,,,0.5126252770423889,0.2775336802005768,0.4159948527812958,,,
910,5,7,,,,,,,,0.03492153063416481,0.01230101753026247,0.013371465727686882,,,
911,3,3,,,,,,,,0.5769185423851013,0.41353321075439453,0.5982936024665833,,,
912,0,0,,,,,,,,0.5634859204292297,0.48412445187568665,0.7811239957809448,,,
913,4,4,,,,,,,,0.08457539230585098,0.34143567085266113,0.173472061753273,,,
914,0,2,,,,,,,,0.3122124671936035,0.06534608453512192,0.15996411442756653,,,
915,1,1,,,,,,,,0.6430101990699768,0.3093999922275543,0.1684904247522354,,,
916,3,3,3,0.7435897435897436,0.5223880597014925,0.15254237288135594,0.9105092883110046,0.8620598316192627,0.32429414987564087,0.28058677911758423,0.3058026432991028,0.09471353888511658,0.18277765810489655,0.32697808742523193,0.063981793820858
917,8,8,,,,,,,,0.7082065939903259,0.3552877902984619,0.2196389138698578,,,
918,8,8,,,,,,,,0.5673173666000366,0.18587172031402588,0.4978052079677582,,,
919,0,0,,,,,,,,0.21138232946395874,0.42795997858047485,0.7804497480392456,,,
920,6,6,,,,,,,,0.15803566575050354,0.5613871812820435,0.08320248126983643,,,
921,9,9,,,,,,,,0.6798273921012878,0.19934721291065216,0.23995977640151978,,,
922,9,9,,,,,,,,0.26344355940818787,0.5037248730659485,0.27432939410209656,,,
923,9,5,,,,,,,,0.034768782556056976,0.09017226845026016,0.01835065335035324,,,
924,5,7,,,,,,,,0.009722940623760223,0.022990424185991287,0.058376211673021317,,,
925,5,3,,,,,,,,0.17273463308811188,0.17994913458824158,0.36910417675971985,,,
926,8,8,,,,,,,,0.2771511971950531,0.07702763378620148,0.1253383755683899,,,
927,6,6,,,,,,,,0.1709337681531906,0.703782320022583,0.042920537292957306,,,
928,0,0,,,,,,,,0.2507866621017456,0.5708485245704651,0.9107275605201721,,,
929,0,0,,,,,,,,0.18535764515399933,0.3026583194732666,0.7455812692642212,,,
930,4,4,,,,,,,,0.21152378618717194,0.3838188350200653,0.3524952530860901,,,
931,2,2,,,,,,,,0.20352713763713837,0.26230520009994507,0.3810510039329529,,,
932,3,3,3,0.8378378378378378,0.6062992125984252,0.4068965517241379,0.9549981355667114,0.8879008293151855,0.49088871479034424,0.3853908181190491,0.34802237153053284,0.3160765767097473,0.431780606508255,0.40268373489379883,0.1866464912891388
933,2,2,2,0.7894736842105263,0.45714285714285713,0.6585365853658537,0.959166407585144,0.8907410502433777,0.6194964051246643,0.4758870601654053,0.18989607691764832,0.1894538402557373,0.5803899765014648,0.10036320984363556,0.22704090178012848
934,7,7,,,,,,,,0.4989585280418396,0.48118358850479126,0.34015294909477234,,,
935,2,2,,,,,,,,0.5544689297676086,0.3987109959125519,0.2279420793056488,,,
936,2,2,,,,,,,,0.25050482153892517,0.17577698826789856,0.14113666117191315,,,
937,5,5,,,,,,,,0.3311624228954315,0.09417468309402466,0.0938454121351242,,,
938,9,9,,,,,,,,0.09258995950222015,0.03270862251520157,0.1263417899608612,,,
939,8,8,,,,,,,,0.11164357513189316,0.027533551678061485,0.18701578676700592,,,
940,9,9,,,,,,,,0.2571730613708496,0.6153824925422668,0.31200018525123596,,,
941,1,1,,,,,,,,0.07622940838336945,0.051845673471689224,0.1020922139286995,,,
942,7,7,,,,,,,,0.3137085735797882,0.38538244366645813,0.27652764320373535,,,
943,4,4,,,,,,,,0.10378678888082504,0.573650598526001,0.22434255480766296,,,
944,0,0,,,,,,,,0.3317147493362427,0.5726414322853088,0.7719664573669434,,,
945,3,3,,,,,,,,0.25897982716560364,0.5935971140861511,0.22731703519821167,,,
946,0,0,,,,,,,,0.2767290472984314,0.3515671193599701,0.5938801169395447,,,
947,1,1,,,,,,,,0.3600483536720276,0.15693801641464233,0.23095540702342987,,,
948,3,4,,,,,,,,0.16102954745292664,0.1666850596666336,0.20208390057086945,,,
949,8,8,,,,,,,,0.3479374051094055,0.14713379740715027,0.18855105340480804,,,
950,3,3,,,,,,,,0.3049249053001404,0.4528391659259796,0.11799023300409317,,,
951,9,9,,,,,,,,0.21167981624603271,0.1128995418548584,0.24319322407245636,,,
952,6,6,,,,,,,,0.35314640402793884,0.6906076073646545,0.2754164934158325,,,
953,1,0,,,,,,,,0.29151028394699097,0.3544043004512787,0.7414201498031616,,,
954,4,4,,,,,,,,0.33434903621673584,0.15539869666099548,0.31670942902565,,,
955,7,7,,,,,,,,0.3330201208591461,0.28371042013168335,0.4058495759963989,,,
956,0,0,,,,,,,,0.45030447840690613,0.5084524750709534,0.08120595663785934,,,
957,3,3,,,,,,,,0.25763651728630066,0.29911765456199646,0.3133969008922577,,,
958,7,7,,,,,,,,0.24826505780220032,0.21914775669574738,0.3740551471710205,,,
959,8,8,,,,,,,,0.5523993372917175,0.2936975061893463,0.1748688519001007,,,
960,9,9,,,,,,,,0.12942253053188324,0.29518431425094604,0.17976906895637512,,,
961,1,1,,,,,,,,0.13697928190231323,0.033419668674468994,0.12658601999282837,,,
962,1,1,,,,,,,,0.20658181607723236,0.39541593194007874,0.1992696225643158,,,
963,6,6,,,,,,,,0.5296915173530579,0.5632296800613403,0.20885787904262543,,,
964,6,6,,,,,,,,0.05907128006219864,0.4960506856441498,0.035613156855106354,,,
965,6,6,,,,,,,,0.19943231344223022,0.3922574520111084,0.1352357566356659,,,
966,6,3,,,,,,,,0.167913556098938,0.298860639333725,0.2363854944705963,,,
967,9,9,0,0.10270270270270271,0.59375,0.2830188679245283,0.8401952385902405,0.8420975804328918,0.5843104124069214,0.030720053240656853,0.031486961990594864,0.024725494906306267,0.018050896003842354,0.02021804265677929,0.0021584753412753344
968,1,1,,,,,,,,0.5048872828483582,0.24078436195850372,0.48544538021087646,,,
969,9,9,,,,,,,,0.40043187141418457,0.16497299075126648,0.17271745204925537,,,
970,9,9,,,,,,,,0.29253190755844116,0.12247390300035477,0.3819803297519684,,,
971,4,4,4,0.43661971830985913,0.5813953488372093,0.10270270270270271,0.9738562703132629,0.8972604274749756,0.19040435552597046,0.109502412378788,0.4356960654258728,0.38044294714927673,0.2588071823120117,0.41724109649658203,0.34284454584121704
972,2,6,,,,,,,,0.16499237716197968,0.5893309116363525,0.0669478327035904,,,
973,1,1,,,,,,,,0.24095746874809265,0.33330056071281433,0.42014679312705994,,,
974,7,7,0,0.4782608695652174,0.42657342657342656,0.1590909090909091,0.7658210396766663,0.8500157594680786,0.39141708612442017,0.03283508121967316,0.027776189148426056,0.044028859585523605,0.009180676192045212,0.0023329227697104216,0.00042204628698527813
975,0,0,,,,,,,,0.5729511976242065,0.6544287204742432,0.98166823387146,,,
976,6,6,3,0.10869565217391304,0.45714285714285713,0.43661971830985913,0.644615650177002,0.8476163148880005,0.6489983201026917,0.15177036821842194,0.45409461855888367,0.08821273595094681,0.01703139953315258,0.5712612271308899,0.0015817302046343684
977,8,8,,,,,,,,0.6905421614646912,0.09055592864751816,0.05020856484770775,,,
978,1,1,,,,,,,,0.5074896216392517,0.13048505783081055,0.3722592294216156,,,
979,9,9,,,,,,,,0.21518833935260773,0.2641482949256897,0.32218223810195923,,,
980,2,2,,,,,,,,0.7307947874069214,0.10866890102624893,0.4416811466217041,,,
981,9,9,,,,,,,,0.2193167507648468,0.13139839470386505,0.09132162481546402,,,
982,0,0,4,0.7586206896551724,0.6859504132231405,0.3972602739726027,0.9762862920761108,0.9364169836044312,0.7156599760055542,0.3409661054611206,0.33097055554389954,0.15972986817359924,0.4425743520259857,0.2615072429180145,0.49197834730148315
983,4,4,,,,,,,,0.39919769763946533,0.20426909625530243,0.2341928631067276,,,
984,7,7,,,,,,,,0.5391899943351746,0.4098362624645233,0.4861730933189392,,,
985,8,8,,,,,,,,0.24002297222614288,0.1597268134355545,0.11287960410118103,,,
986,3,3,,,,,,,,0.41397547721862793,0.5579354763031006,0.5871139168739319,,,
987,1,1,,,,,,,,0.5351812243461609,0.28257086873054504,0.5030788779258728,,,
988,2,2,,,,,,,,0.0697823166847229,0.08233293145895004,0.14355015754699707,,,
989,0,0,,,,,,,,0.1764252781867981,0.5874717831611633,0.6595659255981445,,,
990,1,1,,,,,,,,0.5311959385871887,0.15519574284553528,0.41010618209838867,,,
991,5,5,,,,,,,,0.13821262121200562,0.07186482846736908,0.11761409044265747,,,
992,8,8,,,,,,,,0.38107916712760925,0.24909621477127075,0.40924108028411865,,,
993,4,4,4,0.7142857142857143,0.44680851063829785,0.29936305732484075,0.9405969977378845,0.8176499605178833,0.6784920692443848,0.2764336168766022,0.059744853526353836,0.18192778527736664,0.23892204463481903,0.11113601922988892,0.06025261431932449
994,6,2,,,,,,,,0.40328580141067505,0.15697431564331055,0.13338640332221985,,,
995,3,3,,,,,,,,0.5021792650222778,0.5633695125579834,0.0868120789527893,,,
996,8,8,,,,,,,,0.24551457166671753,0.08225098997354507,0.3136712908744812,,,
997,1,1,,,,,,,,0.3885018229484558,0.37805870175361633,0.14881692826747894,,,
998,3,3,,,,,,,,0.2916499972343445,0.15210479497909546,0.3113357126712799,,,
999,8,8,,,,,,,,0.39846670627593994,0.24265128374099731,0.225851908326149,,,
1000,5,5,,,,,,,,0.3977585732936859,0.08086802065372467,0.08985598385334015,,,
1001,0,0,0,0.9245283018867925,0.5223880597014925,0.7,0.9970905780792236,0.8873423337936401,0.6820282936096191,0.24987640976905823,0.3474893867969513,0.5673150420188904,0.2325214147567749,0.42579400539398193,0.5402182936668396
1002,8,8,8,0.7142857142857143,0.43661971830985913,0.6062992125984252,0.9570180177688599,0.8186284303665161,0.7788808345794678,0.20378786325454712,0.05215921252965927,0.05617203563451767,0.11899317055940628,0.03577899932861328,0.04927635192871094
1003,4,4,,,,,,,,0.26314929127693176,0.532035231590271,0.2212604135274887,,,
1004,8,8,,,,,,,,0.48604822158813477,0.03261755034327507,0.07337332516908646,,,
1005,1,1,,,,,,,,0.3331397771835327,0.16674809157848358,0.098296158015728,,,
1006,1,1,,,,,,,,0.44196033477783203,0.2644943296909332,0.35831499099731445,,,
1007,8,8,,,,,,,,0.11899670213460922,0.3064725399017334,0.08148067444562912,,,
1008,9,9,,,,,,,,0.14610062539577484,0.03560004383325577,0.12376881390810013,,,
1009,6,6,,,,,,,,0.1490253359079361,0.6541383266448975,0.07681568711996078,,,
1010,0,0,,,,,,,,0.41935068368911743,0.5752021074295044,0.6052380204200745,,,
1011,8,8,,,,,,,,0.665639340877533,0.33071741461753845,0.17413190007209778,,,
1012,6,6,,,,,,,,0.22311413288116455,0.304700642824173,0.19005189836025238,,,
1013,1,1,,,,,,,,0.29334062337875366,0.19655536115169525,0.1899930089712143,,,
1014,3,3,,,,,,,,0.3287794888019562,0.42615756392478943,0.25084227323532104,,,
1015,4,4,,,,,,,,0.2954970896244049,0.43521901965141296,0.5088844895362854,,,
1016,1,1,,,,,,,,0.38600707054138184,0.38908931612968445,0.10857687145471573,,,
1017,6,6,,,,,,,,0.12391307950019836,0.5250183939933777,0.08093885332345963,,,
1018,0,0,2,0.2830188679245283,0.5111111111111111,0.15254237288135594,0.9356809854507446,0.8976786136627197,0.08249497413635254,0.4151027500629425,0.3887746334075928,0.4557875692844391,0.5844364166259766,0.5073473453521729,0.38498157262802124
1019,5,5,,,,,,,,0.3212933838367462,0.06098005920648575,0.04356683790683746,,,
1020,1,1,,,,,,,,0.5181382298469543,0.2715435028076172,0.1508975476026535,,,
1021,1,1,,,,,,,,0.3193782567977905,0.14017461240291595,0.09657187759876251,,,
1022,0,0,,,,,,,,0.4574841856956482,0.4920332431793213,0.8804483413696289,,,
1023,0,0,,,,,,,,0.7782747149467468,0.37445610761642456,0.9518667459487915,,,
1024,3,3,,,,,,,,0.6107569336891174,0.6196434497833252,0.33349859714508057,,,
1025,5,5,,,,,,,,0.32596346735954285,0.17204394936561584,0.12650300562381744,,,
1026,0,0,,,,,,,,0.24352696537971497,0.35118991136550903,0.43280547857284546,,,
1027,0,0,,,,,,,,0.607904851436615,0.6520376801490784,0.9154585599899292,,,
1028,6,6,,,,,,,,0.13832266628742218,0.45838725566864014,0.08408079296350479,,,
1029,6,6,,,,,,,,0.13516783714294434,0.5593830347061157,0.060107141733169556,,,
1030,3,3,,,,,,,,0.44261297583580017,0.15887397527694702,0.4772486686706543,,,
1031,3,3,,,,,,,,0.21355107426643372,0.6358553767204285,0.4298904538154602,,,
1032,6,1,,,,,,,,0.10017753392457962,0.07039079815149307,0.012335116975009441,,,
1033,3,3,,,,,,,,0.483126699924469,0.4173003137111664,0.35801422595977783,,,
1034,6,6,6,0.9428571428571428,0.8715596330275229,0.19298245614035087,0.9966294765472412,0.9658334851264954,0.4243151545524597,0.030757183209061623,0.2349078208208084,0.08938419818878174,0.03423379361629486,0.26645082235336304,0.024727001786231995
1035,6,4,,,,,,,,0.038190193474292755,0.0913354679942131,0.08105865120887756,,,
1036,0,0,3,0.9428571428571428,0.59375,0.3877551020408163,0.9878866672515869,0.8984562158584595,0.6692184805870056,0.47912341356277466,0.09307428449392319,0.5784052014350891,0.5477325916290283,0.16878868639469147,0.21575020253658295
1037,7,7,,,,,,,,0.3486434519290924,0.2086275815963745,0.13189725577831268,,,
1038,2,2,,,,,,,,0.42728662490844727,0.09690522402524948,0.6579323410987854,,,
1039,2,2,,,,,,,,0.5214294791221619,0.08809821307659149,0.6135392785072327,,,
1040,7,2,,,,,,,,0.051663465797901154,0.08255284279584885,0.06129852309823036,,,
1041,5,5,,,,,,,,0.6310765743255615,0.10147274285554886,0.11358441412448883,,,
1042,5,0,,,,,,,,0.18998107314109802,0.3546449840068817,0.7650158405303955,,,
1043,2,2,0,0.24390243902439024,0.5338345864661654,0.13966480446927373,0.5970161557197571,0.8572800159454346,0.5115706324577332,0.14959856867790222,0.03640936315059662,0.03876518830657005,0.5191497802734375,0.027581149712204933,0.01904500089585781
1044,8,8,,,,,,,,0.5653717517852783,0.15007014572620392,0.12743498384952545,,,
1045,5,5,,,,,,,,0.30357301235198975,0.118760846555233,0.22694158554077148,,,
1046,2,2,,,,,,,,0.4589524269104004,0.21122899651527405,0.3660145103931427,,,
1047,1,1,,,,,,,,0.43406933546066284,0.14248152077198029,0.23027147352695465,,,
1048,1,1,,,,,,,,0.39476320147514343,0.1533684879541397,0.3502272665500641,,,
1049,4,4,,,,,,,,0.08152918517589569,0.03172498196363449,0.026402704417705536,,,
1050,3,3,7,0.13333333333333333,0.48905109489051096,0.2830188679245283,0.3560512959957123,0.9176123142242432,0.5806530714035034,0.058790985494852066,0.19953954219818115,0.029401499778032303,0.06978040933609009,0.1190333217382431,0.004992672707885504
1051,2,2,,,,,,,,0.4400397837162018,0.29709216952323914,0.5781287550926208,,,
1052,0,0,,,,,,,,0.7978840470314026,0.5535277724266052,0.9516809582710266,,,
1053,3,3,,,,,,,,0.32323840260505676,0.33137089014053345,0.39078158140182495,,,
1054,1,1,,,,,,,,0.38570448756217957,0.24399903416633606,0.2900313138961792,,,
1055,5,5,,,,,,,,0.33888012170791626,0.18096128106117249,0.08135338127613068,,,
1056,3,3,3,0.5413533834586466,0.7435897435897436,0.29936305732484075,0.9446367025375366,0.9620068669319153,0.5699948072433472,0.5465978384017944,0.24099057912826538,0.10639918595552444,0.3925570845603943,0.3902047872543335,0.10159600526094437
1057,7,7,7,0.48905109489051096,0.4782608695652174,0.07936507936507936,0.9074991941452026,0.8587290644645691,0.7143412828445435,0.16712427139282227,0.028881357982754707,0.18461982905864716,0.09967749565839767,0.016253765672445297,0.13346391916275024
1058,6,6,3,0.7,0.5338345864661654,0.6062992125984252,0.9253454804420471,0.8943558931350708,0.5546050071716309,0.09369593858718872,0.4768546521663666,0.02395869977772236,0.006143809296190739,0.4989375174045563,0.006254738196730614
1059,8,8,,,,,,,,0.4832659959793091,0.09290958940982819,0.11609293520450592,,,
1060,9,9,,,,,,,,0.23913948237895966,0.2003580778837204,0.23405253887176514,,,
1061,1,1,,,,,,,,0.11415982991456985,0.1354784369468689,0.03733488917350769,,,
1062,6,6,3,0.10270270270270271,0.43661971830985913,0.4068965517241379,0.4440632164478302,0.8434519171714783,0.44068706035614014,0.14708583056926727,0.3630791902542114,0.04100944846868515,0.06319509446620941,0.2437349557876587,0.0016898311441764235
1063,4,4,,,,,,,,0.36714228987693787,0.5723956227302551,0.34962934255599976,,,
1064,9,3,,,,,,,,0.24894914031028748,0.12471704930067062,0.07968740910291672,,,
1065,3,3,1,0.3783783783783784,0.632,0.20710059171597633,0.8398945331573486,0.897783637046814,0.3082098364830017,0.06008195877075195,0.38637080788612366,0.10388029366731644,0.010272721759974957,0.2170693725347519,0.14985543489456177
1066,9,9,,,,,,,,0.13957509398460388,0.158694326877594,0.04735703021287918,,,
1067,0,0,,,,,,,,0.4361778795719147,0.14334693551063538,0.8616778254508972,,,
1068,9,9,,,,,,,,0.18527968227863312,0.11065369099378586,0.23246066272258759,,,
1069,6,6,,,,,,,,0.28224071860313416,0.6606258153915405,0.09792422503232956,,,
1070,3,3,,,,,,,,0.39306485652923584,0.41493481397628784,0.4895922839641571,,,
1071,6,6,,,,,,,,0.44089826941490173,0.6584087610244751,0.33042916655540466,,,
1072,0,8,,,,,,,,0.4952884614467621,0.2764454185962677,0.3006969094276428,,,
1073,7,7,,,,,,,,0.2946850657463074,0.18566776812076569,0.2735961079597473,,,
1074,3,3,5,0.20710059171597633,0.5572519083969466,0.2830188679245283,0.4657404124736786,0.890448808670044,0.7019928693771362,0.18242913484573364,0.3279420733451843,0.19721181690692902,0.3069063425064087,0.34548839926719666,0.028846479952335358
1075,8,8,,,,,,,,0.4261361360549927,0.07697668671607971,0.2249549925327301,,,
1076,0,0,,,,,,,,0.5581412315368652,0.5703988075256348,0.9028403162956238,,,
1077,0,0,,,,,,,,0.476144939661026,0.567551851272583,0.9184836745262146,,,
1078,0,0,,,,,,,,0.4265959858894348,0.8432072997093201,0.7893623113632202,,,
1079,6,6,,,,,,,,0.186703160405159,0.36011070013046265,0.12800994515419006,,,
1080,6,6,2,0.4855072463768116,0.7142857142857143,0.3333333333333333,0.851109504699707,0.8739205002784729,0.7003279328346252,0.09377144277095795,0.4262601137161255,0.07117263972759247,0.08793599158525467,0.3104192018508911,0.1305515170097351
1081,6,6,,,,,,,,0.31946060061454773,0.4731249213218689,0.1214781180024147,,,
1082,9,9,,,,,,,,0.09460799396038055,0.07652252167463303,0.03282308205962181,,,
1083,2,2,,,,,,,,0.6695138812065125,0.24071329832077026,0.41811707615852356,,,
1084,5,5,3,0.5338345864661654,0.43661971830985913,0.2911392405063291,0.6520322561264038,0.8562239408493042,0.3634639084339142,0.2151639610528946,0.06400151550769806,0.1371057629585266,0.009839458391070366,0.029516715556383133,0.17353950440883636
1085,4,4,,,,,,,,0.3363569676876068,0.6196293234825134,0.12873347103595734,,,
1086,4,4,,,,,,,,0.2546840012073517,0.680167019367218,0.5656154155731201,,,
1087,6,6,6,0.8378378378378378,0.7894736842105263,0.6859504132231405,0.998087465763092,0.9536857604980469,0.7142133712768555,0.14112430810928345,0.5353829860687256,0.03344244509935379,0.10139140486717224,0.5088086128234863,0.052875958383083344
1088,3,3,5,0.10869565217391304,0.43661971830985913,0.046153846153846156,0.6969008445739746,0.8607231974601746,0.13356651365756989,0.21285304427146912,0.2761216163635254,0.054877765476703644,0.05695139244198799,0.31256383657455444,0.016686011105775833
1089,6,6,,,,,,,,0.28138554096221924,0.43413376808166504,0.21330329775810242,,,
1090,0,0,,,,,,,,0.35823360085487366,0.6250222325325012,0.9333283305168152,,,
1091,8,8,,,,,,,,0.5180639624595642,0.20928648114204407,0.08349472284317017,,,
1092,6,6,,,,,,,,0.056272976100444794,0.10845840722322464,0.03558937460184097,,,
1093,0,0,,,,,,,,0.5592491626739502,0.715266764163971,0.48527878522872925,,,
1094,6,3,,,,,,,,0.106528140604496,0.16150501370429993,0.07131125777959824,,,
1095,2,2,,,,,,,,0.5891328454017639,0.189695805311203,0.8149240016937256,,,
1096,7,7,7,0.5692307692307692,0.42657342657342656,0.3246753246753247,0.9649869203567505,0.8975508213043213,0.482870489358902,0.4509797692298889,0.31194162368774414,0.2408081591129303,0.5508067011833191,0.3212932050228119,0.22362419962882996
1097,5,5,,,,,,,,0.35464248061180115,0.32059773802757263,0.13035759329795837,,,
1098,1,1,,,,,,,,0.24266456067562103,0.1581178456544876,0.33963075280189514,,,
1099,2,2,,,,,,,,0.4540344178676605,0.126220703125,0.6385786533355713,,,
1100,7,8,,,,,,,,0.07801398634910583,0.2760551869869232,0.027875538915395737,,,
1101,8,8,,,,,,,,0.31641465425491333,0.04625605791807175,0.23966798186302185,,,
1102,8,8,,,,,,,,0.46301186084747314,0.3217141330242157,0.13455741107463837,,,
1103,0,0,,,,,,,,0.3752119541168213,0.6800510883331299,0.7964079976081848,,,
1104,9,9,,,,,,,,0.34488704800605774,0.182773157954216,0.44477492570877075,,,
1105,4,4,4,0.6585365853658537,0.29936305732484075,0.1657142857142857,0.913216769695282,0.8273023962974548,0.30082470178604126,0.03239412605762482,0.3318270742893219,0.08059389144182205,0.04361419007182121,0.3660348951816559,0.11078424006700516
1106,9,9,,,,,,,,0.269502192735672,0.3270401954650879,0.2715738117694855,,,
1107,7,7,,,,,,,,0.2689625322818756,0.14981709420681,0.2772030830383301,,,
1108,2,2,,,,,,,,0.5161644220352173,0.3980787694454193,0.8059623837471008,,,
1109,0,0,,,,,,,,0.38555559515953064,0.5436298251152039,0.816389799118042,,,
1110,2,2,,,,,,,,0.6759421229362488,0.10336035490036011,0.43292611837387085,,,
1111,8,8,0,0.2911392405063291,0.3972602739726027,0.36,0.7146528959274292,0.8326957821846008,0.3334236741065979,0.5238636136054993,0.14756043255329132,0.18176981806755066,0.0598694384098053,0.09203749895095825,0.008092907257378101
1112,3,3,,,,,,,,0.15709327161312103,0.2893475890159607,0.3006683588027954,,,
1113,8,8,,,,,,,,0.30231809616088867,0.02810705453157425,0.03873634710907936,,,
1114,9,9,,,,,,,,0.22850191593170166,0.15522925555706024,0.25437691807746887,,,
1115,1,1,,,,,,,,0.4211171269416809,0.14898575842380524,0.13641411066055298,,,
1116,5,5,,,,,,,,0.15087474882602692,0.17696137726306915,0.15737800300121307,,,
1117,5,5,,,,,,,,0.2919709086418152,0.09446830302476883,0.1631864458322525,,,
1118,4,4,4,0.9245283018867925,0.7288135593220338,0.3246753246753247,0.9968276023864746,0.9545773267745972,0.6711816787719727,0.34492751955986023,0.1767793595790863,0.2781377136707306,0.31762075424194336,0.11527024954557419,0.12061525136232376
1119,7,7,,,,,,,,0.4231095016002655,0.246171772480011,0.41850921511650085,,,
1120,5,5,,,,,,,,0.1513337790966034,0.1772262156009674,0.028772853314876556,,,
1121,3,3,,,,,,,,0.2194051295518875,0.4042413532733917,0.3943130373954773,,,
1122,8,8,,,,,,,,0.14668136835098267,0.03876032680273056,0.22993870079517365,,,
1123,3,3,,,,,,,,0.4065503180027008,0.5032122731208801,0.08075474947690964,,,
1124,3,3,2,0.6585365853658537,0.7288135593220338,0.43661971830985913,0.9080697298049927,0.8810257911682129,0.29585185647010803,0.11736097186803818,0.15083473920822144,0.03278086334466934,0.07979172468185425,0.1746884137392044,0.010853602550923824
1125,6,6,,,,,,,,0.14486853778362274,0.4670898914337158,0.07707861065864563,,,
1126,2,2,0,0.9428571428571428,0.5,0.20710059171597633,0.9646461009979248,0.8410181999206543,0.35027873516082764,0.8246788382530212,0.08231926709413528,0.3068106770515442,0.6335446238517761,0.16359643638134003,0.07655338197946548
1127,8,8,,,,,,,,0.6512213945388794,0.03688555210828781,0.1529088020324707,,,
1128,4,4,,,,,,,,0.08376437425613403,0.21407394111156464,0.18170803785324097,,,
1129,3,3,3,0.9065420560747663,0.7142857142857143,0.7,0.9964438676834106,0.9122063517570496,0.6650540232658386,0.05721871182322502,0.21793559193611145,0.0994214415550232,0.03739539906382561,0.3029991388320923,0.07564327865839005
1130,7,7,,,,,,,,0.0490817166864872,0.03246414661407471,0.024901608005166054,,,
1131,1,9,,,,,,,,0.11598482728004456,0.35552170872688293,0.07593555748462677,,,
1132,2,3,,,,,,,,0.1065237894654274,0.12476752698421478,0.09161292016506195,,,
1133,4,4,3,0.24390243902439024,0.34210526315789475,0.13966480446927373,0.6880256533622742,0.7509639263153076,0.23373931646347046,0.034124139696359634,0.05418888106942177,0.13125108182430267,0.0009449580684304237,0.010659996420145035,0.09668935090303421
1134,1,1,,,,,,,,0.13874797523021698,0.11724253743886948,0.19641385972499847,,,
1135,6,6,,,,,,,,0.2651441693305969,0.6872676610946655,0.053092215210199356,,,
1136,9,9,,,,,,,,0.6720508933067322,0.18142905831336975,0.45637571811676025,,,
1137,0,9,,,,,,,,0.02291552536189556,0.02074485272169113,0.02897573448717594,,,
1138,5,5,5,0.5338345864661654,0.5111111111111111,0.5338345864661654,0.97552490234375,0.8410695791244507,0.6096032857894897,0.04895786941051483,0.023327834904193878,0.05336699262261391,0.061807237565517426,0.02739950641989708,0.03189370408654213
1139,8,8,,,,,,,,0.7356840372085571,0.14581482112407684,0.453401654958725,,,
1140,6,6,,,,,,,,0.09557828307151794,0.23512345552444458,0.07076442986726761,,,
1141,1,1,,,,,,,,0.5087296962738037,0.30092936754226685,0.43414315581321716,,,
1142,8,8,,,,,,,,0.6400196552276611,0.1386517733335495,0.13697612285614014,,,
1143,6,6,,,,,,,,0.41086849570274353,0.34146150946617126,0.27807697653770447,,,
1144,1,1,,,,,,,,0.30043715238571167,0.0700526237487793,0.13463927805423737,,,
1145,4,4,3,0.07936507936507936,0.44680851063829785,0.2830188679245283,0.6819479465484619,0.8628638386726379,0.5871012210845947,0.3942292332649231,0.06617937237024307,0.2807328999042511,0.0677328035235405,0.04677939414978027,0.004281674511730671
1146,2,2,,,,,,,,0.39794713258743286,0.3396190106868744,0.2046615034341812,,,
1147,6,9,,,,,,,,0.21200896799564362,0.02807769738137722,0.13602705299854279,,,
1148,2,2,,,,,,,,0.6914395093917847,0.22895240783691406,0.9244439601898193,,,
1149,7,7,,,,,,,,0.21594509482383728,0.1114814504981041,0.13132166862487793,,,
1150,2,4,,,,,,,,0.2101578414440155,0.31516486406326294,0.1470716893672943,,,
1151,2,2,,,,,,,,0.6154057383537292,0.24788661301136017,0.11093853414058685,,,
1152,0,0,,,,,,,,0.31183063983917236,0.5506088137626648,0.7681277990341187,,,
1153,8,8,,,,,,,,0.4849642515182495,0.10582093894481659,0.09305962920188904,,,
1154,6,6,6,0.6062992125984252,0.5572519083969466,0.3509933774834437,0.9493123292922974,0.8662786483764648,0.4083673357963562,0.31716057658195496,0.4908127784729004,0.3231596350669861,0.24378561973571777,0.49494120478630066,0.14881128072738647
1155,9,9,,,,,,,,0.08575301617383957,0.07135891914367676,0.06507335603237152,,,
1156,1,1,,,,,,,,0.1267661452293396,0.1550971269607544,0.18162353336811066,,,
1157,7,7,3,0.19298245614035087,0.44680851063829785,0.25153374233128833,0.8009421229362488,0.8333507180213928,0.5976570248603821,0.1347189098596573,0.04715029522776604,0.13540533185005188,0.04745440557599068,0.035288501530885696,0.2454025149345398
1158,1,1,,,,,,,,0.6300458312034607,0.04657038301229477,0.0608523003757,,,
1159,8,8,,,,,,,,0.28562358021736145,0.1280144453048706,0.14283087849617004,,,
1160,8,8,,,,,,,,0.44217416644096375,0.20957261323928833,0.1906130611896515,,,
1161,0,0,,,,,,,,0.48257553577423096,0.35881826281547546,0.6116489768028259,,,
1162,7,7,,,,,,,,0.32115697860717773,0.1958644986152649,0.40425339341163635,,,
1163,3,5,,,,,,,,0.13917402923107147,0.06132220849394798,0.02532886527478695,,,
1164,8,8,,,,,,,,0.7036125063896179,0.08508850634098053,0.227741539478302,,,
1165,0,0,,,,,,,,0.4701397716999054,0.18741898238658905,0.44815966486930847,,,
1166,3,3,,,,,,,,0.20403094589710236,0.20780691504478455,0.3136088252067566,,,
1167,4,4,3,0.5813953488372093,0.59375,0.34210526315789475,0.9658619165420532,0.8831220269203186,0.49700435996055603,0.1005844697356224,0.05574037507176399,0.10571735352277756,0.015375652350485325,0.13443544507026672,0.0017240613233298063
1168,3,3,,,,,,,,0.19236908853054047,0.19709637761116028,0.2951367199420929,,,
1169,7,7,,,,,,,,0.3067649304866791,0.13720044493675232,0.1438671499490738,,,
1170,7,7,,,,,,,,0.3681727647781372,0.21512439846992493,0.3483107089996338,,,
1171,9,9,,,,,,,,0.31356459856033325,0.2990801930427551,0.39259591698646545,,,
1172,2,4,,,,,,,,0.012962106615304947,0.027491958811879158,0.14676164090633392,,,
1173,3,3,,,,,,,,0.19137819111347198,0.2842804491519928,0.12833112478256226,,,
1174,1,1,,,,,,,,0.4033735692501068,0.10208436101675034,0.15887175500392914,,,
1175,9,9,,,,,,,,0.5671215057373047,0.43329107761383057,0.2892845869064331,,,
1176,1,1,,,,,,,,0.1971454620361328,0.11892512440681458,0.11136628687381744,,,
1177,9,1,,,,,,,,0.204120934009552,0.12956029176712036,0.06712330132722855,,,
1178,6,6,2,0.4041095890410959,0.3877551020408163,0.5223880597014925,0.8245660066604614,0.7596398591995239,0.5225081443786621,0.16463109850883484,0.32089585065841675,0.02640904299914837,0.031117618083953857,0.30272600054740906,0.03278489410877228
1179,3,3,,,,,,,,0.17342625558376312,0.2531201243400574,0.1947689652442932,,,
1180,3,3,3,0.4166666666666667,0.4676258992805755,0.0967741935483871,0.9615078568458557,0.8369247317314148,0.26507076621055603,0.19179049134254456,0.29707592725753784,0.07714704424142838,0.14652784168720245,0.26783987879753113,0.10414489358663559
1181,3,2,,,,,,,,0.07496325671672821,0.040625497698783875,0.09452061355113983,,,
1182,1,1,,,,,,,,0.41076868772506714,0.08636949956417084,0.06804323196411133,,,
1183,0,0,,,,,,,,0.6723955869674683,0.6734227538108826,0.8298953771591187,,,
1184,6,6,,,,,,,,0.25212082266807556,0.49687808752059937,0.13827063143253326,,,
1185,1,1,,,,,,,,0.08041861653327942,0.12731845676898956,0.11335201561450958,,,
1186,4,4,,,,,,,,0.12052363157272339,0.2064654678106308,0.2183178961277008,,,
1187,1,1,,,,,,,,0.09426292032003403,0.15427102148532867,0.137663334608078,,,
1188,0,0,,,,,,,,0.7002147436141968,0.7615822553634644,0.7601814866065979,,,
1189,0,0,,,,,,,,0.27189549803733826,0.4147253930568695,0.6928618550300598,,,
1190,1,1,,,,,,,,0.3910999596118927,0.13542060554027557,0.2991139888763428,,,
1191,1,1,,,,,,,,0.12002445757389069,0.12525123357772827,0.23387733101844788,,,
1192,6,6,,,,,,,,0.16796281933784485,0.24964919686317444,0.11272342503070831,,,
1193,5,5,5,0.6451612903225806,0.42657342657342656,0.5338345864661654,0.9136320352554321,0.8085524439811707,0.629475474357605,0.2123780995607376,0.07467744499444962,0.05634862184524536,0.20311400294303894,0.09704702347517014,0.1332840919494629
1194,4,4,,,,,,,,0.07813924551010132,0.1314326822757721,0.1112709566950798,,,
1195,6,6,6,0.18604651162790697,0.5454545454545454,0.3877551020408163,0.778554379940033,0.8759137392044067,0.4821993410587311,0.08784536272287369,0.3493499159812927,0.08179319649934769,0.09791112691164017,0.3733578324317932,0.057933509349823
1196,2,2,,,,,,,,0.7247428894042969,0.2184109389781952,0.2924358546733856,,,
1197,0,0,,,,,,,,0.4324636161327362,0.8771281242370605,0.6647158265113831,,,
1198,7,7,,,,,,,,0.2998630106449127,0.040391795337200165,0.3226088583469391,,,
1199,9,9,,,,,,,,0.17294535040855408,0.11679849028587341,0.20533327758312225,,,
1200,8,8,,,,,,,,0.41623130440711975,0.4098266065120697,0.17110106348991394,,,
1201,7,7,,,,,,,,0.10324703902006149,0.2269335389137268,0.2742133140563965,,,
1202,2,2,,,,,,,,0.6485147476196289,0.33849161863327026,0.39721250534057617,,,
1203,0,0,,,,,,,,0.48141050338745117,0.37928447127342224,0.9369571805000305,,,
1204,6,6,,,,,,,,0.22597506642341614,0.5627813339233398,0.18560394644737244,,,
1205,8,0,,,,,,,,0.23347967863082886,0.5691131353378296,0.6372132301330566,,,
1206,1,1,,,,,,,,0.6385811567306519,0.4126771092414856,0.44224876165390015,,,
1207,4,4,,,,,,,,0.09263473749160767,0.06308119744062424,0.03939158469438553,,,
1208,3,3,,,,,,,,0.10704157501459122,0.6151736974716187,0.13898812234401703,,,
1209,7,7,,,,,,,,0.2871820330619812,0.1899002492427826,0.24365977942943573,,,
1210,0,0,,,,,,,,0.5129481554031372,0.47252023220062256,0.7293460965156555,,,
1211,6,6,,,,,,,,0.39699727296829224,0.38316598534584045,0.03291621804237366,,,
1212,1,1,,,,,,,,0.22555789351463318,0.3690807819366455,0.3486175835132599,,,
1213,8,8,,,,,,,,0.19310739636421204,0.15584011375904083,0.088284432888031,,,
1214,5,5,,,,,,,,0.3429040014743805,0.15293677151203156,0.30571532249450684,,,
1215,7,7,,,,,,,,0.39529088139533997,0.27472275495529175,0.35497820377349854,,,
1216,8,8,,,,,,,,0.30385470390319824,0.11111433058977127,0.1767609864473343,,,
1217,4,5,,,,,,,,0.037911172956228256,0.03440053388476372,0.023749928921461105,,,
1218,8,8,,,,,,,,0.7288826704025269,0.2278146743774414,0.28615325689315796,,,
1219,3,3,,,,,,,,0.23273594677448273,0.2881694436073303,0.40783119201660156,,,
1220,9,9,,,,,,,,0.07306097447872162,0.0628361701965332,0.07172815501689911,,,
1221,9,9,,,,,,,,0.20351499319076538,0.23603077232837677,0.38530343770980835,,,
1222,9,9,,,,,,,,0.34099236130714417,0.20402444899082184,0.09690946340560913,,,
1223,8,8,,,,,,,,0.2434314340353012,0.3593083620071411,0.20807650685310364,,,
1224,7,4,,,,,,,,0.3870351314544678,0.25947752594947815,0.29877999424934387,,,
1225,6,6,,,,,,,,0.19392968714237213,0.39913734793663025,0.09166351705789566,,,
1226,6,6,,,,,,,,0.19515351951122284,0.44189926981925964,0.10882791131734848,,,
1227,3,3,3,0.7739130434782608,0.45714285714285713,0.1590909090909091,0.968327522277832,0.7104218602180481,0.23745107650756836,0.2266199290752411,0.4078999161720276,0.1594751924276352,0.18679220974445343,0.27332526445388794,0.3895338773727417
1228,5,5,,,,,,,,0.1850014328956604,0.0318029411137104,0.05395680293440819,,,
1229,1,1,,,,,,,,0.29277166724205017,0.16626667976379395,0.28460991382598877,,,
1230,5,3,,,,,,,,0.314102441072464,0.31262704730033875,0.31567883491516113,,,
1231,9,9,,,,,,,,0.5023561716079712,0.18444706499576569,0.3045103847980499,,,
1232,1,1,,,,,,,,0.6790562272071838,0.19267584383487701,0.14103029668331146,,,
1233,4,4,,,,,,,,0.25446969270706177,0.2677663564682007,0.1753932684659958,,,
1234,1,1,,,,,,,,0.5119152665138245,0.10679618269205093,0.2221805453300476,,,
1235,5,5,,,,,,,,0.5464814901351929,0.2426554262638092,0.14194662868976593,,,
1236,7,5,,,,,,,,0.28160905838012695,0.04437094181776047,0.04170062020421028,,,
1237,0,0,,,,,,,,0.442724347114563,0.584915280342102,0.7661959528923035,,,
1238,1,1,,,,,,,,0.42280158400535583,0.25682002305984497,0.5487790703773499,,,
1239,5,5,,,,,,,,0.17671465873718262,0.03636377677321434,0.06389244645833969,,,
1240,2,2,,,,,,,,0.7616324424743652,0.36582159996032715,0.7708995938301086,,,
1241,0,0,,,,,,,,0.3062364161014557,0.31161051988601685,0.8568931818008423,,,
1242,8,8,1,0.7,0.4782608695652174,0.3877551020408163,0.6937617063522339,0.8342553377151489,0.6625237464904785,0.25350940227508545,0.03218088671565056,0.27726224064826965,0.21341969072818756,0.03173200041055679,0.005615308880805969
1243,8,8,,,,,,,,0.6867249608039856,0.11592849344015121,0.2633364796638489,,,
1244,5,5,,,,,,,,0.13731588423252106,0.04416259378194809,0.24320439994335175,,,
1245,6,6,,,,,,,,0.19076329469680786,0.16331538558006287,0.1846432238817215,,,
1246,7,7,,,,,,,,0.08243294060230255,0.06403682380914688,0.1792832911014557,,,
1247,3,5,,,,,,,,0.03329166769981384,0.07214520871639252,0.12984824180603027,,,
1248,2,4,,,,,,,,0.02484549768269062,0.03968210518360138,0.038494572043418884,,,
1249,4,4,,,,,,,,0.09116590023040771,0.49122166633605957,0.22111758589744568,,,
1250,7,7,,,,,,,,0.22710157930850983,0.4284188151359558,0.3492276072502136,,,
1251,2,2,,,,,,,,0.4155838191509247,0.2789742052555084,0.12203016877174377,,,
1252,5,5,,,,,,,,0.05586754158139229,0.07729064673185349,0.03189839795231819,,,
1253,8,8,,,,,,,,0.23887455463409424,0.24610745906829834,0.28607743978500366,,,
1254,2,2,,,,,,,,0.45529115200042725,0.12665033340454102,0.22920560836791992,,,
1255,4,4,,,,,,,,0.17621836066246033,0.07489167153835297,0.18028321862220764,,,
1256,9,9,0,0.14606741573033707,0.3509933774834437,0.1657142857142857,0.6319183707237244,0.7962965965270996,0.475205659866333,0.11836116015911102,0.040646106004714966,0.22022239863872528,0.002864382229745388,0.00837740395218134,0.02741970680654049
1257,2,2,,,,,,,,0.7178462147712708,0.4971771240234375,0.6776618957519531,,,
1258,1,1,,,,,,,,0.38874268531799316,0.20937778055667877,0.17292994260787964,,,
1259,8,8,,,,,,,,0.24886474013328552,0.26301464438438416,0.1886158138513565,,,
1260,1,1,,,,,,,,0.1916288137435913,0.2127200961112976,0.11819276213645935,,,
1261,9,9,,,,,,,,0.06499066203832626,0.05979267135262489,0.02712201327085495,,,
1262,8,8,0,0.5111111111111111,0.6721311475409836,0.3972602739726027,0.8385095596313477,0.8644593954086304,0.691939651966095,0.03588474914431572,0.15305371582508087,0.020129000768065453,0.0015564238419756293,0.08759995549917221,0.011324802413582802
1263,8,8,0,0.6190476190476191,0.5572519083969466,0.2830188679245283,0.42616671323776245,0.852874755859375,0.5093761682510376,0.06293930858373642,0.22677099704742432,0.016076585277915,0.020988328382372856,0.25623637437820435,0.000591592222917825
1264,8,8,,,,,,,,0.6609573364257812,0.24054798483848572,0.13152506947517395,,,
1265,9,1,,,,,,,,0.16835136711597443,0.08331495523452759,0.06037936359643936,,,
1266,0,0,,,,,,,,0.43958762288093567,0.7109432220458984,0.8607168197631836,,,
1267,4,4,,,,,,,,0.26220399141311646,0.3069724440574646,0.222097247838974,,,
1268,3,3,,,,,,,,0.6653399467468262,0.3027762174606323,0.18242716789245605,,,
1269,3,3,,,,,,,,0.5392391681671143,0.398081511259079,0.429351270198822,,,
1270,1,1,,,,,,,,0.20711065828800201,0.3640451729297638,0.3155156970024109,,,
1271,8,8,,,,,,,,0.28675714135169983,0.06290309876203537,0.1851954162120819,,,
1272,4,4,3,0.10270270270270271,0.34210526315789475,0.15254237288135594,0.40861672163009644,0.8264967203140259,0.3961048126220703,0.054851144552230835,0.05016152188181877,0.07209208607673645,0.0061782849952578545,0.009302061051130295,0.003183043096214533
1273,6,6,,,,,,,,0.2773396074771881,0.6200627684593201,0.17511102557182312,,,
1274,3,3,,,,,,,,0.22241298854351044,0.34728679060935974,0.41638460755348206,,,
1275,3,3,5,0.05154639175257732,0.4782608695652174,0.2215568862275449,0.04750557988882065,0.7965821623802185,0.18577414751052856,0.21469692885875702,0.22624778747558594,0.21318697929382324,0.07830049842596054,0.43212857842445374,0.00610361760482192
1276,5,5,,,,,,,,0.09325059503316879,0.03964759409427643,0.17885415256023407,,,
1277,2,2,,,,,,,,0.8197065591812134,0.09216754138469696,0.45597708225250244,,,
1278,2,2,,,,,,,,0.5273644924163818,0.2494635134935379,0.2511718273162842,,,
1279,8,8,,,,,,,,0.4061998724937439,0.1875932216644287,0.31256183981895447,,,
1280,3,3,,,,,,,,0.2307625114917755,0.42161017656326294,0.24578619003295898,,,
1281,8,8,,,,,,,,0.6266647577285767,0.11754456907510757,0.41147518157958984,,,
1282,9,9,,,,,,,,0.20164854824543,0.23738987743854523,0.16763705015182495,,,
1283,5,5,,,,,,,,0.3940024673938751,0.07094557583332062,0.09300043433904648,,,
1284,8,8,8,0.8214285714285714,0.632,0.5111111111111111,0.9816133379936218,0.9065483808517456,0.5632309913635254,0.07869216054677963,0.16829253733158112,0.03559860959649086,0.09392081201076508,0.17706286907196045,0.0645737275481224
1285,9,9,,,,,,,,0.09862786531448364,0.0596332922577858,0.04617321118712425,,,
1286,8,8,,,,,,,,0.4438150227069855,0.07306522130966187,0.06837834417819977,,,
1287,9,9,,,,,,,,0.15932445228099823,0.06130224093794823,0.02667216956615448,,,
1288,1,1,,,,,,,,0.4248456060886383,0.22758205235004425,0.3995186984539032,,,
1289,6,6,,,,,,,,0.3521348834037781,0.6741973161697388,0.19384077191352844,,,
1290,5,5,,,,,,,,0.11856558918952942,0.0495392307639122,0.032159436494112015,,,
1291,9,9,,,,,,,,0.2701662480831146,0.387220174074173,0.10514070838689804,,,
1292,4,4,3,0.009900990099009901,0.4068965517241379,0.25153374233128833,0.48292648792266846,0.8063734769821167,0.7299158573150635,0.07076336443424225,0.14145034551620483,0.17436756193637848,0.012065554969012737,0.01890435442328453,0.06162698566913605
1293,4,4,,,,,,,,0.1679481863975525,0.2726748585700989,0.15810832381248474,,,
1294,8,8,8,0.5338345864661654,0.6451612903225806,0.4166666666666667,0.977552592754364,0.8926165103912354,0.6354648470878601,0.2807093560695648,0.08466604351997375,0.06250495463609695,0.3007546067237854,0.09363050758838654,0.0945519506931305
1295,0,0,,,,,,,,0.7084802389144897,0.3731433153152466,0.8784604072570801,,,
1296,7,7,,,,,,,,0.1861797422170639,0.10990788787603378,0.2068808227777481,,,
1297,2,2,,,,,,,,0.724677562713623,0.04349697008728981,0.20273712277412415,,,
1298,9,9,,,,,,,,0.3046441078186035,0.17601044476032257,0.3480411767959595,,,
1299,7,7,,,,,,,,0.022937696427106857,0.024326469749212265,0.02272927388548851,,,
1300,4,4,,,,,,,,0.12810872495174408,0.13613532483577728,0.050875019282102585,,,
1301,1,1,,,,,,,,0.5991708636283875,0.30637913942337036,0.43287229537963867,,,
1302,6,6,,,,,,,,0.181885227560997,0.651361346244812,0.10301864892244339,,,
1303,4,4,2,0.8545454545454545,0.4166666666666667,0.5,0.6658655405044556,0.7695684432983398,0.6294087171554565,0.17132419347763062,0.23807644844055176,0.01844942942261696,0.0023712189868092537,0.27667510509490967,0.0009064222103916109
1304,4,8,,,,,,,,0.40950360894203186,0.04851452261209488,0.024064134806394577,,,
1305,9,9,,,,,,,,0.1261216700077057,0.5673484802246094,0.1689365804195404,,,
1306,1,1,1,0.7586206896551724,0.6585365853658537,0.2215568862275449,0.9876964092254639,0.9018934965133667,0.7387993335723877,0.017168764024972916,0.03664392977952957,0.0462992787361145,0.018090497702360153,0.02420498989522457,0.017247600480914116
1307,2,2,,,,,,,,0.4656885266304016,0.2511991262435913,0.48714885115623474,,,
1308,5,5,,,,,,,,0.2120996117591858,0.25222331285476685,0.141786590218544,,,
1309,6,6,,,,,,,,0.07341448217630386,0.6920342445373535,0.07652634382247925,,,
1310,0,0,,,,,,,,0.5690259337425232,0.5215341448783875,0.9211247563362122,,,
1311,8,8,,,,,,,,0.4208275377750397,0.3802749812602997,0.14288264513015747,,,
1312,6,6,,,,,,,,0.29290714859962463,0.5416197776794434,0.18470506370067596,,,
1313,1,1,,,,,,,,0.5996017456054688,0.17735303938388824,0.20618827641010284,,,
1314,9,9,,,,,,,,0.5039206743240356,0.1370251625776291,0.3084348738193512,,,
1315,4,4,,,,,,,,0.06385530531406403,0.11383792757987976,0.074367955327034,,,
1316,5,5,,,,,,,,0.7230300307273865,0.2694680988788605,0.49914443492889404,,,
1317,9,9,,,,,,,,0.30142492055892944,0.20318517088890076,0.3688317835330963,,,
1318,5,5,5,0.10869565217391304,0.36,0.20710059171597633,0.6833680272102356,0.805915117263794,0.3891026973724365,0.08118494600057602,0.035389047116041183,0.030988577753305435,0.07185030728578568,0.014230821281671524,0.016878433525562286
1319,0,0,,,,,,,,0.5298318266868591,0.5904054641723633,0.7020102143287659,,,
1320,7,7,,,,,,,,0.17468690872192383,0.07116147875785828,0.0890849381685257,,,
1321,2,2,,,,,,,,0.7356903553009033,0.15803810954093933,0.28389787673950195,,,
1322,0,0,,,,,,,,0.27620264887809753,0.8182082176208496,0.2805522084236145,,,
1323,0,0,,,,,,,,0.3983807861804962,0.5473023653030396,0.7140251398086548,,,
1324,4,4,,,,,,,,0.32421088218688965,0.3087378740310669,0.38542935252189636,,,
1325,2,4,,,,,,,,0.4481276869773865,0.41874098777770996,0.48619145154953003,,,
1326,6,6,2,0.0,0.43661971830985913,0.5692307692307692,0.4975404739379883,0.8177527189254761,0.6091341972351074,0.1390518844127655,0.5491824746131897,0.1823643445968628,0.005197727587074041,0.3141061067581177,0.006178981624543667
1327,6,6,,,,,,,,0.23733198642730713,0.5445568561553955,0.2837734818458557,,,
1328,5,5,,,,,,,,0.1714112013578415,0.06751148402690887,0.16182592511177063,,,
1329,5,5,,,,,,,,0.31448015570640564,0.13068364560604095,0.12950457632541656,,,
1330,2,2,,,,,,,,0.36450451612472534,0.24237431585788727,0.21789143979549408,,,
1331,8,8,,,,,,,,0.3170830011367798,0.12304187566041946,0.2116730809211731,,,
1332,1,1,,,,,,,,0.2917734682559967,0.15700994431972504,0.43591243028640747,,,
1333,7,7,,,,,,,,0.1024334654211998,0.0275530144572258,0.13530711829662323,,,
1334,3,2,,,,,,,,0.3862687051296234,0.133758082985878,0.19237655401229858,,,
1335,1,1,,,,,,,,0.3388499319553375,0.19000238180160522,0.3808726370334625,,,
1336,4,4,,,,,,,,0.33468395471572876,0.16599731147289276,0.1557089239358902,,,
1337,5,5,,,,,,,,0.20808379352092743,0.08935859054327011,0.07034033536911011,,,
1338,6,6,,,,,,,,0.20978546142578125,0.5752560496330261,0.17261362075805664,,,
1339,5,3,,,,,,,,0.12276510149240494,0.11370328813791275,0.11334048956632614,,,
1340,1,1,,,,,,,,0.25753894448280334,0.14950762689113617,0.4363081157207489,,,
1341,4,4,,,,,,,,0.3086375892162323,0.2405756413936615,0.23093025386333466,,,
1342,7,7,,,,,,,,0.2580914795398712,0.09089978039264679,0.10900402069091797,,,
1343,0,0,,,,,,,,0.6188186407089233,0.5699089169502258,0.5755976438522339,,,
1344,9,9,,,,,,,,0.1775260865688324,0.14917930960655212,0.08246786892414093,,,
1345,4,4,,,,,,,,0.15258873999118805,0.3850151300430298,0.2977941036224365,,,
1346,3,3,,,,,,,,0.16578441858291626,0.1648387461900711,0.1438630074262619,,,
1347,8,8,,,,,,,,0.6260811686515808,0.2225656658411026,0.2212381213903427,,,
1348,2,2,,,,,,,,0.6403079628944397,0.33573395013809204,0.24753674864768982,,,
1349,8,8,,,,,,,,0.3725332021713257,0.19676750898361206,0.24935738742351532,,,
1350,4,4,,,,,,,,0.061840612441301346,0.13520316779613495,0.11873824894428253,,,
1351,7,7,,,,,,,,0.2994137406349182,0.23241782188415527,0.5235205292701721,,,
1352,2,2,,,,,,,,0.7939285039901733,0.10816356539726257,0.38194674253463745,,,
1353,3,3,,,,,,,,0.0834449753165245,0.4957462549209595,0.07837516814470291,,,
1354,1,1,,,,,,,,0.32384994626045227,0.2118396759033203,0.13403810560703278,,,
1355,5,2,,,,,,,,0.39142629504203796,0.2583692669868469,0.3686906695365906,,,
1356,2,2,,,,,,,,0.5166027545928955,0.42901161313056946,0.5557948350906372,,,
1357,9,9,,,,,,,,0.2907208204269409,0.20007874071598053,0.23612982034683228,,,
1358,8,8,,,,,,,,0.785602867603302,0.21973392367362976,0.179377481341362,,,
1359,9,9,,,,,,,,0.27188706398010254,0.5581634640693665,0.32552894949913025,,,
1360,7,7,,,,,,,,0.13846303522586823,0.08452387899160385,0.1842890828847885,,,
1361,9,9,,,,,,,,0.17573992908000946,0.1265566051006317,0.10688157379627228,,,
1362,5,5,,,,,,,,0.37333160638809204,0.09111536294221878,0.4671669900417328,,,
1363,1,1,,,,,,,,0.42307859659194946,0.23241229355335236,0.4588968753814697,,,
1364,4,4,2,0.0967741935483871,0.3076923076923077,0.2289156626506024,0.6892532110214233,0.7061695456504822,0.1610778272151947,0.07968746870756149,0.2809266149997711,0.0835191085934639,0.06546314805746078,0.28708547353744507,0.06433703750371933
1365,0,0,,,,,,,,0.2679870128631592,0.41873928904533386,0.7507073879241943,,,
1366,8,8,,,,,,,,0.20035746693611145,0.1505957692861557,0.038674309849739075,,,
1367,2,2,,,,,,,,0.37442758679389954,0.4157979190349579,0.663353443145752,,,
1368,3,3,,,,,,,,0.20374713838100433,0.4071623384952545,0.4612542986869812,,,
1369,8,8,8,0.6532258064516129,0.3783783783783784,0.23636363636363636,0.9304640293121338,0.83363938331604,0.25854307413101196,0.03182163089513779,0.03026610054075718,0.027962230145931244,0.02068929746747017,0.028412608429789543,0.020667487755417824
1370,9,9,,,,,,,,0.1669011265039444,0.2436704784631729,0.20202545821666718,,,
1371,1,1,,,,,,,,0.21188530325889587,0.24298271536827087,0.2061774730682373,,,
1372,1,1,,,,,,,,0.1787453442811966,0.09434125572443008,0.1688152253627777,,,
1373,3,3,5,0.1791907514450867,0.6062992125984252,0.0851063829787234,0.7788680195808411,0.8390837907791138,0.5248739719390869,0.2737203538417816,0.2790984511375427,0.07847796380519867,0.2063308209180832,0.2034623622894287,0.09293653815984726
1374,2,2,,,,,,,,0.446382075548172,0.10870537161827087,0.27236562967300415,,,
1375,4,4,,,,,,,,0.1461377739906311,0.34821420907974243,0.07879715412855148,,,
1376,9,9,,,,,,,,0.17338429391384125,0.12772807478904724,0.23748067021369934,,,
1377,3,3,,,,,,,,0.16321785748004913,0.14304302632808685,0.23134608566761017,,,
1378,1,1,,,,,,,,0.4765811264514923,0.14534682035446167,0.09880784898996353,,,
1379,7,7,,,,,,,,0.15648280084133148,0.033342137932777405,0.16447299718856812,,,
1380,4,4,,,,,,,,0.10655606538057327,0.31358790397644043,0.1189410462975502,,,
1381,6,6,,,,,,,,0.11663652211427689,0.5168054699897766,0.1461939513683319,,,
1382,2,2,,,,,,,,0.6430157423019409,0.03924288600683212,0.23236173391342163,,,
1383,8,8,,,,,,,,0.6529562473297119,0.1607188582420349,0.2624503970146179,,,
1384,9,9,,,,,,,,0.11365558952093124,0.21274814009666443,0.1440936028957367,,,
1385,5,5,,,,,,,,0.23776964843273163,0.035272859036922455,0.1316036880016327,,,
1386,3,3,,,,,,,,0.22057569026947021,0.417450875043869,0.31876340508461,,,
1387,9,9,,,,,,,,0.42134547233581543,0.20206256210803986,0.3222265839576721,,,
1388,5,5,,,,,,,,0.1858121156692505,0.03678596392273903,0.033126745373010635,,,
1389,5,5,,,,,,,,0.39359813928604126,0.22414906322956085,0.2390795648097992,,,
1390,6,6,,,,,,,,0.1770819127559662,0.6480762362480164,0.23340487480163574,,,
1391,7,9,,,,,,,,0.06032416224479675,0.031129466369748116,0.026518160477280617,,,
1392,2,2,,,,,,,,0.4361005425453186,0.1542135328054428,0.5313363671302795,,,
1393,4,2,,,,,,,,0.25633785128593445,0.10150043666362762,0.0967291072010994,,,
1394,6,2,,,,,,,,0.3031492233276367,0.20727752149105072,0.05802201107144356,,,
1395,3,3,,,,,,,,0.1484372466802597,0.25647681951522827,0.1276790201663971,,,
1396,1,1,,,,,,,,0.5361328721046448,0.21940478682518005,0.3259049952030182,,,
1397,0,0,,,,,,,,0.6666255593299866,0.6971012353897095,0.9087797999382019,,,
1398,7,7,,,,,,,,0.12774236500263214,0.07892565429210663,0.33645567297935486,,,
1399,2,2,0,0.3691275167785235,0.34210526315789475,0.18604651162790697,0.9536879062652588,0.7684262990951538,0.6206936836242676,0.34383103251457214,0.08363687992095947,0.1921136975288391,0.18931564688682556,0.031205851584672928,0.3484220802783966
1400,5,5,,,,,,,,0.26892176270484924,0.13448800146579742,0.27564698457717896,,,
1401,4,4,,,,,,,,0.2838336229324341,0.3552844226360321,0.24577350914478302,,,
1402,7,7,,,,,,,,0.38248205184936523,0.1942530870437622,0.16424013674259186,,,
1403,6,6,6,0.8888888888888888,0.45714285714285713,0.34210526315789475,0.9932606816291809,0.8019036054611206,0.5747522115707397,0.07216160744428635,0.45861539244651794,0.030536672100424767,0.07764117419719696,0.2562907338142395,0.029318878427147865
1404,1,1,,,,,,,,0.31847938895225525,0.5088568329811096,0.3006875514984131,,,
1405,1,1,,,,,,,,0.23477821052074432,0.17598721385002136,0.06961231678724289,,,
1406,9,9,,,,,,,,0.23265701532363892,0.10914026200771332,0.15985025465488434,,,
1407,8,8,,,,,,,,0.11768991500139236,0.14520971477031708,0.14113947749137878,,,
1408,1,1,,,,,,,,0.2018422782421112,0.19526629149913788,0.32893800735473633,,,
1409,0,0,,,,,,,,0.3404991030693054,0.5467098951339722,0.6950585842132568,,,
1410,1,1,,,,,,,,0.5400174856185913,0.4432787597179413,0.4094519019126892,,,
1411,3,3,,,,,,,,0.14803096652030945,0.23846018314361572,0.2045031189918518,,,
1412,1,1,,,,,,,,0.49808329343795776,0.2205965518951416,0.449817419052124,,,
1413,1,1,,,,,,,,0.47948113083839417,0.21132248640060425,0.12452556937932968,,,
1414,1,1,,,,,,,,0.1490100771188736,0.30759942531585693,0.11532118916511536,,,
1415,7,7,,,,,,,,0.261343777179718,0.05350196361541748,0.17243099212646484,,,
1416,3,3,,,,,,,,0.13559189438819885,0.45858731865882874,0.2534337341785431,,,
1417,9,9,,,,,,,,0.19085893034934998,0.155485138297081,0.19402308762073517,,,
1418,6,6,,,,,,,,0.23208104074001312,0.5925006866455078,0.3294767737388611,,,
1419,8,8,,,,,,,,0.5963688492774963,0.1382877379655838,0.18269653618335724,,,
1420,4,4,,,,,,,,0.35167497396469116,0.5300796627998352,0.33997273445129395,,,
1421,6,6,,,,,,,,0.4308510422706604,0.6013427376747131,0.4746220111846924,,,
1422,8,0,,,,,,,,0.3169019818305969,0.6673614382743835,0.5794094204902649,,,
1423,4,4,,,,,,,,0.07673484086990356,0.24727052450180054,0.07801374047994614,,,
1424,9,9,,,,,,,,0.27298232913017273,0.18604996800422668,0.17007307708263397,,,
1425,4,4,,,,,,,,0.12615172564983368,0.12800735235214233,0.2384544461965561,,,
1426,7,7,,,,,,,,0.3464770019054413,0.2020709067583084,0.2024657279253006,,,
1427,9,9,,,,,,,,0.12369988113641739,0.1109827309846878,0.10015373677015305,,,
1428,7,7,,,,,,,,0.25124987959861755,0.24776841700077057,0.34358564019203186,,,
1429,6,6,,,,,,,,0.10900597274303436,0.2703132927417755,0.10196244716644287,,,
1430,8,8,,,,,,,,0.5568730235099792,0.05829443037509918,0.2755339741706848,,,
1431,4,4,,,,,,,,0.08737488836050034,0.08815981447696686,0.09538052976131439,,,
1432,9,9,,,,,,,,0.4069676101207733,0.12894779443740845,0.22447258234024048,,,
1433,7,7,7,0.9428571428571428,0.6721311475409836,0.6859504132231405,0.992570161819458,0.9284886121749878,0.7057468891143799,0.37784481048583984,0.031619682908058167,0.28840139508247375,0.30479732155799866,0.06323912739753723,0.2464524358510971
1434,0,0,,,,,,,,0.2599095106124878,0.17781047523021698,0.5244816541671753,,,
1435,1,1,,,,,,,,0.3483971059322357,0.218992218375206,0.282102108001709,,,
1436,6,6,,,,,,,,0.2273239642381668,0.4497317671775818,0.13488776981830597,,,
1437,1,1,,,,,,,,0.32759127020835876,0.12606331706047058,0.06822265684604645,,,
1438,5,5,,,,,,,,0.14588060975074768,0.0545148104429245,0.05744198337197304,,,
1439,9,9,9,0.9065420560747663,0.5692307692307692,0.4068965517241379,0.995425820350647,0.8872588276863098,0.7135586738586426,0.03248235210776329,0.02378748543560505,0.016799766570329666,0.03129712864756584,0.038821496069431305,0.02671854943037033
1440,0,0,,,,,,,,0.6825610399246216,0.7189046740531921,0.9971378445625305,,,
1441,4,4,,,,,,,,0.13966377079486847,0.634848415851593,0.1652015745639801,,,
1442,3,5,,,,,,,,0.3056331276893616,0.04449459910392761,0.05277768149971962,,,
1443,4,4,,,,,,,,0.18503230810165405,0.2288769781589508,0.032588884234428406,,,
1444,1,1,,,,,,,,0.229478120803833,0.1704937219619751,0.265495240688324,,,
1445,3,3,3,0.8053097345132744,0.59375,0.09090909090909091,0.989571213722229,0.9094422459602356,0.2540316581726074,0.17757754027843475,0.24268697202205658,0.2685803771018982,0.265043705701828,0.15459933876991272,0.3748016357421875
1446,0,0,,,,,,,,0.32445162534713745,0.41216766834259033,0.7530936598777771,,,
1447,8,8,,,,,,,,0.5055221915245056,0.07996055483818054,0.05432436615228653,,,
1448,4,4,,,,,,,,0.07665042579174042,0.3754853308200836,0.04706769809126854,,,
1449,6,6,,,,,,,,0.46637216210365295,0.5757599472999573,0.23687826097011566,,,
1450,2,2,3,0.5572519083969466,0.59375,0.2,0.6308978199958801,0.8719356060028076,0.398750364780426,0.7031164765357971,0.42063459753990173,0.4299794137477875,0.758935272693634,0.23673111200332642,0.08276249468326569
1451,2,2,,,,,,,,0.15761961042881012,0.036736633628606796,0.07990173250436783,,,
1452,6,6,,,,,,,,0.17575453221797943,0.4091225862503052,0.09288706630468369,,,
1453,5,5,,,,,,,,0.15538205206394196,0.04365450143814087,0.043733347207307816,,,
1454,3,3,,,,,,,,0.11824293434619904,0.2466399222612381,0.42132455110549927,,,
1455,6,6,,,,,,,,0.20830026268959045,0.43906170129776,0.07625740766525269,,,
1456,2,4,,,,,,,,0.07620064914226532,0.23201578855514526,0.048056889325380325,,,
1457,1,1,,,,,,,,0.5557028651237488,0.2470749169588089,0.3153664469718933,,,
1458,1,1,,,,,,,,0.3441767692565918,0.12735512852668762,0.09705837070941925,,,
1459,8,8,,,,,,,,0.7387496829032898,0.040040191262960434,0.37645721435546875,,,
1460,6,6,,,,,,,,0.7113755941390991,0.6132308840751648,0.41260987520217896,,,
1461,0,0,,,,,,,,0.2729187607765198,0.44254812598228455,0.510825514793396,,,
1462,4,4,2,0.632,0.6190476190476191,0.34210526315789475,0.9239401817321777,0.903917670249939,0.5012528896331787,0.2474958896636963,0.22490835189819336,0.1156131774187088,0.23391275107860565,0.14033688604831696,0.006440876051783562
1463,0,0,,,,,,,,0.38806024193763733,0.5701698064804077,0.7879581451416016,,,
1464,1,1,,,,,,,,0.228376105427742,0.059363994747400284,0.03257264941930771,,,
1465,9,9,,,,,,,,0.17042036354541779,0.08842430263757706,0.051736000925302505,,,
1466,7,7,,,,,,,,0.2201450914144516,0.23478980362415314,0.2289750576019287,,,
1467,1,1,,,,,,,,0.4674132764339447,0.4355514347553253,0.33306050300598145,,,
1468,3,3,,,,,,,,0.21423710882663727,0.39653342962265015,0.35994753241539,,,
1469,7,7,,,,,,,,0.10337670892477036,0.06134814769029617,0.07534560561180115,,,
1470,7,0,,,,,,,,0.6563991904258728,0.3571394979953766,0.5692983865737915,,,
1471,8,8,8,0.5454545454545454,0.5813953488372093,0.23636363636363636,0.6827536821365356,0.8227481842041016,0.3677365481853485,0.4895991086959839,0.05549025163054466,0.10735245048999786,0.2963225543498993,0.03719981759786606,0.06718362867832184
1472,7,7,5,0.48905109489051096,0.5,0.5111111111111111,0.8722872734069824,0.864781379699707,0.5871257781982422,0.3115188777446747,0.07624967396259308,0.2075260430574417,0.29873180389404297,0.19991682469844818,0.045215245336294174
1473,7,7,,,,,,,,0.6169164776802063,0.2305120825767517,0.5043187141418457,,,
1474,3,3,,,,,,,,0.2851463556289673,0.04194588586688042,0.06895949691534042,,,
1475,9,9,,,,,,,,0.4854857921600342,0.375234454870224,0.1989680677652359,,,
1476,7,7,,,,,,,,0.2776632606983185,0.12130577862262726,0.21869611740112305,,,
1477,7,7,,,,,,,,0.25581133365631104,0.14122112095355988,0.21420176327228546,,,
1478,7,7,,,,,,,,0.16492092609405518,0.0908440575003624,0.0956716313958168,,,
1479,2,2,,,,,,,,0.11383417248725891,0.06968764960765839,0.0867467075586319,,,
1480,1,8,,,,,,,,0.11242032051086426,0.033283498138189316,0.02945055067539215,,,
1481,2,2,,,,,,,,0.5925847291946411,0.11807295680046082,0.21523602306842804,,,
1482,8,8,,,,,,,,0.46232473850250244,0.18457603454589844,0.19788110256195068,,,
1483,6,6,,,,,,,,0.3589496910572052,0.6213797926902771,0.34745708107948303,,,
1484,4,4,,,,,,,,0.35879242420196533,0.2776722311973572,0.18844662606716156,,,
1485,0,0,2,0.6721311475409836,0.5454545454545454,0.12087912087912088,0.9286419153213501,0.8708977103233337,0.47537434101104736,0.2832408845424652,0.23673200607299805,0.20717836916446686,0.188412144780159,0.2997966706752777,0.16811339557170868
1486,7,7,,,,,,,,0.13322952389717102,0.059680286794900894,0.12842051684856415,,,
1487,9,9,,,,,,,,0.2611043155193329,0.08615883439779282,0.1249653622508049,,,
1488,8,8,,,,,,,,0.24667637050151825,0.29930320382118225,0.13073962926864624,,,
1489,6,6,,,,,,,,0.43404266238212585,0.6420220136642456,0.3940960168838501,,,
1490,8,8,,,,,,,,0.2529178559780121,0.24969178438186646,0.1533052921295166,,,
1491,4,4,3,0.3225806451612903,0.36,0.36,0.8860007524490356,0.7844572067260742,0.4247893691062927,0.05926000699400902,0.05445566028356552,0.06907667219638824,0.04980459064245224,0.03205911070108414,0.08153847604990005
1492,9,8,,,,,,,,0.1389796882867813,0.051712505519390106,0.048584550619125366,,,
1493,1,1,,,,,,,,0.346099317073822,0.14698641002178192,0.5007181167602539,,,
1494,7,7,,,,,,,,0.08154074102640152,0.047265149652957916,0.07455140352249146,,,
1495,2,0,,,,,,,,0.5110881328582764,0.7350143790245056,0.5765103697776794,,,
1496,2,2,,,,,,,,0.47679299116134644,0.43049848079681396,0.5395967960357666,,,
1497,8,8,,,,,,,,0.3322356641292572,0.13192221522331238,0.22988149523735046,,,
1498,5,5,,,,,,,,0.28431540727615356,0.039189040660858154,0.36046889424324036,,,
1499,8,8,,,,,,,,0.6128371953964233,0.42523276805877686,0.22771959006786346,,,
1500,1,1,,,,,,,,0.5640420317649841,0.11245175451040268,0.41141220927238464,,,
1501,2,3,,,,,,,,0.06929592043161392,0.30142736434936523,0.05796559154987335,,,
1502,2,2,,,,,,,,0.4585338830947876,0.12775979936122894,0.3721417784690857,,,
1503,4,3,,,,,,,,0.17075401544570923,0.2769099175930023,0.12216918915510178,,,
1504,1,1,,,,,,,,0.22564169764518738,0.030206644907593727,0.23594821989536285,,,
1505,2,2,,,,,,,,0.4651103615760803,0.07091016322374344,0.41419515013694763,,,
1506,5,7,,,,,,,,0.08272388577461243,0.06377454102039337,0.0725693479180336,,,
1507,2,2,,,,,,,,0.2262457311153412,0.08779685199260712,0.1415887176990509,,,
1508,8,8,,,,,,,,0.6083760857582092,0.16706155240535736,0.4097007215023041,,,
1509,1,1,1,0.7,0.8053097345132744,0.3972602739726027,0.9407317638397217,0.9156155586242676,0.5089542865753174,0.18070849776268005,0.12849795818328857,0.048408206552267075,0.14056620001792908,0.16635969281196594,0.05281834676861763
1510,8,8,,,,,,,,0.2340145707130432,0.18760116398334503,0.17915216088294983,,,
1511,1,1,,,,,,,,0.24891351163387299,0.20926319062709808,0.3105507493019104,,,
1512,8,8,,,,,,,,0.6040189266204834,0.21948060393333435,0.20859631896018982,,,
1513,6,6,,,,,,,,0.08491680026054382,0.35880762338638306,0.11992854624986649,,,
1514,0,0,,,,,,,,0.21874122321605682,0.7157399654388428,0.6903228163719177,,,
1515,2,2,,,,,,,,0.46972793340682983,0.22272631525993347,0.31025388836860657,,,
1516,4,4,,,,,,,,0.04012896493077278,0.508871853351593,0.2424941211938858,,,
1517,1,1,,,,,,,,0.5437769293785095,0.20818059146404266,0.5605059862136841,,,
1518,3,3,,,,,,,,0.4001837968826294,0.6644726395606995,0.4285653829574585,,,
1519,6,6,,,,,,,,0.40483158826828003,0.6502081155776978,0.25974756479263306,,,
1520,7,7,,,,,,,,0.17829720675945282,0.11845900118350983,0.20658278465270996,,,
1521,7,7,7,0.25925925925925924,0.48905109489051096,0.5813953488372093,0.9385667443275452,0.8491033315658569,0.7614074945449829,0.06492077559232712,0.11692512780427933,0.04240072891116142,0.0719219446182251,0.11161808669567108,0.02769959345459938
1522,4,4,,,,,,,,0.1697441041469574,0.26345884799957275,0.13315442204475403,,,
1523,4,4,,,,,,,,0.29013460874557495,0.6784409880638123,0.35043567419052124,,,
1524,3,3,,,,,,,,0.23108990490436554,0.3829275667667389,0.5232851505279541,,,
1525,3,3,,,,,,,,0.05966762453317642,0.2211654782295227,0.10449019074440002,,,
1526,4,4,,,,,,,,0.32160842418670654,0.35298392176628113,0.31581783294677734,,,
1527,5,5,,,,,,,,0.1290290206670761,0.09910297393798828,0.056515928357839584,,,
1528,2,2,,,,,,,,0.6937105655670166,0.1921692192554474,0.33536091446876526,,,
1529,4,2,,,,,,,,0.2569916844367981,0.04426699876785278,0.3988148868083954,,,
1530,3,3,,,,,,,,0.15970277786254883,0.23198427259922028,0.09676777571439743,,,
1531,7,7,,,,,,,,0.2334381490945816,0.08523929864168167,0.07482465356588364,,,
1532,8,8,,,,,,,,0.5473863482475281,0.3148527443408966,0.22922579944133759,,,
1533,4,4,,,,,,,,0.4685502350330353,0.21903568506240845,0.160170316696167,,,
1534,4,4,,,,,,,,0.4075435996055603,0.3964359760284424,0.2730536460876465,,,
1535,4,4,,,,,,,,0.5161199569702148,0.2120090276002884,0.27626916766166687,,,
1536,5,3,,,,,,,,0.12830330431461334,0.41559576988220215,0.17332907021045685,,,
1537,4,4,,,,,,,,0.308397114276886,0.24948929250240326,0.329075425863266,,,
1538,3,3,,,,,,,,0.15838998556137085,0.0993778258562088,0.06744267791509628,,,
1539,2,2,,,,,,,,0.7781441807746887,0.2737426459789276,0.5189058780670166,,,
1540,8,8,,,,,,,,0.38036713004112244,0.21317723393440247,0.14174596965312958,,,
1541,4,4,,,,,,,,0.23447129130363464,0.3627289831638336,0.10821358859539032,,,
1542,5,5,,,,,,,,0.460755318403244,0.08091076463460922,0.17416167259216309,,,
1543,5,5,,,,,,,,0.3160639703273773,0.12984764575958252,0.11863347887992859,,,
1544,4,4,,,,,,,,0.22340407967567444,0.3248099386692047,0.311722993850708,,,
1545,1,1,,,,,,,,0.24113139510154724,0.14006578922271729,0.26943403482437134,,,
1546,4,4,,,,,,,,0.20698899030685425,0.37287190556526184,0.37056100368499756,,,
1547,2,2,,,,,,,,0.26550304889678955,0.02901526167988777,0.1998315453529358,,,
1548,5,5,,,,,,,,0.063750259578228,0.06037100404500961,0.031657177954912186,,,
1549,1,1,,,,,,,,0.2915968894958496,0.1091008260846138,0.025859996676445007,,,
1550,6,6,,,,,,,,0.09384333342313766,0.6788606643676758,0.14972303807735443,,,
1551,4,4,,,,,,,,0.221432164311409,0.08152437210083008,0.30315500497817993,,,
1552,3,3,3,0.6859504132231405,0.8378378378378378,0.11475409836065574,0.9515935182571411,0.9594334363937378,0.23307695984840393,0.1684076189994812,0.35693666338920593,0.10627065598964691,0.12275778502225876,0.36325860023498535,0.12164810299873352
1553,4,4,,,,,,,,0.13099592924118042,0.08684471249580383,0.19387929141521454,,,
1554,4,4,,,,,,,,0.3240903317928314,0.3144337832927704,0.18933099508285522,,,
1555,0,0,,,,,,,,0.2758995592594147,0.3623252511024475,0.4239954352378845,,,
1556,8,8,,,,,,,,0.4485550820827484,0.10670552402734756,0.220795676112175,,,
1557,8,8,,,,,,,,0.6498606204986572,0.04564976692199707,0.10977887362241745,,,
1558,4,4,,,,,,,,0.1686064898967743,0.18696531653404236,0.24036921560764313,,,
1559,5,3,,,,,,,,0.021167462691664696,0.16786450147628784,0.09743070602416992,,,
1560,7,7,,,,,,,,0.24138054251670837,0.2951786518096924,0.36160391569137573,,,
1561,5,5,3,0.07368421052631578,0.43661971830985913,0.15254237288135594,0.5612000226974487,0.7904347777366638,0.3904690742492676,0.13803282380104065,0.028222830966114998,0.0843932181596756,0.04809212684631348,0.006992776412516832,0.06445712596178055
1562,6,6,,,,,,,,0.5691797733306885,0.6704920530319214,0.34528297185897827,,,
1563,9,9,,,,,,,,0.2621195614337921,0.1465921849012375,0.1278151124715805,,,
1564,1,1,,,,,,,,0.5650010704994202,0.04675400257110596,0.15414124727249146,,,
1565,6,6,,,,,,,,0.4363865256309509,0.6973447203636169,0.2790880501270294,,,
1566,7,7,,,,,,,,0.19979634881019592,0.07515617460012436,0.11596295982599258,,,
1567,2,2,,,,,,,,0.4533291459083557,0.1514284759759903,0.14265117049217224,,,
1568,0,0,,,,,,,,0.46707767248153687,0.3926648795604706,0.984298825263977,,,
1569,1,1,,,,,,,,0.4084226191043854,0.16643016040325165,0.3713671565055847,,,
1570,4,4,,,,,,,,0.1852080374956131,0.5875473618507385,0.1202525645494461,,,
1571,5,5,,,,,,,,0.23399285972118378,0.04084815829992294,0.15409837663173676,,,
1572,6,6,,,,,,,,0.1459214836359024,0.3299073576927185,0.08317657560110092,,,
1573,0,0,,,,,,,,0.5785833597183228,0.6253942847251892,0.9995737075805664,,,
1574,0,0,,,,,,,,0.5101774334907532,0.8130730390548706,0.8549631834030151,,,
1575,2,2,,,,,,,,0.743346095085144,0.5850277543067932,0.6191749572753906,,,
1576,7,7,4,0.6859504132231405,0.632,0.1724137931034483,0.8096389174461365,0.9337226748466492,0.38080427050590515,0.1435617357492447,0.1125035360455513,0.1050531342625618,0.009275381453335285,0.037517089396715164,0.044021982699632645
1577,5,3,,,,,,,,0.23711147904396057,0.2858244478702545,0.15200835466384888,,,
1578,6,6,,,,,,,,0.13619673252105713,0.5949997305870056,0.18436266481876373,,,
1579,0,0,,,,,,,,0.8219496607780457,0.8597778081893921,0.7291840314865112,,,
1580,6,2,,,,,,,,0.0410868301987648,0.15872853994369507,0.04187596216797829,,,
1581,2,2,8,0.5338345864661654,0.43661971830985913,0.13333333333333333,0.7817915678024292,0.8577066659927368,0.4236319661140442,0.17966967821121216,0.3497716188430786,0.08951333165168762,0.10269239544868469,0.22309444844722748,0.08071893453598022
1582,9,9,,,,,,,,0.2906450629234314,0.16842274367809296,0.4012157917022705,,,
1583,1,1,,,,,,,,0.17349876463413239,0.032918669283390045,0.08920444548130035,,,
1584,7,4,,,,,,,,0.03305314481258392,0.03335855156183243,0.04653548076748848,,,
1585,7,7,7,0.8545454545454545,0.4782608695652174,0.4782608695652174,0.9872706532478333,0.7971771955490112,0.4757053256034851,0.17131580412387848,0.15130160748958588,0.45801663398742676,0.12282975018024445,0.15409299731254578,0.16385096311569214
1586,5,5,,,,,,,,0.6771063804626465,0.2780904471874237,0.38790807127952576,,,
1587,2,2,,,,,,,,0.1882994920015335,0.09524478018283844,0.23183393478393555,,,
1588,5,5,,,,,,,,0.4377709627151489,0.25899961590766907,0.24067427217960358,,,
1589,6,6,,,,,,,,0.7057828903198242,0.29646986722946167,0.25527438521385193,,,
1590,4,4,,,,,,,,0.07759042829275131,0.061728574335575104,0.1702260971069336,,,
1591,1,1,,,,,,,,0.5614156723022461,0.216515451669693,0.3540020287036896,,,
1592,4,4,4,0.5,0.4782608695652174,0.48905109489051096,0.9723248481750488,0.8521229028701782,0.7187925577163696,0.12754671275615692,0.2966022789478302,0.15302255749702454,0.132625550031662,0.32619261741638184,0.11393159627914429
1593,3,3,,,,,,,,0.3220881223678589,0.24364301562309265,0.13332459330558777,,,
1594,3,3,,,,,,,,0.29349684715270996,0.5186829566955566,0.24828553199768066,,,
1595,3,2,,,,,,,,0.7218533158302307,0.13303951919078827,0.32060208916664124,,,
1596,0,0,,,,,,,,0.258437842130661,0.3683289587497711,0.768210232257843,,,
1597,3,3,,,,,,,,0.2735494375228882,0.33920684456825256,0.51483553647995,,,
1598,5,5,,,,,,,,0.3433561623096466,0.07329493016004562,0.09149718284606934,,,
1599,5,5,,,,,,,,0.157649427652359,0.08275293558835983,0.027275506407022476,,,
1600,8,8,0,0.0851063829787234,0.43661971830985913,0.7288135593220338,0.5680846571922302,0.8518714308738708,0.6399153470993042,0.21300160884857178,0.04864925891160965,0.12861281633377075,0.241953045129776,0.05549104884266853,0.004989726934581995
1601,9,9,,,,,,,,0.3411047160625458,0.19120803475379944,0.10566575825214386,,,
1602,7,7,,,,,,,,0.15829798579216003,0.07779824733734131,0.1350993812084198,,,
1603,3,3,,,,,,,,0.05536537244915962,0.4411315321922302,0.12775863707065582,,,
1604,1,1,,,,,,,,0.09174619615077972,0.119342140853405,0.10158154368400574,,,
1605,3,3,,,,,,,,0.14708025753498077,0.4884759485721588,0.03304436802864075,,,
1606,3,3,3,0.43661971830985913,0.45714285714285713,0.1657142857142857,0.7672996520996094,0.7986562252044678,0.4404171109199524,0.32867321372032166,0.28364109992980957,0.19659148156642914,0.45243608951568604,0.1628556102514267,0.05679663270711899
1607,3,3,,,,,,,,0.1076761782169342,0.458204448223114,0.03893940895795822,,,
1608,4,4,,,,,,,,0.3734257221221924,0.2670128345489502,0.27504900097846985,,,
1609,4,4,,,,,,,,0.24083182215690613,0.19904646277427673,0.12912918627262115,,,
1610,2,3,,,,,,,,0.11179615557193756,0.269314169883728,0.08097648620605469,,,
1611,3,3,,,,,,,,0.2572113573551178,0.3868984580039978,0.6890226006507874,,,
1612,3,3,,,,,,,,0.17442728579044342,0.1245032474398613,0.14774323999881744,,,
1613,8,8,,,,,,,,0.3473101556301117,0.43981820344924927,0.12728369235992432,,,
1614,1,1,,,,,,,,0.4538862407207489,0.10444705188274384,0.14054559171199799,,,
1615,7,7,,,,,,,,0.08805930614471436,0.17898344993591309,0.16933797299861908,,,
1616,7,7,,,,,,,,0.32634860277175903,0.27194902300834656,0.34369131922721863,,,
1617,0,0,,,,,,,,0.5918917059898376,0.39881205558776855,0.35232940316200256,,,
1618,7,7,7,0.7739130434782608,0.632,0.7435897435897436,0.9669148921966553,0.8777673244476318,0.5607105493545532,0.14076533913612366,0.020908502861857414,0.042586538940668106,0.04804249107837677,0.022624341771006584,0.014995146542787552
1619,4,4,,,,,,,,0.37917694449424744,0.23654131591320038,0.2905745208263397,,,
1620,5,5,5,0.36,0.6062992125984252,0.5,0.9322175979614258,0.8569375276565552,0.6687712669372559,0.0491880401968956,0.030146172270178795,0.030095895752310753,0.05312839895486832,0.019392073154449463,0.013642176985740662
1621,1,1,,,,,,,,0.30843374133110046,0.08253137022256851,0.1655498743057251,,,
1622,4,4,,,,,,,,0.16294994950294495,0.1845938265323639,0.3859308362007141,,,
1623,2,2,,,,,,,,0.4029199182987213,0.32830920815467834,0.0887121856212616,,,
1624,4,4,,,,,,,,0.17952865362167358,0.23079703748226166,0.24869246780872345,,,
1625,3,3,,,,,,,,0.08454707264900208,0.30379271507263184,0.1095297560095787,,,
1626,9,9,0,0.25153374233128833,0.5454545454545454,0.4068965517241379,0.8936072587966919,0.9257875680923462,0.5720465183258057,0.02638411521911621,0.10327329486608505,0.07133098691701889,0.0062583331018686295,0.02573593147099018,0.0043016476556658745
1627,9,9,,,,,,,,0.205835223197937,0.11632197350263596,0.09446338564157486,,,
1628,4,4,2,0.18604651162790697,0.3691275167785235,0.275,0.5172445774078369,0.7445955276489258,0.48674723505973816,0.03297068551182747,0.1272209733724594,0.046127013862133026,0.013817580416798592,0.04598161578178406,0.0007725442992523313
1629,9,9,,,,,,,,0.06507007777690887,0.07385624945163727,0.21295073628425598,,,
1630,9,9,,,,,,,,0.4369047284126282,0.20794402062892914,0.11705531924962997,,,
1631,1,1,,,,,,,,0.5380787253379822,0.15060247480869293,0.03637414053082466,,,
1632,8,8,,,,,,,,0.5954210162162781,0.03482084348797798,0.06514377892017365,,,
1633,1,1,,,,,,,,0.4132259488105774,0.2897453010082245,0.14781427383422852,,,
1634,6,6,,,,,,,,0.3661465644836426,0.7058120369911194,0.20158283412456512,,,
1635,7,7,,,,,,,,0.5221222639083862,0.26783502101898193,0.3660499155521393,,,
1636,5,5,,,,,,,,0.2603178024291992,0.046045515686273575,0.14317114651203156,,,
1637,5,5,,,,,,,,0.09759780019521713,0.09099899232387543,0.06710489839315414,,,
1638,4,4,,,,,,,,0.05871440842747688,0.10183695703744888,0.10499941557645798,,,
1639,9,9,,,,,,,,0.40553319454193115,0.2103911191225052,0.1534600853919983,,,
1640,7,7,3,0.36666666666666664,0.4166666666666667,0.3076923076923077,0.9089203476905823,0.8455783724784851,0.5401747822761536,0.20246019959449768,0.05063745006918907,0.07054656744003296,0.21437081694602966,0.011880106292665005,0.19493307173252106
1641,6,6,,,,,,,,0.4384625256061554,0.38163065910339355,0.2492494434118271,,,
1642,5,5,,,,,,,,0.5249353051185608,0.2093515247106552,0.05738922208547592,,,
1643,9,9,,,,,,,,0.32389819622039795,0.24881742894649506,0.19740030169487,,,
1644,2,6,,,,,,,,0.07246009260416031,0.29100939631462097,0.28207939863204956,,,
1645,4,4,,,,,,,,0.18039162456989288,0.30438482761383057,0.3609231114387512,,,
1646,0,0,,,,,,,,0.5062227845191956,0.8149788975715637,0.8837266564369202,,,
1647,7,7,,,,,,,,0.2979277968406677,0.24240104854106903,0.23775766789913177,,,
1648,8,8,8,0.8545454545454545,0.632,0.45714285714285713,0.9959303140640259,0.9227950572967529,0.547492265701294,0.3152766823768616,0.07745693624019623,0.1760357916355133,0.3614483177661896,0.06002170220017433,0.0741075798869133
1649,5,5,,,,,,,,0.056462593376636505,0.04971834644675255,0.1247117668390274,,,
1650,5,5,,,,,,,,0.7541488409042358,0.15353640913963318,0.3340863585472107,,,
1651,0,0,2,0.6451612903225806,0.3509933774834437,0.1791907514450867,0.9833359718322754,0.837541401386261,0.38499554991722107,0.24116310477256775,0.4534335434436798,0.6829673647880554,0.24391141533851624,0.5985070466995239,0.21033382415771484
1652,0,0,,,,,,,,0.4641684293746948,0.7098619341850281,0.7847639322280884,,,
1653,9,9,,,,,,,,0.4111446142196655,0.06401093304157257,0.12608245015144348,,,
1654,9,9,,,,,,,,0.28054821491241455,0.13142596185207367,0.1409333199262619,,,
1655,8,8,,,,,,,,0.46581709384918213,0.10060255229473114,0.0266931913793087,,,
1656,2,0,,,,,,,,0.28909024596214294,0.29760411381721497,0.27561748027801514,,,
1657,5,5,,,,,,,,0.5284950733184814,0.08907608687877655,0.5183871984481812,,,
1658,4,4,,,,,,,,0.13989891111850739,0.19396796822547913,0.158931702375412,,,
1659,8,8,,,,,,,,0.4722461700439453,0.1226230338215828,0.04097999632358551,,,
1660,3,3,,,,,,,,0.6304735541343689,0.2736818194389343,0.23345153033733368,,,
1661,6,6,,,,,,,,0.3486863374710083,0.4483974575996399,0.1772947907447815,,,
1662,3,3,,,,,,,,0.13097605109214783,0.20180022716522217,0.07552604377269745,,,
1663,6,6,,,,,,,,0.05889587104320526,0.25070589780807495,0.04706195369362831,,,
1664,0,0,,,,,,,,0.4095109701156616,0.5140707492828369,0.8341989517211914,,,
1665,6,6,,,,,,,,0.4610495865345001,0.5575268268585205,0.20589680969715118,,,
1666,6,6,,,,,,,,0.06848534941673279,0.2791341245174408,0.0368339866399765,,,
1667,6,6,,,,,,,,0.22927235066890717,0.5526838898658752,0.1843818724155426,,,
1668,9,9,,,,,,,,0.1387031227350235,0.03233300894498825,0.18936297297477722,,,
1669,6,6,,,,,,,,0.24214725196361542,0.5926433205604553,0.04247884079813957,,,
1670,6,6,,,,,,,,0.6120676398277283,0.6051832437515259,0.4406280517578125,,,
1671,8,8,,,,,,,,0.38646888732910156,0.1853751242160797,0.18569552898406982,,,
1672,6,6,6,0.7586206896551724,0.9245283018867925,0.3691275167785235,0.9968101978302002,0.9909470081329346,0.7185099720954895,0.5151870846748352,0.539764404296875,0.12078622728586197,0.49509197473526,0.5839083194732666,0.0972568616271019
1673,2,2,,,,,,,,0.58793705701828,0.09338582307100296,0.11340241879224777,,,
1674,4,4,,,,,,,,0.21085692942142487,0.20645934343338013,0.2915554940700531,,,
1675,5,5,,,,,,,,0.1705646514892578,0.09355702996253967,0.028457175940275192,,,
1676,8,8,,,,,,,,0.4676785469055176,0.0684954971075058,0.1207781732082367,,,
1677,1,1,,,,,,,,0.3380993902683258,0.31798556447029114,0.6491843461990356,,,
1678,2,2,,,,,,,,0.5813431143760681,0.5517979860305786,0.7897776961326599,,,
1679,7,7,,,,,,,,0.3157578408718109,0.39448365569114685,0.2959531545639038,,,
1680,6,6,,,,,,,,0.044634561985731125,0.6254850625991821,0.09140072017908096,,,
1681,5,5,,,,,,,,0.31455114483833313,0.21602104604244232,0.14272189140319824,,,
1682,7,7,,,,,,,,0.36570438742637634,0.12063607573509216,0.5470349788665771,,,
1683,8,8,,,,,,,,0.30984339118003845,0.2560305893421173,0.10498261451721191,,,
1684,1,8,,,,,,,,0.3249776065349579,0.2572392523288727,0.12840905785560608,,,
1685,8,2,,,,,,,,0.1288241744041443,0.20199167728424072,0.0554329976439476,,,
1686,0,0,,,,,,,,0.22652195394039154,0.3147493302822113,0.8233631253242493,,,
1687,8,8,,,,,,,,0.14814753830432892,0.1353190392255783,0.10420387238264084,,,
1688,6,6,,,,,,,,0.27655017375946045,0.3235545754432678,0.11672891676425934,,,
1689,9,9,,,,,,,,0.1466066688299179,0.227751225233078,0.2654334306716919,,,
1690,2,2,,,,,,,,0.16472868621349335,0.44592398405075073,0.22083055973052979,,,
1691,8,8,,,,,,,,0.7130757570266724,0.0854538083076477,0.19145937263965607,,,
1692,9,9,,,,,,,,0.3914346694946289,0.5118932723999023,0.42316147685050964,,,
1693,4,4,8,0.4676258992805755,0.5111111111111111,0.5454545454545454,0.9654000997543335,0.8696897029876709,0.8203557133674622,0.03286803886294365,0.02691681869328022,0.07123324275016785,0.0005500985425896943,0.004122539423406124,0.0051810950972139835
1694,0,0,,,,,,,,0.33426982164382935,0.7427880167961121,0.43862128257751465,,,
1695,9,9,,,,,,,,0.3237479329109192,0.3930835723876953,0.29980072379112244,,,
1696,4,4,4,0.5813953488372093,0.7586206896551724,0.4068965517241379,0.8932214975357056,0.9804743528366089,0.6264828443527222,0.051297444850206375,0.10769443213939667,0.12580402195453644,0.10886633396148682,0.1210479810833931,0.0671839788556099
1697,9,9,,,,,,,,0.21055260300636292,0.1368372142314911,0.40338173508644104,,,
1698,5,5,,,,,,,,0.2323693186044693,0.11672499775886536,0.11444095522165298,,,
1699,7,7,,,,,,,,0.20622563362121582,0.13885879516601562,0.4036440849304199,,,
1700,5,5,,,,,,,,0.6001272201538086,0.1300865262746811,0.13730157911777496,,,
1701,5,5,,,,,,,,0.4333767890930176,0.12489725649356842,0.10942557454109192,,,
1702,9,9,,,,,,,,0.1112070083618164,0.09557927399873734,0.0771695077419281,,,
1703,5,5,,,,,,,,0.298042356967926,0.0690692886710167,0.13409137725830078,,,
1704,3,3,,,,,,,,0.18988440930843353,0.44808632135391235,0.21000231802463531,,,
1705,0,0,,,,,,,,0.2797550559043884,0.3066478669643402,0.35244283080101013,,,
1706,1,1,,,,,,,,0.4337969124317169,0.1541895717382431,0.15762506425380707,,,
1707,9,9,,,,,,,,0.5660884976387024,0.38692307472229004,0.48758524656295776,,,
1708,7,7,7,0.7894736842105263,0.36,0.1724137931034483,0.9872571229934692,0.8444855213165283,0.48467665910720825,0.18398821353912354,0.029720226302742958,0.07590033113956451,0.13946031033992767,0.03169235587120056,0.03757723793387413
1709,2,2,,,,,,,,0.6872351765632629,0.2610001266002655,0.4916742742061615,,,
1710,4,4,,,,,,,,0.08050855994224548,0.0745578184723854,0.12911561131477356,,,
1711,1,1,,,,,,,,0.27889037132263184,0.19720041751861572,0.2522706091403961,,,
1712,0,0,,,,,,,,0.6328938603401184,0.7349561452865601,0.8651902675628662,,,
1713,8,8,8,0.9523809523809523,0.9065420560747663,0.4782608695652174,0.9755058288574219,0.9889687895774841,0.7587339282035828,0.03319825232028961,0.050881918519735336,0.06384182721376419,0.0826982632279396,0.04271905496716499,0.03634096309542656
1714,0,0,0,0.9065420560747663,0.632,0.1590909090909091,0.9911442399024963,0.8719041347503662,0.7366433143615723,0.5910627245903015,0.4128434360027313,0.07148078829050064,0.5339705944061279,0.3810971975326538,0.12823520600795746
1715,3,3,3,0.8378378378378378,0.6859504132231405,0.18604651162790697,0.9840534329414368,0.9189631342887878,0.4906705915927887,0.04038522019982338,0.14234602451324463,0.09037715196609497,0.05621473118662834,0.053534116595983505,0.04526086896657944
1716,1,1,,,,,,,,0.5599642395973206,0.1988229751586914,0.4001438319683075,,,
1717,7,7,,,,,,,,0.3108014166355133,0.31033340096473694,0.261117547750473,,,
1718,0,0,0,0.7288135593220338,0.5454545454545454,0.2830188679245283,0.9692165851593018,0.907173752784729,0.579708456993103,0.23426413536071777,0.458737313747406,0.7801151871681213,0.23334014415740967,0.3147910535335541,0.5802667737007141
1719,0,0,,,,,,,,0.3856930136680603,0.6379718780517578,0.7848007082939148,,,
1720,4,4,3,0.06770833333333333,0.5692307692307692,0.5338345864661654,0.6950393915176392,0.8769410252571106,0.447272926568985,0.05971018597483635,0.14802004396915436,0.15952324867248535,0.008510314859449863,0.06613346934318542,0.0009403087315149605
1721,8,8,0,0.2911392405063291,0.34210526315789475,0.36,0.32797670364379883,0.7955933809280396,0.6712594032287598,0.042043428868055344,0.03354669362306595,0.11170696467161179,0.007829030975699425,0.06222980096936226,0.015534082427620888
1722,6,2,,,,,,,,0.40886446833610535,0.15497274696826935,0.7202030420303345,,,
1723,2,2,2,0.7,0.48905109489051096,0.24390243902439024,0.9838863611221313,0.8683323860168457,0.5804855823516846,0.3665570020675659,0.08224790543317795,0.3045675456523895,0.4052566587924957,0.07057251781225204,0.2679716646671295
1724,4,4,,,,,,,,0.10111915320158005,0.1738503873348236,0.049402449280023575,,,
1725,0,0,,,,,,,,0.46949151158332825,0.5565184354782104,0.7732482552528381,,,
1726,0,0,,,,,,,,0.5054205060005188,0.48725318908691406,0.9036173820495605,,,
1727,9,0,,,,,,,,0.18610627949237823,0.25487950444221497,0.41024020314216614,,,
1728,0,0,,,,,,,,0.5358244776725769,0.9155265092849731,0.9945829510688782,,,
1729,8,8,,,,,,,,0.33395150303840637,0.23467673361301422,0.42372453212738037,,,
1730,4,4,,,,,,,,0.06272611021995544,0.14734365046024323,0.028013184666633606,,,
1731,5,5,5,0.45714285714285713,0.5111111111111111,0.43661971830985913,0.8449243307113647,0.8757343292236328,0.6820052266120911,0.13534581661224365,0.12501324713230133,0.02233312465250492,0.1034894734621048,0.14169025421142578,0.01925504021346569
1732,9,9,,,,,,,,0.05330413952469826,0.47780895233154297,0.1830030232667923,,,
1733,3,3,,,,,,,,0.31625449657440186,0.2423822581768036,0.5104894638061523,,,
1734,9,9,,,,,,,,0.28678494691848755,0.12268909066915512,0.1510522961616516,,,
1735,0,0,,,,,,,,0.555844247341156,0.27845537662506104,0.19091245532035828,,,
1736,5,5,,,,,,,,0.4023014008998871,0.05026927590370178,0.17122338712215424,,,
1737,6,6,,,,,,,,0.23901157081127167,0.5299334526062012,0.07026056945323944,,,
1738,5,5,,,,,,,,0.23915867507457733,0.09739088267087936,0.15753856301307678,,,
1739,0,4,,,,,,,,0.02213110588490963,0.0791168287396431,0.022141369059681892,,,
1740,1,1,,,,,,,,0.32679471373558044,0.2515324354171753,0.20834867656230927,,,
1741,4,4,4,0.7288135593220338,0.6190476190476191,0.59375,0.96778804063797,0.885978102684021,0.5840851068496704,0.022935207933187485,0.08730833232402802,0.06813886761665344,0.05469478294253349,0.1402430683374405,0.0880580022931099
1742,8,8,,,,,,,,0.5200580358505249,0.19830939173698425,0.2502841055393219,,,
1743,1,1,,,,,,,,0.48781201243400574,0.21084372699260712,0.3039228320121765,,,
1744,0,0,,,,,,,,0.6256345510482788,0.7493945360183716,0.8934392333030701,,,
1745,5,5,,,,,,,,0.22075359523296356,0.16115622222423553,0.11147412657737732,,,
1746,2,4,,,,,,,,0.05270431935787201,0.07609908282756805,0.06942731887102127,,,
1747,1,1,,,,,,,,0.051162444055080414,0.1902356892824173,0.0925743505358696,,,
1748,0,0,,,,,,,,0.4040861129760742,0.4751744568347931,0.267702579498291,,,
1749,2,2,,,,,,,,0.4470832049846649,0.09830091148614883,0.2728235125541687,,,
1750,8,8,0,0.014925373134328358,0.3877551020408163,0.3509933774834437,0.5198959708213806,0.8016903400421143,0.3051023483276367,0.10631557554006577,0.057736627757549286,0.31060531735420227,0.0027451636269688606,0.04041672497987747,0.003452306380495429
1751,1,1,,,,,,,,0.679574728012085,0.3385518789291382,0.5557186603546143,,,
1752,5,5,,,,,,,,0.4564647078514099,0.0757455974817276,0.236679807305336,,,
1753,6,6,,,,,,,,0.286533921957016,0.43593722581863403,0.13331688940525055,,,
1754,7,7,,,,,,,,0.1767379194498062,0.2638256847858429,0.0977475568652153,,,
1755,7,7,,,,,,,,0.464036762714386,0.2016003429889679,0.27616187930107117,,,
1756,2,2,6,0.48905109489051096,0.5454545454545454,0.3972602739726027,0.9631760120391846,0.8731501698493958,0.4316767156124115,0.8011785745620728,0.4689229428768158,0.413987398147583,0.7120354175567627,0.17256885766983032,0.34591639041900635
1757,6,6,6,0.6585365853658537,0.6721311475409836,0.6451612903225806,0.9198027849197388,0.9124816656112671,0.6670905351638794,0.05054054036736488,0.27018070220947266,0.10642071068286896,0.07845547795295715,0.19744814932346344,0.07130938768386841
1758,2,2,,,,,,,,0.7209402918815613,0.12205860763788223,0.3435524106025696,,,
1759,5,5,5,0.59375,0.6062992125984252,0.6451612903225806,0.9525073766708374,0.834007978439331,0.6308038830757141,0.07256251573562622,0.024913974106311798,0.09550908952951431,0.13515394926071167,0.03332069516181946,0.1400323212146759
1760,0,0,,,,,,,,0.3975813388824463,0.26961785554885864,0.7790955901145935,,,
1761,1,1,,,,,,,,0.64201819896698,0.4232753813266754,0.21326306462287903,,,
1762,4,4,,,,,,,,0.26737096905708313,0.30960461497306824,0.3081050217151642,,,
1763,2,2,,,,,,,,0.23330546915531158,0.2595471739768982,0.376067578792572,,,
1764,5,5,,,,,,,,0.21700939536094666,0.1079457551240921,0.08378889411687851,,,
1765,4,4,4,0.7,0.48905109489051096,0.5813953488372093,0.877539336681366,0.8406627178192139,0.8125075101852417,0.05337139964103699,0.3279605209827423,0.020925704389810562,0.023351317271590233,0.24011951684951782,0.020109495148062706
1766,6,6,,,,,,,,0.0914544016122818,0.5599822402000427,0.10407364368438721,,,
1767,2,2,,,,,,,,0.4811050295829773,0.31970566511154175,0.2109043300151825,,,
1768,2,2,,,,,,,,0.2806675434112549,0.06695125997066498,0.1830420196056366,,,
1769,1,1,,,,,,,,0.43126392364501953,0.22335633635520935,0.3343876898288727,,,
1770,7,7,,,,,,,,0.30122819542884827,0.0759890004992485,0.0849536657333374,,,
1771,2,2,,,,,,,,0.3000596761703491,0.11415617913007736,0.20222753286361694,,,
1772,8,9,,,,,,,,0.06858672946691513,0.13777849078178406,0.06371574103832245,,,
1773,5,5,,,,,,,,0.5311545133590698,0.08602356910705566,0.24724289774894714,,,
1774,5,5,,,,,,,,0.47837400436401367,0.16102328896522522,0.21871136128902435,,,
1775,3,3,,,,,,,,0.2600491940975189,0.4097762703895569,0.3788468539714813,,,
1776,0,0,,,,,,,,0.22798176109790802,0.8641979694366455,0.23553501069545746,,,
1777,4,4,,,,,,,,0.24550344049930573,0.2563135623931885,0.1780894696712494,,,
1778,8,8,,,,,,,,0.658212423324585,0.02798546478152275,0.1267683506011963,,,
1779,3,5,,,,,,,,0.47328439354896545,0.03848917782306671,0.10613223165273666,,,
1780,7,7,,,,,,,,0.3294495642185211,0.11403471231460571,0.08044224977493286,,,
1781,6,6,,,,,,,,0.36135974526405334,0.6721130609512329,0.2637466490268707,,,
1782,3,3,,,,,,,,0.278589129447937,0.19075506925582886,0.15682369470596313,,,
1783,8,8,8,0.9805825242718447,0.8715596330275229,0.3509933774834437,0.9999151229858398,0.9910479784011841,0.5588216185569763,0.6675843596458435,0.18922004103660583,0.11460865288972855,0.6539021134376526,0.18576841056346893,0.18816587328910828
1784,1,1,,,,,,,,0.40568530559539795,0.16136032342910767,0.6100873947143555,,,
1785,0,0,0,0.7435897435897436,0.5572519083969466,0.25153374233128833,0.9732962846755981,0.890189528465271,0.3994160592556,0.2116812765598297,0.4660083055496216,0.6142359375953674,0.3342699408531189,0.6646743416786194,0.9493316411972046
1786,1,1,,,,,,,,0.4030485153198242,0.2097163200378418,0.19728918373584747,,,
1787,3,3,,,,,,,,0.1951964795589447,0.26389428973197937,0.07435764372348785,,,
1788,3,3,5,0.25925925925925924,0.5,0.14606741573033707,0.8701602816581726,0.8005704283714294,0.625320553779602,0.1899697482585907,0.20751795172691345,0.12434200942516327,0.1583423614501953,0.1482163816690445,0.012257283553481102
1789,0,0,,,,,,,,0.5451402068138123,0.2070416659116745,0.7328037023544312,,,
1790,7,4,,,,,,,,0.13685667514801025,0.4219552278518677,0.07905928045511246,,,
1791,4,6,,,,,,,,0.06875042617321014,0.5584985017776489,0.053759776055812836,,,
1792,9,9,,,,,,,,0.313821405172348,0.2564508318901062,0.12616342306137085,,,
1793,5,5,,,,,,,,0.1872943788766861,0.08032820373773575,0.09361366182565689,,,
1794,3,3,5,0.18604651162790697,0.45714285714285713,0.12087912087912088,0.5298154354095459,0.8661768436431885,0.21075420081615448,0.12483680993318558,0.5856653451919556,0.06032473221421242,0.09478453546762466,0.28494471311569214,0.06865368038415909
1795,6,6,,,,,,,,0.14526082575321198,0.5599748492240906,0.2805149257183075,,,
1796,0,0,,,,,,,,0.4285375475883484,0.3841727077960968,0.6065406203269958,,,
1797,1,1,,,,,,,,0.30020564794540405,0.2327430099248886,0.20803585648536682,,,
1798,4,4,,,,,,,,0.41783595085144043,0.09523297846317291,0.5709085464477539,,,
1799,4,4,,,,,,,,0.19125501811504364,0.25717049837112427,0.08732123672962189,,,
1800,4,4,,,,,,,,0.03503771498799324,0.08834850788116455,0.05641191080212593,,,
1801,4,4,,,,,,,,0.13897253572940826,0.0691199079155922,0.1976366937160492,,,
1802,2,2,3,0.5572519083969466,0.7894736842105263,0.3783783783783784,0.9581701755523682,0.9468204975128174,0.3290705680847168,0.10615507513284683,0.1953592300415039,0.17635512351989746,0.1193498894572258,0.22695384919643402,0.20516438782215118
1803,2,2,,,,,,,,0.36151936650276184,0.08654274791479111,0.468269944190979,,,
1804,5,5,3,0.8141592920353983,0.6585365853658537,0.59375,0.9500904083251953,0.9270132780075073,0.8096017241477966,0.03171798959374428,0.020466044545173645,0.1493401825428009,0.04556160420179367,0.01739526353776455,0.052604399621486664
1805,8,8,,,,,,,,0.5686876773834229,0.19320113956928253,0.4782448410987854,,,
1806,1,1,,,,,,,,0.37825095653533936,0.2505820095539093,0.1283103972673416,,,
1807,5,5,,,,,,,,0.16611024737358093,0.04292808473110199,0.19153006374835968,,,
1808,9,9,,,,,,,,0.3199000358581543,0.12930065393447876,0.2995426654815674,,,
1809,8,8,,,,,,,,0.5127763748168945,0.08783703297376633,0.22736671566963196,,,
1810,1,1,,,,,,,,0.41856658458709717,0.07565097510814667,0.28742700815200806,,,
1811,1,1,,,,,,,,0.1653996855020523,0.08579157292842865,0.09850480407476425,,,
1812,5,3,,,,,,,,0.05300863832235336,0.265274316072464,0.07273799180984497,,,
1813,3,3,5,0.5,0.5338345864661654,0.3509933774834437,0.9262402057647705,0.9176275134086609,0.6594887971878052,0.027841201052069664,0.050501756370067596,0.03225918859243393,0.022265590727329254,0.04972515627741814,0.023315168917179108
1814,9,9,,,,,,,,0.05147363245487213,0.2363869845867157,0.061992939561605453,,,
1815,9,9,,,,,,,,0.424146831035614,0.23476006090641022,0.32703250646591187,,,
1816,7,7,,,,,,,,0.23954294621944427,0.07693332433700562,0.2324666678905487,,,
1817,6,6,,,,,,,,0.2823471426963806,0.6894831657409668,0.1590825766324997,,,
1818,5,5,,,,,,,,0.21902188658714294,0.03976907208561897,0.188230499625206,,,
1819,0,0,,,,,,,,0.7521232962608337,0.5393064022064209,0.6136608123779297,,,
1820,8,8,,,,,,,,0.42043352127075195,0.06516758352518082,0.30205023288726807,,,
1821,4,4,,,,,,,,0.426517516374588,0.1836860030889511,0.2710670232772827,,,
1822,7,7,,,,,,,,0.30603307485580444,0.027089761570096016,0.48993057012557983,,,
1823,0,0,3,0.2670807453416149,0.45714285714285713,0.13333333333333333,0.7431040406227112,0.870583713054657,0.4748248755931854,0.15896788239479065,0.17238250374794006,0.17507900297641754,0.21192723512649536,0.20852822065353394,0.46114400029182434
1824,9,9,,,,,,,,0.5275647640228271,0.14662238955497742,0.20767328143119812,,,
1825,2,2,,,,,,,,0.7825024127960205,0.479293555021286,0.34922361373901367,,,
1826,8,8,,,,,,,,0.6365567445755005,0.11772054433822632,0.2525070011615753,,,
1827,4,4,,,,,,,,0.10494011640548706,0.1016886979341507,0.06936506927013397,,,
1828,7,7,,,,,,,,0.04083812236785889,0.16719689965248108,0.081820048391819,,,
1829,1,1,,,,,,,,0.04603945463895798,0.028645478188991547,0.1538229137659073,,,
1830,3,5,,,,,,,,0.04710151627659798,0.08835254609584808,0.06771281361579895,,,
1831,9,9,,,,,,,,0.19818875193595886,0.040500421077013016,0.09505452960729599,,,
1832,6,6,,,,,,,,0.2575972378253937,0.5879664421081543,0.054136037826538086,,,
1833,8,8,,,,,,,,0.7383910417556763,0.07148135453462601,0.30374813079833984,,,
1834,9,9,,,,,,,,0.29711875319480896,0.15093867480754852,0.2946861684322357,,,
1835,0,2,,,,,,,,0.6379313468933105,0.04018370807170868,0.012990639545023441,,,
1836,4,4,,,,,,,,0.49730023741722107,0.35424524545669556,0.11157524585723877,,,
1837,9,9,,,,,,,,0.09788485616445541,0.16133779287338257,0.18894018232822418,,,
1838,6,6,2,0.3509933774834437,0.6721311475409836,0.5813953488372093,0.7848187685012817,0.8961849808692932,0.6308737993240356,0.1361832469701767,0.5226632356643677,0.09982649236917496,0.007964758202433586,0.5183850526809692,0.018503911793231964
1839,7,7,,,,,,,,0.44340336322784424,0.19765889644622803,0.25311365723609924,,,
1840,8,8,,,,,,,,0.21624666452407837,0.22557950019836426,0.21696282923221588,,,
1841,9,9,,,,,,,,0.07407625019550323,0.08547286689281464,0.12322776019573212,,,
1842,4,4,,,,,,,,0.5713420510292053,0.3065873384475708,0.4445984959602356,,,
1843,8,8,,,,,,,,0.3048853278160095,0.20335885882377625,0.07583492249250412,,,
1844,9,9,,,,,,,,0.4756681025028229,0.18746806681156158,0.22888566553592682,,,
1845,7,4,,,,,,,,0.0236007459461689,0.0897422507405281,0.028690151870250702,,,
1846,2,2,,,,,,,,0.7199277877807617,0.18609802424907684,0.3786577880382538,,,
1847,5,5,,,,,,,,0.25187501311302185,0.03905685245990753,0.09582037478685379,,,
1848,3,3,,,,,,,,0.5200437307357788,0.4697665274143219,0.2204846292734146,,,
1849,7,7,,,,,,,,0.3292732834815979,0.25979092717170715,0.2815811038017273,,,
1850,1,1,,,,,,,,0.1267719268798828,0.3146461546421051,0.02965041995048523,,,
1851,0,0,,,,,,,,0.47940221428871155,0.5618782043457031,0.5931772589683533,,,
1852,2,2,,,,,,,,0.5390514731407166,0.2451929748058319,0.23435088992118835,,,
1853,9,9,,,,,,,,0.21092620491981506,0.24993719160556793,0.17669633030891418,,,
1854,5,5,,,,,,,,0.14673957228660583,0.039732202887535095,0.341665118932724,,,
1855,5,5,,,,,,,,0.3059655427932739,0.07302038371562958,0.13693654537200928,,,
1856,8,8,,,,,,,,0.47808417677879333,0.4320164918899536,0.5582610964775085,,,
1857,5,5,,,,,,,,0.48986077308654785,0.09912852197885513,0.3132208287715912,,,
1858,4,7,,,,,,,,0.07764481753110886,0.026625776663422585,0.07464702427387238,,,
1859,2,2,5,0.19298245614035087,0.5813953488372093,0.11475409836065574,0.6000348329544067,0.862349271774292,0.21005845069885254,0.5426870584487915,0.17532995343208313,0.2734878659248352,0.1446128785610199,0.02828306332230568,0.030460206791758537
1860,8,8,,,,,,,,0.20373831689357758,0.11374198645353317,0.09620890766382217,,,
1861,3,3,,,,,,,,0.18386395275592804,0.2522163987159729,0.13980846107006073,,,
1862,5,3,,,,,,,,0.057199589908123016,0.13454432785511017,0.1600446254014969,,,
1863,5,5,,,,,,,,0.10859572142362595,0.0888974517583847,0.03604722023010254,,,
1864,7,7,,,,,,,,0.23426087200641632,0.13761021196842194,0.45471036434173584,,,
1865,7,7,,,,,,,,0.13039755821228027,0.22007308900356293,0.18400320410728455,,,
1866,8,8,,,,,,,,0.6414276957511902,0.11861079931259155,0.30189141631126404,,,
1867,6,6,6,0.6585365853658537,0.5572519083969466,0.29936305732484075,0.9692800045013428,0.8638613224029541,0.5719104409217834,0.29149994254112244,0.5980151891708374,0.11743480712175369,0.26310721039772034,0.6587771773338318,0.2065122425556183
1868,2,2,2,0.7435897435897436,0.48905109489051096,0.19298245614035087,0.9622939825057983,0.8773834109306335,0.5591038465499878,0.5628209710121155,0.24248895049095154,0.2270890474319458,0.6250029802322388,0.232177734375,0.0599028654396534
1869,8,8,0,0.64,0.3877551020408163,0.2289156626506024,0.6784753799438477,0.9096345901489258,0.3730147182941437,0.41601309180259705,0.07729001343250275,0.0732683539390564,0.0463341623544693,0.03223969414830208,0.03206132352352142
1870,2,2,,,,,,,,0.7566277980804443,0.07967212796211243,0.34161093831062317,,,
1871,3,3,5,0.5813953488372093,0.3972602739726027,0.3333333333333333,0.9146314859390259,0.8129655122756958,0.44466108083724976,0.15272821485996246,0.10462410748004913,0.2179294377565384,0.08345010876655579,0.1834198236465454,0.036122821271419525
1872,5,5,,,,,,,,0.37172988057136536,0.06895314157009125,0.4556539058685303,,,
1873,6,6,,,,,,,,0.19521768391132355,0.24313215911388397,0.1054333820939064,,,
1874,8,8,,,,,,,,0.49508824944496155,0.05492548644542694,0.12060225754976273,,,
1875,0,2,,,,,,,,0.45848381519317627,0.21444959938526154,0.13895878195762634,,,
1876,2,2,,,,,,,,0.7903440594673157,0.15702810883522034,0.37011998891830444,,,
1877,3,3,,,,,,,,0.5502999424934387,0.5272392630577087,0.627606987953186,,,
1878,7,7,,,,,,,,0.2284349948167801,0.3575447201728821,0.3509043753147125,,,
1879,0,0,,,,,,,,0.6037774085998535,0.7368022203445435,0.9976009130477905,,,
1880,1,1,,,,,,,,0.42709726095199585,0.28497546911239624,0.38045307993888855,,,
1881,9,9,,,,,,,,0.3732062876224518,0.273225873708725,0.4287019670009613,,,
1882,1,1,,,,,,,,0.07208359986543655,0.14151376485824585,0.14340756833553314,,,
1883,3,3,6,0.3783783783783784,0.4676258992805755,0.25925925925925924,0.6136471033096313,0.8187629580497742,0.6594436764717102,0.13233759999275208,0.2682734727859497,0.13254110515117645,0.11031872034072876,0.2384149134159088,0.024659940972924232
1884,7,7,3,0.6859504132231405,0.5692307692307692,0.6585365853658537,0.8692381381988525,0.9169637560844421,0.7202181220054626,0.027566758915781975,0.03982540965080261,0.04302056133747101,0.0025500054471194744,0.005115569569170475,0.0026034037582576275
1885,5,5,,,,,,,,0.12681877613067627,0.03533501550555229,0.045740317553281784,,,
1886,8,3,,,,,,,,0.03576505929231644,0.2604220509529114,0.03649662435054779,,,
1887,3,3,3,0.6062992125984252,0.5338345864661654,0.1724137931034483,0.9786190390586853,0.7655030488967896,0.5024296045303345,0.5799928903579712,0.6729763746261597,0.3488779664039612,0.6445798277854919,0.731648862361908,0.6150121688842773
1888,2,2,,,,,,,,0.4205116629600525,0.3180096745491028,0.3516325354576111,,,
1889,9,9,,,,,,,,0.2572842836380005,0.1797766089439392,0.15153448283672333,,,
1890,6,6,6,0.7739130434782608,0.6062992125984252,0.3161290322580645,0.976097047328949,0.9020020961761475,0.7541310787200928,0.12036758661270142,0.48098093271255493,0.05684923753142357,0.13099150359630585,0.3218808174133301,0.07633599638938904
1891,8,8,,,,,,,,0.314697265625,0.13148054480552673,0.23565931618213654,,,
1892,6,6,,,,,,,,0.23797757923603058,0.0570233128964901,0.1074572503566742,,,
1893,9,9,,,,,,,,0.27748629450798035,0.22113598883152008,0.3304820656776428,,,
1894,3,3,,,,,,,,0.29260531067848206,0.2535531520843506,0.4502688944339752,,,
1895,8,0,,,,,,,,0.49458450078964233,0.4676905572414398,0.82952880859375,,,
1896,9,9,,,,,,,,0.17865216732025146,0.27126073837280273,0.2244240790605545,,,
1897,8,0,,,,,,,,0.6702235341072083,0.7615411281585693,0.9101622104644775,,,
1898,0,0,,,,,,,,0.3844488263130188,0.3999839425086975,0.6375167965888977,,,
1899,7,7,,,,,,,,0.3717334568500519,0.12730243802070618,0.14387470483779907,,,
1900,8,8,,,,,,,,0.47139376401901245,0.14372579753398895,0.099063441157341,,,
1901,5,5,,,,,,,,0.39027467370033264,0.1132553219795227,0.28516894578933716,,,
1902,0,0,,,,,,,,0.5249223709106445,0.5329706072807312,0.5223144292831421,,,
1903,0,0,,,,,,,,0.49711304903030396,0.643781304359436,0.5494251847267151,,,
1904,1,1,,,,,,,,0.4542866051197052,0.44831764698028564,0.18901251256465912,,,
1905,3,3,5,0.2670807453416149,0.6585365853658537,0.2670807453416149,0.6506558656692505,0.8486536741256714,0.463384747505188,0.13093703985214233,0.4134999215602875,0.054299112409353256,0.034539107233285904,0.09701016545295715,0.003642924828454852
1906,9,9,,,,,,,,0.0833602324128151,0.07665827870368958,0.07283293455839157,,,
1907,1,1,,,,,,,,0.43938779830932617,0.1347435712814331,0.4530991315841675,,,
1908,5,5,,,,,,,,0.058227088302373886,0.031204205006361008,0.07450590282678604,,,
1909,3,3,3,0.7894736842105263,0.7435897435897436,0.3509933774834437,0.9566267728805542,0.9445396661758423,0.5686985850334167,0.052860427647829056,0.10732746869325638,0.037182338535785675,0.05260510370135307,0.15322355926036835,0.022235915064811707
1910,4,4,,,,,,,,0.1835845559835434,0.4969187080860138,0.14412645995616913,,,
1911,4,4,,,,,,,,0.3512399196624756,0.229608952999115,0.20847100019454956,,,
1912,0,0,,,,,,,,0.5001769065856934,0.6485849618911743,0.5442749261856079,,,
1913,9,9,,,,,,,,0.13305781781673431,0.10398117452859879,0.09087028354406357,,,
1914,9,9,,,,,,,,0.2590998113155365,0.08678650110960007,0.2674124240875244,,,
1915,9,9,,,,,,,,0.35723066329956055,0.24460825324058533,0.1928635984659195,,,
1916,9,9,,,,,,,,0.11092102527618408,0.330914169549942,0.18401260673999786,,,
1917,8,8,,,,,,,,0.2526593506336212,0.11052750051021576,0.303488552570343,,,
1918,2,2,,,,,,,,0.6452555656433105,0.3039035201072693,0.1875360906124115,,,
1919,4,4,,,,,,,,0.03906871750950813,0.26206648349761963,0.2492992877960205,,,
1920,2,2,,,,,,,,0.5573736429214478,0.579214334487915,0.531793475151062,,,
1921,2,2,,,,,,,,0.5608940720558167,0.17742599546909332,0.1656693071126938,,,
1922,5,5,,,,,,,,0.3639312982559204,0.17755277454853058,0.34696343541145325,,,
1923,1,1,,,,,,,,0.21330223977565765,0.13538888096809387,0.09622690081596375,,,
1924,9,3,,,,,,,,0.1732034534215927,0.38001421093940735,0.07238635420799255,,,
1925,1,1,,,,,,,,0.4245765507221222,0.10655554383993149,0.08304361999034882,,,
1926,0,0,,,,,,,,0.47287148237228394,0.4333425760269165,0.9794373512268066,,,
1927,9,9,,,,,,,,0.1077943667769432,0.03359123691916466,0.12972398102283478,,,
1928,4,4,,,,,,,,0.2778034508228302,0.2986804246902466,0.27481892704963684,,,
1929,2,2,2,0.6062992125984252,0.3509933774834437,0.36,0.9629582166671753,0.7401121854782104,0.2546820640563965,0.2474491000175476,0.13931086659431458,0.11308616399765015,0.35772600769996643,0.17638535797595978,0.07219254225492477
1930,1,1,,,,,,,,0.5170198082923889,0.462955117225647,0.3567166328430176,,,
1931,6,6,,,,,,,,0.12313070148229599,0.48296916484832764,0.1798754334449768,,,
1932,0,0,,,,,,,,0.27988073229789734,0.8053174018859863,0.8464093208312988,,,
1933,3,3,,,,,,,,0.44125792384147644,0.3561888039112091,0.12073301523923874,,,
1934,7,4,,,,,,,,0.0334610715508461,0.15987958014011383,0.06623426824808121,,,
1935,6,2,,,,,,,,0.41690129041671753,0.28131794929504395,0.3138329088687897,,,
1936,3,3,,,,,,,,0.4453025460243225,0.2772168517112732,0.07844509929418564,,,
1937,1,1,,,,,,,,0.07825790345668793,0.0739276111125946,0.08255389332771301,,,
1938,8,0,,,,,,,,0.6522033214569092,0.41280779242515564,0.9412289261817932,,,
1939,6,5,,,,,,,,0.020070137456059456,0.03793710470199585,0.04158814251422882,,,
1940,5,5,,,,,,,,0.09897176176309586,0.04152895137667656,0.07896022498607635,,,
1941,7,7,,,,,,,,0.06357334554195404,0.029101252555847168,0.035521380603313446,,,
1942,2,2,,,,,,,,0.288663387298584,0.07921759784221649,0.325519859790802,,,
1943,8,8,,,,,,,,0.5887962579727173,0.26183199882507324,0.24873670935630798,,,
1944,4,4,3,0.48905109489051096,0.5813953488372093,0.2,0.8297321796417236,0.8843203783035278,0.5375734567642212,0.22351467609405518,0.2782221734523773,0.16224078834056854,0.06165357306599617,0.14962473511695862,0.08967811614274979
1945,4,4,7,0.24242424242424243,0.5,0.3691275167785235,0.8685203194618225,0.8344874382019043,0.6043640375137329,0.03870997577905655,0.12021413445472717,0.24460752308368683,0.038438621908426285,0.04782490432262421,0.01238391362130642
1946,8,8,,,,,,,,0.6526674032211304,0.12150456756353378,0.33102795481681824,,,
1947,3,3,3,0.9615384615384616,0.5692307692307692,0.09090909090909091,0.9953007102012634,0.9197155237197876,0.3183583617210388,0.49647510051727295,0.48345375061035156,0.42466795444488525,0.41507166624069214,0.4677259922027588,0.32766440510749817
1948,5,5,,,,,,,,0.3485959768295288,0.030701199546456337,0.10896478593349457,,,
1949,0,0,,,,,,,,0.5233778357505798,0.40062057971954346,0.4233728051185608,,,
1950,5,5,,,,,,,,0.06412814557552338,0.08486108481884003,0.033153798431158066,,,
1951,7,7,,,,,,,,0.07506867498159409,0.07304681092500687,0.029818395152688026,,,
1952,4,4,,,,,,,,0.47949033975601196,0.3540008068084717,0.3537922203540802,,,
1953,4,4,4,0.8378378378378378,0.6859504132231405,0.5572519083969466,0.994944155216217,0.9089860916137695,0.4041305184364319,0.0601537711918354,0.24695706367492676,0.033940140157938004,0.048899807035923004,0.20525765419006348,0.025474926456809044
1954,2,2,,,,,,,,0.37025684118270874,0.11703357100486755,0.13890671730041504,,,
1955,2,2,,,,,,,,0.26762157678604126,0.09185075014829636,0.12722179293632507,,,
1956,7,7,,,,,,,,0.15812692046165466,0.07182743400335312,0.07705935090780258,,,
1957,3,8,,,,,,,,0.018428673967719078,0.01863965578377247,0.1689818799495697,,,
1958,6,6,,,,,,,,0.05446706339716911,0.5714224576950073,0.10614717751741409,,,
1959,0,0,,,,,,,,0.4642765522003174,0.6690689921379089,0.7832906246185303,,,
1960,2,2,,,,,,,,0.35827481746673584,0.16730250418186188,0.1521344631910324,,,
1961,7,7,,,,,,,,0.21630226075649261,0.08233851194381714,0.518560528755188,,,
1962,6,6,,,,,,,,0.34568822383880615,0.6724415421485901,0.1489720195531845,,,
1963,2,2,,,,,,,,0.43581423163414,0.1545121669769287,0.20359230041503906,,,
1964,3,3,,,,,,,,0.2337930053472519,0.4438806474208832,0.17208777368068695,,,
1965,0,0,,,,,,,,0.6748002171516418,0.3282313346862793,0.7161673903465271,,,
1966,7,7,,,,,,,,0.36015304923057556,0.26532286405563354,0.10740839689970016,,,
1967,7,7,,,,,,,,0.3518342077732086,0.19178971648216248,0.2710980474948883,,,
1968,8,8,,,,,,,,0.4409012496471405,0.17938432097434998,0.2600044310092926,,,
1969,1,9,,,,,,,,0.10343077033758163,0.17170225083827972,0.1068405956029892,,,
1970,1,1,,,,,,,,0.22151899337768555,0.14930672943592072,0.43152570724487305,,,
1971,4,4,3,0.2911392405063291,0.43661971830985913,0.5,0.8448998928070068,0.7611915469169617,0.5644776821136475,0.10558787733316422,0.13292181491851807,0.0912688672542572,0.10310035943984985,0.005349515471607447,0.015592513605952263
1972,6,6,2,0.0,0.48905109489051096,0.3076923076923077,0.7030044198036194,0.8353493213653564,0.6115440130233765,0.26808711886405945,0.623464822769165,0.14769694209098816,0.267090767621994,0.5705327391624451,0.0063874972984194756
1973,0,0,,,,,,,,0.46120312809944153,0.4044448137283325,0.34255266189575195,,,
1974,6,6,,,,,,,,0.414340078830719,0.5676624774932861,0.30414557456970215,,,
1975,6,3,,,,,,,,0.04025845229625702,0.16704560816287994,0.04372968152165413,,,
1976,5,5,3,0.5454545454545454,0.5454545454545454,0.3161290322580645,0.8280121684074402,0.9270782470703125,0.26054954528808594,0.1423824280500412,0.040389176458120346,0.037446774542331696,0.03723887354135513,0.042896419763565063,0.036128949373960495
1977,5,5,,,,,,,,0.23806196451187134,0.03256986662745476,0.1456068456172943,,,
1978,6,6,,,,,,,,0.4029194712638855,0.7389305233955383,0.2278870940208435,,,
1979,3,3,,,,,,,,0.23909816145896912,0.2003510445356369,0.17564700543880463,,,
1980,9,9,,,,,,,,0.39677783846855164,0.24460367858409882,0.17297351360321045,,,
1981,3,3,,,,,,,,0.14755815267562866,0.40420934557914734,0.478116899728775,,,
1982,6,6,,,,,,,,0.3626737594604492,0.5592630505561829,0.15974357724189758,,,
1983,8,3,,,,,,,,0.051141172647476196,0.1563938707113266,0.12352284044027328,,,
1984,7,7,,,,,,,,0.27439314126968384,0.08395840972661972,0.20022989809513092,,,
1985,6,6,,,,,,,,0.12190624326467514,0.5025057196617126,0.5245151519775391,,,
1986,4,4,,,,,,,,0.3662914037704468,0.49925121665000916,0.5454846620559692,,,
1987,9,9,,,,,,,,0.49289873242378235,0.21152395009994507,0.1457986682653427,,,
1988,5,5,,,,,,,,0.20172162353992462,0.03740084543824196,0.06539612263441086,,,
1989,6,6,,,,,,,,0.04991031065583229,0.2917289733886719,0.05796042084693909,,,
1990,4,4,,,,,,,,0.21445053815841675,0.24437735974788666,0.3991016149520874,,,
1991,1,1,,,,,,,,0.4427979290485382,0.1900482028722763,0.18993641436100006,,,
1992,6,6,,,,,,,,0.3478280305862427,0.40860360860824585,0.20295509696006775,,,
1993,3,3,2,0.5338345864661654,0.48905109489051096,0.14606741573033707,0.8004736304283142,0.9190307855606079,0.3614749312400818,0.11169765889644623,0.1675666719675064,0.2746417224407196,0.022538993507623672,0.15717783570289612,0.20613081753253937
1994,8,8,8,0.7142857142857143,0.5338345864661654,0.275,0.9739163517951965,0.8975815773010254,0.6196180582046509,0.48387250304222107,0.06351030617952347,0.34075871109962463,0.49259766936302185,0.11607710272073746,0.14300398528575897
1995,2,2,,,,,,,,0.5309826731681824,0.379708468914032,0.6864976286888123,,,
1996,3,3,,,,,,,,0.13389600813388824,0.10682612657546997,0.10511048883199692,,,
1997,9,9,,,,,,,,0.13284450769424438,0.02623017504811287,0.0897148847579956,,,
1998,8,8,8,0.5111111111111111,0.5,0.6190476190476191,0.9527673721313477,0.8573997616767883,0.6710951328277588,0.10966812819242477,0.04012124612927437,0.06868863105773926,0.051682133227586746,0.023414434865117073,0.026600932702422142
1999,5,5,,,,,,,,0.19906750321388245,0.09051990509033203,0.13594892621040344,,,
2000,1,1,,,,,,,,0.19139808416366577,0.3033837676048279,0.19226877391338348,,,
2001,5,5,,,,,,,,0.3373461663722992,0.054321080446243286,0.12579837441444397,,,
2002,4,4,4,0.632,0.5572519083969466,0.632,0.9827084541320801,0.8882685899734497,0.46857750415802,0.13007564842700958,0.18245019018650055,0.14964377880096436,0.09194385260343552,0.22130708396434784,0.10856711119413376
2003,5,5,,,,,,,,0.3523523211479187,0.06956459581851959,0.25002071261405945,,,
2004,7,7,,,,,,,,0.4952596127986908,0.15186534821987152,0.5572971105575562,,,
2005,5,3,,,,,,,,0.2005224972963333,0.23498399555683136,0.22909754514694214,,,
2006,7,7,,,,,,,,0.37732619047164917,0.1455899477005005,0.18591418862342834,,,
2007,8,8,0,0.2670807453416149,0.5692307692307692,0.275,0.7791204452514648,0.8487460613250732,0.5283806324005127,0.2078550010919571,0.21398358047008514,0.030219832435250282,0.0027377104852348566,0.20902445912361145,0.0004679313860833645
2008,9,9,,,,,,,,0.25375640392303467,0.062399063259363174,0.22119532525539398,,,
2009,1,1,,,,,,,,0.20578491687774658,0.04672875255346298,0.07224169373512268,,,
2010,7,2,,,,,,,,0.1714240312576294,0.2925999164581299,0.14307038486003876,,,
2011,2,2,,,,,,,,0.234060600399971,0.18379691243171692,0.11560112982988358,,,
2012,5,5,,,,,,,,0.39509105682373047,0.03315435349941254,0.23719176650047302,,,
2013,6,6,,,,,,,,0.14791841804981232,0.4406909942626953,0.087706059217453,,,
2014,8,8,,,,,,,,0.6161751747131348,0.148687481880188,0.08012980222702026,,,
2015,4,4,,,,,,,,0.3392156660556793,0.19158515334129333,0.1734955906867981,,,
2016,6,6,6,0.5454545454545454,0.6585365853658537,0.3161290322580645,0.9818750023841858,0.9020970463752747,0.6408681273460388,0.29298797249794006,0.4654576778411865,0.04340935871005058,0.19519810378551483,0.5606676340103149,0.05784011632204056
2017,5,5,,,,,,,,0.11661113798618317,0.03901279717683792,0.02875812165439129,,,
2018,3,2,,,,,,,,0.2469501793384552,0.1542767733335495,0.04746268317103386,,,
2019,9,9,,,,,,,,0.18898481130599976,0.07164588570594788,0.101193368434906,,,
2020,9,9,,,,,,,,0.6484616994857788,0.4175049662590027,0.22838455438613892,,,
2021,8,8,,,,,,,,0.23040218651294708,0.3851993680000305,0.19192995131015778,,,
2022,5,3,,,,,,,,0.1295241415500641,0.3905143439769745,0.09588328748941422,,,
2023,5,5,,,,,,,,0.38038837909698486,0.054603032767772675,0.17336420714855194,,,
2024,6,6,,,,,,,,0.21239683032035828,0.4159010350704193,0.12974290549755096,,,
2025,4,4,,,,,,,,0.1888408213853836,0.26712721586227417,0.40741318464279175,,,
2026,5,5,,,,,,,,0.3254448473453522,0.1072816550731659,0.5335491299629211,,,
2027,9,9,,,,,,,,0.10050597041845322,0.07782702147960663,0.1377461552619934,,,
2028,7,7,,,,,,,,0.22442220151424408,0.14090710878372192,0.13008926808834076,,,
2029,3,3,5,0.36,0.48905109489051096,0.36,0.6022036075592041,0.8668217062950134,0.5578065514564514,0.27720367908477783,0.2192031443119049,0.0784754827618599,0.013449108228087425,0.17348454892635345,0.013050170615315437
2030,4,4,,,,,,,,0.3686146140098572,0.25156286358833313,0.23896567523479462,,,
2031,1,1,,,,,,,,0.2533687353134155,0.2961677312850952,0.34194663166999817,,,
2032,4,4,2,0.23636363636363636,0.34210526315789475,0.13966480446927373,0.18845520913600922,0.7611464262008667,0.5418762564659119,0.08353446424007416,0.3505593538284302,0.19806458055973053,0.01061977818608284,0.3046536445617676,0.0035055095795542
2033,2,2,2,0.632,0.9245283018867925,0.04081632653061224,0.9562939405441284,0.9631847143173218,0.3261410593986511,0.7097214460372925,0.40183812379837036,0.13452434539794922,0.6547028422355652,0.32107117772102356,0.20486679673194885
2034,3,4,,,,,,,,0.07931702584028244,0.19467127323150635,0.09235651046037674,,,
2035,6,6,,,,,,,,0.13526250422000885,0.3671005964279175,0.0483451709151268,,,
2036,5,3,,,,,,,,0.19582927227020264,0.7225940227508545,0.5361862182617188,,,
2037,5,5,5,0.9065420560747663,0.6451612903225806,0.5223880597014925,0.997032642364502,0.9094830751419067,0.3067742586135864,0.16247260570526123,0.05641193687915802,0.03061598911881447,0.13939903676509857,0.034899406135082245,0.05239136889576912
2038,2,2,,,,,,,,0.3390544056892395,0.4156021773815155,0.27028006315231323,,,
2039,8,8,,,,,,,,0.3288521468639374,0.0790000855922699,0.22245652973651886,,,
2040,0,0,,,,,,,,0.6078078150749207,0.6373168230056763,0.9492114186286926,,,
2041,0,0,,,,,,,,0.6430389881134033,0.5315096378326416,0.4285764992237091,,,
2042,1,1,,,,,,,,0.3883821666240692,0.190468892455101,0.28522229194641113,,,
2043,8,8,,,,,,,,0.8057820796966553,0.09503789246082306,0.2194031924009323,,,
2044,3,3,,,,,,,,0.24462629854679108,0.40588027238845825,0.33933761715888977,,,
2045,1,1,,,,,,,,0.5116640329360962,0.1310357302427292,0.42559385299682617,,,
2046,3,3,3,0.8545454545454545,0.6062992125984252,0.43661971830985913,0.9759105443954468,0.8343276381492615,0.5994396209716797,0.14671269059181213,0.1758975237607956,0.12344912439584732,0.1258852332830429,0.249822199344635,0.20924031734466553
2047,5,5,,,,,,,,0.2819104790687561,0.11729567497968674,0.17278729379177094,,,
2048,8,8,,,,,,,,0.5867632627487183,0.21765795350074768,0.28456205129623413,,,
2049,3,3,,,,,,,,0.30108121037483215,0.37905052304267883,0.34666070342063904,,,
2050,8,8,,,,,,,,0.574246346950531,0.269168883562088,0.26643773913383484,,,
2051,5,5,,,,,,,,0.4102979302406311,0.035260673612356186,0.09733898937702179,,,
2052,8,8,,,,,,,,0.4893462359905243,0.1707601398229599,0.5246276259422302,,,
2053,6,6,,,,,,,,0.6596076488494873,0.7565240859985352,0.3802143335342407,,,
2054,3,3,,,,,,,,0.37376925349235535,0.553496241569519,0.29809582233428955,,,
2055,5,5,,,,,,,,0.35459205508232117,0.09598394483327866,0.07050393521785736,,,
2056,5,5,,,,,,,,0.18240302801132202,0.11177629977464676,0.31919464468955994,,,
2057,5,5,,,,,,,,0.06341227889060974,0.030270511284470558,0.042842891067266464,,,
2058,0,0,,,,,,,,0.38846060633659363,0.43062496185302734,0.7282724976539612,,,
2059,9,9,,,,,,,,0.024591153487563133,0.03910982236266136,0.02389739826321602,,,
2060,5,5,,,,,,,,0.47161829471588135,0.03798717260360718,0.31498923897743225,,,
2061,5,2,,,,,,,,0.5295122265815735,0.10296923667192459,0.41461843252182007,,,
2062,7,7,,,,,,,,0.10483746230602264,0.0625637099146843,0.07800576835870743,,,
2063,1,1,,,,,,,,0.17339718341827393,0.06470833718776703,0.08418716490268707,,,
2064,8,8,,,,,,,,0.709476888179779,0.11905825883150101,0.23773948848247528,,,
2065,2,2,,,,,,,,0.479613333940506,0.13233888149261475,0.18603304028511047,,,
2066,2,2,,,,,,,,0.5042403936386108,0.1449243724346161,0.2962006628513336,,,
2067,7,4,,,,,,,,0.14079949259757996,0.04923545941710472,0.13926450908184052,,,
2068,3,3,,,,,,,,0.43416258692741394,0.3001689016819,0.5631277561187744,,,
2069,4,4,,,,,,,,0.11697026342153549,0.184281587600708,0.1332775056362152,,,
2070,2,2,,,,,,,,0.7172900438308716,0.3222188651561737,0.5436575412750244,,,
2071,9,9,,,,,,,,0.5801523327827454,0.20171725749969482,0.13192355632781982,,,
2072,6,6,,,,,,,,0.20352157950401306,0.4198886454105377,0.16973920166492462,,,
2073,2,2,,,,,,,,0.3902158737182617,0.3804585337638855,0.2909999191761017,,,
2074,2,2,,,,,,,,0.7021710872650146,0.2774491310119629,0.4460052251815796,,,
2075,4,4,2,0.8715596330275229,0.4782608695652174,0.34210526315789475,0.9850727915763855,0.7806723713874817,0.497433066368103,0.18553121387958527,0.21609655022621155,0.08716361224651337,0.1473390758037567,0.15342845022678375,0.03720581531524658
2076,3,3,5,0.9245283018867925,0.6859504132231405,0.2,0.9865545630455017,0.9193224906921387,0.33567044138908386,0.07346232235431671,0.2782405912876129,0.13305647671222687,0.06267691403627396,0.41759997606277466,0.052743565291166306
2077,0,0,,,,,,,,0.32127800583839417,0.33724892139434814,0.5263853073120117,,,
2078,2,6,,,,,,,,0.18183183670043945,0.5836859345436096,0.18171489238739014,,,
2079,0,0,,,,,,,,0.2454686015844345,0.3330170810222626,0.33888864517211914,,,
2080,1,1,,,,,,,,0.21355223655700684,0.0722862184047699,0.17627908289432526,,,
2081,3,3,,,,,,,,0.1966732144355774,0.05434161052107811,0.2738052308559418,,,
2082,2,2,,,,,,,,0.32583701610565186,0.05065728724002838,0.4222187399864197,,,
2083,2,2,,,,,,,,0.40505096316337585,0.511390745639801,0.41249728202819824,,,
2084,7,7,,,,,,,,0.4349220097064972,0.41996079683303833,0.41915255784988403,,,
2085,0,0,,,,,,,,0.30101278424263,0.2853703796863556,0.5432292222976685,,,
2086,1,1,,,,,,,,0.3142490088939667,0.22244194149971008,0.21252621710300446,,,
2087,0,0,,,,,,,,0.5786622166633606,0.5176226496696472,0.5763678550720215,,,
2088,7,7,,,,,,,,0.3845287263393402,0.11423352360725403,0.1599736511707306,,,
2089,7,7,,,,,,,,0.3436409831047058,0.25332531332969666,0.3523215353488922,,,
2090,2,2,,,,,,,,0.15443125367164612,0.08095762133598328,0.11660732328891754,,,
2091,0,2,,,,,,,,0.6500402092933655,0.09510387480258942,0.3338029980659485,,,
2092,1,1,,,,,,,,0.5795386433601379,0.3360910415649414,0.5138956904411316,,,
2093,6,6,,,,,,,,0.6265327334403992,0.5453225374221802,0.3202061653137207,,,
2094,5,5,,,,,,,,0.32946425676345825,0.13904447853565216,0.17594818770885468,,,
2095,0,0,,,,,,,,0.5359161496162415,0.42449715733528137,0.7510305047035217,,,
2096,2,2,,,,,,,,0.8817030787467957,0.34946152567863464,0.3295580744743347,,,
2097,2,2,,,,,,,,0.2818765938282013,0.3532617390155792,0.5581199526786804,,,
2098,0,0,,,,,,,,0.4788864254951477,0.3311651349067688,0.6453899145126343,,,
2099,1,1,,,,,,,,0.5573844909667969,0.31127220392227173,0.25820037722587585,,,
2100,2,2,,,,,,,,0.6914852261543274,0.09587520360946655,0.43710431456565857,,,
2101,6,6,,,,,,,,0.2294183224439621,0.30330660939216614,0.22169776260852814,,,
2102,0,0,,,,,,,,0.3843190670013428,0.7755329608917236,0.9375897645950317,,,
2103,1,1,,,,,,,,0.2952881157398224,0.232414111495018,0.47429031133651733,,,
2104,6,6,,,,,,,,0.28578460216522217,0.40836939215660095,0.30610719323158264,,,
2105,6,6,,,,,,,,0.381658673286438,0.40532001852989197,0.1677050143480301,,,
2106,5,5,5,0.7,0.7142857142857143,0.3877551020408163,0.9952797889709473,0.9107909798622131,0.32200780510902405,0.1385602205991745,0.037558212876319885,0.20718002319335938,0.18422511219978333,0.03975307196378708,0.21229299902915955
2107,3,3,,,,,,,,0.2501235902309418,0.4278949499130249,0.2149643898010254,,,
2108,4,4,2,0.34210526315789475,0.45714285714285713,0.4166666666666667,0.6849391460418701,0.831906259059906,0.5407869219779968,0.29710471630096436,0.11056269705295563,0.06704051047563553,0.04145846888422966,0.04098423197865486,0.029270494356751442
2109,0,0,,,,,,,,0.408844530582428,0.42989295721054077,0.5085791349411011,,,
2110,0,0,,,,,,,,0.4366195797920227,0.23968346416950226,0.9266388416290283,,,
2111,9,9,,,,,,,,0.05270831286907196,0.0713948905467987,0.021993566304445267,,,
2112,1,1,,,,,,,,0.36592018604278564,0.24750980734825134,0.20082369446754456,,,
2113,0,0,,,,,,,,0.34598177671432495,0.4092615842819214,0.8081448078155518,,,
2114,2,2,,,,,,,,0.7589216232299805,0.33365875482559204,0.33830276131629944,,,
2115,5,5,,,,,,,,0.4594881236553192,0.16024121642112732,0.32674360275268555,,,
2116,9,9,,,,,,,,0.39026471972465515,0.1357107013463974,0.12712770700454712,,,
2117,7,7,,,,,,,,0.31859585642814636,0.10165534168481827,0.3344317674636841,,,
2118,8,8,,,,,,,,0.4085436165332794,0.2916914224624634,0.2693365812301636,,,
2119,6,6,,,,,,,,0.45144525170326233,0.7064428925514221,0.10179629921913147,,,
2120,4,4,,,,,,,,0.07892363518476486,0.332961767911911,0.05987175554037094,,,
2121,6,6,,,,,,,,0.17817077040672302,0.4532274305820465,0.04591257497668266,,,
2122,0,0,,,,,,,,0.35436123609542847,0.5218836069107056,0.9420840740203857,,,
2123,2,2,,,,,,,,0.7135764360427856,0.215529203414917,0.24646638333797455,,,
2124,0,0,,,,,,,,0.7625259757041931,0.5319241881370544,0.899012565612793,,,
2125,1,1,,,,,,,,0.10360158979892731,0.16851939260959625,0.08240486681461334,,,
2126,9,9,,,,,,,,0.1340884417295456,0.05886748433113098,0.09982892870903015,,,
2127,2,2,,,,,,,,0.6762436032295227,0.08329350501298904,0.2821563482284546,,,
2128,4,4,,,,,,,,0.0753992572426796,0.1541595757007599,0.20231127738952637,,,
2129,9,9,,,,,,,,0.03062591888010502,0.04519142583012581,0.12827810645103455,,,
2130,0,0,,,,,,,,0.7672213912010193,0.6651872396469116,0.8437812924385071,,,
2131,7,7,,,,,,,,0.19697752594947815,0.04998255893588066,0.2755175232887268,,,
2132,2,2,,,,,,,,0.3296555280685425,0.26911067962646484,0.18386098742485046,,,
2133,3,3,,,,,,,,0.22449162602424622,0.5126466751098633,0.155085027217865,,,
2134,4,4,,,,,,,,0.12337237596511841,0.1514022797346115,0.10448139905929565,,,
2135,8,8,,,,,,,,0.3690161406993866,0.3203701078891754,0.19703584909439087,,,
2136,0,0,,,,,,,,0.7099543809890747,0.23612520098686218,0.754921019077301,,,
2137,2,2,,,,,,,,0.14116451144218445,0.06913310289382935,0.1417115181684494,,,
2138,6,6,,,,,,,,0.4425222873687744,0.6037042737007141,0.3392045199871063,,,
2139,8,8,,,,,,,,0.13136404752731323,0.24486343562602997,0.19796760380268097,,,
2140,9,9,,,,,,,,0.31709641218185425,0.21777501702308655,0.3194526135921478,,,
2141,7,7,,,,,,,,0.12206955999135971,0.115160271525383,0.13085834681987762,,,
2142,1,1,1,0.44680851063829785,0.45714285714285713,0.5,0.896256685256958,0.8905657529830933,0.5852828621864319,0.17830204963684082,0.13734228909015656,0.026656731963157654,0.13493528962135315,0.10547742992639542,0.2289091795682907
2143,9,9,,,,,,,,0.5140515565872192,0.1885974109172821,0.10575249791145325,,,
2144,3,3,,,,,,,,0.16898885369300842,0.14166539907455444,0.37921828031539917,,,
2145,7,4,,,,,,,,0.0925612524151802,0.1468552201986313,0.09499139338731766,,,
2146,2,2,,,,,,,,0.6374978423118591,0.16625909507274628,0.44971445202827454,,,
2147,7,7,,,,,,,,0.4447133243083954,0.1629413366317749,0.17193767428398132,,,
2148,9,9,9,0.7894736842105263,0.7142857142857143,0.5111111111111111,0.9878109097480774,0.9573423266410828,0.5634253621101379,0.2940380275249481,0.07530590891838074,0.056694146245718,0.2360546886920929,0.08485978096723557,0.08411625027656555
2149,6,6,,,,,,,,0.5973928570747375,0.4827071726322174,0.5541501641273499,,,
2150,9,9,,,,,,,,0.14966711401939392,0.058934785425662994,0.14964231848716736,,,
2151,5,5,5,0.4676258992805755,0.4068965517241379,0.43661971830985913,0.9519872069358826,0.8415135145187378,0.5318385362625122,0.15137961506843567,0.12588036060333252,0.044854190200567245,0.1710251271724701,0.13061343133449554,0.036758389323949814
2152,7,7,,,,,,,,0.35628703236579895,0.21932029724121094,0.3449116349220276,,,
2153,8,8,,,,,,,,0.25171536207199097,0.10151289403438568,0.1215108260512352,,,
2154,5,5,,,,,,,,0.04685194045305252,0.050929415971040726,0.05305599421262741,,,
2155,9,9,,,,,,,,0.15781715512275696,0.10571128875017166,0.18560531735420227,,,
2156,8,8,,,,,,,,0.22056668996810913,0.03296710178256035,0.3274371325969696,,,
2157,3,3,,,,,,,,0.5109294056892395,0.2968761622905731,0.17665202915668488,,,
2158,9,9,,,,,,,,0.3870898485183716,0.3469764292240143,0.17939427495002747,,,
2159,8,8,,,,,,,,0.06760287284851074,0.10173690319061279,0.054807815700769424,,,
2160,0,0,,,,,,,,0.24182561039924622,0.39734870195388794,0.8087616562843323,,,
2161,5,3,,,,,,,,0.4537990987300873,0.42822694778442383,0.10207659751176834,,,
2162,5,5,,,,,,,,0.0686718225479126,0.06746459007263184,0.030263569205999374,,,
2163,7,7,,,,,,,,0.15907905995845795,0.189634770154953,0.09228748083114624,,,
2164,1,1,,,,,,,,0.4607881009578705,0.35462692379951477,0.23102736473083496,,,
2165,2,2,2,0.5692307692307692,0.4068965517241379,0.43661971830985913,0.9522299766540527,0.754721999168396,0.6717861890792847,0.10440544784069061,0.2766171395778656,0.10787297040224075,0.11852586269378662,0.049749601632356644,0.03684611618518829
2166,0,0,,,,,,,,0.16630809009075165,0.5491157174110413,0.5154004096984863,,,
2167,7,7,,,,,,,,0.048892080783843994,0.12176868319511414,0.1786106675863266,,,
2168,5,5,,,,,,,,0.47288745641708374,0.09618408977985382,0.1492064744234085,,,
2169,8,8,,,,,,,,0.6572872400283813,0.18502546846866608,0.27350759506225586,,,
2170,2,2,,,,,,,,0.32243701815605164,0.2730296850204468,0.26934242248535156,,,
2171,2,2,,,,,,,,0.3396426737308502,0.039140526205301285,0.27900615334510803,,,
2172,5,4,,,,,,,,0.012618329375982285,0.1637733429670334,0.05146406218409538,,,
2173,3,3,,,,,,,,0.3373745083808899,0.4969964325428009,0.14967487752437592,,,
2174,9,0,,,,,,,,0.7716876864433289,0.5873953700065613,0.48361849784851074,,,
2175,3,5,,,,,,,,0.07122842222452164,0.03744065389037132,0.030154982581734657,,,
2176,1,1,8,0.4166666666666667,0.4676258992805755,0.6859504132231405,0.7785669565200806,0.8665193915367126,0.8497593402862549,0.1964552253484726,0.030307328328490257,0.08134198933839798,0.018531382083892822,0.016582295298576355,0.003483541775494814
2177,9,9,,,,,,,,0.30809202790260315,0.3915085792541504,0.2206275910139084,,,
2178,3,3,,,,,,,,0.23934414982795715,0.3217011094093323,0.12778499722480774,,,
2179,1,1,,,,,,,,0.28420305252075195,0.2537868022918701,0.13939841091632843,,,
2180,4,4,4,0.6585365853658537,0.29936305732484075,0.21428571428571427,0.9834238290786743,0.715172529220581,0.34389376640319824,0.028677700087428093,0.19331997632980347,0.07443251460790634,0.026490436866879463,0.21274280548095703,0.028711574152112007
2181,3,3,,,,,,,,0.060394156724214554,0.11173950135707855,0.041393499821424484,,,
2182,4,4,,,,,,,,0.3014712929725647,0.4579588770866394,0.2986639738082886,,,
2183,4,4,,,,,,,,0.32103127241134644,0.3785453140735626,0.2850566804409027,,,
2184,9,9,,,,,,,,0.4883323609828949,0.27931690216064453,0.36601564288139343,,,
2185,0,0,,,,,,,,0.31375598907470703,0.8162545561790466,0.9757724404335022,,,
2186,9,1,,,,,,,,0.12152319401502609,0.1017732098698616,0.19016602635383606,,,
2187,5,5,3,0.1724137931034483,0.3972602739726027,0.13966480446927373,0.8645660281181335,0.8184353709220886,0.4510805606842041,0.04881471022963524,0.06884757429361343,0.09231778234243393,0.06037456542253494,0.03448798879981041,0.014988265931606293
2188,9,9,,,,,,,,0.39182141423225403,0.32345545291900635,0.4829615652561188,,,
2189,2,2,,,,,,,,0.777163028717041,0.1463552862405777,0.47252383828163147,,,
2190,9,9,,,,,,,,0.15518897771835327,0.39325258135795593,0.22533875703811646,,,
2191,4,4,,,,,,,,0.13187329471111298,0.16048838198184967,0.15025651454925537,,,
2192,0,0,,,,,,,,0.571995198726654,0.32812124490737915,0.3927001357078552,,,
2193,2,2,,,,,,,,0.33805981278419495,0.053379785269498825,0.21079424023628235,,,
2194,8,8,,,,,,,,0.7166297435760498,0.16426768898963928,0.26764246821403503,,,
2195,4,4,,,,,,,,0.1130957156419754,0.17396242916584015,0.07656558603048325,,,
2196,8,8,,,,,,,,0.49301618337631226,0.1668613702058792,0.10985931754112244,,,
2197,6,6,,,,,,,,0.3414490818977356,0.30478453636169434,0.32285240292549133,,,
2198,8,8,,,,,,,,0.4930313229560852,0.08346587419509888,0.14547349512577057,,,
2199,2,2,2,0.3972602739726027,0.34210526315789475,0.29936305732484075,0.7721721529960632,0.7280820608139038,0.30461013317108154,0.49488240480422974,0.12510105967521667,0.5469740033149719,0.35965651273727417,0.2561722993850708,0.394290566444397
2200,0,2,,,,,,,,0.2613680362701416,0.0378403514623642,0.42304810881614685,,,
2201,5,5,,,,,,,,0.38119667768478394,0.12344053387641907,0.08723987638950348,,,
2202,9,9,,,,,,,,0.3580048382282257,0.2856299877166748,0.12288356572389603,,,
2203,6,6,,,,,,,,0.2811717092990875,0.6342350840568542,0.10411541908979416,,,
2204,9,9,,,,,,,,0.18201015889644623,0.15264371037483215,0.21441331505775452,,,
2205,5,5,5,0.7435897435897436,0.5572519083969466,0.45714285714285713,0.9694902896881104,0.9109278917312622,0.6643422842025757,0.1089065745472908,0.10694816708564758,0.07282505929470062,0.10000859946012497,0.09682262688875198,0.028254030272364616
2206,1,1,,,,,,,,0.1559978872537613,0.14641234278678894,0.2696818709373474,,,
2207,3,3,3,0.2670807453416149,0.3246753246753247,0.6585365853658537,0.9250341057777405,0.8656759262084961,0.6656926870346069,0.12943412363529205,0.14669737219810486,0.03327484801411629,0.1725197732448578,0.1734158843755722,0.03740083426237106
2208,4,4,,,,,,,,0.19415874779224396,0.24148009717464447,0.29993098974227905,,,
2209,4,4,,,,,,,,0.17728359997272491,0.09516479820013046,0.16957135498523712,,,
2210,2,2,,,,,,,,0.5734065175056458,0.0412653349339962,0.16916902363300323,,,
2211,7,7,,,,,,,,0.19123239815235138,0.13684873282909393,0.18257996439933777,,,
2212,2,2,,,,,,,,0.6390334963798523,0.15939906239509583,0.3682979941368103,,,
2213,4,4,,,,,,,,0.12799257040023804,0.053625546395778656,0.11942699551582336,,,
2214,4,5,,,,,,,,0.3079637289047241,0.09981387108564377,0.03599616140127182,,,
2215,0,0,,,,,,,,0.45626306533813477,0.35742291808128357,0.7873872518539429,,,
2216,2,2,2,0.9065420560747663,0.6585365853658537,0.5,0.9801939129829407,0.8906877040863037,0.598082423210144,0.46319204568862915,0.18857817351818085,0.07572126388549805,0.5451666116714478,0.11679159849882126,0.21748405694961548
2217,8,8,,,,,,,,0.4020572304725647,0.19864751398563385,0.1477579027414322,,,
2218,4,4,,,,,,,,0.4137290418148041,0.48302093148231506,0.5054690837860107,,,
2219,5,5,,,,,,,,0.05085118114948273,0.17122748494148254,0.05470993369817734,,,
2220,1,1,,,,,,,,0.5672255158424377,0.3202471137046814,0.24893440306186676,,,
2221,2,2,,,,,,,,0.677540123462677,0.1786852329969406,0.5764055848121643,,,
2222,6,6,,,,,,,,0.1474846452474594,0.24797788262367249,0.03675287589430809,,,
2223,8,8,,,,,,,,0.435822069644928,0.04039561748504639,0.026032807305455208,,,
2224,1,1,,,,,,,,0.059681087732315063,0.06838677078485489,0.1065649539232254,,,
2225,7,7,,,,,,,,0.35430771112442017,0.11843542754650116,0.5038015842437744,,,
2226,2,6,,,,,,,,0.5373466610908508,0.6467276215553284,0.06997423619031906,,,
2227,8,8,,,,,,,,0.7018337249755859,0.1377909630537033,0.16177281737327576,,,
2228,7,7,,,,,,,,0.2121301293373108,0.12945467233657837,0.4233323335647583,,,
2229,4,4,,,,,,,,0.410134881734848,0.3379228115081787,0.10001607984304428,,,
2230,3,3,,,,,,,,0.44408726692199707,0.30493757128715515,0.29773303866386414,,,
2231,3,3,,,,,,,,0.4426923096179962,0.3873474597930908,0.23706792294979095,,,
2232,0,3,,,,,,,,0.08091963082551956,0.46661466360092163,0.06351770460605621,,,
2233,3,3,3,0.8378378378378378,0.44680851063829785,0.59375,0.9836404323577881,0.8113529682159424,0.564044713973999,0.04531542956829071,0.2299790382385254,0.10754016786813736,0.034081220626831055,0.12632523477077484,0.027888137847185135
2234,7,7,,,,,,,,0.21831466257572174,0.13848291337490082,0.14959868788719177,,,
2235,2,2,,,,,,,,0.7305862903594971,0.28020936250686646,0.2984662652015686,,,
2236,5,5,,,,,,,,0.5715846419334412,0.19159454107284546,0.18023419380187988,,,
2237,6,6,6,0.5111111111111111,0.5111111111111111,0.59375,0.9435200691223145,0.8565487861633301,0.7728217840194702,0.04458934813737869,0.4176481068134308,0.030491849407553673,0.0488034263253212,0.3203509449958801,0.05702711641788483
2238,1,1,,,,,,,,0.5325298309326172,0.341713011264801,0.24401815235614777,,,
2239,7,7,,,,,,,,0.30167248845100403,0.1498236358165741,0.29060521721839905,,,
2240,9,1,,,,,,,,0.053262874484062195,0.2300822138786316,0.06783860176801682,,,
2241,0,2,,,,,,,,0.09977530688047409,0.0518810972571373,0.18807761371135712,,,
2242,2,2,4,0.11475409836065574,0.3509933774834437,0.4068965517241379,0.41882678866386414,0.8101560473442078,0.6039241552352905,0.3777059018611908,0.043054718524217606,0.358026385307312,0.5051780343055725,0.03934642672538757,0.22468136250972748
2243,3,3,3,0.6451612903225806,0.48905109489051096,0.05154639175257732,0.8564692139625549,0.8838819265365601,0.1750066578388214,0.16016121208667755,0.3903760612010956,0.1181936115026474,0.13802099227905273,0.36320817470550537,0.14075346291065216
2244,9,9,,,,,,,,0.6274538636207581,0.2917102575302124,0.18885298073291779,,,
2245,8,8,0,0.030303030303030304,0.632,0.1724137931034483,0.1290993094444275,0.8735025525093079,0.2404426634311676,0.6246151924133301,0.32319119572639465,0.04723050445318222,0.3156999945640564,0.24889439344406128,0.004928985144942999
2246,9,1,,,,,,,,0.017299028113484383,0.14760169386863708,0.020011654123663902,,,
2247,5,5,,,,,,,,0.3888246417045593,0.13955900073051453,0.05107291787862778,,,
2248,0,8,,,,,,,,0.04726767539978027,0.08290912955999374,0.044607918709516525,,,
2249,0,0,,,,,,,,0.5212998986244202,0.3792782127857208,0.9370207786560059,,,
2250,7,7,3,0.5648854961832062,0.5223880597014925,0.275,0.9204791784286499,0.9037810564041138,0.5254909992218018,0.052995502948760986,0.030765214934945107,0.04014900326728821,0.006631563417613506,0.00916431937366724,0.002893117954954505
2251,6,6,6,0.6859504132231405,0.5454545454545454,0.13966480446927373,0.9743396639823914,0.8691426515579224,0.3744457960128784,0.06312569230794907,0.16100329160690308,0.0295670535415411,0.07804073393344879,0.07790974527597427,0.030900390818715096
2252,3,3,,,,,,,,0.43141427636146545,0.5200887322425842,0.29766595363616943,,,
2253,3,3,3,0.8378378378378378,0.7,0.1791907514450867,0.9936881065368652,0.9188934564590454,0.3127748668193817,0.16943730413913727,0.14540807902812958,0.32043030858039856,0.2061408907175064,0.13494057953357697,0.40143996477127075
2254,8,8,,,,,,,,0.7871193885803223,0.07567326724529266,0.39467549324035645,,,
2255,1,1,,,,,,,,0.11864295601844788,0.19843155145645142,0.16851450502872467,,,
2256,4,4,,,,,,,,0.11671276390552521,0.1681884378194809,0.25021591782569885,,,
2257,0,0,,,,,,,,0.4951552450656891,0.4517867863178253,0.9473921060562134,,,
2258,1,1,,,,,,,,0.36693623661994934,0.44470199942588806,0.5707533955574036,,,
2259,5,5,,,,,,,,0.21045896410942078,0.0864865779876709,0.08812030404806137,,,
2260,4,4,,,,,,,,0.3808954656124115,0.3645966351032257,0.18809965252876282,,,
2261,3,3,,,,,,,,0.462293416261673,0.32886770367622375,0.19058793783187866,,,
2262,2,4,,,,,,,,0.07258784770965576,0.0784900113940239,0.10070756077766418,,,
2263,6,6,,,,,,,,0.44696223735809326,0.5774756669998169,0.14969319105148315,,,
2264,0,0,,,,,,,,0.359032541513443,0.3874720335006714,0.5762165188789368,,,
2265,8,8,,,,,,,,0.5769148468971252,0.31103816628456116,0.21650151908397675,,,
2266,8,8,,,,,,,,0.35848578810691833,0.19917473196983337,0.17791499197483063,,,
2267,6,6,3,0.4041095890410959,0.5338345864661654,0.45714285714285713,0.6683641076087952,0.815158486366272,0.6674264669418335,0.1519775092601776,0.4733400344848633,0.10012346506118774,0.01069319061934948,0.30334481596946716,0.014935963787138462
2268,3,3,,,,,,,,0.24099841713905334,0.17052613198757172,0.3260056674480438,,,
2269,3,3,,,,,,,,0.4105639159679413,0.11386869102716446,0.3783896565437317,,,
2270,2,3,,,,,,,,0.33145976066589355,0.24710406363010406,0.1177334189414978,,,
2271,9,8,,,,,,,,0.19858615100383759,0.030467543751001358,0.05976875498890877,,,
2272,7,7,,,,,,,,0.39209434390068054,0.2504560351371765,0.2558338940143585,,,
2273,5,5,,,,,,,,0.4908396005630493,0.09359962493181229,0.0714123472571373,,,
2274,1,1,,,,,,,,0.38926535844802856,0.17483758926391602,0.3702869415283203,,,
2275,6,6,,,,,,,,0.2057434469461441,0.38376283645629883,0.14844274520874023,,,
2276,0,0,,,,,,,,0.7049198150634766,0.54627525806427,0.7660659551620483,,,
2277,5,5,,,,,,,,0.38516050577163696,0.08946748822927475,0.15529164671897888,,,
2278,9,9,,,,,,,,0.3425750732421875,0.2841952443122864,0.4086415469646454,,,
2279,9,9,,,,,,,,0.47691383957862854,0.24851346015930176,0.2836672365665436,,,
2280,4,4,,,,,,,,0.08847977221012115,0.04843153432011604,0.03197905793786049,,,
2281,5,5,,,,,,,,0.1837347149848938,0.05963698402047157,0.06000032648444176,,,
2282,9,9,,,,,,,,0.042359575629234314,0.07226383686065674,0.025584500283002853,,,
2283,4,5,,,,,,,,0.09773477166891098,0.10959388315677643,0.17551691830158234,,,
2284,8,8,,,,,,,,0.3433116376399994,0.08198186755180359,0.034927140921354294,,,
2285,3,5,,,,,,,,0.10468342155218124,0.033593643456697464,0.2000245451927185,,,
2286,3,4,,,,,,,,0.17222893238067627,0.03368417173624039,0.032847434282302856,,,
2287,2,2,,,,,,,,0.7086647152900696,0.4203750491142273,0.30975985527038574,,,
2288,5,5,,,,,,,,0.34586697816848755,0.06859929859638214,0.0371122732758522,,,
2289,1,1,,,,,,,,0.48817354440689087,0.2072955220937729,0.3166695833206177,,,
2290,9,9,,,,,,,,0.4268255829811096,0.22239530086517334,0.31041228771209717,,,
2291,5,5,,,,,,,,0.2904188334941864,0.09379485249519348,0.12417169660329819,,,
2292,5,5,3,0.4166666666666667,0.3972602739726027,0.3972602739726027,0.8508650064468384,0.8393795490264893,0.4756990671157837,0.0728924572467804,0.027517424896359444,0.18884144723415375,0.07115905731916428,0.05704142153263092,0.014243779703974724
2293,8,1,,,,,,,,0.026684241369366646,0.023447509855031967,0.021353306248784065,,,
2294,1,1,,,,,,,,0.20127011835575104,0.049697406589984894,0.13545788824558258,,,
2295,8,8,,,,,,,,0.5242940783500671,0.16063687205314636,0.2191908210515976,,,
2296,9,9,,,,,,,,0.6028046011924744,0.2063930183649063,0.33707571029663086,,,
2297,7,7,,,,,,,,0.13427099585533142,0.07929928600788116,0.3498418927192688,,,
2298,0,0,,,,,,,,0.5135916471481323,0.5516753196716309,0.6414881944656372,,,
2299,6,3,,,,,,,,0.2005428522825241,0.2969583570957184,0.28098246455192566,,,
2300,3,3,,,,,,,,0.07600382715463638,0.18469995260238647,0.01876967027783394,,,
2301,2,2,5,0.59375,0.4166666666666667,0.3076923076923077,0.7641512155532837,0.7742727994918823,0.3842850625514984,0.25182822346687317,0.23049458861351013,0.1610700935125351,0.42495617270469666,0.30288904905319214,0.041173290461301804
2302,0,0,,,,,,,,0.32067567110061646,0.35871821641921997,0.7599814534187317,,,
2303,2,2,,,,,,,,0.43484196066856384,0.27912983298301697,0.48291295766830444,,,
2304,6,6,,,,,,,,0.15964531898498535,0.6867901086807251,0.18144701421260834,,,
2305,9,9,,,,,,,,0.1471581906080246,0.026746083050966263,0.05687259882688522,,,
2306,3,3,,,,,,,,0.48801806569099426,0.25472551584243774,0.14816166460514069,,,
2307,9,9,,,,,,,,0.40642261505126953,0.1559022217988968,0.22023814916610718,,,
2308,1,1,,,,,,,,0.2640266716480255,0.2159765213727951,0.27799683809280396,,,
2309,6,6,3,0.7288135593220338,0.43661971830985913,0.10869565217391304,0.922971248626709,0.8222224712371826,0.2867119014263153,0.02749783545732498,0.08073486387729645,0.04257670417428017,0.004835187923163176,0.3036612868309021,0.0011153691448271275
2310,6,6,,,,,,,,0.07284507155418396,0.4822889566421509,0.12435484677553177,,,
2311,7,7,,,,,,,,0.22584168612957,0.06239059194922447,0.23912844061851501,,,
2312,2,2,,,,,,,,0.5553411245346069,0.21433287858963013,0.16809390485286713,,,
2313,6,6,,,,,,,,0.16811387240886688,0.1619662046432495,0.1992507427930832,,,
2314,3,3,,,,,,,,0.0711684301495552,0.08511749655008316,0.17875075340270996,,,
2315,2,2,,,,,,,,0.3252548277378082,0.4954518675804138,0.15303601324558258,,,
2316,5,5,,,,,,,,0.26023197174072266,0.17619170248508453,0.22132094204425812,,,
2317,5,5,,,,,,,,0.05844930559396744,0.05552682280540466,0.07934466749429703,,,
2318,2,2,,,,,,,,0.7402979731559753,0.2223518341779709,0.16247916221618652,,,
2319,7,7,,,,,,,,0.18297341465950012,0.07960021495819092,0.2540065348148346,,,
2320,5,5,5,0.7894736842105263,0.6721311475409836,0.7739130434782608,0.9944127798080444,0.94402676820755,0.4196273684501648,0.1298661231994629,0.03702283278107643,0.08460760116577148,0.15115612745285034,0.033699654042720795,0.06861542910337448
2321,2,2,2,0.3877551020408163,0.5,0.48905109489051096,0.9314590096473694,0.865657389163971,0.6919338703155518,0.24932774901390076,0.06605899333953857,0.1725206971168518,0.13296890258789062,0.06558482348918915,0.4691573679447174
2322,0,0,,,,,,,,0.29796281456947327,0.45741939544677734,0.9165854454040527,,,
2323,8,8,,,,,,,,0.4250240921974182,0.034826114773750305,0.10685636848211288,,,
2324,0,0,,,,,,,,0.2875325083732605,0.17791587114334106,0.6843950748443604,,,
2325,7,7,7,0.8214285714285714,0.5223880597014925,0.6062992125984252,0.9877346158027649,0.90623939037323,0.8680206537246704,0.11821382492780685,0.034925419837236404,0.11571329087018967,0.10062700510025024,0.06524927914142609,0.07592906057834625
2326,7,7,,,,,,,,0.2420412302017212,0.4463081955909729,0.4258435070514679,,,
2327,1,1,,,,,,,,0.2171752005815506,0.12121844291687012,0.17778855562210083,,,
2328,7,7,,,,,,,,0.4952283501625061,0.23732753098011017,0.4725474715232849,,,
2329,4,4,,,,,,,,0.2540288269519806,0.3498702645301819,0.36845558881759644,,,
2330,0,0,,,,,,,,0.25981658697128296,0.2235247641801834,0.8847060799598694,,,
2331,2,4,,,,,,,,0.3025572896003723,0.1851649433374405,0.08286276459693909,,,
2332,2,2,,,,,,,,0.7021578550338745,0.05269332602620125,0.6430491209030151,,,
2333,6,6,,,,,,,,0.42129644751548767,0.7083228826522827,0.25374162197113037,,,
2334,1,1,,,,,,,,0.4400382339954376,0.1903429627418518,0.2405610978603363,,,
2335,5,2,,,,,,,,0.6523255109786987,0.1486816555261612,0.1235661581158638,,,
2336,9,9,,,,,,,,0.2714884281158447,0.20412610471248627,0.4104277789592743,,,
2337,7,7,,,,,,,,0.29258257150650024,0.14380624890327454,0.13738226890563965,,,
2338,6,6,,,,,,,,0.1912527233362198,0.28415513038635254,0.2151096910238266,,,
2339,2,2,2,0.9245283018867925,0.5338345864661654,0.8378378378378378,0.9973984956741333,0.9225825071334839,0.7186948657035828,0.4839268624782562,0.12497296929359436,0.2688899338245392,0.6054163575172424,0.21567736566066742,0.08558939397335052
2340,7,7,,,,,,,,0.23339825868606567,0.1330011785030365,0.28298571705818176,,,
2341,0,0,,,,,,,,0.7714954018592834,0.5986976623535156,0.9214940667152405,,,
2342,5,5,,,,,,,,0.555994987487793,0.15932925045490265,0.386334627866745,,,
2343,6,6,6,0.5,0.5338345864661654,0.3783783783783784,0.9827545881271362,0.8897272348403931,0.6835867166519165,0.18466301262378693,0.5469027161598206,0.07386980205774307,0.29350224137306213,0.5881721377372742,0.11124525964260101
2344,0,0,,,,,,,,0.5823308229446411,0.7342172861099243,0.2800087630748749,,,
2345,1,1,,,,,,,,0.6256596446037292,0.08749976754188538,0.1948615461587906,,,
2346,1,1,,,,,,,,0.35121938586235046,0.10465328395366669,0.08253056555986404,,,
2347,8,8,,,,,,,,0.5485429763793945,0.1342276781797409,0.19837304949760437,,,
2348,4,4,,,,,,,,0.09682516753673553,0.07424674928188324,0.03741232305765152,,,
2349,5,5,,,,,,,,0.09668704867362976,0.0823235809803009,0.0371040515601635,,,
2350,3,0,,,,,,,,0.2938762605190277,0.44498854875564575,0.4792207181453705,,,
2351,1,1,,,,,,,,0.132086843252182,0.13839201629161835,0.1598387211561203,,,
2352,2,2,3,0.6859504132231405,0.4068965517241379,0.5813953488372093,0.8291257619857788,0.7942297458648682,0.662157416343689,0.07794398069381714,0.04820369929075241,0.12300540506839752,0.2656504809856415,0.09818089753389359,0.10490479320287704
2353,4,4,,,,,,,,0.3726254999637604,0.2757917046546936,0.35171183943748474,,,
2354,8,8,,,,,,,,0.5177611112594604,0.055469926446676254,0.27381595969200134,,,
2355,9,0,,,,,,,,0.264607310295105,0.41415172815322876,0.17036856710910797,,,
2356,8,8,,,,,,,,0.3718089759349823,0.05782492831349373,0.16551454365253448,,,
2357,1,1,,,,,,,,0.3264315128326416,0.20417970418930054,0.256751149892807,,,
2358,7,7,,,,,,,,0.08475114405155182,0.06200293079018593,0.09703713655471802,,,
2359,2,2,,,,,,,,0.4801965355873108,0.3966484069824219,0.38356471061706543,,,
2360,7,7,,,,,,,,0.13765478134155273,0.035401489585638046,0.09861002117395401,,,
2361,2,2,,,,,,,,0.3231924772262573,0.03459179773926735,0.15447786450386047,,,
2362,3,3,2,0.25925925925925924,0.5223880597014925,0.2670807453416149,0.7863878607749939,0.8527428507804871,0.6470679640769958,0.13108868896961212,0.08000276982784271,0.09386619925498962,0.12183940410614014,0.07256713509559631,0.0021510112565010786
2363,2,2,,,,,,,,0.12747880816459656,0.11038375645875931,0.29955005645751953,,,
2364,6,6,,,,,,,,0.3568018078804016,0.6150088310241699,0.15928532183170319,,,
2365,7,7,,,,,,,,0.26077398657798767,0.13794443011283875,0.34671980142593384,,,
2366,9,9,,,,,,,,0.29154419898986816,0.08085187524557114,0.11502644419670105,,,
2367,4,4,,,,,,,,0.29728949069976807,0.14086145162582397,0.2895044684410095,,,
2368,0,0,,,,,,,,0.9084079265594482,0.6396909952163696,0.7504554390907288,,,
2369,1,1,,,,,,,,0.3870772421360016,0.1724386364221573,0.11856190860271454,,,
2370,0,0,,,,,,,,0.4848243296146393,0.6840330362319946,0.9556698799133301,,,
2371,4,4,,,,,,,,0.09207543730735779,0.20430754125118256,0.07144706696271896,,,
2372,5,5,5,0.6190476190476191,0.5813953488372093,0.34210526315789475,0.9780953526496887,0.9198843836784363,0.6023463010787964,0.04283849895000458,0.12594211101531982,0.02810445986688137,0.04074038937687874,0.1450607180595398,0.025109633803367615
2373,0,0,,,,,,,,0.5715269446372986,0.8539846539497375,0.965756893157959,,,
2374,8,8,,,,,,,,0.6967156529426575,0.10192281007766724,0.23246097564697266,,,
2375,0,0,,,,,,,,0.3127785921096802,0.4999907910823822,0.5644797682762146,,,
2376,7,7,,,,,,,,0.22129306197166443,0.031055327504873276,0.1884295642375946,,,
2377,6,6,,,,,,,,0.04403042048215866,0.2151907980442047,0.14971886575222015,,,
2378,1,1,,,,,,,,0.3335803747177124,0.33926624059677124,0.11693542450666428,,,
2379,0,0,0,0.6190476190476191,0.5454545454545454,0.2670807453416149,0.9605001211166382,0.8753147125244141,0.610586404800415,0.48095956444740295,0.2574766278266907,0.7258849143981934,0.5154103636741638,0.3460557162761688,0.8214683532714844
2380,8,8,,,,,,,,0.7577979564666748,0.027252228930592537,0.0890091136097908,,,
2381,5,5,,,,,,,,0.15217812359333038,0.08478959649801254,0.220961794257164,,,
2382,9,9,,,,,,,,0.3246906101703644,0.17723920941352844,0.180888369679451,,,
2383,2,2,,,,,,,,0.048536621034145355,0.10688463598489761,0.026942620053887367,,,
2384,5,5,,,,,,,,0.2209271937608719,0.04844953492283821,0.037048641592264175,,,
2385,4,4,,,,,,,,0.2302313894033432,0.2273588329553604,0.386583536863327,,,
2386,4,4,4,0.3972602739726027,0.5813953488372093,0.5223880597014925,0.9717560410499573,0.8848557472229004,0.6479179859161377,0.09805860370397568,0.08760471642017365,0.0959053561091423,0.08789235353469849,0.1211143434047699,0.029321059584617615
2387,9,9,,,,,,,,0.0799347534775734,0.042469147592782974,0.07742252945899963,,,
2388,0,0,,,,,,,,0.7483445405960083,0.4856290817260742,0.9788170456886292,,,
2389,6,6,,,,,,,,0.11800520867109299,0.5502249598503113,0.08756239712238312,,,
2390,1,1,,,,,,,,0.4569491744041443,0.18475472927093506,0.387116014957428,,,
2391,2,2,,,,,,,,0.19092611968517303,0.33479470014572144,0.140638068318367,,,
2392,5,5,,,,,,,,0.2712039649486542,0.0676087811589241,0.062334369868040085,,,
2393,1,1,,,,,,,,0.3830302655696869,0.500397264957428,0.18534602224826813,,,
2394,6,5,,,,,,,,0.17771753668785095,0.09603195637464523,0.02704164758324623,,,
2395,7,7,,,,,,,,0.18692806363105774,0.049343958497047424,0.027090366929769516,,,
2396,1,1,,,,,,,,0.3537081480026245,0.18230120837688446,0.061927299946546555,,,
2397,5,5,,,,,,,,0.050856657326221466,0.0764065533876419,0.15296150743961334,,,
2398,8,8,8,0.6451612903225806,0.6721311475409836,0.24390243902439024,0.9805622100830078,0.9201235771179199,0.7590216398239136,0.587207019329071,0.17386651039123535,0.12686307728290558,0.7194076180458069,0.1902698576450348,0.21739375591278076
2399,8,8,,,,,,,,0.5951191782951355,0.20176970958709717,0.1765381395816803,,,
2400,0,0,,,,,,,,0.602384090423584,0.8136664032936096,0.8217365741729736,,,
2401,3,3,,,,,,,,0.10111260414123535,0.30940479040145874,0.07874152064323425,,,
2402,9,9,,,,,,,,0.4284895956516266,0.18914927542209625,0.12309299409389496,,,
2403,4,4,,,,,,,,0.08802452683448792,0.1469651758670807,0.0747607871890068,,,
2404,0,0,,,,,,,,0.2955999970436096,0.29456090927124023,0.22362452745437622,,,
2405,3,6,,,,,,,,0.20484912395477295,0.48852646350860596,0.20804864168167114,,,
2406,4,4,,,,,,,,0.1142752468585968,0.3422718346118927,0.279063880443573,,,
2407,9,9,,,,,,,,0.34557005763053894,0.10739769041538239,0.2468128204345703,,,
2408,2,2,,,,,,,,0.579972505569458,0.5574077367782593,0.2446090281009674,,,
2409,4,4,2,0.45714285714285713,0.5223880597014925,0.19298245614035087,0.9658204317092896,0.879535436630249,0.5979317426681519,0.023473305627703667,0.4971013367176056,0.0940023809671402,0.03531300649046898,0.4845856726169586,0.039729416370391846
2410,3,3,,,,,,,,0.3592689037322998,0.6534451842308044,0.4272739291191101,,,
2411,0,0,,,,,,,,0.26800039410591125,0.31438136100769043,0.6469341516494751,,,
2412,6,6,6,0.632,0.5813953488372093,0.5223880597014925,0.8594911098480225,0.8956682682037354,0.6975226402282715,0.19613702595233917,0.48043951392173767,0.32263174653053284,0.22286561131477356,0.4170584976673126,0.18049144744873047
2413,4,6,,,,,,,,0.08593876659870148,0.32149437069892883,0.06316864490509033,,,
2414,5,5,,,,,,,,0.4296269714832306,0.05678524076938629,0.09323888272047043,,,
2415,6,6,,,,,,,,0.1525302529335022,0.4714394509792328,0.09459192305803299,,,
2416,6,6,,,,,,,,0.19692663848400116,0.5276320576667786,0.26433610916137695,,,
2417,7,7,,,,,,,,0.1401757448911667,0.07811994850635529,0.17367704212665558,,,
2418,8,8,,,,,,,,0.6063804626464844,0.08431084454059601,0.08036736398935318,,,
2419,4,4,,,,,,,,0.0910010114312172,0.16904832422733307,0.1628326028585434,,,
2420,8,8,,,,,,,,0.24110886454582214,0.19816702604293823,0.2345244437456131,,,
2421,8,8,0,0.44680851063829785,0.6451612903225806,0.7739130434782608,0.8168225884437561,0.9267675280570984,0.6667553186416626,0.17181243002414703,0.11595675349235535,0.10387109220027924,0.019732361659407616,0.016296355053782463,0.04902975261211395
2422,3,7,,,,,,,,0.023361943662166595,0.020637147128582,0.018737871199846268,,,
2423,2,2,3,0.4676258992805755,0.632,0.4676258992805755,0.8762882947921753,0.8858988881111145,0.7300307750701904,0.5635262727737427,0.2709798514842987,0.2582331895828247,0.5399916172027588,0.127592071890831,0.1489707976579666
2424,8,8,,,,,,,,0.599997341632843,0.0924719050526619,0.2156016081571579,,,
2425,0,0,,,,,,,,0.18263138830661774,0.6092685461044312,0.2746679484844208,,,
2426,2,2,,,,,,,,0.20102877914905548,0.15439972281455994,0.3440712094306946,,,
2427,5,5,3,0.10869565217391304,0.4166666666666667,0.29936305732484075,0.8832817077636719,0.8617082238197327,0.3440316319465637,0.3136802315711975,0.03023395501077175,0.10908406227827072,0.014785929583013058,0.0063832784071564674,0.10052245110273361
2428,6,6,,,,,,,,0.2009662687778473,0.5275487899780273,0.045151546597480774,,,
2429,8,8,,,,,,,,0.34242352843284607,0.11499879509210587,0.2639191150665283,,,
2430,7,7,,,,,,,,0.24721495807170868,0.1595216989517212,0.13492660224437714,,,
2431,8,8,,,,,,,,0.46985235810279846,0.06806374341249466,0.2564135193824768,,,
2432,9,9,,,,,,,,0.14313514530658722,0.13474848866462708,0.07676167786121368,,,
2433,9,9,,,,,,,,0.438323050737381,0.21929357945919037,0.31507185101509094,,,
2434,0,0,,,,,,,,0.38438501954078674,0.7252126932144165,0.9796504974365234,,,
2435,6,0,,,,,,,,0.19457626342773438,0.34342339634895325,0.05402106046676636,,,
2436,6,6,,,,,,,,0.36608678102493286,0.6466833353042603,0.16501443088054657,,,
2437,8,8,,,,,,,,0.6994024515151978,0.193264901638031,0.2431790977716446,,,
2438,1,1,,,,,,,,0.10117305815219879,0.04506893455982208,0.0895126536488533,,,
2439,1,1,,,,,,,,0.7755148410797119,0.13084334135055542,0.4111897647380829,,,
2440,7,7,,,,,,,,0.05194371938705444,0.025919781997799873,0.06285639852285385,,,
2441,4,4,,,,,,,,0.13482944667339325,0.13334313035011292,0.15006917715072632,,,
2442,4,4,,,,,,,,0.19266851246356964,0.3954952657222748,0.19099393486976624,,,
2443,2,2,,,,,,,,0.39781978726387024,0.11655917763710022,0.2936091423034668,,,
2444,3,3,,,,,,,,0.12452876567840576,0.11122766882181168,0.28303492069244385,,,
2445,6,6,,,,,,,,0.727496862411499,0.8229535818099976,0.3022097647190094,,,
2446,9,9,,,,,,,,0.28616395592689514,0.3219497799873352,0.2048639953136444,,,
2447,6,6,,,,,,,,0.0975588783621788,0.49799224734306335,0.044645581394433975,,,
2448,2,2,,,,,,,,0.5392588376998901,0.5616887211799622,0.28905683755874634,,,
2449,4,4,,,,,,,,0.20273864269256592,0.15520480275154114,0.0858391672372818,,,
2450,1,1,,,,,,,,0.5460532903671265,0.20097339153289795,0.5453239679336548,,,
2451,8,8,,,,,,,,0.35703691840171814,0.19845078885555267,0.2664920389652252,,,
2452,2,2,,,,,,,,0.21676355600357056,0.2882998585700989,0.15090234577655792,,,
2453,3,3,,,,,,,,0.12153355777263641,0.14778199791908264,0.13516080379486084,,,
2454,1,1,,,,,,,,0.23036763072013855,0.05836768075823784,0.3481252193450928,,,
2455,6,3,,,,,,,,0.09453289955854416,0.3868604004383087,0.288781076669693,,,
2456,8,8,,,,,,,,0.29601529240608215,0.10899335145950317,0.04092054069042206,,,
2457,6,6,,,,,,,,0.2050684094429016,0.6165051460266113,0.15123134851455688,,,
2458,8,8,,,,,,,,0.6510403156280518,0.17332357168197632,0.23086892068386078,,,
2459,5,5,5,0.5111111111111111,0.7,0.5223880597014925,0.9561472535133362,0.931212306022644,0.38897785544395447,0.3953762352466583,0.18303799629211426,0.1264069676399231,0.4904543161392212,0.15118341147899628,0.17634353041648865
2460,9,9,,,,,,,,0.3713482618331909,0.16021795570850372,0.17303310334682465,,,
2461,0,0,,,,,,,,0.3586578369140625,0.4280240535736084,0.5625978708267212,,,
2462,1,1,,,,,,,,0.2582036554813385,0.3209306597709656,0.37839841842651367,,,
2463,0,0,0,0.03553299492385787,0.44680851063829785,0.2670807453416149,0.8184775114059448,0.8618091344833374,0.6749616861343384,0.36424314975738525,0.5685126781463623,0.5613644123077393,0.3078839182853699,0.5954340696334839,0.2544865310192108
2464,2,2,,,,,,,,0.6548807621002197,0.290922075510025,0.21145643293857574,,,
2465,9,9,,,,,,,,0.027320990338921547,0.19604100286960602,0.11913322657346725,,,
2466,2,2,0,0.7,0.5,0.3783783783783784,0.9363779425621033,0.8824671506881714,0.5061391592025757,0.4516982436180115,0.10800669342279434,0.11159566789865494,0.38347524404525757,0.12481335550546646,0.11835257709026337
2467,9,9,,,,,,,,0.21372126042842865,0.2750519812107086,0.25554323196411133,,,
2468,0,0,0,0.632,0.5572519083969466,0.2,0.9831292033195496,0.8613111972808838,0.5342122912406921,0.1825384944677353,0.578953742980957,0.47718602418899536,0.1229652464389801,0.431257426738739,0.2730129063129425
2469,9,9,,,,,,,,0.1434180587530136,0.1288195252418518,0.1247226670384407,,,
2470,7,7,,,,,,,,0.11716008186340332,0.3140881657600403,0.18316136300563812,,,
2471,8,8,,,,,,,,0.49410444498062134,0.2888198792934418,0.258553147315979,,,
2472,5,5,,,,,,,,0.07722258567810059,0.05422406643629074,0.034259527921676636,,,
2473,0,0,,,,,,,,0.4187789559364319,0.7007191181182861,0.9511285424232483,,,
2474,6,6,,,,,,,,0.2550208568572998,0.2636438310146332,0.16199558973312378,,,
2475,6,6,,,,,,,,0.1508377194404602,0.541820764541626,0.23774489760398865,,,
2476,8,8,,,,,,,,0.67144775390625,0.08505330234766006,0.4553931951522827,,,
2477,1,1,,,,,,,,0.3981611728668213,0.31520187854766846,0.13243980705738068,,,
2478,6,6,,,,,,,,0.1282901167869568,0.5120614767074585,0.16588765382766724,,,
2479,5,5,,,,,,,,0.0759701281785965,0.10997001081705093,0.03147684410214424,,,
2480,8,8,,,,,,,,0.36162516474723816,0.213271364569664,0.1426730901002884,,,
2481,7,7,4,0.9428571428571428,0.6721311475409836,0.2830188679245283,0.9883939027786255,0.9427950382232666,0.7498444318771362,0.028611788526177406,0.026221811771392822,0.10020659118890762,0.012069480493664742,0.08423623442649841,0.07224441319704056
2482,9,9,,,,,,,,0.13007476925849915,0.06686848402023315,0.0860784500837326,,,
2483,2,2,,,,,,,,0.5611635446548462,0.44788604974746704,0.2425626963376999,,,
2484,1,1,,,,,,,,0.46338504552841187,0.3497856855392456,0.3046524226665497,,,
2485,6,6,,,,,,,,0.4492321014404297,0.5758528113365173,0.28454720973968506,,,
2486,7,7,5,0.2670807453416149,0.4068965517241379,0.2215568862275449,0.7603209614753723,0.7698127031326294,0.54526686668396,0.05459665507078171,0.028443198651075363,0.06158895418047905,0.04409712925553322,0.041970331221818924,0.10167095065116882
2487,5,5,,,,,,,,0.18088461458683014,0.09164699167013168,0.208420529961586,,,
2488,6,6,,,,,,,,0.3523939847946167,0.528010904788971,0.0837656706571579,,,
2489,3,3,,,,,,,,0.1965809315443039,0.2746281027793884,0.0499044694006443,,,
2490,0,2,,,,,,,,0.14968308806419373,0.12945730984210968,0.08804433792829514,,,
2491,9,9,,,,,,,,0.21502868831157684,0.19088001549243927,0.3829442262649536,,,
2492,8,8,,,,,,,,0.08810350298881531,0.13315625488758087,0.11259406805038452,,,
2493,9,9,,,,,,,,0.6265366673469543,0.1098255068063736,0.5413656830787659,,,
2494,5,5,3,0.04060913705583756,0.7,0.36,0.2617381513118744,0.9078827500343323,0.6838279962539673,0.06880367547273636,0.03141338378190994,0.10307581722736359,0.020972520112991333,0.008912090212106705,0.03177483007311821
2495,9,8,,,,,,,,0.09125442057847977,0.04518136382102966,0.07564425468444824,,,
2496,9,9,9,0.48905109489051096,0.7,0.4782608695652174,0.936750590801239,0.9298635721206665,0.6870895028114319,0.06699692457914352,0.05320638418197632,0.03777281567454338,0.12705503404140472,0.05086278170347214,0.07612496614456177
2497,9,9,,,,,,,,0.3568668067455292,0.026697834953665733,0.16110682487487793,,,
2498,3,3,,,,,,,,0.23463480174541473,0.3071479797363281,0.5069565773010254,,,
2499,6,6,,,,,,,,0.1086714118719101,0.16116517782211304,0.1322934478521347,,,
2500,4,4,,,,,,,,0.4295525848865509,0.2388431429862976,0.16352659463882446,,,
2501,4,4,,,,,,,,0.187964528799057,0.2585085928440094,0.22354339063167572,,,
2502,8,8,,,,,,,,0.595878005027771,0.11950429528951645,0.3887706995010376,,,
2503,8,8,,,,,,,,0.7004259824752808,0.08672405779361725,0.1824941486120224,,,
2504,1,1,,,,,,,,0.21305331587791443,0.2980348765850067,0.06867838650941849,,,
2505,7,0,,,,,,,,0.08146466314792633,0.22567395865917206,0.25950634479522705,,,
2506,3,3,,,,,,,,0.11625485122203827,0.47481104731559753,0.20723599195480347,,,
2507,0,0,0,0.5223880597014925,0.59375,0.2911392405063291,0.9879187941551208,0.9379593729972839,0.2688658833503723,0.2347833663225174,0.4040125608444214,0.7539433240890503,0.2386097013950348,0.31314870715141296,0.6174976229667664
2508,6,6,,,,,,,,0.32671424746513367,0.2868572473526001,0.13537976145744324,,,
2509,2,6,,,,,,,,0.017665034160017967,0.35646918416023254,0.11318162828683853,,,
2510,4,4,,,,,,,,0.3106488585472107,0.2980654537677765,0.27456194162368774,,,
2511,8,1,,,,,,,,0.026678703725337982,0.04434027522802353,0.06853416562080383,,,
2512,2,2,,,,,,,,0.802401602268219,0.03125026077032089,0.6272651553153992,,,
2513,2,2,,,,,,,,0.6746866106987,0.46825385093688965,0.8021846413612366,,,
2514,9,9,,,,,,,,0.12062420696020126,0.15937069058418274,0.12424622476100922,,,
2515,2,2,,,,,,,,0.6800990104675293,0.05338532477617264,0.539596676826477,,,
2516,2,2,3,0.25153374233128833,0.3783783783783784,0.36,0.599818766117096,0.8520385026931763,0.39388325810432434,0.17873229086399078,0.21713396906852722,0.4724442958831787,0.11011949181556702,0.1152634248137474,0.158696711063385
2517,9,9,,,,,,,,0.07591106742620468,0.17996534705162048,0.3644528388977051,,,
2518,7,7,,,,,,,,0.07976284623146057,0.027734356001019478,0.04394378513097763,,,
2519,4,4,,,,,,,,0.27432534098625183,0.2999574840068817,0.3334243595600128,,,
2520,1,1,,,,,,,,0.24863123893737793,0.34881603717803955,0.1788676232099533,,,
2521,9,9,9,0.7142857142857143,0.6451612903225806,0.2215568862275449,0.9715163707733154,0.8811300992965698,0.40370410680770874,0.11099845916032791,0.025964006781578064,0.05029000714421272,0.10486066341400146,0.02433728612959385,0.15774351358413696
2522,1,1,,,,,,,,0.2391936331987381,0.3157024383544922,0.2330980896949768,,,
2523,4,4,,,,,,,,0.06362060457468033,0.03177793323993683,0.06945594400167465,,,
2524,3,3,,,,,,,,0.1698518991470337,0.4823591709136963,0.17857231199741364,,,
2525,5,0,,,,,,,,0.3599299490451813,0.338024377822876,0.7102988362312317,,,
2526,3,6,,,,,,,,0.04875718429684639,0.4466535151004791,0.019863786175847054,,,
2527,8,8,,,,,,,,0.3775281608104706,0.06888071447610855,0.15963125228881836,,,
2528,9,9,,,,,,,,0.4526427388191223,0.15774737298488617,0.10642312467098236,,,
2529,3,3,,,,,,,,0.12164123356342316,0.44217488169670105,0.35988491773605347,,,
2530,6,2,,,,,,,,0.8813501596450806,0.07188601046800613,0.3947974145412445,,,
2531,2,2,,,,,,,,0.5150615572929382,0.3832462430000305,0.4033539891242981,,,
2532,0,0,0,0.632,0.5223880597014925,0.13966480446927373,0.9789882898330688,0.9450147151947021,0.36335548758506775,0.6332852840423584,0.6232889890670776,0.8523862361907959,0.4933362901210785,0.6107873916625977,0.6343262195587158
2533,8,8,,,,,,,,0.09458492696285248,0.08669451624155045,0.1958279013633728,,,
2534,9,9,,,,,,,,0.24269096553325653,0.16157293319702148,0.12779501080513,,,
2535,0,0,,,,,,,,0.5352752208709717,0.4025479257106781,0.6042854189872742,,,
2536,5,5,,,,,,,,0.15367354452610016,0.08849378675222397,0.28997984528541565,,,
2537,1,1,,,,,,,,0.4575854539871216,0.4050726890563965,0.4089003801345825,,,
2538,5,5,4,0.07368421052631578,0.5813953488372093,0.6062992125984252,0.6756191253662109,0.8796876668930054,0.37998494505882263,0.18314631283283234,0.11357061564922333,0.042509160935878754,0.0637783333659172,0.06801261752843857,0.002005768707022071
2539,8,8,,,,,,,,0.16559194028377533,0.028564440086483955,0.03680567815899849,,,
2540,2,2,,,,,,,,0.837234616279602,0.6840881109237671,0.5067186951637268,,,
2541,1,1,,,,,,,,0.7556207180023193,0.2739603817462921,0.5753113031387329,,,
2542,2,0,,,,,,,,0.20617368817329407,0.20107491314411163,0.6904457211494446,,,
2543,3,3,,,,,,,,0.10484027117490768,0.17204515635967255,0.21892178058624268,,,
2544,2,2,,,,,,,,0.4988321363925934,0.14515705406665802,0.37984853982925415,,,
2545,4,4,,,,,,,,0.2146027833223343,0.182338684797287,0.1752268671989441,,,
2546,8,8,,,,,,,,0.556350588798523,0.29170116782188416,0.24946768581867218,,,
2547,4,4,,,,,,,,0.08960256725549698,0.17170320451259613,0.07113553583621979,,,
2548,0,0,6,0.2670807453416149,0.7142857142857143,0.20710059171597633,0.8898199796676636,0.9051221609115601,0.7319309711456299,0.35789287090301514,0.32169270515441895,0.42832279205322266,0.3212723731994629,0.1689181625843048,0.229543074965477
2549,6,6,4,0.3691275167785235,0.2911392405063291,0.23636363636363636,0.4625059962272644,0.7092713117599487,0.4436919093132019,0.07014085352420807,0.45259857177734375,0.07011615484952927,0.12464794516563416,0.46430233120918274,0.015292135067284107
2550,4,4,,,,,,,,0.19082199037075043,0.17035311460494995,0.20653551816940308,,,
2551,2,2,,,,,,,,0.7423969507217407,0.14264410734176636,0.6094626784324646,,,
2552,9,9,,,,,,,,0.27218520641326904,0.2386174201965332,0.2957301139831543,,,
2553,8,8,,,,,,,,0.6568237543106079,0.1064939945936203,0.2969692647457123,,,
2554,4,4,,,,,,,,0.11834639310836792,0.2345607578754425,0.11815664917230606,,,
2555,7,7,,,,,,,,0.031650345772504807,0.07450556755065918,0.027436261996626854,,,
2556,6,6,,,,,,,,0.1801116019487381,0.32832151651382446,0.031786367297172546,,,
2557,2,2,,,,,,,,0.577193558216095,0.20896168053150177,0.13811279833316803,,,
2558,4,4,,,,,,,,0.2854597270488739,0.17426009476184845,0.10278315842151642,,,
2559,7,7,,,,,,,,0.18990346789360046,0.17935727536678314,0.148444265127182,,,
2560,7,7,,,,,,,,0.2804252505302429,0.04735729098320007,0.29522520303726196,,,
2561,6,6,,,,,,,,0.35400474071502686,0.6611851453781128,0.44346168637275696,,,
2562,4,4,3,0.5223880597014925,0.5572519083969466,0.6585365853658537,0.9649542570114136,0.8783966302871704,0.49633312225341797,0.3092341125011444,0.06064382568001747,0.17930318415164948,0.1979740709066391,0.047208014875650406,0.009865212254226208
2563,2,2,,,,,,,,0.49693307280540466,0.362650603055954,0.1462649405002594,,,
2564,2,2,,,,,,,,0.36577820777893066,0.27094972133636475,0.5591687560081482,,,
2565,3,3,,,,,,,,0.20597128570079803,0.37409472465515137,0.24923065304756165,,,
2566,2,2,,,,,,,,0.6200222373008728,0.15593396127223969,0.8456649780273438,,,
2567,4,4,2,0.1657142857142857,0.3246753246753247,0.5111111111111111,0.7909502983093262,0.7461830377578735,0.568271815776825,0.1864514946937561,0.3448827564716339,0.126125767827034,0.02576475404202938,0.18169118463993073,0.024192269891500473
2568,9,9,,,,,,,,0.3428656756877899,0.19550132751464844,0.14070002734661102,,,
2569,0,0,,,,,,,,0.6140243411064148,0.532605767250061,0.703059196472168,,,
2570,0,0,0,0.8378378378378378,0.5338345864661654,0.3246753246753247,0.9902801513671875,0.8570471405982971,0.6642637848854065,0.23857274651527405,0.41132882237434387,0.5767689943313599,0.1978750228881836,0.42952752113342285,0.4617634415626526
2571,9,9,,,,,,,,0.04292580485343933,0.050675321370363235,0.03329727426171303,,,
2572,6,6,,,,,,,,0.28640303015708923,0.6471028327941895,0.16315099596977234,,,
2573,5,5,3,0.3691275167785235,0.3333333333333333,0.25153374233128833,0.8644051551818848,0.8493520021438599,0.4303438663482666,0.13712680339813232,0.08790002763271332,0.07969364523887634,0.1763523519039154,0.05812794342637062,0.03189055249094963
2574,8,8,,,,,,,,0.30452948808670044,0.16876058280467987,0.2700992822647095,,,
2575,5,5,,,,,,,,0.11238997429609299,0.09303893148899078,0.12203262001276016,,,
2576,2,2,,,,,,,,0.5697770714759827,0.1685105264186859,0.6862121820449829,,,
2577,4,4,,,,,,,,0.1319129467010498,0.27095240354537964,0.12419470399618149,,,
2578,8,8,,,,,,,,0.299903005361557,0.11178362369537354,0.18656589090824127,,,
2579,8,8,,,,,,,,0.8433988690376282,0.30645760893821716,0.19050787389278412,,,
2580,6,3,,,,,,,,0.17218968272209167,0.056861698627471924,0.48275721073150635,,,
2581,4,4,,,,,,,,0.11982037127017975,0.13067138195037842,0.025573737919330597,,,
2582,5,5,,,,,,,,0.5856522917747498,0.033720068633556366,0.25591254234313965,,,
2583,7,7,,,,,,,,0.2763248383998871,0.25340113043785095,0.24830718338489532,,,
2584,6,6,,,,,,,,0.5160479545593262,0.41559016704559326,0.1296856701374054,,,
2585,3,3,,,,,,,,0.3229903280735016,0.21403531730175018,0.14896836876869202,,,
2586,7,4,,,,,,,,0.08079661428928375,0.08605378121137619,0.2619582414627075,,,
2587,0,0,,,,,,,,0.26642879843711853,0.6636776924133301,0.5529136061668396,,,
2588,4,4,,,,,,,,0.10518631339073181,0.07462643086910248,0.23124852776527405,,,
2589,0,0,,,,,,,,0.5681068897247314,0.38640397787094116,0.9581742286682129,,,
2590,5,3,,,,,,,,0.1089668720960617,0.275984525680542,0.1317983716726303,,,
2591,8,8,,,,,,,,0.6200522780418396,0.07730474323034286,0.1904657632112503,,,
2592,2,5,,,,,,,,0.15938453376293182,0.131828173995018,0.061963584274053574,,,
2593,8,8,,,,,,,,0.392627477645874,0.15082947909832,0.19974848628044128,,,
2594,0,0,,,,,,,,0.35344260931015015,0.5415200591087341,0.7231654524803162,,,
2595,4,4,,,,,,,,0.3052438199520111,0.11714359372854233,0.2569780945777893,,,
2596,9,9,,,,,,,,0.18856796622276306,0.1474510282278061,0.15570782124996185,,,
2597,2,2,2,0.8545454545454545,0.6451612903225806,0.5692307692307692,0.9869183301925659,0.9119142889976501,0.707152247428894,0.16431112587451935,0.04797475412487984,0.33927637338638306,0.3631322979927063,0.05233336240053177,0.150456964969635
2598,3,3,3,0.6062992125984252,0.7142857142857143,0.18604651162790697,0.9664049744606018,0.9258518218994141,0.5624048709869385,0.1323133409023285,0.3568151891231537,0.05046592280268669,0.2191774994134903,0.4712473154067993,0.07678505778312683
2599,6,6,6,0.7288135593220338,0.7,0.030303030303030304,0.9789857864379883,0.9102546572685242,0.4821961522102356,0.16156719624996185,0.07743705064058304,0.024355871602892876,0.14401520788669586,0.2292962372303009,0.10953528434038162
2600,8,8,,,,,,,,0.6518039107322693,0.2604054808616638,0.1886925846338272,,,
2601,1,1,,,,,,,,0.5477695465087891,0.22564971446990967,0.3349587321281433,,,
2602,6,6,,,,,,,,0.472805917263031,0.5399135947227478,0.6080963611602783,,,
2603,0,0,,,,,,,,0.19132797420024872,0.5881076455116272,0.759514331817627,,,
2604,8,8,,,,,,,,0.7004041075706482,0.1307268887758255,0.3432724177837372,,,
2605,4,4,,,,,,,,0.11662149429321289,0.1710856556892395,0.07767320424318314,,,
2606,3,3,,,,,,,,0.11795738339424133,0.4073849618434906,0.16474901139736176,,,
2607,1,1,,,,,,,,0.3128092586994171,0.27118226885795593,0.170942023396492,,,
2608,4,4,,,,,,,,0.1074635237455368,0.3695596754550934,0.09478968381881714,,,
2609,5,5,5,0.6585365853658537,0.59375,0.8214285714285714,0.9776068925857544,0.8945006728172302,0.7310467958450317,0.15175431966781616,0.03376700356602669,0.03916601091623306,0.1984819620847702,0.08815654367208481,0.11025486141443253
2610,2,2,,,,,,,,0.43706029653549194,0.2506875693798065,0.15224836766719818,,,
2611,4,4,,,,,,,,0.09975115954875946,0.08648467063903809,0.16388848423957825,,,
2612,3,5,,,,,,,,0.2168911099433899,0.09545020014047623,0.05317525565624237,,,
2613,6,6,,,,,,,,0.14192484319210052,0.4770987033843994,0.131219744682312,,,
2614,0,0,,,,,,,,0.5233644247055054,0.3183134198188782,0.6144963502883911,,,
2615,7,7,,,,,,,,0.36971768736839294,0.1572723239660263,0.27161288261413574,,,
2616,1,1,,,,,,,,0.1777270883321762,0.1849195659160614,0.08280392736196518,,,
2617,3,3,,,,,,,,0.24201521277427673,0.19783450663089752,0.2702793478965759,,,
2618,5,5,,,,,,,,0.14004668593406677,0.09307026118040085,0.11394152045249939,,,
2619,7,7,,,,,,,,0.2331261783838272,0.1904580146074295,0.21209441125392914,,,
2620,1,1,,,,,,,,0.3643064796924591,0.26989564299583435,0.07616075873374939,,,
2621,8,8,,,,,,,,0.39601632952690125,0.44367823004722595,0.41768157482147217,,,
2622,0,0,0,0.6451612903225806,0.5,0.3246753246753247,0.9332953691482544,0.8948318362236023,0.17987242341041565,0.16413766145706177,0.3458786606788635,0.21741251647472382,0.16272516548633575,0.4193137288093567,0.2370104193687439
2623,4,4,,,,,,,,0.2761419117450714,0.1842138171195984,0.1749427318572998,,,
2624,8,8,,,,,,,,0.09042004495859146,0.05070844665169716,0.09244641661643982,,,
2625,2,2,,,,,,,,0.5279727578163147,0.3053523600101471,0.22272248566150665,,,
2626,7,7,,,,,,,,0.2311977744102478,0.17978185415267944,0.18412543833255768,,,
2627,7,7,,,,,,,,0.37538084387779236,0.10455022007226944,0.31506234407424927,,,
2628,0,0,,,,,,,,0.5000477433204651,0.7291844487190247,0.8195649981498718,,,
2629,2,6,,,,,,,,0.10276386141777039,0.3087535798549652,0.033025920391082764,,,
2630,2,2,,,,,,,,0.5120507478713989,0.12623931467533112,0.192251056432724,,,
2631,4,4,,,,,,,,0.228102445602417,0.29993554949760437,0.2622087597846985,,,
2632,3,3,5,0.13333333333333333,0.25153374233128833,0.24390243902439024,0.16132381558418274,0.7444679737091064,0.6718905568122864,0.25026369094848633,0.27210021018981934,0.23475410044193268,0.11939342319965363,0.43181687593460083,0.200877383351326
2633,3,3,,,,,,,,0.1768604815006256,0.36979907751083374,0.23212245106697083,,,
2634,1,9,,,,,,,,0.0759294405579567,0.13192878663539886,0.10214431583881378,,,
2635,6,4,,,,,,,,0.24418364465236664,0.1865701675415039,0.0956328809261322,,,
2636,1,1,,,,,,,,0.46794113516807556,0.10491639375686646,0.07440964132547379,,,
2637,6,6,6,0.6190476190476191,0.5692307692307692,0.5111111111111111,0.9884486794471741,0.8958859443664551,0.7560007572174072,0.3215402066707611,0.6456573009490967,0.13798552751541138,0.3598267138004303,0.6039772629737854,0.23148977756500244
2638,4,4,,,,,,,,0.2233986258506775,0.37974464893341064,0.33791157603263855,,,
2639,6,6,,,,,,,,0.4438836872577667,0.5995121598243713,0.3137909173965454,,,
2640,7,7,,,,,,,,0.19975218176841736,0.14313535392284393,0.37123969197273254,,,
2641,4,4,,,,,,,,0.4717826545238495,0.19991198182106018,0.22952893376350403,,,
2642,7,7,7,0.8888888888888888,0.7288135593220338,0.7586206896551724,0.9865543842315674,0.9165207743644714,0.6412240266799927,0.07656892389059067,0.0740036591887474,0.02568907104432583,0.028626028448343277,0.08389304578304291,0.05355236679315567
2643,3,3,,,,,,,,0.2673555910587311,0.33509382605552673,0.1520891934633255,,,
2644,8,8,,,,,,,,0.2112167775630951,0.0371246337890625,0.16222621500492096,,,
2645,1,1,,,,,,,,0.34908056259155273,0.32581329345703125,0.2268121987581253,,,
2646,3,3,,,,,,,,0.23268376290798187,0.35742437839508057,0.16341447830200195,,,
2647,1,1,,,,,,,,0.20160138607025146,0.28425735235214233,0.17531530559062958,,,
2648,4,4,,,,,,,,0.19393163919448853,0.038185764104127884,0.17242132127285004,,,
2649,6,6,,,,,,,,0.17748361825942993,0.3439849317073822,0.21152222156524658,,,
2650,5,5,0,0.48905109489051096,0.5,0.8214285714285714,0.7158689498901367,0.8261103630065918,0.663489818572998,0.041412390768527985,0.029160480946302414,0.022835172712802887,0.012430811300873756,0.0022334540262818336,0.0013590850867331028
2651,5,5,0,0.6451612903225806,0.7,0.25925925925925924,0.9628568887710571,0.9245181083679199,0.5599710941314697,0.03980841487646103,0.03362082690000534,0.025944113731384277,0.04225714132189751,0.01810961775481701,0.033297549933195114
2652,7,7,,,,,,,,0.4685446321964264,0.21428760886192322,0.4638717472553253,,,
2653,4,4,,,,,,,,0.0755029246211052,0.10734885185956955,0.11069655418395996,,,
2654,5,5,,,,,,,,0.30553939938545227,0.13773173093795776,0.26623567938804626,,,
2655,4,4,2,0.2289156626506024,0.6062992125984252,0.0,0.5905445218086243,0.8794274926185608,0.21118292212486267,0.10251762717962265,0.06099989265203476,0.15069632232189178,0.0016943556256592274,0.08723202347755432,0.019589072093367577
2656,9,9,,,,,,,,0.37410610914230347,0.1947764903306961,0.18096663057804108,,,
2657,7,7,,,,,,,,0.13067616522312164,0.06948237866163254,0.16438578069210052,,,
2658,7,7,,,,,,,,0.2597082257270813,0.11677435040473938,0.17696550488471985,,,
2659,2,2,2,0.6721311475409836,0.36,0.20710059171597633,0.9692099094390869,0.798076331615448,0.6560925245285034,0.33649978041648865,0.10180605947971344,0.31422457098960876,0.45030614733695984,0.07604127377271652,0.567984402179718
2660,3,3,5,0.2,0.2830188679245283,0.275,0.8404607772827148,0.8054513931274414,0.3079453706741333,0.16961391270160675,0.08113694936037064,0.14074602723121643,0.1306390017271042,0.1386149823665619,0.002964701969176531
2661,3,3,,,,,,,,0.3439098298549652,0.4506739675998688,0.10245039314031601,,,
2662,6,6,,,,,,,,0.2565171420574188,0.49668416380882263,0.17782063782215118,,,
2663,7,7,,,,,,,,0.16574756801128387,0.21871881186962128,0.3186900019645691,,,
2664,4,4,,,,,,,,0.3246382474899292,0.1573142558336258,0.183329239487648,,,
2665,1,1,,,,,,,,0.42918169498443604,0.2686156630516052,0.2268529087305069,,,
2666,6,6,,,,,,,,0.2060200273990631,0.47515764832496643,0.09481009095907211,,,
2667,1,1,,,,,,,,0.4314093589782715,0.3253287971019745,0.49345821142196655,,,
2668,0,0,,,,,,,,0.0735771581530571,0.28265225887298584,0.2881385385990143,,,
2669,6,6,,,,,,,,0.193400040268898,0.6493603587150574,0.15054330229759216,,,
2670,9,9,9,0.6451612903225806,0.632,0.3691275167785235,0.9788106679916382,0.9306236505508423,0.5327732563018799,0.11891245096921921,0.10023453086614609,0.07392009347677231,0.07261277735233307,0.12047924846410751,0.07124685496091843
2671,6,6,,,,,,,,0.1626681685447693,0.34577441215515137,0.1784600019454956,,,
2672,0,0,,,,,,,,0.7367534637451172,0.5136354565620422,0.8356127738952637,,,
2673,2,0,,,,,,,,0.16164980828762054,0.03930792585015297,0.13777978718280792,,,
2674,0,0,,,,,,,,0.5501589775085449,0.45973503589630127,0.8846903443336487,,,
2675,2,2,3,0.14606741573033707,0.43661971830985913,0.3246753246753247,0.7277910709381104,0.9021146893501282,0.5894275903701782,0.21656560897827148,0.06353019922971725,0.5978788137435913,0.10618364810943604,0.03616666793823242,0.022830931469798088
2676,4,4,,,,,,,,0.3133256137371063,0.35950642824172974,0.09961464256048203,,,
2677,7,7,,,,,,,,0.2893849015235901,0.33178839087486267,0.37276777625083923,,,
2678,0,0,,,,,,,,0.4710208773612976,0.37020576000213623,0.9074259400367737,,,
2679,0,0,,,,,,,,0.31198686361312866,0.28095462918281555,0.26042142510414124,,,
2680,0,0,,,,,,,,0.6481051445007324,0.41252124309539795,0.6927092671394348,,,
2681,0,0,,,,,,,,0.19720052182674408,0.49950700998306274,0.9575238823890686,,,
2682,7,7,,,,,,,,0.12765617668628693,0.08288061618804932,0.20394477248191833,,,
2683,5,5,,,,,,,,0.573533833026886,0.11832620203495026,0.48760440945625305,,,
2684,3,3,,,,,,,,0.05604330077767372,0.4082561433315277,0.21106664836406708,,,
2685,2,2,4,0.6859504132231405,0.3691275167785235,0.6062992125984252,0.9777458906173706,0.8805356025695801,0.7301025390625,0.12563781440258026,0.03337077423930168,0.08059507608413696,0.08923499286174774,0.017863675951957703,0.06298369914293289
2686,7,7,,,,,,,,0.18203841149806976,0.1208307072520256,0.14103053510189056,,,
2687,8,8,,,,,,,,0.4234638214111328,0.27610957622528076,0.24463598430156708,,,
2688,5,5,5,0.7,0.5454545454545454,0.3691275167785235,0.9160991311073303,0.8939339518547058,0.44883114099502563,0.049468785524368286,0.04238191992044449,0.019086025655269623,0.05333865061402321,0.031613174825906754,0.019020816311240196
2689,5,5,,,,,,,,0.38320446014404297,0.10156521946191788,0.479959100484848,,,
2690,2,6,,,,,,,,0.09832864999771118,0.19314244389533997,0.03004193864762783,,,
2691,2,2,,,,,,,,0.4638458788394928,0.1659388244152069,0.6324974894523621,,,
2692,8,8,,,,,,,,0.5063334703445435,0.03370840102434158,0.09751396626234055,,,
2693,9,9,,,,,,,,0.3497655689716339,0.5350186228752136,0.24066157639026642,,,
2694,1,1,,,,,,,,0.3970639407634735,0.19491545855998993,0.27036863565444946,,,
2695,2,2,2,0.7586206896551724,0.6585365853658537,0.59375,0.992770791053772,0.9416745901107788,0.6752352118492126,0.3144444227218628,0.22795331478118896,0.22483327984809875,0.23638436198234558,0.1669197976589203,0.24067161977291107
2696,2,2,,,,,,,,0.3524846136569977,0.0503450483083725,0.49799615144729614,,,
2697,0,0,,,,,,,,0.5499377250671387,0.48426297307014465,0.4851188659667969,,,
2698,3,3,,,,,,,,0.6201459169387817,0.48492321372032166,0.5485537052154541,,,
2699,4,4,,,,,,,,0.39982298016548157,0.28375354409217834,0.100245401263237,,,
2700,9,9,,,,,,,,0.2834639549255371,0.17873072624206543,0.17972099781036377,,,
2701,1,1,,,,,,,,0.3559683859348297,0.10643062740564346,0.10425727069377899,,,
2702,6,6,,,,,,,,0.22306741774082184,0.5994617938995361,0.2195778340101242,,,
2703,9,9,,,,,,,,0.06046953797340393,0.05177823454141617,0.06914002448320389,,,
2704,0,0,,,,,,,,0.15352921187877655,0.22606581449508667,0.8233266472816467,,,
2705,8,0,,,,,,,,0.42578014731407166,0.6764146089553833,0.6954306960105896,,,
2706,3,3,,,,,,,,0.511106014251709,0.42464107275009155,0.36835038661956787,,,
2707,6,6,,,,,,,,0.32467731833457947,0.6526990532875061,0.0873316153883934,,,
2708,4,4,,,,,,,,0.20630639791488647,0.19672000408172607,0.16394157707691193,,,
2709,6,6,,,,,,,,0.18392184376716614,0.4102584719657898,0.22851812839508057,,,
2710,7,7,,,,,,,,0.26686209440231323,0.1522682160139084,0.2503146827220917,,,
2711,5,5,,,,,,,,0.2185629904270172,0.03277985751628876,0.19370229542255402,,,
2712,1,1,,,,,,,,0.38786569237709045,0.29014697670936584,0.22193440794944763,,,
2713,8,8,,,,,,,,0.7300143837928772,0.1878289133310318,0.2511775493621826,,,
2714,9,9,,,,,,,,0.0391959622502327,0.02897830866277218,0.0887647271156311,,,
2715,0,0,,,,,,,,0.613393247127533,0.882943868637085,0.92963045835495,,,
2716,5,5,3,0.14606741573033707,0.34210526315789475,0.046153846153846156,0.3140544295310974,0.7658495903015137,0.0453745573759079,0.1313602328300476,0.038840096443891525,0.09703639149665833,0.009517020545899868,0.007537637837231159,0.004213967826217413
2717,0,0,,,,,,,,0.2984077036380768,0.3227534592151642,0.5683481097221375,,,
2718,5,5,,,,,,,,0.2458251714706421,0.09582851827144623,0.03368470445275307,,,
2719,4,4,,,,,,,,0.08280036598443985,0.1857551485300064,0.21599885821342468,,,
2720,3,3,,,,,,,,0.4158484637737274,0.39651551842689514,0.2525040805339813,,,
2721,8,8,,,,,,,,0.2708147168159485,0.12630710005760193,0.032398298382759094,,,
2722,5,5,,,,,,,,0.14912550151348114,0.10538484156131744,0.12191837280988693,,,
2723,2,2,5,0.0,0.4068965517241379,0.15254237288135594,0.5422977209091187,0.8225522041320801,0.40477943420410156,0.27550679445266724,0.22375309467315674,0.26993927359580994,0.27939659357070923,0.32829445600509644,0.010352825745940208
2724,0,0,,,,,,,,0.373039186000824,0.8306470513343811,0.8776651620864868,,,
2725,8,8,,,,,,,,0.6680784821510315,0.21943876147270203,0.07285883277654648,,,
2726,5,5,,,,,,,,0.22214341163635254,0.05679245665669441,0.08626223355531693,,,
2727,9,9,,,,,,,,0.1270696371793747,0.05010020360350609,0.061518166214227676,,,
2728,2,2,,,,,,,,0.6685153841972351,0.11759793013334274,0.18168838322162628,,,
2729,5,3,,,,,,,,0.17910663783550262,0.32617896795272827,0.09052413702011108,,,
2730,6,6,,,,,,,,0.18650764226913452,0.4890279769897461,0.2787480354309082,,,
2731,5,5,,,,,,,,0.3246687352657318,0.07873089611530304,0.1447707861661911,,,
2732,7,7,,,,,,,,0.1996673047542572,0.3567025065422058,0.4124310314655304,,,
2733,3,3,,,,,,,,0.10037368535995483,0.6924364566802979,0.5914130806922913,,,
2734,7,7,,,,,,,,0.40115493535995483,0.25704723596572876,0.4954374134540558,,,
2735,2,2,,,,,,,,0.6261642575263977,0.2431953102350235,0.6802500486373901,,,
2736,8,8,,,,,,,,0.25698885321617126,0.09552987664937973,0.09152913093566895,,,
2737,8,8,8,0.7142857142857143,0.5223880597014925,0.43661971830985913,0.9840930700302124,0.8641531467437744,0.7239596843719482,0.03912299871444702,0.14067769050598145,0.027037955820560455,0.03007657639682293,0.13344337046146393,0.03186485916376114
2738,4,4,,,,,,,,0.20457608997821808,0.04553835093975067,0.19570599496364594,,,
2739,2,2,,,,,,,,0.716311514377594,0.2599269151687622,0.38022783398628235,,,
2740,1,1,,,,,,,,0.35544881224632263,0.33919981122016907,0.2804865539073944,,,
2741,6,6,,,,,,,,0.16297851502895355,0.3673011362552643,0.16803087294101715,,,
2742,2,2,,,,,,,,0.49923595786094666,0.13829192519187927,0.2868812680244446,,,
2743,9,9,,,,,,,,0.1923903226852417,0.06130422651767731,0.1764017790555954,,,
2744,9,9,,,,,,,,0.17678202688694,0.1902601420879364,0.07683531194925308,,,
2745,8,8,,,,,,,,0.5659332275390625,0.14885050058364868,0.17292144894599915,,,
2746,2,2,2,0.43661971830985913,0.6721311475409836,0.4068965517241379,0.9842909574508667,0.9181976914405823,0.5963765978813171,0.6995507478713989,0.16950105130672455,0.3162069618701935,0.5721101760864258,0.058084480464458466,0.27087292075157166
2747,3,3,,,,,,,,0.16249659657478333,0.2357710301876068,0.04610687121748924,,,
2748,1,1,,,,,,,,0.4821842610836029,0.3428025543689728,0.3040423095226288,,,
2749,0,0,,,,,,,,0.49464598298072815,0.8022958636283875,0.8404296636581421,,,
2750,5,5,,,,,,,,0.5419078469276428,0.18607959151268005,0.20916834473609924,,,
2751,2,2,,,,,,,,0.7160999178886414,0.04871504381299019,0.6133161783218384,,,
2752,3,3,3,0.59375,0.632,0.14606741573033707,0.9678306579589844,0.9225136637687683,0.34156960248947144,0.39395472407341003,0.43771156668663025,0.25420740246772766,0.37326550483703613,0.5411337614059448,0.26840484142303467
2753,7,7,,,,,,,,0.29621562361717224,0.09290089458227158,0.2534216046333313,,,
2754,9,9,,,,,,,,0.08023136854171753,0.1469145566225052,0.02320563793182373,,,
2755,5,5,5,0.7,0.6721311475409836,0.5338345864661654,0.9559388160705566,0.8922744393348694,0.6160356998443604,0.13343918323516846,0.08237718045711517,0.1297348290681839,0.06645290553569794,0.0659477636218071,0.018702438101172447
2756,9,9,,,,,,,,0.3656288683414459,0.7330288290977478,0.7217822670936584,,,
2757,1,1,,,,,,,,0.48488202691078186,0.18430782854557037,0.25820285081863403,,,
2758,1,1,,,,,,,,0.7778711318969727,0.3961242735385895,0.46526840329170227,,,
2759,3,3,,,,,,,,0.1991831511259079,0.21431085467338562,0.1939062476158142,,,
2760,2,2,2,0.8378378378378378,0.5454545454545454,0.5223880597014925,0.9928028583526611,0.8840153217315674,0.54538494348526,0.3868747353553772,0.20906729996204376,0.5088032484054565,0.4473421573638916,0.13520634174346924,0.3377893269062042
2761,7,7,,,,,,,,0.14587965607643127,0.09427166730165482,0.3950987458229065,,,
2762,4,4,,,,,,,,0.27929389476776123,0.17544719576835632,0.17860056459903717,,,
2763,4,4,,,,,,,,0.2993590235710144,0.5401343703269958,0.26483777165412903,,,
2764,1,1,,,,,,,,0.3320425748825073,0.1383470594882965,0.25777193903923035,,,
2765,9,9,,,,,,,,0.24971672892570496,0.1776084154844284,0.4255167245864868,,,
2766,4,4,,,,,,,,0.3695833384990692,0.3000410497188568,0.2619880139827728,,,
2767,5,5,3,0.3246753246753247,0.45714285714285713,0.1657142857142857,0.6318365931510925,0.8191671371459961,0.4060586988925934,0.054196547716856,0.02640015073120594,0.054610177874565125,0.025791866704821587,0.011061592027544975,0.0014945341972634196
2768,5,5,,,,,,,,0.3867869973182678,0.17821387946605682,0.12670350074768066,,,
2769,2,2,9,0.3509933774834437,0.43661971830985913,0.7,0.8664662837982178,0.9167584180831909,0.6768487691879272,0.18531504273414612,0.0732426568865776,0.15288622677326202,0.010758060961961746,0.11455637961626053,0.04234872758388519
2770,7,7,5,0.7288135593220338,0.42657342657342656,0.5,0.8210098743438721,0.8930244445800781,0.6496044397354126,0.028680317103862762,0.0392971932888031,0.10901350528001785,0.04119732603430748,0.029119785875082016,0.0193036999553442
2771,7,7,,,,,,,,0.1475452333688736,0.0925944373011589,0.17649713158607483,,,
2772,6,6,,,,,,,,0.32665249705314636,0.6717732548713684,0.2533218264579773,,,
2773,1,1,,,,,,,,0.05771716684103012,0.24145647883415222,0.05056877061724663,,,
2774,2,2,,,,,,,,0.395206093788147,0.12226973474025726,0.2842835783958435,,,
2775,3,3,,,,,,,,0.07815805077552795,0.37788528203964233,0.2616792619228363,,,
2776,7,7,,,,,,,,0.13499204814434052,0.07872126251459122,0.11940543353557587,,,
2777,5,5,,,,,,,,0.41085830330848694,0.040381308645009995,0.13101927936077118,,,
2778,4,4,,,,,,,,0.14353033900260925,0.2116144895553589,0.15567941963672638,,,
2779,3,5,,,,,,,,0.1496223360300064,0.03093525767326355,0.26797401905059814,,,
2780,7,7,,,,,,,,0.3227236270904541,0.23334896564483643,0.43175697326660156,,,
2781,7,7,,,,,,,,0.1466599404811859,0.20771130919456482,0.08887029439210892,,,
2782,0,0,,,,,,,,0.29150494933128357,0.2568334639072418,0.5811753869056702,,,
2783,0,8,,,,,,,,0.046945683658123016,0.0207863450050354,0.0462842732667923,,,
2784,1,1,,,,,,,,0.35244205594062805,0.07864376902580261,0.09631610661745071,,,
2785,4,4,,,,,,,,0.03165055066347122,0.23979569971561432,0.07752443850040436,,,
2786,4,4,,,,,,,,0.35027948021888733,0.6071498990058899,0.38780322670936584,,,
2787,3,3,,,,,,,,0.18754692375659943,0.3195120096206665,0.068178191781044,,,
2788,7,7,,,,,,,,0.13712280988693237,0.04773854836821556,0.0873514860868454,,,
2789,9,9,,,,,,,,0.27443137764930725,0.21716049313545227,0.23825669288635254,,,
2790,8,8,,,,,,,,0.6348035335540771,0.046240247786045074,0.11930067837238312,,,
2791,7,7,,,,,,,,0.46363475918769836,0.20781216025352478,0.38301363587379456,,,
2792,0,0,,,,,,,,0.7662767767906189,0.35832011699676514,0.8210703134536743,,,
2793,9,9,,,,,,,,0.3418009877204895,0.14165298640727997,0.1786176711320877,,,
2794,0,0,,,,,,,,0.8331024646759033,0.829865574836731,0.9075270891189575,,,
2795,3,3,,,,,,,,0.0990699827671051,0.19079697132110596,0.12095149606466293,,,
2796,7,7,,,,,,,,0.3153262138366699,0.22483699023723602,0.30240312218666077,,,
2797,6,6,2,0.59375,0.5572519083969466,0.5223880597014925,0.9861939549446106,0.8107606768608093,0.7502174377441406,0.06420213729143143,0.3868626058101654,0.11599211394786835,0.031051574274897575,0.4123411774635315,0.056590188294649124
2798,3,3,3,0.014925373134328358,0.48905109489051096,0.04081632653061224,0.7540651559829712,0.8719816207885742,0.040828242897987366,0.25091463327407837,0.21294641494750977,0.7548240423202515,0.2687569260597229,0.4421898424625397,0.11156859248876572
2799,8,8,,,,,,,,0.5172318816184998,0.25925904512405396,0.24626070261001587,,,
2800,4,4,,,,,,,,0.1955064833164215,0.12756788730621338,0.2754097282886505,,,
2801,5,5,,,,,,,,0.1683233231306076,0.12086189538240433,0.03266660496592522,,,
2802,6,6,,,,,,,,0.6380019783973694,0.5867174863815308,0.43747565150260925,,,
2803,5,5,,,,,,,,0.5378169417381287,0.10105063766241074,0.08601009845733643,,,
2804,3,7,,,,,,,,0.15752464532852173,0.02882179245352745,0.026169737800955772,,,
2805,4,4,,,,,,,,0.17124789953231812,0.3965661823749542,0.3302154839038849,,,
2806,2,2,,,,,,,,0.7030768394470215,0.2596704065799713,0.5286135077476501,,,
2807,9,9,9,0.7,0.7586206896551724,0.25925925925925924,0.9904309511184692,0.9605530500411987,0.5155693292617798,0.06145677715539932,0.231777161359787,0.1566748470067978,0.12461891025304794,0.16663724184036255,0.017371611669659615
2808,2,2,,,,,,,,0.5016871690750122,0.05698452889919281,0.2980791926383972,,,
2809,4,4,,,,,,,,0.1880820393562317,0.29297780990600586,0.17468604445457458,,,
2810,9,9,1,0.29936305732484075,0.632,0.5,0.5271226167678833,0.8979007005691528,0.5672351121902466,0.10253246128559113,0.11587962508201599,0.033213306218385696,0.01795179210603237,0.11522899568080902,0.022355113178491592
2811,2,2,2,0.3246753246753247,0.5223880597014925,0.1270718232044199,0.8074939250946045,0.9251233339309692,0.35707467794418335,0.3570668399333954,0.1276688426733017,0.20737533271312714,0.5510649085044861,0.09061356633901596,0.42117488384246826
2812,0,0,,,,,,,,0.5373180508613586,0.5450099110603333,0.5464072823524475,,,
2813,1,1,,,,,,,,0.19815649092197418,0.171714648604393,0.38322415947914124,,,
2814,1,1,,,,,,,,0.1223946362733841,0.16415949165821075,0.0593593567609787,,,
2815,3,3,,,,,,,,0.17017704248428345,0.2761073410511017,0.24957036972045898,,,
2816,7,7,,,,,,,,0.28752338886260986,0.11368561536073685,0.2909510135650635,,,
2817,9,9,,,,,,,,0.2246365249156952,0.30413180589675903,0.37131044268608093,,,
2818,5,5,,,,,,,,0.2570793926715851,0.033676501363515854,0.03219133988022804,,,
2819,1,1,,,,,,,,0.5649928450584412,0.10550468415021896,0.3594776690006256,,,
2820,6,6,,,,,,,,0.23093530535697937,0.4373948574066162,0.14924021065235138,,,
2821,0,0,,,,,,,,0.9159590005874634,0.5952044129371643,0.8716768622398376,,,
2822,3,3,3,0.7,0.7288135593220338,0.3972602739726027,0.9907620549201965,0.9818892478942871,0.5006845593452454,0.14236660301685333,0.21420249342918396,0.09611187875270844,0.0961826965212822,0.2690463066101074,0.10163197666406631
2823,3,3,,,,,,,,0.39336681365966797,0.5815813541412354,0.11841922998428345,,,
2824,7,7,,,,,,,,0.18109649419784546,0.07362391799688339,0.1971486359834671,,,
2825,2,2,,,,,,,,0.6679322719573975,0.05895531550049782,0.48933684825897217,,,
2826,4,4,,,,,,,,0.08558456599712372,0.40365827083587646,0.29255881905555725,,,
2827,5,5,,,,,,,,0.3251931965351105,0.05399547889828682,0.10888490080833435,,,
2828,2,2,4,0.7894736842105263,0.3509933774834437,0.44680851063829785,0.9885930418968201,0.8208215236663818,0.6523975133895874,0.18548832833766937,0.1773134171962738,0.30936676263809204,0.08186753839254379,0.14316271245479584,0.02044733799993992
2829,3,3,2,0.3877551020408163,0.275,0.42657342657342656,0.6050776243209839,0.7438986897468567,0.3614080548286438,0.19148172438144684,0.2450585961341858,0.1565290093421936,0.013944310136139393,0.20396697521209717,0.023686539381742477
2830,6,6,,,,,,,,0.5571024417877197,0.5457111597061157,0.22204051911830902,,,
2831,3,7,,,,,,,,0.01798793114721775,0.018583325669169426,0.02074468694627285,,,
2832,3,3,3,0.6585365853658537,0.5,0.13333333333333333,0.9812827706336975,0.7910329103469849,0.4508240222930908,0.11742924153804779,0.3345482647418976,0.3625756502151489,0.1020316556096077,0.3137652575969696,0.4700639545917511
2833,0,0,,,,,,,,0.47174644470214844,0.3825263977050781,0.8126381039619446,,,
2834,4,4,,,,,,,,0.32452675700187683,0.5564607381820679,0.21427953243255615,,,
2835,4,4,,,,,,,,0.11896064132452011,0.12946802377700806,0.07403522729873657,,,
2836,3,3,,,,,,,,0.19539126753807068,0.10932786762714386,0.20074068009853363,,,
2837,8,8,,,,,,,,0.3774445652961731,0.3085826337337494,0.29683107137680054,,,
2838,1,1,,,,,,,,0.3633274734020233,0.29442861676216125,0.26700133085250854,,,
2839,2,2,,,,,,,,0.42987918853759766,0.2532007694244385,0.46126046776771545,,,
2840,3,3,3,0.8378378378378378,0.5,0.07368421052631578,0.9677715301513672,0.8791719675064087,-0.20340409874916077,0.1106681376695633,0.6125791072845459,0.1816076785326004,0.09049024432897568,0.5497744083404541,0.13155882060527802
2841,2,2,2,0.8888888888888888,0.7142857142857143,0.12087912087912088,0.9941219091415405,0.9372509717941284,0.3022833466529846,0.30969658493995667,0.0304151251912117,0.5632506608963013,0.24505795538425446,0.03973064571619034,0.4072811007499695
2842,7,7,,,,,,,,0.26107197999954224,0.1747342348098755,0.15980848670005798,,,
2843,1,0,,,,,,,,0.47708067297935486,0.49440672993659973,0.13130365312099457,,,
2844,4,3,,,,,,,,0.2541252374649048,0.21826478838920593,0.09054619818925858,,,
2845,5,5,,,,,,,,0.04400140792131424,0.051371000707149506,0.0971749946475029,,,
2846,6,6,,,,,,,,0.29347801208496094,0.5893891453742981,0.20998813211917877,,,
2847,8,8,8,0.5572519083969466,0.5,0.12087912087912088,0.965091347694397,0.7431185841560364,0.4217890799045563,0.21415138244628906,0.0353115051984787,0.02755572646856308,0.2933366596698761,0.09112343192100525,0.03149795904755592
2848,6,6,,,,,,,,0.33889883756637573,0.5139095783233643,0.08096596598625183,,,
2849,6,6,6,0.5111111111111111,0.5338345864661654,0.24390243902439024,0.9648309350013733,0.8389318585395813,0.8057210445404053,0.09504702687263489,0.2985362708568573,0.06577642261981964,0.06604625284671783,0.41544756293296814,0.3562568724155426
2850,5,5,,,,,,,,0.3528292179107666,0.03662477806210518,0.04004869982600212,,,
2851,4,4,,,,,,,,0.16698318719863892,0.23648570477962494,0.2802363634109497,,,
2852,2,2,,,,,,,,0.4840667247772217,0.26816678047180176,0.11802517622709274,,,
2853,9,9,,,,,,,,0.18209509551525116,0.1398329734802246,0.16115501523017883,,,
2854,9,1,,,,,,,,0.021891707554459572,0.16854321956634521,0.09112564474344254,,,
2855,3,3,,,,,,,,0.206254780292511,0.14880788326263428,0.37562334537506104,,,
2856,2,2,,,,,,,,0.7281975746154785,0.08744969964027405,0.2471211552619934,,,
2857,0,0,,,,,,,,0.420823872089386,0.5683053731918335,0.7742900252342224,,,
2858,4,4,,,,,,,,0.5221303105354309,0.36571773886680603,0.5183367133140564,,,
2859,1,1,2,0.7435897435897436,0.6062992125984252,0.4676258992805755,0.907628059387207,0.879065990447998,0.7123950719833374,0.019484814256429672,0.014404132962226868,0.03346852585673332,0.0026297352742403746,0.0016439380124211311,0.020354362204670906
2860,5,5,5,0.42657342657342656,0.48905109489051096,0.45714285714285713,0.938400149345398,0.8566405773162842,0.4447956681251526,0.36297276616096497,0.06780995428562164,0.24620112776756287,0.2741403579711914,0.12128373235464096,0.057593315839767456
2861,5,5,,,,,,,,0.6106417179107666,0.1334727555513382,0.25612673163414,,,
2862,6,6,,,,,,,,0.397829532623291,0.48031532764434814,0.1122058629989624,,,
2863,6,6,,,,,,,,0.22656294703483582,0.6046913862228394,0.18757499754428864,,,
2864,5,5,,,,,,,,0.27429264783859253,0.031018193811178207,0.15335151553153992,,,
2865,6,6,,,,,,,,0.19873544573783875,0.34202349185943604,0.08459418267011642,,,
2866,9,9,,,,,,,,0.4348554015159607,0.23974834382534027,0.5497158765792847,,,
2867,7,7,7,0.8214285714285714,0.4676258992805755,0.3972602739726027,0.9359891414642334,0.9321394562721252,0.6684002876281738,0.06912098079919815,0.058861494064331055,0.19808603823184967,0.11138637363910675,0.0645105391740799,0.0289385374635458
2868,9,9,,,,,,,,0.1735440343618393,0.0632619857788086,0.10125847905874252,,,
2869,4,4,,,,,,,,0.1528811901807785,0.2290174812078476,0.16433055698871613,,,
2870,8,8,,,,,,,,0.3527917265892029,0.20627251267433167,0.20837335288524628,,,
2871,3,3,,,,,,,,0.3709680736064911,0.17055769264698029,0.2100140005350113,,,
2872,1,1,,,,,,,,0.33205658197402954,0.15412132441997528,0.0956263318657875,,,
2873,9,9,,,,,,,,0.20271697640419006,0.4049120843410492,0.15603604912757874,,,
2874,8,8,,,,,,,,0.5220063924789429,0.05098777636885643,0.18137803673744202,,,
2875,1,1,,,,,,,,0.044640809297561646,0.14677876234054565,0.09560924023389816,,,
2876,9,9,,,,,,,,0.19543185830116272,0.10277412831783295,0.2502971589565277,,,
2877,0,0,,,,,,,,0.3594748079776764,0.5463131070137024,0.5029572248458862,,,
2878,3,3,,,,,,,,0.408932626247406,0.6719595789909363,0.15968850255012512,,,
2879,0,0,,,,,,,,0.6935651302337646,0.6710070371627808,0.6544007658958435,,,
2880,4,4,,,,,,,,0.32808828353881836,0.2591564953327179,0.5343881249427795,,,
2881,7,7,7,0.9065420560747663,0.6721311475409836,0.4166666666666667,0.9829965233802795,0.9298237562179565,0.6227245926856995,0.07302162796258926,0.06920915842056274,0.1222001314163208,0.02973349206149578,0.022081604227423668,0.019700942561030388
2882,7,7,,,,,,,,0.33985278010368347,0.21549873054027557,0.2756122946739197,,,
2883,2,2,,,,,,,,0.5025838017463684,0.2997289001941681,0.6752251982688904,,,
2884,6,3,,,,,,,,0.1906689554452896,0.13932207226753235,0.0392649881541729,,,
2885,5,5,,,,,,,,0.7016739249229431,0.11701235175132751,0.6031880378723145,,,
2886,6,6,,,,,,,,0.21494564414024353,0.665998101234436,0.2237735241651535,,,
2887,9,9,,,,,,,,0.13681091368198395,0.12922069430351257,0.0905136913061142,,,
2888,7,5,,,,,,,,0.04344653710722923,0.06862334907054901,0.07309171557426453,,,
2889,7,7,,,,,,,,0.08248554170131683,0.04930557683110237,0.09683608263731003,,,
2890,5,5,,,,,,,,0.1094977855682373,0.04925836622714996,0.26662808656692505,,,
2891,7,7,,,,,,,,0.35692402720451355,0.20893773436546326,0.48337408900260925,,,
2892,0,0,,,,,,,,0.7043759822845459,0.6939346194267273,0.8329856395721436,,,
2893,8,8,,,,,,,,0.5438272356987,0.13450029492378235,0.4045342206954956,,,
2894,6,6,,,,,,,,0.23707233369350433,0.6948569416999817,0.16848748922348022,,,
2895,7,5,,,,,,,,0.04137156531214714,0.08396817743778229,0.04125054553151131,,,
2896,8,8,,,,,,,,0.5144723057746887,0.26163676381111145,0.24099047482013702,,,
2897,3,3,,,,,,,,0.4078793525695801,0.19488275051116943,0.3289143443107605,,,
2898,8,8,9,0.3333333333333333,0.5223880597014925,0.5454545454545454,0.6661397218704224,0.879859209060669,0.5912894010543823,0.12315881997346878,0.03156566247344017,0.06409384310245514,0.16286945343017578,0.0027499578427523375,0.003941367845982313
2899,9,9,,,,,,,,0.02892233617603779,0.04695220664143562,0.0274803526699543,,,
2900,3,3,3,0.6451612903225806,0.7586206896551724,0.2,0.9902941584587097,0.9651947021484375,0.22757406532764435,0.10888652503490448,0.15997053682804108,0.502188503742218,0.09008430689573288,0.1408122479915619,0.15320070087909698
2901,2,2,,,,,,,,0.5677530169487,0.19475004076957703,0.38535431027412415,,,
2902,9,9,,,,,,,,0.2401617169380188,0.11661384999752045,0.17740699648857117,,,
2903,2,2,,,,,,,,0.4115212857723236,0.15771974623203278,0.14677950739860535,,,
2904,7,7,,,,,,,,0.33662375807762146,0.2666030526161194,0.28547269105911255,,,
2905,4,4,5,0.0,0.43661971830985913,0.3161290322580645,0.37116748094558716,0.7763782739639282,0.348969966173172,0.05694755166769028,0.44346314668655396,0.08332996070384979,0.002123574959114194,0.5046542286872864,0.00036735011963173747
2906,1,1,,,,,,,,0.04646747559309006,0.04157548397779465,0.1469128578901291,,,
2907,9,9,,,,,,,,0.2204168736934662,0.0664091557264328,0.1250540167093277,,,
2908,7,7,,,,,,,,0.13690519332885742,0.1305728405714035,0.14658814668655396,,,
2909,0,0,,,,,,,,0.7362431287765503,0.5369424223899841,0.5865110158920288,,,
2910,8,8,,,,,,,,0.1905806064605713,0.030413566157221794,0.1260308027267456,,,
2911,1,1,,,,,,,,0.298984169960022,0.20381347835063934,0.17014093697071075,,,
2912,2,6,,,,,,,,0.23972436785697937,0.6517188549041748,0.06500221788883209,,,
2913,0,0,,,,,,,,0.6393461227416992,0.2463432103395462,0.8191666603088379,,,
2914,6,6,,,,,,,,0.1004578098654747,0.5979499220848083,0.0775919258594513,,,
2915,5,5,,,,,,,,0.5411557555198669,0.218056783080101,0.32126182317733765,,,
2916,1,1,,,,,,,,0.2679372727870941,0.09625055640935898,0.20461812615394592,,,
2917,4,4,,,,,,,,0.19929379224777222,0.4644756317138672,0.13117685914039612,,,
2918,2,2,,,,,,,,0.264711856842041,0.1845465451478958,0.04861903190612793,,,
2919,8,8,,,,,,,,0.5612894296646118,0.09046182781457901,0.3149847388267517,,,
2920,2,2,,,,,,,,0.7702255845069885,0.18416383862495422,0.4265318512916565,,,
2921,8,8,,,,,,,,0.44000813364982605,0.25217264890670776,0.3013427257537842,,,
2922,3,3,,,,,,,,0.6185634136199951,0.5084283351898193,0.5159938931465149,,,
2923,3,3,5,0.0,0.43661971830985913,0.03553299492385787,0.39900654554367065,0.8858076930046082,0.22974389791488647,0.3532736897468567,0.3947317600250244,0.15505027770996094,0.16386064887046814,0.4887775778770447,0.35405874252319336
2924,1,1,,,,,,,,0.5972528457641602,0.2665093243122101,0.4141610264778137,,,
2925,4,4,,,,,,,,0.23767538368701935,0.26248982548713684,0.18360556662082672,,,
2926,9,9,,,,,,,,0.25485146045684814,0.22718046605587006,0.1817478984594345,,,
2927,8,8,,,,,,,,0.2543526589870453,0.23069721460342407,0.2959018349647522,,,
2928,1,1,,,,,,,,0.6608823537826538,0.1839730143547058,0.46153709292411804,,,
2929,1,1,,,,,,,,0.6524030566215515,0.26473936438560486,0.3760555684566498,,,
2930,7,2,,,,,,,,0.048420846462249756,0.0846405029296875,0.022294417023658752,,,
2931,9,9,,,,,,,,0.41183018684387207,0.0995386466383934,0.22731482982635498,,,
2932,9,9,,,,,,,,0.20068080723285675,0.24320799112319946,0.3718295991420746,,,
2933,4,4,,,,,,,,0.34008580446243286,0.4367150068283081,0.3872726261615753,,,
2934,6,6,,,,,,,,0.1739291250705719,0.4484371542930603,0.13144801557064056,,,
2935,8,8,,,,,,,,0.41528406739234924,0.07221999019384384,0.37040433287620544,,,
2936,5,5,,,,,,,,0.4985409379005432,0.08674077689647675,0.26186031103134155,,,
2937,3,3,3,0.6451612903225806,0.6859504132231405,0.36,0.9836963415145874,0.9394656419754028,0.5074105262756348,0.27334436774253845,0.3849933445453644,0.448394238948822,0.34794357419013977,0.39581045508384705,0.46772897243499756
2938,2,2,5,0.4782608695652174,0.5338345864661654,0.5454545454545454,0.8719794154167175,0.8995810747146606,0.37645649909973145,0.0930190235376358,0.10343597084283829,0.21272629499435425,0.17501075565814972,0.026332609355449677,0.027881039306521416
2939,2,2,,,,,,,,0.3509291410446167,0.4705702066421509,0.7606435418128967,,,
2940,3,0,,,,,,,,0.3248400390148163,0.37022721767425537,0.42646005749702454,,,
2941,8,8,,,,,,,,0.1738259345293045,0.33866140246391296,0.19858236610889435,,,
2942,5,5,3,0.42657342657342656,0.42657342657342656,0.3877551020408163,0.9276704788208008,0.878047525882721,0.7075853943824768,0.1133652925491333,0.0510159395635128,0.09786976128816605,0.1907670646905899,0.04215684160590172,0.04702889919281006
2943,1,1,,,,,,,,0.2880958020687103,0.11071059107780457,0.19810587167739868,,,
2944,9,9,,,,,,,,0.436019629240036,0.13961520791053772,0.21911092102527618,,,
2945,7,7,,,,,,,,0.2936565577983856,0.04563608393073082,0.20402586460113525,,,
2946,9,9,,,,,,,,0.035288721323013306,0.18252284824848175,0.07864490896463394,,,
2947,1,1,,,,,,,,0.3838365972042084,0.16260546445846558,0.4760845899581909,,,
2948,5,5,5,0.8715596330275229,0.5572519083969466,0.6585365853658537,0.9802113771438599,0.8958839178085327,0.7425997853279114,0.028452742844820023,0.03960258886218071,0.023405369371175766,0.03974148631095886,0.033691029995679855,0.023109029978513718
2949,3,3,5,0.7288135593220338,0.5813953488372093,0.13966480446927373,0.9521593451499939,0.9215850830078125,0.6089942455291748,0.23670931160449982,0.5662726759910583,0.3130439221858978,0.29154354333877563,0.4657631516456604,0.1093536764383316
2950,1,1,,,,,,,,0.38710930943489075,0.35528573393821716,0.25561875104904175,,,
2951,0,0,,,,,,,,0.2998574674129486,0.5004580020904541,0.9500308632850647,,,
2952,3,3,,,,,,,,0.20708386600017548,0.6426854729652405,0.23724500834941864,,,
2953,8,8,,,,,,,,0.7238606214523315,0.06734789162874222,0.130874902009964,,,
2954,9,9,,,,,,,,0.20626600086688995,0.17231418192386627,0.1300550401210785,,,
2955,2,2,3,0.1270718232044199,0.36,0.3783783783783784,0.6919503211975098,0.7586008310317993,0.7143927812576294,0.3529176115989685,0.28669846057891846,0.16673369705677032,0.314243346452713,0.029465004801750183,0.16535143554210663
2956,0,0,,,,,,,,0.413902223110199,0.35418009757995605,0.8067145347595215,,,
2957,8,8,8,0.48905109489051096,0.6859504132231405,0.15254237288135594,0.9668786525726318,0.8727477788925171,0.3999539017677307,0.3750927746295929,0.11105430126190186,0.0772642195224762,0.3030948340892792,0.16821834444999695,0.041732724756002426
2958,0,8,,,,,,,,0.07582086324691772,0.07415010780096054,0.062289390712976456,,,
2959,7,8,,,,,,,,0.22938527166843414,0.022253619506955147,0.12168962508440018,,,
2960,9,0,,,,,,,,0.6201087832450867,0.5279479622840881,0.9054015278816223,,,
2961,4,4,,,,,,,,0.24829357862472534,0.29236358404159546,0.3459964692592621,,,
2962,8,8,,,,,,,,0.3367312550544739,0.09459120035171509,0.05527684465050697,,,
2963,3,3,,,,,,,,0.2030368447303772,0.59934401512146,0.2659812867641449,,,
2964,0,0,,,,,,,,0.3162211775779724,0.5417268872261047,0.5639795064926147,,,
2965,7,7,5,0.1724137931034483,0.3877551020408163,0.4068965517241379,0.6934623122215271,0.7828781008720398,0.5114729404449463,0.3260754346847534,0.02567862905561924,0.03277985379099846,0.008089440874755383,0.05829398334026337,0.2612954080104828
2966,0,0,,,,,,,,0.5032750964164734,0.46135422587394714,0.8737542033195496,,,
2967,7,7,,,,,,,,0.3140711486339569,0.27778664231300354,0.2152733951807022,,,
2968,0,0,0,0.8214285714285714,0.45714285714285713,0.3691275167785235,0.9811917543411255,0.8996952176094055,0.4504850506782532,0.5211217999458313,0.5958263874053955,0.3629578649997711,0.46398547291755676,0.46923309564590454,0.22611494362354279
2969,5,5,,,,,,,,0.1973082274198532,0.05791299045085907,0.14056427776813507,,,
2970,5,5,,,,,,,,0.22154496610164642,0.0661962702870369,0.2581084966659546,,,
2971,4,4,,,,,,,,0.35925590991973877,0.23336228728294373,0.2981651723384857,,,
2972,3,3,,,,,,,,0.47474831342697144,0.6144903898239136,0.3797745704650879,,,
2973,0,0,,,,,,,,0.447005957365036,0.5583295822143555,0.8884517550468445,,,
2974,9,9,,,,,,,,0.07482964545488358,0.030302681028842926,0.15313462913036346,,,
2975,9,9,,,,,,,,0.031104067340493202,0.07860559225082397,0.02840760163962841,,,
2976,0,0,,,,,,,,0.37766584753990173,0.3929581344127655,0.56245356798172,,,
2977,2,2,,,,,,,,0.7433931827545166,0.1201590970158577,0.7669873833656311,,,
2978,2,2,,,,,,,,0.15106090903282166,0.15677620470523834,0.20944061875343323,,,
2979,0,0,,,,,,,,0.5144761800765991,0.8611554503440857,0.9831584692001343,,,
2980,8,8,,,,,,,,0.4544067978858948,0.2057061493396759,0.23487521708011627,,,
2981,4,4,4,0.3161290322580645,0.5338345864661654,0.2,0.9162192344665527,0.8274332880973816,0.41953927278518677,0.04094225540757179,0.11793818324804306,0.23696133494377136,0.05416814237833023,0.10344424843788147,0.23066659271717072
2982,4,4,,,,,,,,0.22295182943344116,0.34748679399490356,0.22490793466567993,,,
2983,5,5,3,0.2670807453416149,0.4782608695652174,0.4782608695652174,0.7892855405807495,0.8712728023529053,0.5452898144721985,0.03966618701815605,0.031721435487270355,0.03170067444443703,0.007289149798452854,0.016488341614603996,0.04780857637524605
2984,2,2,,,,,,,,0.6818310022354126,0.46333909034729004,0.40461617708206177,,,
2985,2,2,,,,,,,,0.46792322397232056,0.08295703679323196,0.1800306737422943,,,
2986,1,1,,,,,,,,0.24529732763767242,0.3841373026371002,0.045162662863731384,,,
2987,1,1,,,,,,,,0.08645457774400711,0.13047616183757782,0.31981268525123596,,,
2988,5,3,,,,,,,,0.26635977625846863,0.3185649812221527,0.23245492577552795,,,
2989,5,5,4,0.3161290322580645,0.5454545454545454,0.23636363636363636,0.8072503805160522,0.9053071737289429,0.5430064797401428,0.09108990430831909,0.05306946486234665,0.035200681537389755,0.06924814730882645,0.032156314700841904,0.031056711450219154
2990,4,4,,,,,,,,0.3239218294620514,0.22642461955547333,0.3921073377132416,,,
2991,3,3,,,,,,,,0.1809476763010025,0.47172534465789795,0.4301585257053375,,,
2992,4,4,,,,,,,,0.09474745392799377,0.24585628509521484,0.06754034012556076,,,
2993,0,0,,,,,,,,0.5509965419769287,0.605090320110321,0.715415358543396,,,
2994,8,8,,,,,,,,0.5761764049530029,0.068965844810009,0.29326605796813965,,,
2995,4,4,2,0.6585365853658537,0.5,0.7435897435897436,0.7946977615356445,0.8508735299110413,0.48069077730178833,0.04590732604265213,0.1524553894996643,0.028314828872680664,0.003091186750680208,0.1175934225320816,0.0009110888931900263
2996,8,8,,,,,,,,0.5203719735145569,0.1667129546403885,0.18157513439655304,,,
2997,2,2,5,0.1657142857142857,0.59375,0.2670807453416149,0.7527298927307129,0.9303913116455078,0.5925578474998474,0.511695384979248,0.32534193992614746,0.3906572759151459,0.18125861883163452,0.188384547829628,0.1893060952425003
2998,5,5,,,,,,,,0.09880053251981735,0.03266008570790291,0.10240049660205841,,,
2999,6,6,4,0.0,0.3972602739726027,0.12087912087912088,0.7111557722091675,0.7575705051422119,0.310503214597702,0.47083693742752075,0.7576087713241577,0.5198783278465271,0.5685568451881409,0.6559134721755981,0.22092755138874054
3000,5,5,,,,,,,,0.37338727712631226,0.07656435668468475,0.29581892490386963,,,
3001,1,1,,,,,,,,0.516619861125946,0.18768146634101868,0.44423195719718933,,,
3002,7,7,,,,,,,,0.3243134617805481,0.2663783133029938,0.17373447120189667,,,
3003,2,2,,,,,,,,0.34814000129699707,0.20925194025039673,0.1612573117017746,,,
3004,4,4,,,,,,,,0.28723031282424927,0.11147507280111313,0.1235404685139656,,,
3005,0,0,,,,,,,,0.8218695521354675,0.6370721459388733,0.9093923568725586,,,
3006,5,5,,,,,,,,0.2740342617034912,0.08201269060373306,0.10563737899065018,,,
3007,6,6,,,,,,,,0.6070966124534607,0.6460025310516357,0.2309243083000183,,,
3008,8,8,,,,,,,,0.44969823956489563,0.07651972770690918,0.25078216195106506,,,
3009,7,7,,,,,,,,0.3018236458301544,0.09684471040964127,0.19516722857952118,,,
3010,6,6,,,,,,,,0.24124819040298462,0.403462678194046,0.32512184977531433,,,
3011,3,3,5,0.11475409836065574,0.44680851063829785,0.05699481865284974,0.2638772130012512,0.84780353307724,0.27624958753585815,0.2371097356081009,0.42141246795654297,0.19816617667675018,0.07710985094308853,0.5661516189575195,0.03476801887154579
3012,1,1,,,,,,,,0.4396754801273346,0.497537225484848,0.18511836230754852,,,
3013,3,3,3,0.8715596330275229,0.8053097345132744,0.2911392405063291,0.995114803314209,0.9711503982543945,0.5473824143409729,0.1020742729306221,0.1488378643989563,0.09078703075647354,0.06936217099428177,0.16480478644371033,0.1756061315536499
3014,6,6,6,0.19298245614035087,0.5454545454545454,0.1657142857142857,0.9338850975036621,0.8819491863250732,0.5239769816398621,0.1417454034090042,0.2634390890598297,0.05519730970263481,0.06360964477062225,0.26322638988494873,0.13925930857658386
3015,6,6,,,,,,,,0.7469691634178162,0.5740151405334473,0.41597825288772583,,,
3016,4,4,,,,,,,,0.28105318546295166,0.3308320939540863,0.19610893726348877,,,
3017,5,5,,,,,,,,0.5687573552131653,0.19350087642669678,0.17441405355930328,,,
3018,5,5,,,,,,,,0.4569817781448364,0.21950840950012207,0.12642990052700043,,,
3019,5,5,,,,,,,,0.13322992622852325,0.05874989926815033,0.07897315174341202,,,
3020,1,1,,,,,,,,0.0382423922419548,0.10065644234418869,0.1236138716340065,,,
3021,8,8,,,,,,,,0.625558614730835,0.10596662014722824,0.20528104901313782,,,
3022,7,7,,,,,,,,0.12850642204284668,0.4193345308303833,0.12565717101097107,,,
3023,3,3,,,,,,,,0.11192023009061813,0.5614089965820312,0.318564236164093,,,
3024,0,0,,,,,,,,0.2572498917579651,0.44235342741012573,0.668936014175415,,,
3025,2,2,4,0.5338345864661654,0.5454545454545454,0.44680851063829785,0.8551890850067139,0.8931782245635986,0.7473998069763184,0.18466852605342865,0.08234366029500961,0.09453123062849045,0.22298280894756317,0.04076164588332176,0.04737868532538414
3026,5,5,7,0.24390243902439024,0.5223880597014925,0.15254237288135594,0.8263951539993286,0.8216887712478638,0.5505625009536743,0.08007404208183289,0.1193712130188942,0.15813708305358887,0.019899839535355568,0.09897256642580032,0.005730865523219109
3027,1,1,,,,,,,,0.4626460373401642,0.12875665724277496,0.1285952925682068,,,
3028,1,1,,,,,,,,0.4189402759075165,0.13220332562923431,0.3560459017753601,,,
3029,1,1,,,,,,,,0.5137197971343994,0.2651435434818268,0.42121782898902893,,,
3030,6,6,,,,,,,,0.21122786402702332,0.5237629413604736,0.1253340244293213,,,
3031,7,7,,,,,,,,0.04603571444749832,0.027747290208935738,0.05241651460528374,,,
3032,2,6,,,,,,,,0.04929593950510025,0.536159336566925,0.048415638506412506,,,
3033,1,1,,,,,,,,0.36309459805488586,0.18483081459999084,0.3132811486721039,,,
3034,2,3,,,,,,,,0.1197541356086731,0.15957830846309662,0.03238561376929283,,,
3035,3,3,,,,,,,,0.31550920009613037,0.7670336961746216,0.2502366602420807,,,
3036,9,9,,,,,,,,0.29223939776420593,0.029525160789489746,0.17316260933876038,,,
3037,8,8,,,,,,,,0.48145079612731934,0.2065221667289734,0.23880399763584137,,,
3038,3,3,,,,,,,,0.09200093895196915,0.23733387887477875,0.05811796337366104,,,
3039,1,1,,,,,,,,0.19549907743930817,0.19017024338245392,0.4118616282939911,,,
3040,7,7,,,,,,,,0.24451397359371185,0.18737150728702545,0.34305238723754883,,,
3041,4,4,,,,,,,,0.20011204481124878,0.2056216299533844,0.2708224356174469,,,
3042,8,8,,,,,,,,0.18434710800647736,0.13335572183132172,0.23960396647453308,,,
3043,4,4,3,0.07368421052631578,0.5111111111111111,0.5111111111111111,0.6697384119033813,0.9114069938659668,0.6813850402832031,0.10408584028482437,0.10785246640443802,0.17613650858402252,0.06987034529447556,0.08162683993577957,0.19558747112751007
3044,7,7,,,,,,,,0.05235309898853302,0.14540697634220123,0.20635271072387695,,,
3045,5,5,,,,,,,,0.1827145218849182,0.03213988617062569,0.11020161211490631,,,
3046,8,8,,,,,,,,0.5785346627235413,0.5406433343887329,0.1409788280725479,,,
3047,6,6,6,0.626984126984127,0.5572519083969466,0.6451612903225806,0.9563394784927368,0.8817406892776489,0.626299262046814,0.021417172625660896,0.5329557657241821,0.04687971994280815,0.03621789440512657,0.3639640510082245,0.07678025215864182
3048,0,0,,,,,,,,0.20436139404773712,0.3052895963191986,0.4209279417991638,,,
3049,3,5,,,,,,,,0.3225734233856201,0.040532518178224564,0.029143692925572395,,,
3050,0,0,,,,,,,,0.37697529792785645,0.3959593176841736,0.8090817332267761,,,
3051,8,8,,,,,,,,0.1965002715587616,0.16559457778930664,0.2136230170726776,,,
3052,3,2,,,,,,,,0.23554249107837677,0.26773279905319214,0.25440144538879395,,,
3053,4,4,,,,,,,,0.1561417430639267,0.07194176316261292,0.12216329574584961,,,
3054,4,4,,,,,,,,0.29123833775520325,0.1751360297203064,0.3124066889286041,,,
3055,9,9,,,,,,,,0.32046470046043396,0.07883434742689133,0.19492259621620178,,,
3056,4,4,,,,,,,,0.03072614222764969,0.16444844007492065,0.02648843824863434,,,
3057,6,6,,,,,,,,0.5387843251228333,0.6965538263320923,0.5492373704910278,,,
3058,1,1,,,,,,,,0.4813907742500305,0.15578080713748932,0.5539441108703613,,,
3059,5,3,,,,,,,,0.05554627999663353,0.2086886614561081,0.054940637201070786,,,
3060,7,7,5,0.0049261083743842365,0.34210526315789475,0.13966480446927373,0.3755616247653961,0.8564872741699219,0.4284619092941284,0.2516901195049286,0.04191023111343384,0.20836429297924042,0.02462325431406498,0.006119895726442337,0.1197335422039032
3061,7,7,4,0.3509933774834437,0.5813953488372093,0.7288135593220338,0.7679772973060608,0.9107547998428345,0.7510356903076172,0.10944176465272903,0.035283446311950684,0.08545698970556259,0.018852701410651207,0.005142082925885916,0.015015861950814724
3062,9,9,,,,,,,,0.4322752356529236,0.3083115220069885,0.425551176071167,,,
3063,0,2,,,,,,,,0.563569962978363,0.1397092342376709,0.06440285593271255,,,
3064,1,1,,,,,,,,0.4217151999473572,0.06609740853309631,0.2125428467988968,,,
3065,3,3,,,,,,,,0.07935092598199844,0.3854600787162781,0.10687326639890671,,,
3066,1,1,,,,,,,,0.27307912707328796,0.16758449375629425,0.23892150819301605,,,
3067,3,3,,,,,,,,0.2730962634086609,0.36384642124176025,0.3593670427799225,,,
3068,2,2,0,0.9065420560747663,0.5454545454545454,0.1270718232044199,0.9893258810043335,0.8483322858810425,0.34997034072875977,0.38947826623916626,0.22981171309947968,0.24440351128578186,0.4235920011997223,0.08753647655248642,0.3857599198818207
3069,4,4,,,,,,,,0.06199138984084129,0.1820748895406723,0.21864446997642517,,,
3070,0,0,,,,,,,,0.3524371087551117,0.5707669854164124,0.6495444178581238,,,
3071,7,7,,,,,,,,0.05552711710333824,0.030007878318428993,0.08183465152978897,,,
3072,8,8,8,0.5,0.5,0.632,0.9274409413337708,0.8954145908355713,0.7658321857452393,0.13671551644802094,0.058951299637556076,0.10616901516914368,0.16121704876422882,0.04948878288269043,0.06883569806814194
3073,3,3,,,,,,,,0.21981969475746155,0.2929842472076416,0.06935998052358627,,,
3074,1,1,,,,,,,,0.6585503220558167,0.3384239077568054,0.4760836064815521,,,
3075,6,6,6,0.5111111111111111,0.8053097345132744,0.5223880597014925,0.9768854975700378,0.8798539638519287,0.5398993492126465,0.029046813026070595,0.06868778169155121,0.03383977338671684,0.06067747250199318,0.16524381935596466,0.020976517349481583
3076,2,2,,,,,,,,0.8544071316719055,0.088387131690979,0.42527931928634644,,,
3077,1,1,,,,,,,,0.48053643107414246,0.25793659687042236,0.26484179496765137,,,
3078,8,8,,,,,,,,0.3920544385910034,0.197670578956604,0.43816936016082764,,,
3079,8,8,,,,,,,,0.3089466094970703,0.20134961605072021,0.029507001861929893,,,
3080,1,1,,,,,,,,0.12706203758716583,0.046435244381427765,0.0776936411857605,,,
3081,9,9,,,,,,,,0.40236011147499084,0.1816152036190033,0.36104288697242737,,,
3082,7,7,7,0.4676258992805755,0.3333333333333333,0.3877551020408163,0.9455289840698242,0.7871110439300537,0.5486161112785339,0.16765238344669342,0.1823175996541977,0.24395647644996643,0.19472019374370575,0.13490137457847595,0.1680838167667389
3083,5,5,5,0.7288135593220338,0.4676258992805755,0.10270270270270271,0.9903202056884766,0.9287369847297668,0.5479612946510315,0.06876986473798752,0.06766460090875626,0.2197904884815216,0.07411548495292664,0.08809994906187057,0.15555496513843536
3084,3,3,3,0.5454545454545454,0.3972602739726027,0.3076923076923077,0.9011882543563843,0.8377296924591064,0.5000433921813965,0.2100364714860916,0.19658441841602325,0.034262388944625854,0.24654440581798553,0.08720865100622177,0.029674051329493523
3085,2,2,,,,,,,,0.3618861436843872,0.04970609396696091,0.30741825699806213,,,
3086,9,9,,,,,,,,0.43348827958106995,0.389261394739151,0.2041500359773636,,,
3087,0,0,,,,,,,,0.713263750076294,0.6862886548042297,0.8337682485580444,,,
3088,6,6,,,,,,,,0.07877420634031296,0.35391807556152344,0.02764478698372841,,,
3089,8,8,,,,,,,,0.4765280485153198,0.35515907406806946,0.19624461233615875,,,
3090,4,4,,,,,,,,0.21269506216049194,0.34549033641815186,0.2467370182275772,,,
3091,1,1,0,0.5692307692307692,0.632,0.6062992125984252,0.85540372133255,0.898841381072998,0.6422581076622009,0.026078801602125168,0.10761973261833191,0.0242296289652586,0.0019714145455509424,0.05216560885310173,0.0002464745193719864
3092,5,5,5,0.06806282722513089,0.3783783783783784,0.6190476190476191,0.822580099105835,0.8168606758117676,0.5421150326728821,0.2524692714214325,0.14611618220806122,0.4817107617855072,0.4178428649902344,0.10679925978183746,0.11515357345342636
3093,7,7,,,,,,,,0.3575814664363861,0.07483557611703873,0.5215148329734802,,,
3094,2,2,2,0.8888888888888888,0.6585365853658537,0.1791907514450867,0.9971180558204651,0.8828625679016113,0.6277023553848267,0.26775383949279785,0.07786453515291214,0.16105583310127258,0.27928635478019714,0.10266904532909393,0.21675555408000946
3095,4,4,,,,,,,,0.1253342181444168,0.15178044140338898,0.17848527431488037,,,
3096,7,7,,,,,,,,0.4033253490924835,0.4215487539768219,0.22752490639686584,,,
3097,0,0,,,,,,,,0.19963747262954712,0.3641342222690582,0.29436933994293213,,,
3098,4,4,,,,,,,,0.3162626624107361,0.36153697967529297,0.5104129910469055,,,
3099,9,9,,,,,,,,0.28728553652763367,0.20268896222114563,0.3899543285369873,,,
3100,0,0,,,,,,,,0.313469797372818,0.11850007623434067,0.42210137844085693,,,
3101,7,7,,,,,,,,0.29230546951293945,0.2494727373123169,0.47122830152511597,,,
3102,0,0,,,,,,,,0.44828593730926514,0.4686377942562103,0.7492972016334534,,,
3103,6,6,,,,,,,,0.2119363397359848,0.6824440956115723,0.13813947141170502,,,
3104,7,7,,,,,,,,0.22248482704162598,0.14938503503799438,0.3431606888771057,,,
3105,1,1,,,,,,,,0.2998960614204407,0.09074843674898148,0.32011255621910095,,,
3106,8,8,,,,,,,,0.48598286509513855,0.2322481870651245,0.22259017825126648,,,
3107,5,2,,,,,,,,0.12743477523326874,0.13196684420108795,0.27141687273979187,,,
3108,8,8,,,,,,,,0.3883638083934784,0.06620893627405167,0.38280630111694336,,,
3109,8,8,,,,,,,,0.6539165377616882,0.168323814868927,0.5704248547554016,,,
3110,7,7,,,,,,,,0.06086646392941475,0.048601023852825165,0.056184712797403336,,,
3111,0,0,,,,,,,,0.26940056681632996,0.9204587936401367,0.6191532611846924,,,
3112,0,0,,,,,,,,0.3537176549434662,0.17917536199092865,0.6721250414848328,,,
3113,3,2,,,,,,,,0.7559577822685242,0.19279104471206665,0.31026843190193176,,,
3114,2,2,,,,,,,,0.41999053955078125,0.10793977230787277,0.5359185934066772,,,
3115,5,5,2,0.7435897435897436,0.7288135593220338,0.3877551020408163,0.9740927219390869,0.936156690120697,0.6463507413864136,0.04218670725822449,0.03210466355085373,0.027923477813601494,0.01649812050163746,0.035594575107097626,0.015040155500173569
3116,7,7,,,,,,,,0.20452365279197693,0.164346382021904,0.3367050886154175,,,
3117,0,0,,,,,,,,0.4523496925830841,0.4793906509876251,0.767898678779602,,,
3118,6,6,,,,,,,,0.2736743986606598,0.6977738738059998,0.10740148276090622,,,
3119,4,4,,,,,,,,0.3212909996509552,0.1735077053308487,0.28563177585601807,,,
3120,4,4,2,0.04081632653061224,0.4782608695652174,0.2670807453416149,0.6499100923538208,0.7867196202278137,0.3606744408607483,0.08042363077402115,0.14249376952648163,0.10708987712860107,0.010187258943915367,0.10909568518400192,0.002643745159730315
3121,9,9,,,,,,,,0.3546775281429291,0.3060087561607361,0.25330233573913574,,,
3122,1,1,,,,,,,,0.3725524842739105,0.23298279941082,0.33223623037338257,,,
3123,8,8,,,,,,,,0.6743724942207336,0.4628985524177551,0.26758021116256714,,,
3124,6,6,,,,,,,,0.36618947982788086,0.6500882506370544,0.10338769108057022,,,
3125,3,3,,,,,,,,0.23504608869552612,0.21617038547992706,0.2786768972873688,,,
3126,9,9,,,,,,,,0.5787898302078247,0.20604154467582703,0.1601545661687851,,,
3127,4,4,,,,,,,,0.4454500079154968,0.28297993540763855,0.42803049087524414,,,
3128,9,9,,,,,,,,0.22480618953704834,0.16863557696342468,0.16624361276626587,,,
3129,3,3,,,,,,,,0.5809227228164673,0.37716054916381836,0.4151585102081299,,,
3130,3,3,,,,,,,,0.4910846948623657,0.34765323996543884,0.4021202027797699,,,
3131,7,7,,,,,,,,0.13899891078472137,0.0778304934501648,0.12705516815185547,,,
3132,5,5,,,,,,,,0.2588411867618561,0.09734436124563217,0.15973694622516632,,,
3133,9,9,,,,,,,,0.25742098689079285,0.11383450031280518,0.17121300101280212,,,
3134,7,7,,,,,,,,0.35870981216430664,0.1360333263874054,0.3818586766719818,,,
3135,7,3,,,,,,,,0.17500317096710205,0.20399923622608185,0.05399451404809952,,,
3136,4,4,,,,,,,,0.37335526943206787,0.20238031446933746,0.273832768201828,,,
3137,5,5,,,,,,,,0.35337886214256287,0.04809371381998062,0.1636194884777069,,,
3138,8,8,,,,,,,,0.5031533241271973,0.10469310730695724,0.27937051653862,,,
3139,2,2,,,,,,,,0.39435794949531555,0.2860664129257202,0.5840660929679871,,,
3140,8,8,,,,,,,,0.7351227402687073,0.028086144477128983,0.4096921980381012,,,
3141,9,9,,,,,,,,0.3758789300918579,0.2035982757806778,0.20520251989364624,,,
3142,5,5,,,,,,,,0.21525999903678894,0.1059986799955368,0.1326129138469696,,,
3143,3,3,,,,,,,,0.38642001152038574,0.5208505392074585,0.44522833824157715,,,
3144,1,1,,,,,,,,0.5912100076675415,0.08128678798675537,0.15192097425460815,,,
3145,9,9,,,,,,,,0.16828274726867676,0.1587865650653839,0.2062017172574997,,,
3146,2,2,2,0.42657342657342656,0.43661971830985913,0.5338345864661654,0.8832409381866455,0.8571978807449341,0.7206909656524658,0.06712111085653305,0.09307479858398438,0.08360350131988525,0.031016824766993523,0.09649874269962311,0.09938813000917435
3147,2,2,,,,,,,,0.7294188737869263,0.16103880107402802,0.28516486287117004,,,
3148,0,0,,,,,,,,0.6759231090545654,0.6359570026397705,0.9657920598983765,,,
3149,1,1,,,,,,,,0.34463798999786377,0.26746249198913574,0.15961211919784546,,,
3150,1,1,,,,,,,,0.06976830959320068,0.17539235949516296,0.10185088962316513,,,
3151,8,8,,,,,,,,0.20240558683872223,0.048830028623342514,0.20015022158622742,,,
3152,1,1,,,,,,,,0.3990906774997711,0.24496033787727356,0.2964854836463928,,,
3153,1,1,,,,,,,,0.6834429502487183,0.3008806109428406,0.35397809743881226,,,
3154,9,9,0,0.275,0.632,0.3783783783783784,0.7976686954498291,0.9072110652923584,0.6352237462997437,0.12739413976669312,0.038063619285821915,0.03469841927289963,0.01843245141208172,0.0034115139860659838,3.160054620821029e-05
3155,8,8,,,,,,,,0.6502441763877869,0.25398364663124084,0.14064618945121765,,,
3156,9,9,,,,,,,,0.12929300963878632,0.18135666847229004,0.1744135469198227,,,
3157,9,9,,,,,,,,0.22993065416812897,0.1744208186864853,0.26741811633110046,,,
3158,0,2,,,,,,,,0.2791306972503662,0.022692343220114708,0.07979821413755417,,,
3159,2,2,,,,,,,,0.43434271216392517,0.12957186996936798,0.4296846091747284,,,
3160,6,6,,,,,,,,0.1446896493434906,0.6404134631156921,0.22439736127853394,,,
3161,9,9,,,,,,,,0.2365468442440033,0.1077481135725975,0.11964382976293564,,,
3162,1,1,,,,,,,,0.40163421630859375,0.15312014520168304,0.23185284435749054,,,
3163,9,9,,,,,,,,0.22366175055503845,0.106671541929245,0.2914494276046753,,,
3164,0,0,,,,,,,,0.5524296760559082,0.14726869761943817,0.13893826305866241,,,
3165,1,1,,,,,,,,0.29976290464401245,0.09663335233926773,0.1426197737455368,,,
3166,9,9,,,,,,,,0.1774922013282776,0.1444481760263443,0.098216712474823,,,
3167,2,2,,,,,,,,0.143798828125,0.3543638288974762,0.26169919967651367,,,
3168,9,8,,,,,,,,0.2394220381975174,0.03347448632121086,0.024916036054491997,,,
3169,9,9,,,,,,,,0.2706684172153473,0.3492850363254547,0.24683722853660583,,,
3170,9,9,,,,,,,,0.11230001598596573,0.2736039459705353,0.16252544522285461,,,
3171,0,0,,,,,,,,0.43311989307403564,0.22714099287986755,0.8110494017601013,,,
3172,9,9,,,,,,,,0.1391650289297104,0.16929088532924652,0.07725656777620316,,,
3173,9,9,,,,,,,,0.401775598526001,0.27344244718551636,0.14587484300136566,,,
3174,2,2,,,,,,,,0.40065109729766846,0.13205404579639435,0.6523422598838806,,,
3175,1,1,,,,,,,,0.24506203830242157,0.15274764597415924,0.3208547532558441,,,
3176,7,7,,,,,,,,0.3533001244068146,0.18387743830680847,0.35907891392707825,,,
3177,0,0,2,0.8545454545454545,0.5111111111111111,0.2911392405063291,0.9484663009643555,0.8976984024047852,0.6115939617156982,0.4715450406074524,0.6341943740844727,0.5871533155441284,0.2736358642578125,0.5403727889060974,0.2211674600839615
3178,5,5,,,,,,,,0.5058026909828186,0.10907585173845291,0.33728960156440735,,,
3179,6,6,,,,,,,,0.18606731295585632,0.5036100149154663,0.07192511111497879,,,
3180,3,5,,,,,,,,0.04803524166345596,0.11733391880989075,0.042233824729919434,,,
3181,9,9,,,,,,,,0.14579148590564728,0.15042605996131897,0.2998654544353485,,,
3182,8,8,,,,,,,,0.5742347836494446,0.3920540511608124,0.2148471623659134,,,
3183,3,3,,,,,,,,0.4368532598018646,0.28673821687698364,0.3166220188140869,,,
3184,0,0,,,,,,,,0.5731393694877625,0.38135606050491333,0.6217077374458313,,,
3185,2,2,,,,,,,,0.4954582452774048,0.13289059698581696,0.41492369771003723,,,
3186,7,4,,,,,,,,0.02625773847103119,0.029391981661319733,0.12178715318441391,,,
3187,7,7,,,,,,,,0.46152371168136597,0.2642941176891327,0.29607900977134705,,,
3188,4,4,,,,,,,,0.12051171064376831,0.1681826263666153,0.29175835847854614,,,
3189,8,8,0,0.8053097345132744,0.3076923076923077,0.36,0.9078378677368164,0.7598898410797119,0.6555829048156738,0.15934355556964874,0.15830843150615692,0.1081467866897583,0.04466499015688896,0.18560881912708282,0.0016157416393980384
3190,3,3,,,,,,,,0.07947561889886856,0.32103317975997925,0.08917752653360367,,,
3191,0,0,,,,,,,,0.24076350033283234,0.4115089476108551,0.8306190967559814,,,
3192,5,4,,,,,,,,0.09201166778802872,0.21704980731010437,0.06827685236930847,,,
3193,2,2,,,,,,,,0.3616776764392853,0.07236509770154953,0.39606091380119324,,,
3194,3,3,3,0.3246753246753247,0.3691275167785235,0.13966480446927373,0.9055841565132141,0.7805532217025757,0.5458595752716064,0.2783261239528656,0.3383105397224426,0.1676812618970871,0.19214408099651337,0.3300037384033203,0.35302457213401794
3195,5,5,,,,,,,,0.35074591636657715,0.20113900303840637,0.07446850836277008,,,
3196,7,7,7,0.7,0.42657342657342656,0.3246753246753247,0.9730125665664673,0.9136075973510742,0.518765926361084,0.08743005990982056,0.0997057855129242,0.17019231617450714,0.10139095783233643,0.14223724603652954,0.18541663885116577
3197,6,6,,,,,,,,0.5113292932510376,0.5970697402954102,0.38522061705589294,,,
3198,6,6,,,,,,,,0.16762642562389374,0.47885504364967346,0.11924681812524796,,,
3199,6,6,,,,,,,,0.22412970662117004,0.7534377574920654,0.31721165776252747,,,
3200,5,5,,,,,,,,0.2508659362792969,0.059796493500471115,0.3155733644962311,,,
3201,6,6,,,,,,,,0.11252715438604355,0.16364555060863495,0.11234243959188461,,,
3202,5,5,3,0.2911392405063291,0.42657342657342656,0.23636363636363636,0.6175391674041748,0.8436071276664734,0.16820426285266876,0.11143922060728073,0.030750267207622528,0.034082286059856415,0.02066059783101082,0.015792978927493095,0.014478189870715141
3203,4,4,,,,,,,,0.2437124252319336,0.23912547528743744,0.3643682599067688,,,
3204,5,5,,,,,,,,0.06222258880734444,0.03143814951181412,0.0749647244811058,,,
3205,8,8,,,,,,,,0.5937325954437256,0.2920158803462982,0.2990238666534424,,,
3206,8,8,,,,,,,,0.18531082570552826,0.026690948754549026,0.05014847218990326,,,
3207,0,0,,,,,,,,0.8687873482704163,0.3565589189529419,0.8367921710014343,,,
3208,9,9,,,,,,,,0.20103707909584045,0.14959199726581573,0.05626674368977547,,,
3209,7,5,,,,,,,,0.14286908507347107,0.056036803871393204,0.055620577186346054,,,
3210,9,9,,,,,,,,0.11999429762363434,0.1447976976633072,0.12677958607673645,,,
3211,0,0,9,0.3877551020408163,0.6062992125984252,0.2,0.7907612323760986,0.9319002628326416,0.41088759899139404,0.707181990146637,0.3790780305862427,0.9013792872428894,0.5744770765304565,0.4450207054615021,0.6572595238685608
3212,6,6,,,,,,,,0.33238351345062256,0.4977303445339203,0.28132957220077515,,,
3213,9,9,,,,,,,,0.15644395351409912,0.12822484970092773,0.1430974006652832,,,
3214,6,6,3,0.11475409836065574,0.44680851063829785,0.24390243902439024,0.5592882037162781,0.8230040073394775,0.4267849922180176,0.11004987359046936,0.2100522220134735,0.05429823324084282,0.012581619434058666,0.3287784457206726,0.03869530186057091
3215,1,1,,,,,,,,0.553927481174469,0.19383984804153442,0.3468984365463257,,,
3216,4,4,,,,,,,,0.3151105046272278,0.21523752808570862,0.06876145303249359,,,
3217,7,7,,,,,,,,0.25496524572372437,0.35516512393951416,0.25980788469314575,,,
3218,9,8,,,,,,,,0.3116271495819092,0.029503900557756424,0.14447087049484253,,,
3219,0,0,,,,,,,,0.5418236255645752,0.43493974208831787,0.6063724756240845,,,
3220,3,3,,,,,,,,0.11773227900266647,0.21744242310523987,0.12428842484951019,,,
3221,5,5,,,,,,,,0.2934788465499878,0.0887436792254448,0.32010403275489807,,,
3222,4,4,5,0.0967741935483871,0.3691275167785235,0.5223880597014925,0.6265343427658081,0.846192479133606,0.6330639123916626,0.14002901315689087,0.2148001492023468,0.1751212179660797,0.04313912242650986,0.06696899235248566,0.06598072499036789
3223,7,7,,,,,,,,0.3322366178035736,0.2756311893463135,0.26397016644477844,,,
3224,6,6,,,,,,,,0.3518003523349762,0.5581097602844238,0.24416139721870422,,,
3225,9,9,,,,,,,,0.398057758808136,0.1704338788986206,0.22478608787059784,,,
3226,8,8,,,,,,,,0.1007886528968811,0.07622721046209335,0.08679915964603424,,,
3227,2,2,2,0.8715596330275229,0.5572519083969466,0.42657342657342656,0.9958657026290894,0.9134578704833984,0.5752534866333008,0.2784956991672516,0.08183392137289047,0.2904745042324066,0.31901195645332336,0.05766540393233299,0.2711434066295624
3228,3,3,,,,,,,,0.20663340389728546,0.269840806722641,0.34828341007232666,,,
3229,9,9,,,,,,,,0.08857168257236481,0.10501951724290848,0.08856192976236343,,,
3230,3,3,,,,,,,,0.22257697582244873,0.1584821194410324,0.26459553837776184,,,
3231,3,5,,,,,,,,0.0817292332649231,0.06390209496021271,0.02892756275832653,,,
3232,7,7,,,,,,,,0.180930495262146,0.07787691056728363,0.13869786262512207,,,
3233,8,8,,,,,,,,0.6270020008087158,0.15506775677204132,0.18129253387451172,,,
3234,3,3,,,,,,,,0.7073345184326172,0.4400518238544464,0.6966603994369507,,,
3235,5,5,,,,,,,,0.12544052302837372,0.03138960525393486,0.05275854095816612,,,
3236,5,5,3,0.25925925925925924,0.43661971830985913,0.2830188679245283,0.7883752584457397,0.8233292102813721,0.47161829471588135,0.25737321376800537,0.030766647309064865,0.0974440947175026,0.058884453028440475,0.027251049876213074,0.06190963461995125
3237,9,9,,,,,,,,0.22116045653820038,0.38215765357017517,0.1748838871717453,,,
3238,6,6,,,,,,,,0.3665541410446167,0.7197751998901367,0.33366870880126953,,,
3239,1,1,,,,,,,,0.5454843044281006,0.46502137184143066,0.48212742805480957,,,
3240,4,4,,,,,,,,0.27074840664863586,0.04511864110827446,0.07830320298671722,,,
3241,7,7,,,,,,,,0.2534235417842865,0.13606342673301697,0.19449704885482788,,,
3242,4,4,,,,,,,,0.32991287112236023,0.23588266968727112,0.11626572161912918,,,
3243,8,8,,,,,,,,0.6712125539779663,0.18342022597789764,0.28921008110046387,,,
3244,7,7,,,,,,,,0.25447073578834534,0.08696599304676056,0.23170651495456696,,,
3245,7,7,,,,,,,,0.3698810040950775,0.14861072599887848,0.17327015101909637,,,
3246,1,1,,,,,,,,0.0811392217874527,0.09214496612548828,0.1281796097755432,,,
3247,3,3,,,,,,,,0.42273780703544617,0.31182992458343506,0.20785003900527954,,,
3248,0,0,,,,,,,,0.3498401939868927,0.37457790970802307,0.8744496703147888,,,
3249,3,3,,,,,,,,0.2420654147863388,0.22450199723243713,0.28437328338623047,,,
3250,2,2,,,,,,,,0.24908556044101715,0.3385408818721771,0.030281785875558853,,,
3251,5,5,5,0.07368421052631578,0.5,0.4068965517241379,0.8015926480293274,0.8761106729507446,0.35576945543289185,0.06354226917028427,0.07378282397985458,0.08438175916671753,0.08937116712331772,0.023926839232444763,0.04013517498970032
3252,4,4,,,,,,,,0.3178003132343292,0.5704739689826965,0.34611085057258606,,,
3253,9,9,,,,,,,,0.10934703052043915,0.025717424228787422,0.05333694443106651,,,
3254,3,3,,,,,,,,0.1762302815914154,0.16101814806461334,0.1788746863603592,,,
3255,5,5,,,,,,,,0.23760509490966797,0.18549227714538574,0.3933957815170288,,,
3256,4,4,,,,,,,,0.3207492232322693,0.06522013247013092,0.16615968942642212,,,
3257,7,7,,,,,,,,0.24397101998329163,0.029095226898789406,0.2598046362400055,,,
3258,0,0,3,0.25925925925925924,0.5692307692307692,0.5572519083969466,0.7616007328033447,0.9030395746231079,0.6790469288825989,0.502508819103241,0.3336127698421478,0.33240795135498047,0.09164370596408844,0.21007829904556274,0.04746466502547264
3259,3,3,,,,,,,,0.2143435925245285,0.46844348311424255,0.2492498755455017,,,
3260,7,7,,,,,,,,0.297540545463562,0.3955633342266083,0.3715095818042755,,,
3261,0,0,,,,,,,,0.5273199677467346,0.5923134088516235,0.8945682048797607,,,
3262,2,2,,,,,,,,0.4984530806541443,0.2670234739780426,0.21193675696849823,,,
3263,1,1,,,,,,,,0.1837565004825592,0.1494148224592209,0.3185216188430786,,,
3264,5,7,,,,,,,,0.022799914702773094,0.018735673278570175,0.032432492822408676,,,
3265,8,8,,,,,,,,0.4896109998226166,0.26525017619132996,0.129201278090477,,,
3266,7,7,,,,,,,,0.19582732021808624,0.10830818116664886,0.17515233159065247,,,
3267,3,3,,,,,,,,0.4044760465621948,0.30867406725883484,0.24325428903102875,,,
3268,5,5,,,,,,,,0.22251127660274506,0.15850819647312164,0.329702228307724,,,
3269,7,7,,,,,,,,0.3169664740562439,0.2579921782016754,0.2880595028400421,,,
3270,8,8,,,,,,,,0.5500187277793884,0.2737630009651184,0.03320035710930824,,,
3271,5,5,,,,,,,,0.3490874469280243,0.15816867351531982,0.2712053954601288,,,
3272,7,7,,,,,,,,0.17949733138084412,0.22324930131435394,0.08902013301849365,,,
3273,8,8,,,,,,,,0.5921851992607117,0.15775497257709503,0.3608829081058502,,,
3274,1,1,,,,,,,,0.2708336412906647,0.10976287722587585,0.36455389857292175,,,
3275,5,5,4,0.7,0.5572519083969466,0.59375,0.9917823076248169,0.8940194845199585,0.5820417404174805,0.16770628094673157,0.01796240732073784,0.02289399318397045,0.214186891913414,0.020680543035268784,0.007319927681237459
3276,4,4,,,,,,,,0.23382538557052612,0.37556764483451843,0.4471891522407532,,,
3277,7,7,,,,,,,,0.43265798687934875,0.22191660106182098,0.29523107409477234,,,
3278,0,0,2,0.6859504132231405,0.5223880597014925,0.0967741935483871,0.9802078008651733,0.8410483598709106,0.08682628720998764,0.29293888807296753,0.21738934516906738,0.23487454652786255,0.3069990575313568,0.23056936264038086,0.390423983335495
3279,8,8,8,0.6721311475409836,0.3972602739726027,0.59375,0.9402596950531006,0.8293853998184204,0.5991180539131165,0.04595756530761719,0.029145250096917152,0.08174275606870651,0.032096412032842636,0.06835087388753891,0.052322424948215485
3280,3,3,,,,,,,,0.26116836071014404,0.5028268694877625,0.5307907462120056,,,
3281,2,2,,,,,,,,0.29106634855270386,0.17839324474334717,0.10516892373561859,,,
3282,9,9,,,,,,,,0.17603519558906555,0.31648707389831543,0.1803961992263794,,,
3283,7,7,4,0.632,0.48905109489051096,0.5454545454545454,0.8799097537994385,0.8867201209068298,0.6869615316390991,0.14977878332138062,0.028499605134129524,0.21511967480182648,0.07470401376485825,0.009973295032978058,0.18117058277130127
3284,4,4,,,,,,,,0.23075520992279053,0.22478146851062775,0.12476283311843872,,,
3285,1,1,,,,,,,,0.32012075185775757,0.34170088171958923,0.11931715905666351,,,
3286,6,6,,,,,,,,0.6210299134254456,0.5898999571800232,0.3483904302120209,,,
3287,5,5,,,,,,,,0.0752270296216011,0.03742499276995659,0.03678246587514877,,,
3288,9,9,,,,,,,,0.39318567514419556,0.07370705902576447,0.10691764205694199,,,
3289,8,8,,,,,,,,0.45861417055130005,0.1651296317577362,0.1597788780927658,,,
3290,5,5,,,,,,,,0.38075894117355347,0.08930810540914536,0.17734161019325256,,,
3291,5,5,,,,,,,,0.45732998847961426,0.11231542378664017,0.1540125012397766,,,
3292,4,4,,,,,,,,0.08946932107210159,0.13866060972213745,0.46987032890319824,,,
3293,1,1,,,,,,,,0.46640923619270325,0.18075929582118988,0.18599294126033783,,,
3294,0,0,,,,,,,,0.5931660532951355,0.7125409245491028,0.8201313018798828,,,
3295,9,9,,,,,,,,0.17410509288311005,0.18696312606334686,0.2828924059867859,,,
3296,4,4,,,,,,,,0.32711929082870483,0.23872393369674683,0.20718960464000702,,,
3297,4,5,,,,,,,,0.06424085050821304,0.0429331436753273,0.12208283692598343,,,
3298,3,3,,,,,,,,0.05762255936861038,0.14605644345283508,0.0669955313205719,,,
3299,0,4,,,,,,,,0.10100937634706497,0.042877405881881714,0.11677595973014832,,,
3300,4,4,,,,,,,,0.21578460931777954,0.12836810946464539,0.15471859276294708,,,
3301,8,8,0,0.046153846153846156,0.43661971830985913,0.06806282722513089,-0.27194684743881226,0.7878685593605042,0.10084939002990723,0.4144620895385742,0.026625074446201324,0.02492458000779152,0.0002553201629780233,0.004643513821065426,2.057663550658617e-05
3302,0,0,,,,,,,,0.7546794414520264,0.7399071455001831,0.8907578587532043,,,
3303,8,8,0,0.04060913705583756,0.632,0.42657342657342656,0.22968193888664246,0.8299487829208374,0.5354145765304565,0.5399059057235718,0.07382097095251083,0.025763442739844322,0.003049928927794099,0.021229621022939682,0.001997502753511071
3304,2,2,,,,,,,,0.4979317784309387,0.5808411240577698,0.6255849599838257,,,
3305,9,9,,,,,,,,0.24327805638313293,0.1995658278465271,0.09425821900367737,,,
3306,5,5,5,0.5111111111111111,0.5813953488372093,0.4676258992805755,0.9360811710357666,0.9125376343727112,0.4934847950935364,0.10142625868320465,0.052080411463975906,0.049225643277168274,0.07758678495883942,0.09675224125385284,0.016914183273911476
3307,9,9,,,,,,,,0.23482157289981842,0.469706654548645,0.5016622543334961,,,
3308,7,7,,,,,,,,0.23851968348026276,0.1002664789557457,0.2032274454832077,,,
3309,4,4,,,,,,,,0.12264219671487808,0.4388121962547302,0.043568242341279984,,,
3310,6,6,,,,,,,,0.41209328174591064,0.5877400040626526,0.3323584198951721,,,
3311,7,7,,,,,,,,0.17796698212623596,0.028073670342564583,0.17607884109020233,,,
3312,9,9,,,,,,,,0.08135106414556503,0.16412511467933655,0.14274302124977112,,,
3313,2,2,,,,,,,,0.5244439840316772,0.25749659538269043,0.5861290097236633,,,
3314,9,9,,,,,,,,0.38042089343070984,0.13033251464366913,0.06270759552717209,,,
3315,3,3,,,,,,,,0.1764090210199356,0.25269392132759094,0.20591780543327332,,,
3316,7,7,,,,,,,,0.41137778759002686,0.1521170437335968,0.3041928708553314,,,
3317,7,7,,,,,,,,0.36404386162757874,0.18809522688388824,0.17089886963367462,,,
3318,8,8,,,,,,,,0.5172285437583923,0.06592115759849548,0.07207734137773514,,,
3319,2,2,,,,,,,,0.31425726413726807,0.39510807394981384,0.21929211914539337,,,
3320,2,9,,,,,,,,0.025415299460291862,0.018282365053892136,0.032873548567295074,,,
3321,0,0,,,,,,,,0.34641528129577637,0.6198474168777466,0.7045325040817261,,,
3322,2,2,,,,,,,,0.6399509310722351,0.040233537554740906,0.3822873830795288,,,
3323,5,5,5,0.9065420560747663,0.4068965517241379,0.5223880597014925,0.9810675978660583,0.9052736163139343,0.6640551090240479,0.07886096090078354,0.12010304629802704,0.06675757467746735,0.17015458643436432,0.09794513136148453,0.04776418209075928
3324,3,3,,,,,,,,0.48615050315856934,0.1966327726840973,0.25863003730773926,,,
3325,6,6,,,,,,,,0.29170507192611694,0.43348562717437744,0.11125681549310684,,,
3326,4,4,,,,,,,,0.5489557385444641,0.31546133756637573,0.372770756483078,,,
3327,7,7,,,,,,,,0.08399716019630432,0.045220594853162766,0.24228240549564362,,,
3328,2,2,,,,,,,,0.4612913429737091,0.07137946784496307,0.40442103147506714,,,
3329,3,3,,,,,,,,0.44404107332229614,0.16127201914787292,0.29694628715515137,,,
3330,7,7,,,,,,,,0.16743123531341553,0.10035794973373413,0.0547279454767704,,,
3331,8,8,,,,,,,,0.7842705249786377,0.24207822978496552,0.21880283951759338,,,
3332,7,7,,,,,,,,0.5214312076568604,0.16117671132087708,0.11696139723062515,,,
3333,2,2,,,,,,,,0.4518732726573944,0.12947100400924683,0.36856773495674133,,,
3334,5,5,,,,,,,,0.19468487799167633,0.09686477482318878,0.09175218641757965,,,
3335,0,0,,,,,,,,0.30411243438720703,0.6785234808921814,0.7816281914710999,,,
3336,0,0,,,,,,,,0.5891087651252747,0.130592942237854,0.7180874943733215,,,
3337,7,7,,,,,,,,0.22356367111206055,0.1161317452788353,0.3580293655395508,,,
3338,0,0,,,,,,,,0.4435569643974304,0.4134822189807892,0.4524618089199066,,,
3339,9,9,,,,,,,,0.1055951938033104,0.07454177737236023,0.1500425934791565,,,
3340,6,6,,,,,,,,0.12694065272808075,0.4950645864009857,0.044055402278900146,,,
3341,1,1,,,,,,,,0.535598874092102,0.15908868610858917,0.1921481043100357,,,
3342,0,0,,,,,,,,0.7068330645561218,0.4174170196056366,0.44154173135757446,,,
3343,3,3,5,0.5111111111111111,0.5454545454545454,0.3877551020408163,0.938089907169342,0.8857614994049072,0.19652341306209564,0.14628633856773376,0.5160076022148132,0.10414391756057739,0.1426248401403427,0.40373051166534424,0.039771515876054764
3344,9,9,0,0.24242424242424243,0.45714285714285713,0.6190476190476191,0.936608076095581,0.9192006587982178,0.633677065372467,0.020499655976891518,0.2630876898765564,0.016290681436657906,0.004809390753507614,0.08815092593431473,0.0008647326030768454
3345,7,7,,,,,,,,0.41237878799438477,0.19075308740139008,0.45195379853248596,,,
3346,4,4,4,0.7739130434782608,0.5692307692307692,0.43661971830985913,0.9755154848098755,0.867507815361023,0.6217608451843262,0.07375282049179077,0.15644718706607819,0.17132477462291718,0.04615217447280884,0.1676444262266159,0.0465640164911747
3347,9,9,,,,,,,,0.19718284904956818,0.09074845165014267,0.10025346279144287,,,
3348,1,1,,,,,,,,0.4429359436035156,0.2078334391117096,0.31859344244003296,,,
3349,6,2,,,,,,,,0.49239540100097656,0.03981604054570198,0.36476343870162964,,,
3350,8,8,8,0.8214285714285714,0.7,0.4068965517241379,0.9915740489959717,0.9200878143310547,0.6205452680587769,0.3069998323917389,0.19819767773151398,0.10845940560102463,0.3199267089366913,0.3088925778865814,0.02548701874911785
3351,1,1,,,,,,,,0.4702572226524353,0.12892694771289825,0.10437549650669098,,,
3352,2,2,0,0.4676258992805755,0.5454545454545454,0.25925925925925924,0.9558138847351074,0.9019211530685425,0.5007607936859131,0.4670371115207672,0.5642071962356567,0.33185186982154846,0.36726295948028564,0.32244226336479187,0.025752289220690727
3353,3,3,,,,,,,,0.3984071612358093,0.1627662479877472,0.3589351773262024,,,
3354,3,3,3,0.7,0.5111111111111111,0.21428571428571427,0.9818360209465027,0.8370869755744934,0.5734811425209045,0.0366896390914917,0.1392420381307602,0.061812158674001694,0.047406185418367386,0.08516252785921097,0.1269938200712204
3355,5,5,5,0.6451612903225806,0.25925925925925924,0.6062992125984252,0.948060929775238,0.8431100249290466,0.44334131479263306,0.27601194381713867,0.05376049876213074,0.04457760602235794,0.11236304044723511,0.06514088809490204,0.05736245959997177
3356,4,4,4,0.5813953488372093,0.3972602739726027,0.10270270270270271,0.904710054397583,0.8017021417617798,0.16055160760879517,0.08921250700950623,0.2996923625469208,0.2574503719806671,0.03260694444179535,0.2253115326166153,0.08036451786756516
3357,8,8,8,0.5111111111111111,0.5111111111111111,0.6451612903225806,0.9166120290756226,0.8965908288955688,0.7378274202346802,0.0867762640118599,0.05101601779460907,0.08073853701353073,0.05723406374454498,0.10132969170808792,0.06251748651266098
3358,9,9,,,,,,,,0.24703337252140045,0.24925659596920013,0.30533766746520996,,,
3359,7,5,,,,,,,,0.13673077523708344,0.03549310564994812,0.08865372091531754,,,
3360,4,4,,,,,,,,0.17922338843345642,0.16654007136821747,0.12251672148704529,,,
3361,4,4,,,,,,,,0.28360608220100403,0.5435423851013184,0.2072436511516571,,,
3362,1,1,,,,,,,,0.2764713764190674,0.28880375623703003,0.5276899933815002,,,
3363,2,2,,,,,,,,0.27000927925109863,0.14008751511573792,0.38011622428894043,,,
3364,4,4,,,,,,,,0.3211421072483063,0.45069003105163574,0.1822236180305481,,,
3365,9,9,,,,,,,,0.09140903502702713,0.08309117704629898,0.07590524852275848,,,
3366,8,8,8,0.6585365853658537,0.7142857142857143,0.3161290322580645,0.8198373913764954,0.927971601486206,0.4733235239982605,0.7179073095321655,0.0853058248758316,0.03537255525588989,0.566752016544342,0.13699762523174286,0.025637492537498474
3367,7,7,,,,,,,,0.162586972117424,0.22346635162830353,0.0806918665766716,,,
3368,9,9,,,,,,,,0.041220709681510925,0.15952686965465546,0.0994805246591568,,,
3369,5,5,,,,,,,,0.16910642385482788,0.0394352450966835,0.08766667544841766,,,
3370,1,1,,,,,,,,0.5342180132865906,0.3884412944316864,0.5301723480224609,,,
3371,2,2,2,0.8545454545454545,0.43661971830985913,0.34210526315789475,0.9751800298690796,0.833531379699707,0.5337785482406616,0.36087313294410706,0.16342060267925262,0.25428181886672974,0.34010812640190125,0.22197726368904114,0.27689945697784424
3372,1,1,,,,,,,,0.4402690529823303,0.3842628002166748,0.23808342218399048,,,
3373,6,6,6,0.21301775147928995,0.6062992125984252,0.7288135593220338,0.9002079367637634,0.8615570068359375,0.6892329454421997,0.14473888278007507,0.5287250280380249,0.03901180252432823,0.037361882627010345,0.5244567394256592,0.02551458030939102
3374,6,6,,,,,,,,0.24335747957229614,0.46812283992767334,0.30969804525375366,,,
3375,4,4,3,0.4068965517241379,0.5454545454545454,0.13333333333333333,0.9142792820930481,0.9162566661834717,0.2893126606941223,0.2708319425582886,0.17489798367023468,0.28570061922073364,0.12573173642158508,0.1513151228427887,0.113902747631073
3376,5,5,,,,,,,,0.29226383566856384,0.1247144415974617,0.03795386105775833,,,
3377,7,7,,,,,,,,0.17297624051570892,0.270958811044693,0.3270108699798584,,,
3378,4,4,,,,,,,,0.31668365001678467,0.5433329939842224,0.210778146982193,,,
3379,5,5,3,0.4782608695652174,0.34210526315789475,0.4676258992805755,0.904729962348938,0.8066359758377075,0.28496497869491577,0.14482808113098145,0.0927438735961914,0.16196565330028534,0.16905871033668518,0.06076108291745186,0.08174456655979156
3380,8,8,,,,,,,,0.4642650783061981,0.27780336141586304,0.3457624614238739,,,
3381,5,3,,,,,,,,0.027728473767638206,0.5206985473632812,0.03964494168758392,,,
3382,2,2,2,0.8545454545454545,0.6062992125984252,0.4166666666666667,0.9931000471115112,0.8829306960105896,0.4988345503807068,0.2754482626914978,0.2835450768470764,0.31148970127105713,0.3037140965461731,0.16734041273593903,0.4574640691280365
3383,8,8,,,,,,,,0.402251273393631,0.2982921600341797,0.14098143577575684,,,
3384,7,7,,,,,,,,0.29119548201560974,0.22861932218074799,0.3741854727268219,,,
3385,8,8,,,,,,,,0.4781782031059265,0.23207542300224304,0.2768774628639221,,,
3386,2,2,,,,,,,,0.6120541095733643,0.4245251715183258,0.33974722027778625,,,
3387,3,3,,,,,,,,0.26140645146369934,0.1334398090839386,0.0958370715379715,,,
3388,6,6,,,,,,,,0.2916761040687561,0.5968239903450012,0.25301918387413025,,,
3389,1,1,,,,,,,,0.6733822226524353,0.1442885845899582,0.5609333515167236,,,
3390,3,5,,,,,,,,0.08784356713294983,0.1021394431591034,0.014778971672058105,,,
3391,3,3,,,,,,,,0.20158493518829346,0.18718481063842773,0.14395073056221008,,,
3392,1,1,,,,,,,,0.11561235785484314,0.03801868483424187,0.035896383225917816,,,
3393,5,5,5,0.6942148760330579,0.7586206896551724,0.6062992125984252,0.9557174444198608,0.9490972757339478,0.2733708620071411,0.3959807753562927,0.3549696207046509,0.03899835795164108,0.4970492124557495,0.43848657608032227,0.06360918283462524
3394,1,1,,,,,,,,0.47814875841140747,0.2097606360912323,0.4659790098667145,,,
3395,9,9,,,,,,,,0.3379562199115753,0.2446066290140152,0.3919413387775421,,,
3396,0,0,,,,,,,,0.23344014585018158,0.5404146909713745,0.6660221219062805,,,
3397,9,9,,,,,,,,0.28186777234077454,0.10759363323450089,0.30091434717178345,,,
3398,2,2,,,,,,,,0.17942389845848083,0.09448134154081345,0.36912187933921814,,,
3399,0,0,,,,,,,,0.5377757549285889,0.5984205007553101,0.46112650632858276,,,
3400,6,0,,,,,,,,0.4920114576816559,0.30486899614334106,0.48629510402679443,,,
3401,2,2,,,,,,,,0.7221948504447937,0.13667629659175873,0.1496250182390213,,,
3402,4,4,,,,,,,,0.23048299551010132,0.27619051933288574,0.09289949387311935,,,
3403,8,8,,,,,,,,0.3334086537361145,0.057649534195661545,0.1922275573015213,,,
3404,5,5,,,,,,,,0.4999276399612427,0.08396752923727036,0.2945404052734375,,,
3405,7,7,,,,,,,,0.16617099940776825,0.07776422053575516,0.15763840079307556,,,
3406,6,6,,,,,,,,0.3908749222755432,0.48863857984542847,0.44475606083869934,,,
3407,1,1,,,,,,,,0.373605340719223,0.251671701669693,0.3671684265136719,,,
3408,2,2,,,,,,,,0.4816199541091919,0.07810045778751373,0.4837954044342041,,,
3409,9,9,,,,,,,,0.22317558526992798,0.3198634386062622,0.3382529616355896,,,
3410,4,4,,,,,,,,0.31919926404953003,0.2781451940536499,0.18804454803466797,,,
3411,5,5,,,,,,,,0.218942791223526,0.15415692329406738,0.1329677551984787,,,
3412,0,0,,,,,,,,0.3042704463005066,0.3026890754699707,0.4629163444042206,,,
3413,3,3,,,,,,,,0.17162074148654938,0.484196275472641,0.1399959921836853,,,
3414,3,3,,,,,,,,0.06166134774684906,0.4352952241897583,0.21479524672031403,,,
3415,7,7,,,,,,,,0.06417553126811981,0.03445177152752876,0.12629663944244385,,,
3416,7,4,,,,,,,,0.02643257938325405,0.02761799842119217,0.02970197983086109,,,
3417,7,7,,,,,,,,0.296006977558136,0.1082066148519516,0.0591769777238369,,,
3418,1,1,,,,,,,,0.409471720457077,0.29003608226776123,0.3068779706954956,,,
3419,4,4,,,,,,,,0.4978276193141937,0.25213542580604553,0.35042253136634827,,,
3420,5,5,,,,,,,,0.15651951730251312,0.028020910918712616,0.07082164287567139,,,
3421,0,0,,,,,,,,0.5727928876876831,0.5776453018188477,0.7891064882278442,,,
3422,2,3,,,,,,,,0.33010587096214294,0.2733314633369446,0.1946611851453781,,,
3423,8,8,2,0.1724137931034483,0.275,0.5454545454545454,0.827792763710022,0.6502489447593689,0.7247359752655029,0.7117512226104736,0.13399454951286316,0.4749041497707367,0.0727529525756836,0.27569010853767395,0.1302156150341034
3424,5,5,,,,,,,,0.47400856018066406,0.24845227599143982,0.42736876010894775,,,
3425,0,0,,,,,,,,0.2452070564031601,0.5797112584114075,0.6161350011825562,,,
3426,0,0,,,,,,,,0.35011792182922363,0.7292836904525757,0.3783789277076721,,,
3427,6,6,,,,,,,,0.12790295481681824,0.3064865171909332,0.045238133519887924,,,
3428,2,2,,,,,,,,0.14035426080226898,0.061940997838974,0.1440887451171875,,,
3429,0,0,0,0.8214285714285714,0.5223880597014925,0.3246753246753247,0.9878338575363159,0.8505633473396301,0.5004940032958984,0.14298400282859802,0.2236938774585724,0.25809159874916077,0.14483487606048584,0.44843390583992004,0.41038259863853455
3430,8,8,,,,,,,,0.2825563848018646,0.331185907125473,0.27528342604637146,,,
3431,4,4,,,,,,,,0.3175908029079437,0.3178565800189972,0.43081238865852356,,,
3432,5,5,,,,,,,,0.47554561495780945,0.10720157623291016,0.46053770184516907,,,
3433,4,4,,,,,,,,0.13682281970977783,0.11358301341533661,0.18297438323497772,,,
3434,5,5,,,,,,,,0.1885986626148224,0.07969684898853302,0.06385032832622528,,,
3435,6,6,,,,,,,,0.3814452886581421,0.6077334880828857,0.2565270662307739,,,
3436,4,4,,,,,,,,0.09241949021816254,0.27957087755203247,0.10302224010229111,,,
3437,7,7,,,,,,,,0.3346216380596161,0.12296112626791,0.3832676410675049,,,
3438,9,9,,,,,,,,0.20610970258712769,0.24962036311626434,0.2897229492664337,,,
3439,4,6,,,,,,,,0.08979280292987823,0.14141476154327393,0.11920971423387527,,,
3440,2,2,2,0.7894736842105263,0.6859504132231405,0.3333333333333333,0.9473156929016113,0.9118258953094482,0.739653468132019,0.2585834264755249,0.14297837018966675,0.1495654135942459,0.3654431700706482,0.17681673169136047,0.21967904269695282
3441,0,0,,,,,,,,0.6672770380973816,0.6666108965873718,0.8871838450431824,,,
3442,6,6,3,0.3161290322580645,0.42657342657342656,0.07368421052631578,0.8265607357025146,0.8365691304206848,0.4699884057044983,0.11931806057691574,0.10853606462478638,0.09620187431573868,0.012869283556938171,0.20915047824382782,0.007628139574080706
3443,4,4,2,0.5692307692307692,0.5454545454545454,0.10270270270270271,0.6888751983642578,0.797264575958252,0.36760324239730835,0.06468774378299713,0.2942619025707245,0.04534440115094185,0.044250696897506714,0.33366215229034424,0.00031646867864765227
3444,0,2,,,,,,,,0.5559282302856445,0.1609397530555725,0.21857088804244995,,,
3445,0,0,,,,,,,,0.6499984860420227,0.3079890012741089,0.9680029153823853,,,
3446,6,3,,,,,,,,0.12459913641214371,0.25028765201568604,0.07781834155321121,,,
3447,4,4,,,,,,,,0.10598006844520569,0.2634570002555847,0.19177444279193878,,,
3448,6,6,,,,,,,,0.29913175106048584,0.5882387161254883,0.08316308259963989,,,
3449,1,1,,,,,,,,0.5631186962127686,0.397823303937912,0.6668543219566345,,,
3450,9,1,,,,,,,,0.150188609957695,0.3203359842300415,0.08007103204727173,,,
3451,5,5,,,,,,,,0.2618922293186188,0.18004170060157776,0.12132871150970459,,,
3452,5,5,3,0.45714285714285713,0.4166666666666667,0.5223880597014925,0.8855122923851013,0.7857199311256409,0.5032596588134766,0.1518339216709137,0.04853055626153946,0.08929897844791412,0.05622318014502525,0.07963375747203827,0.03476618230342865
3453,2,2,,,,,,,,0.6957213878631592,0.33901166915893555,0.256312757730484,,,
3454,2,2,,,,,,,,0.3143288195133209,0.20271413028240204,0.32575908303260803,,,
3455,6,3,,,,,,,,0.2828255891799927,0.4042850136756897,0.17925047874450684,,,
3456,3,3,,,,,,,,0.5218176245689392,0.2829987704753876,0.5244017839431763,,,
3457,4,4,,,,,,,,0.11095728725194931,0.12234009057283401,0.11085573583841324,,,
3458,5,5,,,,,,,,0.4407045841217041,0.16010352969169617,0.0637211799621582,,,
3459,9,0,,,,,,,,0.7088248133659363,0.2714284062385559,0.4604433476924896,,,
3460,1,1,,,,,,,,0.5992190837860107,0.2265106439590454,0.411444753408432,,,
3461,7,7,7,0.45714285714285713,0.5454545454545454,0.23636363636363636,0.966405987739563,0.922958254814148,0.38180917501449585,0.1286185085773468,0.1346324235200882,0.14688421785831451,0.21185584366321564,0.055699508637189865,0.3074309825897217
3462,2,2,,,,,,,,0.2882542610168457,0.4353603720664978,0.3446502685546875,,,
3463,3,3,4,0.0,0.5338345864661654,0.15254237288135594,0.3775375485420227,0.8913930058479309,0.4265947937965393,0.3878961503505707,0.4614205062389374,0.0716058611869812,0.03476841747760773,0.16456221044063568,0.002062446903437376
3464,9,9,,,,,,,,0.06418969482183456,0.03538913279771805,0.06106507405638695,,,
3465,6,6,,,,,,,,0.46802541613578796,0.4427046477794647,0.21514976024627686,,,
3466,5,5,,,,,,,,0.5035799145698547,0.14271268248558044,0.10431317239999771,,,
3467,0,0,,,,,,,,0.3718636631965637,0.8633228540420532,0.9351099729537964,,,
3468,2,2,,,,,,,,0.4651918113231659,0.37003934383392334,0.40318387746810913,,,
3469,9,9,,,,,,,,0.1507343202829361,0.1368577778339386,0.10719328373670578,,,
3470,7,7,,,,,,,,0.27659258246421814,0.13021016120910645,0.12846492230892181,,,
3471,1,1,,,,,,,,0.5236660242080688,0.27034032344818115,0.6120549440383911,,,
3472,7,7,,,,,,,,0.4248541593551636,0.07608302682638168,0.2246810793876648,,,
3473,2,2,,,,,,,,0.5299741625785828,0.3628087341785431,0.37917235493659973,,,
3474,2,2,,,,,,,,0.39649534225463867,0.10738635063171387,0.1405361294746399,,,
3475,0,0,0,0.5813953488372093,0.5111111111111111,0.10869565217391304,0.9688305854797363,0.8855996131896973,0.12244193255901337,0.14845700562000275,0.20477189123630524,0.8311976194381714,0.237837016582489,0.22941376268863678,0.9888509511947632
3476,8,8,,,,,,,,0.13803675770759583,0.161513090133667,0.13533921539783478,,,
3477,6,6,,,,,,,,0.19847851991653442,0.3614816963672638,0.13630323112010956,,,
3478,4,4,,,,,,,,0.3311132788658142,0.44358277320861816,0.20962844789028168,,,
3479,3,3,,,,,,,,0.15804481506347656,0.4211656451225281,0.14897608757019043,,,
3480,2,2,,,,,,,,0.6547082662582397,0.12776808440685272,0.3717198073863983,,,
3481,7,7,7,0.8053097345132744,0.44680851063829785,0.59375,0.9763498306274414,0.9178359508514404,0.5619231462478638,0.09095755219459534,0.032581523060798645,0.0771917775273323,0.050403956323862076,0.02452518790960312,0.01929524913430214
3482,7,7,,,,,,,,0.4069198966026306,0.14814414083957672,0.21541573107242584,,,
3483,0,0,,,,,,,,0.602308452129364,0.6466277241706848,0.785925567150116,,,
3484,4,4,,,,,,,,0.13978372514247894,0.24575817584991455,0.4784771800041199,,,
3485,1,1,,,,,,,,0.40529516339302063,0.49360743165016174,0.2679535746574402,,,
3486,6,6,,,,,,,,0.32122546434402466,0.5417260527610779,0.2230227142572403,,,
3487,5,5,,,,,,,,0.12369441986083984,0.06440357863903046,0.07212837785482407,,,
3488,1,1,,,,,,,,0.19016404449939728,0.296532541513443,0.204375222325325,,,
3489,3,3,5,0.030303030303030304,0.3333333333333333,0.34210526315789475,0.3341361880302429,0.7804363965988159,0.38896995782852173,0.16100028157234192,0.17144711315631866,0.060052912682294846,0.14510783553123474,0.1826154589653015,0.10611899942159653
3490,0,4,,,,,,,,0.08841020613908768,0.06572836637496948,0.09490519016981125,,,
3491,3,3,3,0.20710059171597633,0.4782608695652174,0.48905109489051096,0.7603380680084229,0.8213980197906494,0.48414120078086853,0.07413172721862793,0.3299182653427124,0.15097028017044067,0.18265800178050995,0.4670954942703247,0.04284319654107094
3492,9,9,,,,,,,,0.24636918306350708,0.17274636030197144,0.1284697949886322,,,
3493,0,0,,,,,,,,0.24295781552791595,0.3004160523414612,0.7164035439491272,,,
3494,0,0,,,,,,,,0.43363115191459656,0.7899984121322632,0.37611454725265503,,,
3495,2,2,,,,,,,,0.47681498527526855,0.12515828013420105,0.11577564477920532,,,
3496,5,5,5,0.8053097345132744,0.8214285714285714,0.5454545454545454,0.9862880110740662,0.9285120368003845,0.3799893856048584,0.06287896633148193,0.029214052483439445,0.025102529674768448,0.033806558698415756,0.06198909133672714,0.01927257888019085
3497,0,1,,,,,,,,0.02985183149576187,0.08516548573970795,0.16965262591838837,,,
3498,4,4,,,,,,,,0.07981134951114655,0.039993248879909515,0.07461290806531906,,,
3499,0,0,,,,,,,,0.5498946309089661,0.6488418579101562,0.9544491171836853,,,
3500,1,1,9,0.7435897435897436,0.7,0.29936305732484075,0.9763892889022827,0.9662477374076843,0.7044703364372253,0.19649574160575867,0.12437299638986588,0.04145406559109688,0.12837809324264526,0.23337748646736145,0.03380921110510826
3501,9,9,,,,,,,,0.2361820638179779,0.07124008238315582,0.32990485429763794,,,
3502,8,8,,,,,,,,0.6319531798362732,0.34789615869522095,0.1791442185640335,,,
3503,4,4,,,,,,,,0.2642394006252289,0.1669427901506424,0.23269173502922058,,,
3504,9,9,,,,,,,,0.32501938939094543,0.10791682451963425,0.2586735785007477,,,
3505,4,4,,,,,,,,0.4025808572769165,0.26082372665405273,0.36738693714141846,,,
3506,2,2,2,0.3691275167785235,0.4676258992805755,0.3509933774834437,0.9268754720687866,0.8548489809036255,0.5929646492004395,0.36137300729751587,0.10428712517023087,0.1821116954088211,0.21455304324626923,0.04699069634079933,0.39126306772232056
3507,4,4,,,,,,,,0.17188826203346252,0.12202425301074982,0.15979835391044617,,,
3508,3,3,,,,,,,,0.251124769449234,0.3128243386745453,0.48111245036125183,,,
3509,3,3,,,,,,,,0.49841707944869995,0.398562490940094,0.41945943236351013,,,
3510,4,4,4,0.2830188679245283,0.5454545454545454,0.6721311475409836,0.9630077481269836,0.7866348028182983,0.6197807192802429,0.2649606466293335,0.593661904335022,0.30389219522476196,0.29212284088134766,0.3818318545818329,0.10172873735427856
3511,0,0,,,,,,,,0.283805251121521,0.40638214349746704,0.8294031620025635,,,
3512,4,4,,,,,,,,0.3234962821006775,0.24836835265159607,0.193318709731102,,,
3513,3,3,4,0.3246753246753247,0.43661971830985913,0.3246753246753247,0.9080613851547241,0.8275303840637207,0.3498682379722595,0.21977098286151886,0.19484011828899384,0.12108607590198517,0.03125636279582977,0.10528025031089783,0.028488226234912872
3514,2,4,,,,,,,,0.021481169387698174,0.11746571213006973,0.0838383212685585,,,
3515,8,8,,,,,,,,0.6571027040481567,0.2615923285484314,0.2831750512123108,,,
3516,9,9,,,,,,,,0.3574444651603699,0.23212039470672607,0.13873302936553955,,,
3517,1,1,,,,,,,,0.05763335898518562,0.05129203572869301,0.02232152596116066,,,
3518,5,5,,,,,,,,0.22724361717700958,0.0853683203458786,0.16120076179504395,,,
3519,8,8,,,,,,,,0.7805477380752563,0.18562503159046173,0.517717182636261,,,
3520,1,1,,,,,,,,0.4080495834350586,0.28690043091773987,0.17585992813110352,,,
3521,8,8,0,0.1270718232044199,0.3161290322580645,0.05699481865284974,0.03406504541635513,0.6160554885864258,0.011862349696457386,0.6334178447723389,0.09058041125535965,0.11621857434511185,0.004678483586758375,0.11208877712488174,0.0015956322895362973
3522,2,2,,,,,,,,0.6999762058258057,0.3576943278312683,0.262808233499527,,,
3523,4,4,4,0.5454545454545454,0.59375,0.6451612903225806,0.984407901763916,0.9030680656433105,0.5961277484893799,0.10738536715507507,0.26074138283729553,0.029628172516822815,0.08971679210662842,0.23955729603767395,0.035809993743896484
3524,5,4,,,,,,,,0.38671234250068665,0.5660942792892456,0.10729516297578812,,,
3525,2,2,,,,,,,,0.5376764535903931,0.19144190847873688,0.12874437868595123,,,
3526,4,4,,,,,,,,0.2987830936908722,0.1988365352153778,0.4316066801548004,,,
3527,1,1,,,,,,,,0.21114718914031982,0.09508613497018814,0.18739716708660126,,,
3528,1,1,,,,,,,,0.17124219238758087,0.09636006504297256,0.0821220874786377,,,
3529,6,6,6,0.5454545454545454,0.6585365853658537,0.3509933774834437,0.9742844700813293,0.9236781597137451,0.5930885076522827,0.08815637230873108,0.2552010416984558,0.04914332181215286,0.0842461809515953,0.4679257571697235,0.1227535605430603
3530,6,6,,,,,,,,0.5463107228279114,0.6881814002990723,0.1753493696451187,,,
3531,8,8,,,,,,,,0.3043859004974365,0.03540321812033653,0.1990583837032318,,,
3532,5,5,,,,,,,,0.21707554161548615,0.028819628059864044,0.3295448422431946,,,
3533,2,2,,,,,,,,0.26349136233329773,0.38299620151519775,0.521000862121582,,,
3534,2,2,,,,,,,,0.4111655056476593,0.07655510306358337,0.07507272809743881,,,
3535,5,5,,,,,,,,0.3332582414150238,0.0783550813794136,0.3365394175052643,,,
3536,0,0,,,,,,,,0.39783474802970886,0.508255124092102,0.7664315700531006,,,
3537,8,8,,,,,,,,0.6603094935417175,0.1778264045715332,0.5239211320877075,,,
3538,2,2,,,,,,,,0.34844306111335754,0.2657448947429657,0.315738707780838,,,
3539,3,3,6,0.25925925925925924,0.4676258992805755,0.1590909090909091,0.9000372886657715,0.876130223274231,0.5520080327987671,0.1845046430826187,0.06576497852802277,0.12366165220737457,0.15441283583641052,0.21831442415714264,0.08825395256280899
3540,6,6,,,,,,,,0.3163001835346222,0.6885245442390442,0.23854073882102966,,,
3541,2,2,,,,,,,,0.566588819026947,0.1439412385225296,0.29057395458221436,,,
3542,9,9,,,,,,,,0.2478952556848526,0.20138466358184814,0.24935303628444672,,,
3543,6,6,,,,,,,,0.24150754511356354,0.3730625808238983,0.08829785138368607,,,
3544,1,1,,,,,,,,0.5835874080657959,0.4244891405105591,0.409371018409729,,,
3545,4,4,,,,,,,,0.21203845739364624,0.517155647277832,0.3857027590274811,,,
3546,5,5,,,,,,,,0.2145359069108963,0.06855648010969162,0.09729041159152985,,,
3547,9,9,,,,,,,,0.29452070593833923,0.18770717084407806,0.2322351485490799,,,
3548,0,0,,,,,,,,0.40846168994903564,0.44045090675354004,0.7219376564025879,,,
3549,1,1,,,,,,,,0.1611403524875641,0.18102528154850006,0.3249650001525879,,,
3550,0,4,0,0.6721311475409836,0.5454545454545454,0.2215568862275449,0.9479866027832031,0.8904882669448853,0.6226022839546204,0.04176199063658714,0.0281049981713295,0.07284729182720184,0.06953772902488708,0.01762932911515236,0.010180477984249592
3551,0,0,,,,,,,,0.265758752822876,0.4522440731525421,0.41336148977279663,,,
3552,8,8,,,,,,,,0.41723281145095825,0.2196921706199646,0.5327937006950378,,,
3553,1,1,,,,,,,,0.47834885120391846,0.1952311247587204,0.30842921137809753,,,
3554,1,1,,,,,,,,0.13064442574977875,0.05957980081439018,0.19783249497413635,,,
3555,6,6,,,,,,,,0.23679201304912567,0.5021491646766663,0.18008247017860413,,,
3556,6,6,,,,,,,,0.201192706823349,0.4622751474380493,0.19937331974506378,,,
3557,9,9,2,0.632,0.6062992125984252,0.5,0.9675208926200867,0.9154796004295349,0.773855984210968,0.029218904674053192,0.11052142828702927,0.06564641743898392,0.0020295672584325075,0.10758306831121445,0.0012208590051159263
3558,5,5,,,,,,,,0.43568316102027893,0.055089015513658524,0.17640027403831482,,,
3559,4,4,,,,,,,,0.24124829471111298,0.128011554479599,0.3475312888622284,,,
3560,1,9,,,,,,,,0.30550649762153625,0.10450431704521179,0.12806841731071472,,,
3561,7,7,7,0.8715596330275229,0.6859504132231405,0.2670807453416149,0.9501664638519287,0.8919030427932739,0.5556130409240723,0.03341341018676758,0.0281364805996418,0.044124145060777664,0.06893130391836166,0.029103325679898262,0.0537884421646595
3562,8,8,,,,,,,,0.29857194423675537,0.12432681769132614,0.1709011346101761,,,
3563,6,6,,,,,,,,0.2251632660627365,0.5683580636978149,0.16728167235851288,,,
3564,9,9,,,,,,,,0.10089167952537537,0.09492087364196777,0.0842273011803627,,,
3565,1,1,,,,,,,,0.5793997049331665,0.17370688915252686,0.27196913957595825,,,
3566,7,7,,,,,,,,0.3176397383213043,0.20917968451976776,0.3100372850894928,,,
3567,6,6,,,,,,,,0.38829025626182556,0.7467637658119202,0.19899503886699677,,,
3568,0,0,,,,,,,,0.29943373799324036,0.6741116046905518,0.42736151814460754,,,
3569,9,9,,,,,,,,0.12345482409000397,0.05823323130607605,0.08668465912342072,,,
3570,3,3,3,0.5454545454545454,0.4676258992805755,0.0,0.9504098892211914,0.7527145147323608,-0.1479664146900177,0.1516699492931366,0.29854321479797363,0.3717590272426605,0.17207425832748413,0.2767247259616852,0.3150540292263031
3571,5,5,,,,,,,,0.1366157829761505,0.04719746112823486,0.14924907684326172,,,
3572,3,3,,,,,,,,0.2927846908569336,0.38882413506507874,0.327708899974823,,,
3573,2,2,,,,,,,,0.7967996597290039,0.24387088418006897,0.6618869304656982,,,
3574,5,5,3,0.42657342657342656,0.4676258992805755,0.6451612903225806,0.911868155002594,0.8217368721961975,0.5081750154495239,0.16941265761852264,0.040923986583948135,0.024963080883026123,0.047009922564029694,0.009143959730863571,0.00021264358656480908
3575,3,3,,,,,,,,0.27033811807632446,0.21822670102119446,0.1540788859128952,,,
3576,4,4,,,,,,,,0.4578670263290405,0.39275264739990234,0.27688729763031006,,,
3577,9,9,,,,,,,,0.07474418729543686,0.035100582987070084,0.12067883461713791,,,
3578,7,7,7,0.8214285714285714,0.8053097345132744,0.3509933774834437,0.995147168636322,0.9853898286819458,0.8110809326171875,0.12367051839828491,0.15969957411289215,0.23870229721069336,0.11413195729255676,0.1250966340303421,0.13336551189422607
3579,1,1,,,,,,,,0.45294538140296936,0.24526946246623993,0.453892320394516,,,
3580,4,4,2,0.18604651162790697,0.5,0.2,0.8595845699310303,0.9114407300949097,0.4095327854156494,0.13214384019374847,0.13881991803646088,0.12810270488262177,0.14458101987838745,0.06786713749170303,0.054051175713539124
3581,4,4,,,,,,,,0.16980493068695068,0.20673900842666626,0.25474509596824646,,,
3582,6,6,,,,,,,,0.09891558438539505,0.1983020007610321,0.03315187245607376,,,
3583,1,1,,,,,,,,0.4492102563381195,0.25798502564430237,0.3596690595149994,,,
3584,3,3,,,,,,,,0.5576518774032593,0.631224513053894,0.4014335870742798,,,
3585,8,8,,,,,,,,0.6864639520645142,0.052617814391851425,0.1721346229314804,,,
3586,8,8,,,,,,,,0.2908481955528259,0.12682804465293884,0.02540302835404873,,,
3587,0,0,0,0.8378378378378378,0.6190476190476191,0.43661971830985913,0.8861821889877319,0.8922356367111206,0.7140626907348633,0.20534120500087738,0.40769484639167786,0.1978706419467926,0.13881425559520721,0.36318397521972656,0.15779149532318115
3588,6,6,,,,,,,,0.35351118445396423,0.5569835305213928,0.33193668723106384,,,
3589,7,7,,,,,,,,0.10691078752279282,0.22047807276248932,0.29053157567977905,,,
3590,7,7,,,,,,,,0.3132004141807556,0.211742103099823,0.14286524057388306,,,
3591,6,6,,,,,,,,0.26832282543182373,0.5344547033309937,0.2583869397640228,,,
3592,7,7,,,,,,,,0.2283983826637268,0.21716564893722534,0.5163913369178772,,,
3593,2,2,,,,,,,,0.10266821086406708,0.055679623037576675,0.19382968544960022,,,
3594,3,5,,,,,,,,0.0917414054274559,0.020569032058119774,0.024694187566637993,,,
3595,2,2,,,,,,,,0.7038731575012207,0.15063604712486267,0.3719925582408905,,,
3596,2,4,,,,,,,,0.16734853386878967,0.27261054515838623,0.08550253510475159,,,
3597,6,6,,,,,,,,0.4193416237831116,0.5448322892189026,0.20669840276241302,,,
3598,2,2,,,,,,,,0.6983254551887512,0.4811146557331085,0.598970353603363,,,
3599,7,7,,,,,,,,0.2958745062351227,0.19783931970596313,0.24465851485729218,,,
3600,4,3,,,,,,,,0.15309923887252808,0.07797268033027649,0.027074821293354034,,,
3601,0,0,2,0.12637362637362637,0.5338345864661654,0.43661971830985913,0.2276339828968048,0.8683158159255981,0.5690973997116089,0.18375560641288757,0.23112274706363678,0.10846960544586182,0.3297194242477417,0.22480562329292297,0.16139006614685059
3602,3,3,,,,,,,,0.39929699897766113,0.22531773149967194,0.15694314241409302,,,
3603,6,6,,,,,,,,0.15730924904346466,0.13608229160308838,0.04954754188656807,,,
3604,2,2,,,,,,,,0.5535348057746887,0.31907838582992554,0.25963523983955383,,,
3605,6,6,4,0.5692307692307692,0.4166666666666667,0.44680851063829785,0.9487196803092957,0.8208149671554565,0.5982855558395386,0.06322331726551056,0.32447850704193115,0.10067076236009598,0.08033706247806549,0.2947590947151184,0.1126009151339531
3606,3,3,,,,,,,,0.15949170291423798,0.3441586196422577,0.2862490117549896,,,
3607,3,2,,,,,,,,0.14369875192642212,0.2551558315753937,0.09744565188884735,,,
3608,0,0,,,,,,,,0.4553177058696747,0.7438454627990723,0.9570998549461365,,,
3609,9,9,,,,,,,,0.32895398139953613,0.30006179213523865,0.3353821635246277,,,
3610,5,5,,,,,,,,0.08887481689453125,0.03874669969081879,0.02529623918235302,,,
3611,1,1,,,,,,,,0.4491829574108124,0.12854047119617462,0.13106116652488708,,,
3612,1,1,,,,,,,,0.4071842432022095,0.18663159012794495,0.06059014052152634,,,
3613,5,5,,,,,,,,0.42082831263542175,0.2371157854795456,0.16405785083770752,,,
3614,3,3,,,,,,,,0.35648810863494873,0.19459789991378784,0.33002758026123047,,,
3615,6,2,,,,,,,,0.23092219233512878,0.08381804078817368,0.16869309544563293,,,
3616,4,4,,,,,,,,0.15926967561244965,0.32963913679122925,0.17938636243343353,,,
3617,3,3,,,,,,,,0.04633362591266632,0.3331279158592224,0.5421485304832458,,,
3618,4,4,,,,,,,,0.035715363919734955,0.12456783652305603,0.12818750739097595,,,
3619,1,1,,,,,,,,0.2413529008626938,0.059480637311935425,0.1272791624069214,,,
3620,0,0,,,,,,,,0.8514405488967896,0.4148595929145813,0.7547231912612915,,,
3621,4,4,,,,,,,,0.07440079748630524,0.2313399314880371,0.1727278083562851,,,
3622,5,5,3,0.2215568862275449,0.59375,0.5813953488372093,0.740239143371582,0.8976349830627441,0.4292357265949249,0.2061052918434143,0.08956782519817352,0.30517297983169556,0.1071392148733139,0.04474925249814987,0.020936375483870506
3623,5,5,,,,,,,,0.3260181248188019,0.03519938513636589,0.19958527386188507,,,
3624,2,2,,,,,,,,0.22895412147045135,0.10440006107091904,0.12891913950443268,,,
3625,8,8,0,0.45714285714285713,0.3246753246753247,0.5223880597014925,0.7921742796897888,0.7790899276733398,0.5209635496139526,0.2725810110569,0.037399668246507645,0.03159790486097336,0.03859434276819229,0.01307423785328865,0.0025237328372895718
3626,9,9,,,,,,,,0.4444977641105652,0.2946012020111084,0.3576996922492981,,,
3627,4,4,0,0.6190476190476191,0.3783783783783784,0.7,0.8932176828384399,0.8931294679641724,0.5969188809394836,0.026217587292194366,0.023782813921570778,0.01923978328704834,0.0017802611691877246,0.0346846804022789,0.004147727508097887
3628,3,3,,,,,,,,0.14833243191242218,0.4558008015155792,0.19765625894069672,,,
3629,1,1,,,,,,,,0.12613379955291748,0.4262849688529968,0.4583590626716614,,,
3630,8,8,,,,,,,,0.59303218126297,0.0903397798538208,0.19181177020072937,,,
3631,0,0,,,,,,,,0.3573518693447113,0.29457780718803406,0.7572486400604248,,,
3632,1,1,,,,,,,,0.6008806824684143,0.13188694417476654,0.08377907425165176,,,
3633,3,3,,,,,,,,0.28653302788734436,0.6157546639442444,0.6249818205833435,,,
3634,3,3,,,,,,,,0.17852209508419037,0.19810792803764343,0.14651380479335785,,,
3635,4,7,,,,,,,,0.1532871425151825,0.025873955339193344,0.2155807912349701,,,
3636,4,6,,,,,,,,0.034436650574207306,0.4160301685333252,0.0341951921582222,,,
3637,2,2,2,0.6859504132231405,0.43661971830985913,0.3333333333333333,0.8041839003562927,0.800646185874939,0.5757296085357666,0.4618315100669861,0.20880134403705597,0.15163704752922058,0.5005159378051758,0.20528697967529297,0.2747883200645447
3638,9,9,,,,,,,,0.5803300738334656,0.0840052142739296,0.20066982507705688,,,
3639,7,7,,,,,,,,0.05449920892715454,0.1996011584997177,0.21211427450180054,,,
3640,6,6,6,0.7586206896551724,0.7435897435897436,0.43661971830985913,0.9901645183563232,0.9137352108955383,0.5134682655334473,0.28532180190086365,0.19002005457878113,0.09184388071298599,0.226388081908226,0.10477349162101746,0.09592603147029877
3641,8,8,,,,,,,,0.26722800731658936,0.07786019146442413,0.16284218430519104,,,
3642,1,1,,,,,,,,0.3188108503818512,0.22433924674987793,0.08708681166172028,,,
3643,8,8,,,,,,,,0.5562244653701782,0.04256196320056915,0.23585300147533417,,,
3644,9,9,,,,,,,,0.09957905858755112,0.08549298346042633,0.22031991183757782,,,
3645,1,9,,,,,,,,0.03617141395807266,0.0712127834558487,0.027184415608644485,,,
3646,3,3,3,0.7586206896551724,0.3877551020408163,0.04081632653061224,0.69582200050354,0.7955766916275024,0.39669275283813477,0.41845083236694336,0.466362327337265,0.1599564552307129,0.28457120060920715,0.30672740936279297,0.1675006002187729
3647,1,1,,,,,,,,0.5070330500602722,0.23741576075553894,0.25952187180519104,,,
3648,7,7,,,,,,,,0.2917276918888092,0.13026829063892365,0.298103004693985,,,
3649,3,3,,,,,,,,0.39422404766082764,0.4762168228626251,0.37205609679222107,,,
3650,0,0,,,,,,,,0.6031235456466675,0.7523863315582275,0.804650604724884,,,
3651,0,0,,,,,,,,0.4981571137905121,0.7027165293693542,0.7626270055770874,,,
3652,2,2,,,,,,,,0.33516407012939453,0.22726953029632568,0.42906686663627625,,,
3653,8,8,8,0.6859504132231405,0.6859504132231405,0.5338345864661654,0.9865257740020752,0.9278130531311035,0.8164099454879761,0.2779983580112457,0.07794218510389328,0.08080228418111801,0.2795408368110657,0.07536743581295013,0.05030934140086174
3654,3,5,,,,,,,,0.04522319138050079,0.08564270287752151,0.05577622354030609,,,
3655,9,9,,,,,,,,0.277983158826828,0.16965927183628082,0.12291743606328964,,,
3656,2,2,,,,,,,,0.21344324946403503,0.18050473928451538,0.1674615740776062,,,
3657,7,7,,,,,,,,0.09486561268568039,0.07956700772047043,0.11215577274560928,,,
3658,2,2,2,0.7894736842105263,0.5338345864661654,0.6859504132231405,0.991556704044342,0.8813135027885437,0.5775022506713867,0.3101831376552582,0.07378913462162018,0.14844876527786255,0.23797237873077393,0.08223988115787506,0.09810257703065872
3659,6,6,,,,,,,,0.49305588006973267,0.668721079826355,0.24975836277008057,,,
3660,0,0,,,,,,,,0.3161439895629883,0.36861827969551086,0.7195525765419006,,,
3661,1,1,,,,,,,,0.4017370641231537,0.15533021092414856,0.17279216647148132,,,
3662,6,6,,,,,,,,0.10502117872238159,0.5398313999176025,0.08812902122735977,,,
3663,1,1,,,,,,,,0.7283044457435608,0.2657977044582367,0.44824331998825073,,,
3664,6,6,,,,,,,,0.5796030759811401,0.6819836497306824,0.31556177139282227,,,
3665,7,7,,,,,,,,0.19166985154151917,0.22508247196674347,0.13832251727581024,,,
3666,5,5,,,,,,,,0.3091660141944885,0.12622103095054626,0.3851664066314697,,,
3667,5,5,,,,,,,,0.5250532031059265,0.1572737991809845,0.30913716554641724,,,
3668,2,2,,,,,,,,0.541828989982605,0.2628287971019745,0.3501656949520111,,,
3669,5,4,,,,,,,,0.33555594086647034,0.18142949044704437,0.156303271651268,,,
3670,9,9,,,,,,,,0.09001115709543228,0.14616550505161285,0.1258857548236847,,,
3671,4,4,,,,,,,,0.20559926331043243,0.33568206429481506,0.11250924319028854,,,
3672,0,0,,,,,,,,0.42786315083503723,0.2846600115299225,0.47639697790145874,,,
3673,2,2,,,,,,,,0.3363263010978699,0.14444522559642792,0.22337548434734344,,,
3674,3,3,,,,,,,,0.2281493991613388,0.35775917768478394,0.09795650839805603,,,
3675,4,4,,,,,,,,0.18233807384967804,0.2716999351978302,0.4021100103855133,,,
3676,9,0,,,,,,,,0.1693660467863083,0.3652768135070801,0.19919463992118835,,,
3677,4,4,,,,,,,,0.192652627825737,0.10537770390510559,0.07762304693460464,,,
3678,1,1,,,,,,,,0.46467235684394836,0.1516810953617096,0.2684936225414276,,,
3679,0,0,,,,,,,,0.5941975116729736,0.45883890986442566,0.5864787697792053,,,
3680,0,0,,,,,,,,0.36325109004974365,0.545339047908783,0.8828381896018982,,,
3681,2,2,,,,,,,,0.1941392421722412,0.07464864104986191,0.2453681081533432,,,
3682,3,3,5,0.6721311475409836,0.5,0.19298245614035087,0.7906494140625,0.9032602310180664,0.33037444949150085,0.06951818615198135,0.1935497671365738,0.085899718105793,0.015033590607345104,0.28881677985191345,0.024868210777640343
3683,8,8,8,0.7894736842105263,0.5572519083969466,0.36,0.923448920249939,0.8646979928016663,0.6297978758811951,0.02114582061767578,0.02006608061492443,0.05315667763352394,0.018570762127637863,0.014789753593504429,0.014980414882302284
3684,9,9,,,,,,,,0.22683082520961761,0.16938240826129913,0.3244551122188568,,,
3685,2,2,,,,,,,,0.6313736438751221,0.191039577126503,0.5191354751586914,,,
3686,8,8,,,,,,,,0.6604416370391846,0.3556938171386719,0.33320745825767517,,,
3687,9,9,,,,,,,,0.08438770473003387,0.20916128158569336,0.1598435789346695,,,
3688,5,5,,,,,,,,0.23094265162944794,0.0792442113161087,0.24103039503097534,,,
3689,7,7,,,,,,,,0.12579435110092163,0.3814377188682556,0.1376272290945053,,,
3690,9,9,,,,,,,,0.2303095906972885,0.1014966145157814,0.08074633777141571,,,
3691,1,1,,,,,,,,0.5421384572982788,0.21134024858474731,0.2625183165073395,,,
3692,4,4,,,,,,,,0.33216631412506104,0.28799968957901,0.3084303140640259,,,
3693,6,6,3,0.36,0.44680851063829785,0.3076923076923077,0.8151861429214478,0.8186599016189575,0.34325897693634033,0.10858044028282166,0.34131672978401184,0.14487090706825256,0.016226835548877716,0.2834635078907013,0.04540261998772621
3694,2,2,,,,,,,,0.3023504912853241,0.17653703689575195,0.19534824788570404,,,
3695,8,8,,,,,,,,0.45824480056762695,0.22607450187206268,0.19385848939418793,,,
3696,4,3,,,,,,,,0.2984831929206848,0.41965118050575256,0.04007112607359886,,,
3697,4,4,,,,,,,,0.2502765655517578,0.10043211281299591,0.21000708639621735,,,
3698,8,8,,,,,,,,0.574292778968811,0.17583873867988586,0.19098524749279022,,,
3699,9,9,,,,,,,,0.18413232266902924,0.19793477654457092,0.20623178780078888,,,
3700,3,3,,,,,,,,0.5114468336105347,0.18106015026569366,0.07946062088012695,,,
3701,1,1,,,,,,,,0.4790123999118805,0.35983264446258545,0.4817355275154114,,,
3702,1,1,,,,,,,,0.0626680925488472,0.11738826334476471,0.07790687680244446,,,
3703,6,6,,,,,,,,0.15291349589824677,0.39148515462875366,0.13820329308509827,,,
3704,5,4,,,,,,,,0.08520635217428207,0.11415392905473709,0.07764420658349991,,,
3705,8,8,,,,,,,,0.3531961441040039,0.1102028340101242,0.16305163502693176,,,
3706,4,4,2,0.3691275167785235,0.3691275167785235,0.6721311475409836,0.7799866199493408,0.8525854349136353,0.5981811881065369,0.13406409323215485,0.4810376763343811,0.15794649720191956,0.002537656109780073,0.4203680753707886,0.027217213064432144
3707,6,6,6,0.5338345864661654,0.5223880597014925,0.0625,0.8401449918746948,0.796006441116333,0.23665174841880798,0.057040613144636154,0.4984142780303955,0.14657489955425262,0.047567807137966156,0.32840031385421753,0.02691766619682312
3708,4,3,,,,,,,,0.25604456663131714,0.22023019194602966,0.03523100167512894,,,
3709,5,5,,,,,,,,0.2715683579444885,0.10747741162776947,0.20623263716697693,,,
3710,2,2,,,,,,,,0.683643102645874,0.135600745677948,0.48050573468208313,,,
3711,6,6,6,0.9065420560747663,0.3161290322580645,0.24390243902439024,0.9447704553604126,0.7954691648483276,0.5755575895309448,0.1051187515258789,0.7794570326805115,0.16800406575202942,0.05489059165120125,0.5688391923904419,0.2443636804819107
3712,4,4,,,,,,,,0.09635871648788452,0.1778850555419922,0.13876578211784363,,,
3713,2,2,,,,,,,,0.6338568329811096,0.22173288464546204,0.4226916432380676,,,
3714,3,3,,,,,,,,0.258171021938324,0.2934596836566925,0.37179291248321533,,,
3715,1,1,,,,,,,,0.10199058800935745,0.03832127898931503,0.026227030903100967,,,
3716,3,4,,,,,,,,0.049508653581142426,0.03133096918463707,0.1678607165813446,,,
3717,6,6,,,,,,,,0.3431224226951599,0.6961798667907715,0.0597279816865921,,,
3718,8,8,,,,,,,,0.7814205288887024,0.31534314155578613,0.3217477798461914,,,
3719,5,5,,,,,,,,0.3257546126842499,0.06245119497179985,0.08444756269454956,,,
3720,2,2,,,,,,,,0.5773911476135254,0.31062155961990356,0.447517067193985,,,
3721,2,2,0,0.7586206896551724,0.5454545454545454,0.19298245614035087,0.9260439872741699,0.8514504432678223,0.5011227130889893,0.5135714411735535,0.1760859340429306,0.36002346873283386,0.4295176863670349,0.21041060984134674,0.26127660274505615
3722,7,7,,,,,,,,0.559083104133606,0.23662632703781128,0.5187174677848816,,,
3723,1,1,,,,,,,,0.437081515789032,0.3074178695678711,0.21093161404132843,,,
3724,6,6,6,0.48905109489051096,0.29936305732484075,0.1657142857142857,0.9590762853622437,0.6805020570755005,0.3275022804737091,0.046211324632167816,0.4620768427848816,0.03584326058626175,0.09890075773000717,0.49206531047821045,0.030038852244615555
3725,2,2,,,,,,,,0.5037981271743774,0.2757994532585144,0.07190275937318802,,,
3726,5,5,5,0.7739130434782608,0.48905109489051096,0.3076923076923077,0.9924179315567017,0.934502363204956,0.31970739364624023,0.21918046474456787,0.10251015424728394,0.06191591918468475,0.12980832159519196,0.1843542754650116,0.05980222672224045
3727,9,9,,,,,,,,0.46134841442108154,0.45657533407211304,0.17593011260032654,,,
3728,2,2,3,0.009852216748768473,0.4782608695652174,0.19298245614035087,0.7133404016494751,0.9017248749732971,0.3601565361022949,0.18818318843841553,0.0751558393239975,0.3159013092517853,0.34007784724235535,0.018910281360149384,0.04508942738175392
3729,8,8,,,,,,,,0.5704201459884644,0.06844135373830795,0.10336000472307205,,,
3730,1,1,,,,,,,,0.46456849575042725,0.1896308809518814,0.25866684317588806,,,
3731,6,6,,,,,,,,0.15078842639923096,0.34595271944999695,0.15544171631336212,,,
3732,9,9,,,,,,,,0.17062504589557648,0.09147557616233826,0.1451386660337448,,,
3733,2,2,,,,,,,,0.12392167001962662,0.17289972305297852,0.37124666571617126,,,
3734,7,7,,,,,,,,0.12168153375387192,0.031181693077087402,0.14347770810127258,,,
3735,5,5,5,0.48905109489051096,0.4782608695652174,0.25925925925925924,0.7857910990715027,0.8993067145347595,0.560736894607544,0.24660728871822357,0.16830335557460785,0.027919383719563484,0.13644784688949585,0.24220353364944458,0.041444770991802216
3736,3,3,,,,,,,,0.39477211236953735,0.6663436889648438,0.2424657791852951,,,
3737,2,2,,,,,,,,0.38427734375,0.1513981819152832,0.4369731843471527,,,
3738,9,9,,,,,,,,0.2904813885688782,0.2765941023826599,0.3834286332130432,,,
3739,7,7,,,,,,,,0.1790592521429062,0.2504390776157379,0.17409655451774597,,,
3740,0,0,,,,,,,,0.6771188378334045,0.6081511378288269,0.842240571975708,,,
3741,2,2,,,,,,,,0.6091793179512024,0.1672339141368866,0.3190387189388275,,,
3742,9,9,,,,,,,,0.21757690608501434,0.060646943747997284,0.21597039699554443,,,
3743,3,3,,,,,,,,0.12629327178001404,0.34722375869750977,0.2314295470714569,,,
3744,4,4,,,,,,,,0.38301512598991394,0.21441437304019928,0.12214170396327972,,,
3745,1,1,,,,,,,,0.5825355052947998,0.28008154034614563,0.3504522740840912,,,
3746,7,7,,,,,,,,0.06629163026809692,0.02729720063507557,0.1039564236998558,,,
3747,9,9,,,,,,,,0.136972576379776,0.24222035706043243,0.16881327331066132,,,
3748,5,5,,,,,,,,0.270511269569397,0.1607661098241806,0.4005516767501831,,,
3749,8,8,,,,,,,,0.3842789828777313,0.1002659797668457,0.2676069438457489,,,
3750,9,9,,,,,,,,0.13845787942409515,0.08012177050113678,0.035691045224666595,,,
3751,7,7,,,,,,,,0.34958913922309875,0.24686475098133087,0.2924661338329315,,,
3752,3,3,,,,,,,,0.2390746772289276,0.19024604558944702,0.1684073656797409,,,
3753,4,3,,,,,,,,0.36048492789268494,0.45447736978530884,0.07016175985336304,,,
3754,0,0,,,,,,,,0.7552404999732971,0.5031639337539673,0.6790767312049866,,,
3755,9,9,,,,,,,,0.06866586208343506,0.05980471149086952,0.024661792442202568,,,
3756,7,7,,,,,,,,0.3455940783023834,0.2148984968662262,0.1911541372537613,,,
3757,4,4,,,,,,,,0.1578536331653595,0.11373548954725266,0.11982785165309906,,,
3758,2,2,,,,,,,,0.5440121293067932,0.13115811347961426,0.4022553861141205,,,
3759,4,4,,,,,,,,0.5819887518882751,0.45544013381004333,0.7058948874473572,,,
3760,7,7,,,,,,,,0.3949316143989563,0.22359466552734375,0.3824993073940277,,,
3761,0,0,,,,,,,,0.4366914629936218,0.359449565410614,0.7780072093009949,,,
3762,1,9,,,,,,,,0.018596477806568146,0.03287571668624878,0.015157725661993027,,,
3763,8,8,,,,,,,,0.5440211892127991,0.3500576317310333,0.2876475751399994,,,
3764,1,1,,,,,,,,0.34241798520088196,0.2651636600494385,0.1467156857252121,,,
3765,0,0,,,,,,,,0.7634548544883728,0.3803942799568176,0.8032743334770203,,,
3766,4,4,,,,,,,,0.09979856014251709,0.08137498050928116,0.15422558784484863,,,
3767,6,6,,,,,,,,0.11814176291227341,0.4607314169406891,0.12309250980615616,,,
3768,1,1,,,,,,,,0.21258996427059174,0.07716835290193558,0.09624015539884567,,,
3769,9,9,,,,,,,,0.29758772253990173,0.20483966171741486,0.33781737089157104,,,
3770,9,9,,,,,,,,0.24290701746940613,0.10769445449113846,0.16596458852291107,,,
3771,2,2,,,,,,,,0.5635554194450378,0.06502076983451843,0.31733617186546326,,,
3772,1,1,,,,,,,,0.1434422731399536,0.051196880638599396,0.033952612429857254,,,
3773,2,2,5,0.4166666666666667,0.5572519083969466,0.45714285714285713,0.8037954568862915,0.9061887264251709,0.5965089797973633,0.25293099880218506,0.21121622622013092,0.29126331210136414,0.0523790568113327,0.06379352509975433,0.06123552471399307
3774,5,5,2,0.48905109489051096,0.59375,0.13966480446927373,0.6131839752197266,0.8611998558044434,0.46121281385421753,0.23780812323093414,0.035487089306116104,0.03431762009859085,0.011990374885499477,0.008350370451807976,0.004256970714777708
3775,6,6,,,,,,,,0.30739521980285645,0.4911577105522156,0.15875469148159027,,,
3776,9,9,,,,,,,,0.038856033235788345,0.05421150103211403,0.038766734302043915,,,
3777,7,7,,,,,,,,0.2974347770214081,0.2802776098251343,0.3784962296485901,,,
3778,7,4,,,,,,,,0.3594752550125122,0.22144564986228943,0.1040709912776947,,,
3779,3,3,,,,,,,,0.10764247179031372,0.13058096170425415,0.10145639628171921,,,
3780,4,4,,,,,,,,0.37680554389953613,0.3494951128959656,0.056250546127557755,,,
3781,2,2,,,,,,,,0.4566405415534973,0.3041576147079468,0.278513640165329,,,
3782,0,0,,,,,,,,0.4856875240802765,0.6125041842460632,0.6900641322135925,,,
3783,2,2,,,,,,,,0.11274153739213943,0.3139233887195587,0.07782089710235596,,,
3784,5,5,,,,,,,,0.4599558711051941,0.044254012405872345,0.08889656513929367,,,
3785,6,7,,,,,,,,0.014420283026993275,0.01801324263215065,0.015457763336598873,,,
3786,7,7,,,,,,,,0.31993553042411804,0.12499383091926575,0.23463140428066254,,,
3787,3,4,,,,,,,,0.15473493933677673,0.10355538874864578,0.17155510187149048,,,
3788,7,7,,,,,,,,0.1890212893486023,0.14668281376361847,0.13526219129562378,,,
3789,9,0,,,,,,,,0.553213357925415,0.6007382869720459,0.7223668098449707,,,
3790,4,4,,,,,,,,0.18103456497192383,0.44152429699897766,0.21825452148914337,,,
3791,2,2,,,,,,,,0.13359050452709198,0.13855397701263428,0.12511008977890015,,,
3792,0,0,,,,,,,,0.32961735129356384,0.7080295085906982,0.8883452415466309,,,
3793,6,6,,,,,,,,0.1865387260913849,0.2358318269252777,0.030207257717847824,,,
3794,1,1,,,,,,,,0.48410725593566895,0.15815652906894684,0.37991848587989807,,,
3795,7,7,,,,,,,,0.3295343518257141,0.10439789295196533,0.13893423974514008,,,
3796,5,5,,,,,,,,0.11555645614862442,0.13776516914367676,0.16937538981437683,,,
3797,6,6,,,,,,,,0.11648251861333847,0.4913809895515442,0.2112973928451538,,,
3798,5,5,,,,,,,,0.34978076815605164,0.06231643259525299,0.12802772223949432,,,
3799,3,5,,,,,,,,0.09078195691108704,0.049247220158576965,0.03305145725607872,,,
3800,9,9,,,,,,,,0.2559308707714081,0.1307814121246338,0.24319350719451904,,,
3801,2,2,0,0.43661971830985913,0.4676258992805755,0.42657342657342656,0.8275484442710876,0.8627463579177856,0.4591083228588104,0.4723931849002838,0.026624485850334167,0.38697296380996704,0.42497098445892334,0.013044148683547974,0.1325521320104599
3802,7,7,,,,,,,,0.34246617555618286,0.1371719390153885,0.33413296937942505,,,
3803,8,8,,,,,,,,0.39956364035606384,0.29608258605003357,0.1771690845489502,,,
3804,5,5,,,,,,,,0.35673415660858154,0.032273951917886734,0.3138270080089569,,,
3805,9,9,,,,,,,,0.3189251720905304,0.23785005509853363,0.45970070362091064,,,
3806,5,5,,,,,,,,0.04535343125462532,0.03506097570061684,0.02827034704387188,,,
3807,8,8,,,,,,,,0.708510160446167,0.20174884796142578,0.30737465620040894,,,
3808,5,5,,,,,,,,0.20456331968307495,0.06372856348752975,0.07670131325721741,,,
3809,4,4,,,,,,,,0.15639260411262512,0.18013840913772583,0.4651871919631958,,,
3810,3,3,,,,,,,,0.17015340924263,0.24232253432273865,0.19607976078987122,,,
3811,7,7,,,,,,,,0.3032709062099457,0.16824936866760254,0.34082484245300293,,,
3812,9,9,,,,,,,,0.2154981940984726,0.12576457858085632,0.5836610198020935,,,
3813,8,8,,,,,,,,0.5777105689048767,0.11618340015411377,0.22549892961978912,,,
3814,1,1,,,,,,,,0.44680970907211304,0.22348853945732117,0.21850639581680298,,,
3815,2,2,,,,,,,,0.5457761883735657,0.2578308582305908,0.24272051453590393,,,
3816,2,2,,,,,,,,0.498425155878067,0.5109053254127502,0.34180742502212524,,,
3817,8,8,,,,,,,,0.48047229647636414,0.3752609193325043,0.2463218867778778,,,
3818,9,9,,,,,,,,0.3409377932548523,0.1509746015071869,0.0807965099811554,,,
3819,3,3,,,,,,,,0.3079683184623718,0.5918235778808594,0.22207503020763397,,,
3820,0,0,,,,,,,,0.6581137180328369,0.3090042769908905,0.15581543743610382,,,
3821,8,3,,,,,,,,0.41374513506889343,0.08352884650230408,0.15022428333759308,,,
3822,4,4,,,,,,,,0.2096392959356308,0.055341701954603195,0.15624308586120605,,,
3823,0,0,,,,,,,,0.70610511302948,0.7157803177833557,0.6923417448997498,,,
3824,2,2,,,,,,,,0.15290533006191254,0.1599969118833542,0.17802788317203522,,,
3825,0,0,,,,,,,,0.3675382435321808,0.6096135973930359,0.5155325531959534,,,
3826,1,1,,,,,,,,0.5446358323097229,0.150045707821846,0.551957905292511,,,
3827,4,4,,,,,,,,0.12301888316869736,0.27715444564819336,0.504630446434021,,,
3828,1,0,,,,,,,,0.5509184002876282,0.5227746367454529,0.7437648177146912,,,
3829,8,8,0,0.0625,0.3783783783783784,0.5338345864661654,0.3674149513244629,0.8152756690979004,0.5705517530441284,0.23081836104393005,0.35896748304367065,0.10969096422195435,0.017531853169202805,0.29693689942359924,0.05517324432730675
3830,5,5,,,,,,,,0.7960348129272461,0.026941319927573204,0.05988530442118645,,,
3831,5,5,5,0.7586206896551724,0.7739130434782608,0.5111111111111111,0.989427387714386,0.9679701924324036,0.8039108514785767,0.08777312934398651,0.05375494062900543,0.02120942436158657,0.11436310410499573,0.06829728931188583,0.04496704041957855
3832,7,7,,,,,,,,0.13549932837486267,0.04423527792096138,0.1053452268242836,,,
3833,9,9,,,,,,,,0.2979513704776764,0.09748727828264236,0.1899135410785675,,,
3834,8,8,,,,,,,,0.5438392162322998,0.40335729718208313,0.17495380342006683,,,
3835,3,3,,,,,,,,0.0862891748547554,0.12558384239673615,0.027000803500413895,,,
3836,7,7,,,,,,,,0.2601105272769928,0.11715414375066757,0.14182734489440918,,,
3837,9,9,,,,,,,,0.37209752202033997,0.2484269142150879,0.1743127405643463,,,
3838,1,1,,,,,,,,0.37746667861938477,0.47941088676452637,0.2580990791320801,,,
3839,5,5,,,,,,,,0.37774622440338135,0.16685056686401367,0.15661227703094482,,,
3840,6,6,,,,,,,,0.12486915290355682,0.16025082767009735,0.08975281566381454,,,
3841,9,9,,,,,,,,0.375005841255188,0.1857849657535553,0.16171765327453613,,,
3842,8,8,,,,,,,,0.16436725854873657,0.1545604020357132,0.04178168252110481,,,
3843,7,7,7,0.8888888888888888,0.5692307692307692,0.5,0.974553644657135,0.8680435419082642,0.770694375038147,0.05146293342113495,0.15537342429161072,0.03604224696755409,0.1677536815404892,0.08759284019470215,0.1450803130865097
3844,2,2,,,,,,,,0.36604902148246765,0.18866948783397675,0.12368063628673553,,,
3845,0,0,,,,,,,,0.5863655805587769,0.6397513151168823,0.9198279976844788,,,
3846,9,9,,,,,,,,0.2647002339363098,0.18800681829452515,0.2235913723707199,,,
3847,0,0,,,,,,,,0.3468705415725708,0.5788062214851379,0.9242407083511353,,,
3848,8,8,8,0.44680851063829785,0.5813953488372093,0.59375,0.926044225692749,0.7806671261787415,0.549365758895874,0.472098171710968,0.1039491593837738,0.04569629579782486,0.0597480908036232,0.13314774632453918,0.02379334159195423
3849,5,5,,,,,,,,0.21941469609737396,0.1335013508796692,0.05014673247933388,,,
3850,9,9,,,,,,,,0.2502135634422302,0.17256104946136475,0.15178315341472626,,,
3851,4,5,,,,,,,,0.2714642286300659,0.06758002191781998,0.063062384724617,,,
3852,2,2,,,,,,,,0.381086528301239,0.19292664527893066,0.14715063571929932,,,
3853,9,9,0,0.275,0.632,0.3783783783783784,0.8851873278617859,0.8918343186378479,0.7165535688400269,0.08532465249300003,0.03231311962008476,0.08898947387933731,0.02319091185927391,0.0892508253455162,0.015707986429333687
3854,8,8,,,,,,,,0.3312857747077942,0.04593536630272865,0.3225589096546173,,,
3855,1,1,,,,,,,,0.6104966998100281,0.3628023564815521,0.30615848302841187,,,
3856,9,9,,,,,,,,0.3076836168766022,0.23761004209518433,0.2343788892030716,,,
3857,1,1,,,,,,,,0.2901580035686493,0.12775595486164093,0.09496638178825378,,,
3858,8,8,,,,,,,,0.3444727063179016,0.04643454775214195,0.42135119438171387,,,
3859,3,3,,,,,,,,0.2672521770000458,0.23100285232067108,0.17050130665302277,,,
3860,7,7,,,,,,,,0.2696952819824219,0.41478466987609863,0.2672536075115204,,,
3861,6,6,,,,,,,,0.33588457107543945,0.6317974925041199,0.19281549751758575,,,
3862,4,4,5,0.19298245614035087,0.5813953488372093,0.2,0.7871676683425903,0.9237896203994751,0.43501394987106323,0.09013041853904724,0.1403999626636505,0.1839890480041504,0.0033828539308160543,0.22743165493011475,0.05250440910458565
3863,2,2,,,,,,,,0.57615727186203,0.24698679149150848,0.37897586822509766,,,
3864,3,3,,,,,,,,0.23367466032505035,0.2978120446205139,0.08901737630367279,,,
3865,7,7,,,,,,,,0.3753109276294708,0.09928193688392639,0.27293092012405396,,,
3866,0,0,,,,,,,,0.27022549510002136,0.5080970525741577,0.7445923686027527,,,
3867,3,5,,,,,,,,0.20019955933094025,0.08781881630420685,0.1749768853187561,,,
3868,5,5,5,0.8378378378378378,0.7,0.3333333333333333,0.9930531978607178,0.9277298450469971,0.6441793441772461,0.0974186509847641,0.11191782355308533,0.040552958846092224,0.08918378502130508,0.10158035159111023,0.08201903104782104
3869,8,8,,,,,,,,0.6441959738731384,0.03954048082232475,0.07651519030332565,,,
3870,8,8,,,,,,,,0.3502066135406494,0.1783699095249176,0.07992099970579147,,,
3871,8,8,,,,,,,,0.235833540558815,0.11626813560724258,0.21209962666034698,,,
3872,7,7,,,,,,,,0.2412797510623932,0.0537094883620739,0.2777000367641449,,,
3873,9,9,,,,,,,,0.17814220488071442,0.31611281633377075,0.25927892327308655,,,
3874,6,6,,,,,,,,0.6288999319076538,0.6796164512634277,0.4487990736961365,,,
3875,2,2,,,,,,,,0.18400683999061584,0.0391073152422905,0.39103761315345764,,,
3876,7,7,,,,,,,,0.16653889417648315,0.19599199295043945,0.22954759001731873,,,
3877,4,4,,,,,,,,0.31541162729263306,0.12901011109352112,0.14227116107940674,,,
3878,5,2,,,,,,,,0.17955824732780457,0.07803110778331757,0.16878734529018402,,,
3879,7,7,,,,,,,,0.22662465274333954,0.181412011384964,0.19252468645572662,,,
3880,6,6,,,,,,,,0.4122835695743561,0.4702114164829254,0.1652393490076065,,,
3881,7,7,,,,,,,,0.41692113876342773,0.15217190980911255,0.30972397327423096,,,
3882,1,1,,,,,,,,0.17346957325935364,0.21631067991256714,0.09376150369644165,,,
3883,7,5,,,,,,,,0.11859103292226791,0.1116572692990303,0.10073550790548325,,,
3884,3,3,3,0.43661971830985913,0.3972602739726027,0.275,0.8191518783569336,0.8514280319213867,0.3376157879829407,0.06169572472572327,0.24381901323795319,0.03305809199810028,0.04082179814577103,0.26798322796821594,0.02412981353700161
3885,6,6,6,0.6062992125984252,0.4782608695652174,0.48905109489051096,0.9432125091552734,0.8640462160110474,0.559561014175415,0.13072356581687927,0.39972904324531555,0.026813527569174767,0.16195611655712128,0.4789157211780548,0.02602062001824379
3886,8,8,,,,,,,,0.5316540598869324,0.032624516636133194,0.25792157649993896,,,
3887,2,2,4,0.632,0.632,0.5813953488372093,0.9582128524780273,0.8504305481910706,0.5665473341941833,0.40207013487815857,0.18460524082183838,0.050162676721811295,0.4684407413005829,0.03786656633019447,0.1743871122598648
3888,6,6,,,,,,,,0.4438597857952118,0.5689195990562439,0.2606033682823181,,,
3889,6,6,,,,,,,,0.5667421817779541,0.7412104606628418,0.2961699664592743,,,
3890,7,5,,,,,,,,0.22872129082679749,0.07123775780200958,0.20243188738822937,,,
3891,1,1,,,,,,,,0.22701577842235565,0.14081472158432007,0.07657930254936218,,,
3892,5,3,,,,,,,,0.12571361660957336,0.1424986720085144,0.024746760725975037,,,
3893,9,9,,,,,,,,0.1943698227405548,0.20095707476139069,0.13654203712940216,,,
3894,7,7,,,,,,,,0.2879842519760132,0.1251833587884903,0.25489047169685364,,,
3895,1,8,,,,,,,,0.07143235951662064,0.03385673463344574,0.09385727345943451,,,
3896,7,7,,,,,,,,0.026400305330753326,0.1029362604022026,0.25625449419021606,,,
3897,0,0,,,,,,,,0.4992697834968567,0.6646407246589661,0.6968880295753479,,,
3898,1,1,,,,,,,,0.2823307514190674,0.12857790291309357,0.25993484258651733,,,
3899,6,2,,,,,,,,0.38959789276123047,0.09983795881271362,0.1788589507341385,,,
3900,3,3,,,,,,,,0.11540117114782333,0.35286471247673035,0.21696393191814423,,,
3901,3,3,,,,,,,,0.04599545896053314,0.06284333765506744,0.04439867287874222,,,
3902,9,9,,,,,,,,0.1081547886133194,0.12271779030561447,0.10100705921649933,,,
3903,0,0,,,,,,,,0.3100326359272003,0.5308126211166382,0.8851636648178101,,,
3904,1,1,,,,,,,,0.3226865231990814,0.11662843823432922,0.2649897634983063,,,
3905,2,2,,,,,,,,0.24573644995689392,0.10153037309646606,0.14519456028938293,,,
3906,3,5,,,,,,,,0.11849885433912277,0.03562667965888977,0.10147149115800858,,,
3907,2,2,,,,,,,,0.274127334356308,0.10696639865636826,0.0990455150604248,,,
3908,2,2,,,,,,,,0.8014313578605652,0.06978603452444077,0.255488783121109,,,
3909,5,5,3,0.13966480446927373,0.3877551020408163,0.19298245614035087,0.7611907720565796,0.8520693778991699,0.39732882380485535,0.048428285866975784,0.12431425601243973,0.05157371610403061,0.01716451346874237,0.06005337834358215,0.1350058615207672
3910,4,4,4,0.42657342657342656,0.48905109489051096,0.4068965517241379,0.9768943786621094,0.8653182983398438,0.35490843653678894,0.18119017779827118,0.2810239791870117,0.27798473834991455,0.14617674052715302,0.2599780857563019,0.06032150238752365
3911,9,9,,,,,,,,0.22127844393253326,0.24149003624916077,0.12260698527097702,,,
3912,8,8,8,0.5,0.43661971830985913,0.5454545454545454,0.9016426801681519,0.8225070834159851,0.38571763038635254,0.5181230902671814,0.08139963448047638,0.42249414324760437,0.2198200523853302,0.03415022790431976,0.12325099110603333
3913,7,4,,,,,,,,0.230424165725708,0.343543142080307,0.04787091910839081,,,
3914,4,4,2,0.0,0.2289156626506024,0.13333333333333333,0.1890299916267395,0.5993589162826538,0.4611433744430542,0.08314220607280731,0.16147345304489136,0.2003369778394699,0.010477804578840733,0.35993504524230957,0.060384463518857956
3915,4,4,,,,,,,,0.13899284601211548,0.3318488299846649,0.18533138930797577,,,
3916,9,9,,,,,,,,0.4143577516078949,0.1618683785200119,0.3903765082359314,,,
3917,7,7,,,,,,,,0.051479510962963104,0.07464741170406342,0.025454094633460045,,,
3918,6,6,,,,,,,,0.3414927124977112,0.498890221118927,0.19862523674964905,,,
3919,7,7,,,,,,,,0.5273071527481079,0.1911013275384903,0.21498017013072968,,,
3920,7,7,,,,,,,,0.07300248742103577,0.04012855142354965,0.03326435387134552,,,
3921,1,1,,,,,,,,0.1324317753314972,0.26519548892974854,0.09997528791427612,,,
3922,2,2,2,0.8378378378378378,0.7435897435897436,0.3783783783783784,0.9805924296379089,0.9240747690200806,0.7629647850990295,0.36407962441444397,0.7108122110366821,0.1460893452167511,0.4284818768501282,0.553912341594696,0.23508544266223907
3923,3,3,3,0.43661971830985913,0.5223880597014925,0.06806282722513089,0.9517917633056641,0.8983376026153564,0.36304643750190735,0.1681148111820221,0.3350439965724945,0.08649513870477676,0.2813469469547272,0.2062680870294571,0.3039579689502716
3924,5,2,,,,,,,,0.19317147135734558,0.03330913931131363,0.25867825746536255,,,
3925,1,1,,,,,,,,0.3676983714103699,0.07363653928041458,0.3853274881839752,,,
3926,9,9,,,,,,,,0.41966763138771057,0.31335145235061646,0.21550126373767853,,,
3927,0,0,,,,,,,,0.48567792773246765,0.622893750667572,0.7138962149620056,,,
3928,3,3,,,,,,,,0.09696394205093384,0.14967206120491028,0.2032768577337265,,,
3929,3,3,,,,,,,,0.23751305043697357,0.3121642768383026,0.24904561042785645,,,
3930,1,1,,,,,,,,0.5017052888870239,0.17797353863716125,0.3770931363105774,,,
3931,5,5,,,,,,,,0.3400973975658417,0.190933495759964,0.19237376749515533,,,
3932,6,6,,,,,,,,0.3634978234767914,0.5637151002883911,0.20079387724399567,,,
3933,6,6,,,,,,,,0.09149793535470963,0.35470178723335266,0.14723554253578186,,,
3934,2,2,,,,,,,,0.657537043094635,0.27614912390708923,0.7967945337295532,,,
3935,4,4,,,,,,,,0.35645556449890137,0.2603852152824402,0.10202270746231079,,,
3936,6,6,,,,,,,,0.14848551154136658,0.5889335870742798,0.11999714374542236,,,
3937,8,8,,,,,,,,0.4874839186668396,0.17723852396011353,0.3229796290397644,,,
3938,8,8,,,,,,,,0.7210134863853455,0.2265608161687851,0.27886438369750977,,,
3939,9,9,,,,,,,,0.14521907269954681,0.1028968021273613,0.11454334855079651,,,
3940,6,6,,,,,,,,0.1869572550058365,0.5160520672798157,0.15012121200561523,,,
3941,6,6,,,,,,,,0.1932903677225113,0.5714476704597473,0.19119803607463837,,,
3942,1,1,,,,,,,,0.2074684053659439,0.04743997007608414,0.16732704639434814,,,
3943,0,0,,,,,,,,0.4246589243412018,0.4817310571670532,0.9300704002380371,,,
3944,7,7,,,,,,,,0.28993088006973267,0.06294607371091843,0.13510264456272125,,,
3945,5,5,,,,,,,,0.34751370549201965,0.08195850998163223,0.16559602320194244,,,
3946,8,8,,,,,,,,0.37435322999954224,0.33837705850601196,0.19738397002220154,,,
3947,2,2,,,,,,,,0.6687259674072266,0.18970347940921783,0.5821216106414795,,,
3948,1,1,,,,,,,,0.4264183044433594,0.18201051652431488,0.13640011847019196,,,
3949,5,5,,,,,,,,0.4865344166755676,0.1266752928495407,0.06378086656332016,,,
3950,8,8,,,,,,,,0.4013497829437256,0.08281419426202774,0.22428038716316223,,,
3951,1,1,,,,,,,,0.3874998986721039,0.2207469940185547,0.24532389640808105,,,
3952,4,4,4,0.632,0.3246753246753247,0.11475409836065574,0.9567806124687195,0.6461081504821777,0.21609176695346832,0.10835076123476028,0.30445730686187744,0.09180338680744171,0.04435780271887779,0.3898688554763794,0.03860456123948097
3953,7,7,,,,,,,,0.04735804721713066,0.03331375867128372,0.03727801516652107,,,
3954,5,5,5,0.7894736842105263,0.6190476190476191,0.21428571428571427,0.8365888595581055,0.9041574001312256,0.385818749666214,0.13890233635902405,0.03988729417324066,0.10388927906751633,0.19060170650482178,0.1271970421075821,0.16754278540611267
3955,0,0,,,,,,,,0.36569955945014954,0.652991771697998,0.6801065802574158,,,
3956,3,3,2,0.03535353535353535,0.3972602739726027,0.1590909090909091,0.44124168157577515,0.793743371963501,0.17496958374977112,0.09812002629041672,0.328664094209671,0.14115694165229797,0.054855506867170334,0.14353254437446594,0.009038766846060753
3957,9,0,,,,,,,,0.34574922919273376,0.5485169291496277,0.7938645482063293,,,
3958,9,9,,,,,,,,0.5415850877761841,0.27329114079475403,0.17244544625282288,,,
3959,5,5,,,,,,,,0.202875018119812,0.09970086812973022,0.09398524463176727,,,
3960,2,2,,,,,,,,0.5340276956558228,0.08046339452266693,0.4781811833381653,,,
3961,8,8,,,,,,,,0.29823845624923706,0.14406220614910126,0.1803664118051529,,,
3962,4,4,,,,,,,,0.17231936752796173,0.2852354943752289,0.19165734946727753,,,
3963,1,1,,,,,,,,0.289669930934906,0.24234309792518616,0.19512192904949188,,,
3964,9,9,,,,,,,,0.3752753734588623,0.2149592489004135,0.1482674479484558,,,
3965,0,0,,,,,,,,0.5321389436721802,0.36340177059173584,0.6980654001235962,,,
3966,4,4,,,,,,,,0.0716216191649437,0.331159770488739,0.058906055986881256,,,
3967,4,4,3,0.4782608695652174,0.4676258992805755,0.5813953488372093,0.870780348777771,0.870036244392395,0.6966885924339294,0.233157679438591,0.16580219566822052,0.40187111496925354,0.007861524820327759,0.09372897446155548,0.022810591384768486
3968,8,8,,,,,,,,0.6434640288352966,0.23683811724185944,0.24188417196273804,,,
3969,2,2,,,,,,,,0.6365927457809448,0.3159017562866211,0.23691581189632416,,,
3970,9,9,,,,,,,,0.30156636238098145,0.17045779526233673,0.27731573581695557,,,
3971,0,0,,,,,,,,0.39701053500175476,0.3204869031906128,0.7475452423095703,,,
3972,7,7,,,,,,,,0.258398175239563,0.14955130219459534,0.15140916407108307,,,
3973,9,9,,,,,,,,0.2417825162410736,0.127353236079216,0.28794437646865845,,,
3974,8,8,,,,,,,,0.39734360575675964,0.10930939018726349,0.2210480272769928,,,
3975,7,7,,,,,,,,0.3577554225921631,0.1881648749113083,0.4623798727989197,,,
3976,1,1,,,,,,,,0.2819233238697052,0.4116295576095581,0.18254977464675903,,,
3977,3,4,,,,,,,,0.2505183219909668,0.05597072094678879,0.15915854275226593,,,
3978,2,2,4,0.5338345864661654,0.5454545454545454,0.14606741573033707,0.7530002593994141,0.8838440775871277,0.3149054944515228,0.3735966384410858,0.5050272941589355,0.2250494360923767,0.33918872475624084,0.12700770795345306,0.15651336312294006
3979,9,9,,,,,,,,0.28822898864746094,0.028905602172017097,0.11415353417396545,,,
3980,9,8,,,,,,,,0.25935155153274536,0.01580706611275673,0.02435232512652874,,,
3981,5,5,,,,,,,,0.1326078474521637,0.05344472452998161,0.08386600017547607,,,
3982,9,9,,,,,,,,0.3745320737361908,0.34614038467407227,0.3657208979129791,,,
3983,7,7,0,0.4782608695652174,0.5813953488372093,0.21428571428571427,0.9440772533416748,0.8193482160568237,0.4934687614440918,0.11112340539693832,0.02155490405857563,0.08052652329206467,0.012596704065799713,0.030378159135580063,0.04448631778359413
3984,6,6,,,,,,,,0.18499158322811127,0.6496456265449524,0.18283692002296448,,,
3985,7,7,,,,,,,,0.17480361461639404,0.11233209818601608,0.18349935114383698,,,
3986,7,7,,,,,,,,0.4717128872871399,0.20291350781917572,0.22208525240421295,,,
3987,1,1,,,,,,,,0.4382152259349823,0.09596271812915802,0.22669847309589386,,,
3988,1,1,6,0.2911392405063291,0.6062992125984252,0.25153374233128833,0.9132606983184814,0.9269288778305054,0.6581720113754272,0.10984451323747635,0.11630716919898987,0.025562437251210213,0.2161177098751068,0.11028335988521576,0.10090672224760056
3989,2,2,,,,,,,,0.6121731996536255,0.24283555150032043,0.5766953825950623,,,
3990,4,4,,,,,,,,0.4231765866279602,0.6605157852172852,0.6129651069641113,,,
3991,2,2,,,,,,,,0.6732327342033386,0.18435560166835785,0.5106496214866638,,,
3992,0,0,,,,,,,,0.7084951400756836,0.5822785496711731,0.875343918800354,,,
3993,6,6,,,,,,,,0.19726769626140594,0.5587226152420044,0.1451399177312851,,,
3994,8,8,,,,,,,,0.3338637351989746,0.2025877833366394,0.29273539781570435,,,
3995,7,7,7,0.7288135593220338,0.5454545454545454,0.7,0.9862024784088135,0.8952298164367676,0.7576321363449097,0.05778075382113457,0.030242910608649254,0.024828240275382996,0.0624551847577095,0.03496897593140602,0.02686947025358677
3996,6,6,,,,,,,,0.06609836220741272,0.6153172850608826,0.10881093144416809,,,
3997,2,2,,,,,,,,0.24867720901966095,0.1750248521566391,0.25388526916503906,,,
3998,2,2,,,,,,,,0.5368287563323975,0.3200237452983856,0.3934299051761627,,,
3999,9,9,,,,,,,,0.15905027091503143,0.13767533004283905,0.02712087146937847,,,
4000,8,4,,,,,,,,0.06966815143823624,0.14035667479038239,0.17607593536376953,,,
4001,2,2,2,0.7288135593220338,0.3972602739726027,0.2289156626506024,0.8516184091567993,0.8885256052017212,0.5978732109069824,0.5242627859115601,0.11224165558815002,0.2689187526702881,0.3752082586288452,0.3266952931880951,0.34134531021118164
4002,4,4,,,,,,,,0.17582069337368011,0.17737352848052979,0.11370491236448288,,,
4003,2,0,,,,,,,,0.046420712023973465,0.3227412700653076,0.5271123051643372,,,
4004,0,0,,,,,,,,0.4158679246902466,0.5288382768630981,0.5611284971237183,,,
4005,5,5,,,,,,,,0.6826054453849792,0.1703108698129654,0.1730043590068817,,,
4006,8,8,,,,,,,,0.6451406478881836,0.19557377696037292,0.3048199713230133,,,
4007,6,6,,,,,,,,0.27119091153144836,0.5060741901397705,0.0783858597278595,,,
4008,8,8,,,,,,,,0.42647385597229004,0.09102553129196167,0.16738277673721313,,,
4009,2,2,,,,,,,,0.4727720618247986,0.196680948138237,0.4005029499530792,,,
4010,7,7,,,,,,,,0.16447432339191437,0.1795046478509903,0.1306818425655365,,,
4011,7,7,,,,,,,,0.20664559304714203,0.1751338690519333,0.3743141293525696,,,
4012,3,5,,,,,,,,0.0735192522406578,0.03509277105331421,0.043271806091070175,,,
4013,1,1,,,,,,,,0.06731574237346649,0.31231606006622314,0.04022293537855148,,,
4014,8,8,,,,,,,,0.7729345560073853,0.056595560163259506,0.22933728992938995,,,
4015,1,1,,,,,,,,0.6841009855270386,0.4186781644821167,0.4161584675312042,,,
4016,6,2,,,,,,,,0.9316588640213013,0.3476049304008484,0.41038572788238525,,,
4017,5,5,,,,,,,,0.1873387098312378,0.16879504919052124,0.18701696395874023,,,
4018,9,9,,,,,,,,0.44498464465141296,0.2909110486507416,0.37490248680114746,,,
4019,7,7,5,0.34210526315789475,0.3972602739726027,0.3161290322580645,0.7811477184295654,0.7803918719291687,0.6389725208282471,0.14008678495883942,0.04331023991107941,0.05947935953736305,0.00697792274877429,0.008199574425816536,0.006813997868448496
4020,8,8,8,0.8545454545454545,0.5572519083969466,0.11475409836065574,0.9679378867149353,0.8658100366592407,0.40674862265586853,0.2952558696269989,0.03183106705546379,0.17019374668598175,0.398860365152359,0.034234847873449326,0.03430943191051483
4021,9,9,,,,,,,,0.37482306361198425,0.1690344661474228,0.22862733900547028,,,
4022,6,6,,,,,,,,0.2705302834510803,0.2800264060497284,0.1258006989955902,,,
4023,4,4,,,,,,,,0.12703010439872742,0.2683713436126709,0.24100932478904724,,,
4024,8,8,,,,,,,,0.6078234910964966,0.21959933638572693,0.39035165309906006,,,
4025,1,1,,,,,,,,0.2076849639415741,0.23116302490234375,0.3591354489326477,,,
4026,9,9,,,,,,,,0.27043965458869934,0.06380999833345413,0.25645145773887634,,,
4027,4,4,,,,,,,,0.22185422480106354,0.10984676331281662,0.11488866806030273,,,
4028,0,0,,,,,,,,0.43655577301979065,0.3862137198448181,0.856541097164154,,,
4029,4,4,,,,,,,,0.12955117225646973,0.23867551982402802,0.2571207284927368,,,
4030,1,1,,,,,,,,0.42442432045936584,0.17033995687961578,0.18434733152389526,,,
4031,4,4,,,,,,,,0.4192039370536804,0.2083088904619217,0.6003637313842773,,,
4032,3,3,,,,,,,,0.3077755272388458,0.6626797318458557,0.3652784824371338,,,
4033,6,6,,,,,,,,0.3307149410247803,0.5357624292373657,0.14339622855186462,,,
4034,2,2,,,,,,,,0.5138351321220398,0.14841309189796448,0.25195908546447754,,,
4035,2,2,,,,,,,,0.4981023967266083,0.2302783578634262,0.6694329977035522,,,
4036,7,0,,,,,,,,0.5180978775024414,0.7069181799888611,0.744575023651123,,,
4037,0,0,,,,,,,,0.2674790620803833,0.7632445096969604,0.6802155375480652,,,
4038,0,0,,,,,,,,0.32740727066993713,0.4575918912887573,0.6018814444541931,,,
4039,7,7,,,,,,,,0.4116017520427704,0.12805013358592987,0.3249085247516632,,,
4040,0,0,,,,,,,,0.35390377044677734,0.7864955067634583,0.7359630465507507,,,
4041,7,7,7,0.7,0.44680851063829785,0.42657342657342656,0.9915133714675903,0.8702296614646912,0.8978607058525085,0.10377983003854752,0.09101661294698715,0.09578729420900345,0.0783972218632698,0.03624638170003891,0.16572923958301544
4042,4,4,,,,,,,,0.16629669070243835,0.15258923172950745,0.17043571174144745,,,
4043,3,3,,,,,,,,0.3685418367385864,0.23837295174598694,0.24833497405052185,,,
4044,6,6,6,0.8545454545454545,0.5111111111111111,0.6190476190476191,0.9871176481246948,0.9081134796142578,0.7205522656440735,0.0776636004447937,0.4791952073574066,0.04144537076354027,0.06304698437452316,0.28841233253479004,0.09339665621519089
4045,7,7,,,,,,,,0.15391431748867035,0.10450394451618195,0.3292737603187561,,,
4046,7,7,,,,,,,,0.21431569755077362,0.21362395584583282,0.3432103395462036,,,
4047,4,4,,,,,,,,0.3673005998134613,0.40541940927505493,0.30716997385025024,,,
4048,5,5,,,,,,,,0.09694886952638626,0.04781768098473549,0.21041244268417358,,,
4049,4,4,,,,,,,,0.3688064217567444,0.5358420014381409,0.3902725875377655,,,
4050,3,3,,,,,,,,0.20057006180286407,0.18002153933048248,0.380307674407959,,,
4051,5,3,,,,,,,,0.25907373428344727,0.3612710237503052,0.06746545433998108,,,
4052,5,5,3,0.7,0.4676258992805755,0.5454545454545454,0.9584012031555176,0.8828377723693848,0.4623643159866333,0.07847478985786438,0.11059059947729111,0.026962177827954292,0.06785086542367935,0.23050372302532196,0.02968776226043701
4053,4,4,5,0.42657342657342656,0.6585365853658537,0.25925925925925924,0.7414318323135376,0.897624135017395,0.3697046637535095,0.22090359032154083,0.35745447874069214,0.22525985538959503,0.009185124188661575,0.317290723323822,0.016718139871954918
4054,7,7,7,0.6585365853658537,0.3972602739726027,0.1657142857142857,0.9775471687316895,0.8411816358566284,0.5013471245765686,0.0863267257809639,0.029305124655365944,0.03826093673706055,0.020352084189653397,0.024125095456838608,0.03204713761806488
4055,1,0,,,,,,,,0.7106406688690186,0.43972861766815186,0.888496994972229,,,
4056,0,0,,,,,,,,0.4437807500362396,0.6217557787895203,0.738086998462677,,,
4057,7,7,,,,,,,,0.21765020489692688,0.10733923316001892,0.1295987218618393,,,
4058,7,7,,,,,,,,0.40157216787338257,0.1918991506099701,0.3587783873081207,,,
4059,1,1,,,,,,,,0.5178605318069458,0.101242795586586,0.09689927101135254,,,
4060,6,6,,,,,,,,0.3403429388999939,0.5760093331336975,0.11905431747436523,,,
4061,5,5,,,,,,,,0.2538881301879883,0.09028080850839615,0.2357170730829239,,,
4062,0,0,,,,,,,,0.25691595673561096,0.47261857986450195,0.8897231221199036,,,
4063,7,7,,,,,,,,0.38086238503456116,0.1549033224582672,0.3543090224266052,,,
4064,7,7,,,,,,,,0.44526565074920654,0.08058598637580872,0.3267658054828644,,,
4065,4,4,,,,,,,,0.3160749077796936,0.2668142318725586,0.2161427140235901,,,
4066,6,2,,,,,,,,0.283852756023407,0.17779606580734253,0.4134104251861572,,,
4067,1,1,,,,,,,,0.27917781472206116,0.21324141323566437,0.025295814499258995,,,
4068,8,8,,,,,,,,0.5463331341743469,0.091761015355587,0.2850017547607422,,,
4069,5,5,,,,,,,,0.5467677116394043,0.1508631706237793,0.24616014957427979,,,
4070,9,9,,,,,,,,0.17382679879665375,0.16693174839019775,0.18121029436588287,,,
4071,3,2,,,,,,,,0.34041470289230347,0.11760202050209045,0.11134885251522064,,,
4072,5,5,,,,,,,,0.41819244623184204,0.037438008934259415,0.26054808497428894,,,
4073,6,6,,,,,,,,0.33901581168174744,0.6045621037483215,0.16880229115486145,,,
4074,2,2,2,0.7435897435897436,0.7,0.1791907514450867,0.9893330335617065,0.9541052579879761,0.5198440551757812,0.31406015157699585,0.1588108241558075,0.10764140635728836,0.30304795503616333,0.2323768138885498,0.17853529751300812
4075,2,2,,,,,,,,0.2848155200481415,0.32288476824760437,0.30597567558288574,,,
4076,7,7,,,,,,,,0.14485305547714233,0.12947817146778107,0.20207510888576508,,,
4077,3,6,,,,,,,,0.019862864166498184,0.18026931583881378,0.07428648322820663,,,
4078,5,5,,,,,,,,0.5170319676399231,0.07333976030349731,0.17652983963489532,,,
4079,8,8,,,,,,,,0.4748312532901764,0.2630717158317566,0.19121263921260834,,,
4080,1,1,,,,,,,,0.6249144077301025,0.18015827238559723,0.4051988124847412,,,
4081,0,0,,,,,,,,0.4542345106601715,0.6390733122825623,0.8297997713088989,,,
4082,6,6,,,,,,,,0.27598726749420166,0.5637798309326172,0.3121691346168518,,,
4083,8,8,,,,,,,,0.5037228465080261,0.14643658697605133,0.29987677931785583,,,
4084,7,7,,,,,,,,0.2976083755493164,0.09106888622045517,0.27864134311676025,,,
4085,8,8,,,,,,,,0.3731485903263092,0.07137969136238098,0.09852208197116852,,,
4086,8,8,,,,,,,,0.2972569763660431,0.2507653534412384,0.09125944972038269,,,
4087,5,5,,,,,,,,0.5652052164077759,0.05272412300109863,0.07132040709257126,,,
4088,7,7,,,,,,,,0.3764187693595886,0.32218047976493835,0.3399623930454254,,,
4089,5,5,5,0.6190476190476191,0.7,0.6190476190476191,0.9857149720191956,0.9439095258712769,0.7099820375442505,0.03294995799660683,0.07615769654512405,0.03279880806803703,0.04011034965515137,0.04865414276719093,0.0428399033844471
4090,4,4,4,0.44680851063829785,0.3972602739726027,0.3783783783783784,0.9174882173538208,0.753386378288269,0.5428517460823059,0.17557097971439362,0.12442042678594589,0.19795744121074677,0.17597556114196777,0.15726330876350403,0.23678791522979736
4091,9,9,,,,,,,,0.23795382678508759,0.11994330585002899,0.46208614110946655,,,
4092,7,7,,,,,,,,0.23614200949668884,0.13805024325847626,0.20964430272579193,,,
4093,3,3,,,,,,,,0.14813745021820068,0.2683109939098358,0.46555426716804504,,,
4094,3,5,,,,,,,,0.2744949162006378,0.02156778611242771,0.09386716037988663,,,
4095,8,8,0,0.275,0.4676258992805755,0.20710059171597633,0.5922265648841858,0.8109482526779175,0.5982472896575928,0.17795433104038239,0.020022690296173096,0.07519827038049698,0.04884464666247368,0.03473113849759102,0.011512162163853645
4096,8,8,0,0.1724137931034483,0.48905109489051096,0.4068965517241379,0.5760605335235596,0.7538630962371826,0.3745306730270386,0.45242494344711304,0.07527025043964386,0.03316577523946762,0.0012293533654883504,0.025833822786808014,0.0013238535029813647
4097,3,3,,,,,,,,0.2714524567127228,0.48168396949768066,0.056273460388183594,,,
4098,9,9,,,,,,,,0.0952313244342804,0.1171986386179924,0.02870277501642704,,,
4099,4,4,,,,,,,,0.26113826036453247,0.220499187707901,0.15271851420402527,,,
4100,7,7,,,,,,,,0.4798329174518585,0.20646557211875916,0.26667457818984985,,,
4101,2,6,,,,,,,,0.2803100645542145,0.6562528610229492,0.14014598727226257,,,
4102,0,0,,,,,,,,0.20536178350448608,0.24807752668857574,0.5652980208396912,,,
4103,8,8,8,0.3972602739726027,0.8214285714285714,0.3972602739726027,0.8825398683547974,0.9421231746673584,0.7647647261619568,0.27887749671936035,0.09980441629886627,0.10274724662303925,0.1349978893995285,0.06718829274177551,0.04413870722055435
4104,0,0,,,,,,,,0.22249683737754822,0.3891589045524597,0.7590180039405823,,,
4105,7,7,,,,,,,,0.4902934730052948,0.23032991588115692,0.2349332869052887,,,
4106,3,2,,,,,,,,0.3354032635688782,0.07094963639974594,0.11305412650108337,,,
4107,3,3,,,,,,,,0.09037469327449799,0.1320212185382843,0.04112400487065315,,,
4108,2,2,,,,,,,,0.792716383934021,0.11257489025592804,0.4194943904876709,,,
4109,5,5,,,,,,,,0.12826193869113922,0.08281576633453369,0.06594168394804001,,,
4110,2,2,,,,,,,,0.6426018476486206,0.24016939103603363,0.5033392310142517,,,
4111,4,0,,,,,,,,0.4556019604206085,0.43386590480804443,0.6824705600738525,,,
4112,4,5,,,,,,,,0.5099905729293823,0.025446221232414246,0.06726334989070892,,,
4113,0,0,,,,,,,,0.5472714900970459,0.8814380168914795,0.7769703269004822,,,
4114,4,4,,,,,,,,0.08186206966638565,0.2353699952363968,0.13675761222839355,,,
4115,8,8,,,,,,,,0.6161227226257324,0.13430234789848328,0.11239171028137207,,,
4116,2,2,,,,,,,,0.8172960877418518,0.3095022737979889,0.26769331097602844,,,
4117,4,4,,,,,,,,0.1257314682006836,0.1355370581150055,0.08479679375886917,,,
4118,0,0,,,,,,,,0.30379167199134827,0.3784615099430084,0.8126671314239502,,,
4119,6,6,,,,,,,,0.12756462395191193,0.4933774769306183,0.12670578062534332,,,
4120,4,4,,,,,,,,0.07357162237167358,0.029576241970062256,0.11407159268856049,,,
4121,5,5,,,,,,,,0.07086427509784698,0.09855503588914871,0.052222415804862976,,,
4122,6,6,,,,,,,,0.20723393559455872,0.5972862839698792,0.1903165876865387,,,
4123,0,0,,,,,,,,0.40236517786979675,0.2500247359275818,0.6729785799980164,,,
4124,8,8,,,,,,,,0.446339875459671,0.03448842838406563,0.02844376675784588,,,
4125,8,8,0,0.43661971830985913,0.5338345864661654,0.5338345864661654,0.7184044122695923,0.8623454570770264,0.6661361455917358,0.06487550586462021,0.020974643528461456,0.024157365784049034,0.1145862266421318,0.009173515252768993,0.004507372621446848
4126,0,0,2,0.0967741935483871,0.48905109489051096,0.3877551020408163,0.8056416511535645,0.8015886545181274,0.4148969352245331,0.3945755064487457,0.4260891377925873,0.7250406742095947,0.6708833575248718,0.35035303235054016,0.38387781381607056
4127,6,6,,,,,,,,0.5056734085083008,0.7418390512466431,0.16086332499980927,,,
4128,1,1,,,,,,,,0.26971641182899475,0.24099679291248322,0.08187079429626465,,,
4129,1,1,,,,,,,,0.5081650614738464,0.28790372610092163,0.24783848226070404,,,
4130,6,6,,,,,,,,0.32338252663612366,0.38958975672721863,0.18049348890781403,,,
4131,1,1,,,,,,,,0.4763568341732025,0.2535405457019806,0.3300367593765259,,,
4132,4,4,,,,,,,,0.46487483382225037,0.2522471845149994,0.364472895860672,,,
4133,2,2,,,,,,,,0.4218474328517914,0.1357334852218628,0.22075621783733368,,,
4134,1,1,,,,,,,,0.2381332814693451,0.3590935468673706,0.09520510584115982,,,
4135,1,8,,,,,,,,0.08419955521821976,0.029895026236772537,0.015242638997733593,,,
4136,2,2,,,,,,,,0.5686639547348022,0.27311617136001587,0.14367133378982544,,,
4137,4,4,4,0.5,0.5,0.5572519083969466,0.932630717754364,0.8908208608627319,0.6182947158813477,0.22773678600788116,0.12650525569915771,0.09246458113193512,0.13985688984394073,0.12190897017717361,0.09996530413627625
4138,4,4,,,,,,,,0.3396480083465576,0.31641915440559387,0.17723190784454346,,,
4139,5,3,,,,,,,,0.17630407214164734,0.05798456817865372,0.07516734302043915,,,
4140,5,3,,,,,,,,0.15873228013515472,0.16919422149658203,0.07634038478136063,,,
4141,8,8,,,,,,,,0.5994877815246582,0.25599008798599243,0.44887322187423706,,,
4142,8,8,,,,,,,,0.5420728325843811,0.1734732985496521,0.27750933170318604,,,
4143,5,5,,,,,,,,0.14814493060112,0.12031443417072296,0.04957261681556702,,,
4144,1,1,,,,,,,,0.5139920711517334,0.18032167851924896,0.3040291368961334,,,
4145,8,8,,,,,,,,0.3492392301559448,0.04002644121646881,0.13357287645339966,,,
4146,2,2,,,,,,,,0.48318514227867126,0.21717457473278046,0.7164750099182129,,,
4147,3,3,,,,,,,,0.04435741528868675,0.06663219630718231,0.03631686419248581,,,
4148,3,3,,,,,,,,0.19276510179042816,0.537909209728241,0.19425489008426666,,,
4149,9,9,,,,,,,,0.5048067569732666,0.10762001574039459,0.1698966771364212,,,
4150,6,6,,,,,,,,0.24763569235801697,0.44266173243522644,0.18157249689102173,,,
4151,6,6,,,,,,,,0.2677117586135864,0.34885790944099426,0.20397651195526123,,,
4152,5,3,,,,,,,,0.28339776396751404,0.3540768623352051,0.2201981097459793,,,
4153,0,0,,,,,,,,0.49221405386924744,0.5090643763542175,0.7121288776397705,,,
4154,7,7,,,,,,,,0.3235430419445038,0.2518565058708191,0.2855871617794037,,,
4155,3,3,,,,,,,,0.41121169924736023,0.3571966588497162,0.22911523282527924,,,
4156,3,3,,,,,,,,0.2850259840488434,0.34975987672805786,0.23146671056747437,,,
4157,2,2,,,,,,,,0.7796015739440918,0.13154785335063934,0.1584385186433792,,,
4158,7,7,,,,,,,,0.13170775771141052,0.03272449970245361,0.35560211539268494,,,
4159,4,4,,,,,,,,0.3080635666847229,0.2286127805709839,0.48388195037841797,,,
4160,5,5,,,,,,,,0.25786250829696655,0.03859827294945717,0.5818166732788086,,,
4161,6,6,,,,,,,,0.24717967212200165,0.4776793420314789,0.1775602400302887,,,
4162,0,0,,,,,,,,0.3723503649234772,0.42592498660087585,0.674754798412323,,,
4163,2,2,,,,,,,,0.7425375580787659,0.24108974635601044,0.27170059084892273,,,
4164,1,1,,,,,,,,0.15524880588054657,0.07237403839826584,0.08334789425134659,,,
4165,8,8,8,0.6721311475409836,0.6190476190476191,0.4166666666666667,0.9680688381195068,0.8902286291122437,0.5811249017715454,0.22509703040122986,0.03114015981554985,0.10711371898651123,0.2439621239900589,0.029491348192095757,0.08547711372375488
4166,1,1,,,,,,,,0.13996805250644684,0.28406453132629395,0.22785356640815735,,,
4167,0,0,,,,,,,,0.4453151524066925,0.7047112584114075,0.6230435967445374,,,
4168,9,9,,,,,,,,0.5768145322799683,0.35974231362342834,0.5204960703849792,,,
4169,3,3,5,0.44680851063829785,0.6062992125984252,0.4676258992805755,0.664887011051178,0.9185266494750977,0.27409106492996216,0.06604182720184326,0.3173319399356842,0.25290074944496155,0.11718764156103134,0.18718069791793823,0.14345723390579224
4170,1,1,,,,,,,,0.2268252968788147,0.1660829782485962,0.38616788387298584,,,
4171,0,0,,,,,,,,0.5848168730735779,0.468230664730072,0.7932300567626953,,,
4172,5,5,,,,,,,,0.5026772022247314,0.07601256668567657,0.3579826354980469,,,
4173,4,4,,,,,,,,0.11534317582845688,0.2202625870704651,0.08302213996648788,,,
4174,2,2,0,0.42657342657342656,0.42657342657342656,0.24390243902439024,0.8135719299316406,0.8401094675064087,0.5130393505096436,0.3368125557899475,0.07929032295942307,0.10773656517267227,0.2332807332277298,0.13530978560447693,0.01832541450858116
4175,3,7,,,,,,,,0.11186192184686661,0.02756674401462078,0.08138720691204071,,,
4176,3,3,,,,,,,,0.47691160440444946,0.45446956157684326,0.32605257630348206,,,
4177,6,6,,,,,,,,0.14511509239673615,0.5634543895721436,0.16422466933727264,,,
4178,7,7,,,,,,,,0.2902918756008148,0.1599908173084259,0.282177209854126,,,
4179,6,6,,,,,,,,0.11931353062391281,0.5514318346977234,0.12630757689476013,,,
4180,0,0,,,,,,,,0.26015204191207886,0.29959025979042053,0.7655695080757141,,,
4181,0,0,,,,,,,,0.5665115714073181,0.5291242003440857,0.8676508665084839,,,
4182,5,5,,,,,,,,0.33998680114746094,0.07049493491649628,0.41169390082359314,,,
4183,7,7,,,,,,,,0.41329750418663025,0.17519645392894745,0.5160133838653564,,,
4184,4,4,2,0.3783783783783784,0.3783783783783784,0.030303030303030304,0.8285101652145386,0.7965267300605774,0.012661350890994072,0.16194431483745575,0.31289756298065186,0.12327413260936737,0.00420366320759058,0.10413962602615356,0.0020871483720839024
4185,7,7,,,,,,,,0.07334468513727188,0.2702710032463074,0.20017115771770477,,,
4186,7,7,,,,,,,,0.4044114947319031,0.2120669037103653,0.31918472051620483,,,
4187,0,0,,,,,,,,0.804078996181488,0.6859784126281738,0.8666175007820129,,,
4188,6,6,,,,,,,,0.1368079036474228,0.4355412721633911,0.21991632878780365,,,
4189,1,1,,,,,,,,0.230575829744339,0.19948451220989227,0.4884975254535675,,,
4190,3,3,3,0.3691275167785235,0.5,0.3246753246753247,0.86891770362854,0.8084052801132202,0.5212284922599792,0.0406755656003952,0.342504620552063,0.15372975170612335,0.03950001299381256,0.362215518951416,0.036621615290641785
4191,9,9,,,,,,,,0.24857278168201447,0.19090716540813446,0.078382208943367,,,
4192,0,0,,,,,,,,0.5755469799041748,0.5137530565261841,0.6509779691696167,,,
4193,9,9,,,,,,,,0.19643744826316833,0.03228267654776573,0.10991168022155762,,,
4194,0,0,,,,,,,,0.3768276572227478,0.3635057806968689,0.7949280142784119,,,
4195,3,3,,,,,,,,0.3985304832458496,0.34337031841278076,0.24072329699993134,,,
4196,8,8,,,,,,,,0.2015872597694397,0.3373572826385498,0.07143109291791916,,,
4197,4,4,,,,,,,,0.5800063610076904,0.4146815538406372,0.22610001266002655,,,
4198,8,0,,,,,,,,0.7929455637931824,0.5594075918197632,0.9707749485969543,,,
4199,8,8,8,0.7288135593220338,0.7288135593220338,0.3783783783783784,0.9953555464744568,0.9550168514251709,0.3906842768192291,0.49836698174476624,0.030379842966794968,0.1479603350162506,0.38438528776168823,0.04325677827000618,0.23915618658065796
4200,4,4,,,,,,,,0.12555424869060516,0.1823512464761734,0.1291513592004776,,,
4201,1,1,,,,,,,,0.5555641055107117,0.21684648096561432,0.23650798201560974,,,
4202,0,0,,,,,,,,0.24490152299404144,0.420558899641037,0.5506359338760376,,,
4203,2,2,,,,,,,,0.42909201979637146,0.15952222049236298,0.4652009606361389,,,
4204,2,6,,,,,,,,0.25325050950050354,0.26927050948143005,0.019459055736660957,,,
4205,4,4,,,,,,,,0.30557742714881897,0.4070553183555603,0.315249502658844,,,
4206,1,1,,,,,,,,0.4504134953022003,0.2828214764595032,0.2409646064043045,,,
4207,1,1,,,,,,,,0.5193024277687073,0.13895654678344727,0.18402700126171112,,,
4208,2,2,,,,,,,,0.24080653488636017,0.38087913393974304,0.40464359521865845,,,
4209,4,4,,,,,,,,0.23514018952846527,0.18675072491168976,0.152452290058136,,,
4210,3,3,9,0.7739130434782608,0.8888888888888888,0.3509933774834437,0.9893366694450378,0.9811469912528992,0.5880398750305176,0.23405441641807556,0.5006959438323975,0.050486668944358826,0.28462710976600647,0.5547248125076294,0.021912405267357826
4211,4,4,,,,,,,,0.37074577808380127,0.24569763243198395,0.3343016803264618,,,
4212,1,1,,,,,,,,0.36858874559402466,0.13005058467388153,0.13246719539165497,,,
4213,4,4,,,,,,,,0.6794866323471069,0.46394190192222595,0.5474965572357178,,,
4214,7,7,,,,,,,,0.22860471904277802,0.07452392578125,0.15971069037914276,,,
4215,1,1,8,0.10270270270270271,0.48905109489051096,0.0967741935483871,0.5334529876708984,0.8837506771087646,0.31746959686279297,0.18488210439682007,0.270149290561676,0.031114129349589348,0.0016167541034519672,0.15468357503414154,0.008505024015903473
4216,0,0,,,,,,,,0.41325613856315613,0.662757396697998,0.5905894637107849,,,
4217,0,2,,,,,,,,0.2127143144607544,0.1534987986087799,0.2298307567834854,,,
4218,9,9,,,,,,,,0.30327892303466797,0.23712372779846191,0.3807941675186157,,,
4219,0,0,,,,,,,,0.5066773891448975,0.40816164016723633,0.5765776038169861,,,
4220,4,4,,,,,,,,0.026061872020363808,0.04093495011329651,0.025065194815397263,,,
4221,2,2,,,,,,,,0.3384000360965729,0.11188909411430359,0.3252107501029968,,,
4222,8,8,,,,,,,,0.3734780251979828,0.20880448818206787,0.34187912940979004,,,
4223,8,8,,,,,,,,0.5101447105407715,0.12869951128959656,0.034047190099954605,,,
4224,5,5,,,,,,,,0.4097578525543213,0.21222811937332153,0.08619294315576553,,,
4225,5,5,,,,,,,,0.39133474230766296,0.21425125002861023,0.2905389666557312,,,
4226,0,0,,,,,,,,0.5222358703613281,0.48304426670074463,0.8297929763793945,,,
4227,4,4,,,,,,,,0.15533705055713654,0.20015740394592285,0.09424050897359848,,,
4228,0,0,,,,,,,,0.5948137044906616,0.7721114158630371,0.8286237716674805,,,
4229,8,8,,,,,,,,0.48129597306251526,0.03434837982058525,0.2880973219871521,,,
4230,6,6,2,0.5223880597014925,0.5454545454545454,0.3877551020408163,0.8368805646896362,0.8652994632720947,0.6815168857574463,0.08502359688282013,0.2116209864616394,0.028852609917521477,0.04943603277206421,0.1775275021791458,0.01420785952359438
4231,2,2,,,,,,,,0.41329723596572876,0.11944001168012619,0.2602682411670685,,,
4232,5,5,,,,,,,,0.5107884407043457,0.16240158677101135,0.19647780060768127,,,
4233,9,9,,,,,,,,0.4374404549598694,0.479390025138855,0.4714103937149048,,,
4234,2,2,,,,,,,,0.48677298426628113,0.434893399477005,0.48541074991226196,,,
4235,9,9,,,,,,,,0.37313276529312134,0.3620940148830414,0.25768670439720154,,,
4236,1,1,,,,,,,,0.21695223450660706,0.2278517186641693,0.18182146549224854,,,
4237,1,1,,,,,,,,0.3103702664375305,0.2294265180826187,0.3083738088607788,,,
4238,5,5,5,0.8214285714285714,0.5,0.6451612903225806,0.9629877805709839,0.8351671099662781,0.5421692132949829,0.05173507705330849,0.06223757192492485,0.057082269340753555,0.08831913769245148,0.048703789710998535,0.034640759229660034
4239,4,4,,,,,,,,0.10336100310087204,0.334369033575058,0.07636630535125732,,,
4240,7,7,,,,,,,,0.115360789000988,0.16172465682029724,0.08013635873794556,,,
4241,5,5,,,,,,,,0.1960495114326477,0.05483227223157883,0.23628653585910797,,,
4242,8,8,,,,,,,,0.2483438402414322,0.06746456027030945,0.1261974275112152,,,
4243,6,6,,,,,,,,0.2579926550388336,0.5819964408874512,0.12250664830207825,,,
4244,2,6,,,,,,,,0.08078736811876297,0.247529998421669,0.01352611929178238,,,
4245,1,1,,,,,,,,0.29545846581459045,0.14334997534751892,0.10871921479701996,,,
4246,5,5,,,,,,,,0.3069794774055481,0.1460992842912674,0.1628643125295639,,,
4247,5,5,,,,,,,,0.15163654088974,0.18122214078903198,0.13441376388072968,,,
4248,3,3,3,0.9428571428571428,0.8053097345132744,0.05699481865284974,0.9975826144218445,0.9209610223770142,0.042694225907325745,0.18701331317424774,0.23299720883369446,0.18428368866443634,0.19031214714050293,0.17320242524147034,0.11955762654542923
4249,4,4,,,,,,,,0.123569555580616,0.3743916451931,0.14258325099945068,,,
4250,1,1,,,,,,,,0.4426048994064331,0.09255564212799072,0.08467443287372589,,,
4251,8,0,,,,,,,,0.4960521161556244,0.5732136368751526,0.6036050319671631,,,
4252,9,9,,,,,,,,0.32317548990249634,0.18741945922374725,0.3236853778362274,,,
4253,9,9,,,,,,,,0.34351086616516113,0.21693722903728485,0.3899553120136261,,,
4254,8,8,,,,,,,,0.5093441009521484,0.24038587510585785,0.2624182403087616,,,
4255,9,9,,,,,,,,0.06958626955747604,0.05308765172958374,0.04612671583890915,,,
4256,8,8,,,,,,,,0.5930435061454773,0.3212215304374695,0.19018788635730743,,,
4257,6,6,,,,,,,,0.2538425028324127,0.71595698595047,0.20627301931381226,,,
4258,8,8,,,,,,,,0.4165000915527344,0.05129879713058472,0.1620224416255951,,,
4259,5,5,,,,,,,,0.1590082347393036,0.08340749889612198,0.08090851455926895,,,
4260,8,8,,,,,,,,0.3676303029060364,0.1210990771651268,0.1755768358707428,,,
4261,9,9,,,,,,,,0.3746175169944763,0.12010367959737778,0.1500653773546219,,,
4262,4,4,,,,,,,,0.17266544699668884,0.16230343282222748,0.11423429101705551,,,
4263,6,6,,,,,,,,0.0625896230340004,0.6584163308143616,0.10646786540746689,,,
4264,2,2,3,0.2911392405063291,0.42657342657342656,0.45714285714285713,0.7881908416748047,0.8306363224983215,0.3372449278831482,0.3297612965106964,0.26337525248527527,0.24537114799022675,0.4500112235546112,0.06309323757886887,0.03816964104771614
4265,6,6,,,,,,,,0.32082709670066833,0.51859450340271,0.17553488910198212,,,
4266,3,3,,,,,,,,0.21511226892471313,0.20751510560512543,0.09910953789949417,,,
4267,7,7,,,,,,,,0.18721888959407806,0.2761569321155548,0.1441064029932022,,,
4268,4,4,,,,,,,,0.44967734813690186,0.1934659779071808,0.24702027440071106,,,
4269,0,0,,,,,,,,0.22170358896255493,0.5311413407325745,0.16456301510334015,,,
4270,0,0,,,,,,,,0.4902398884296417,0.5115066766738892,0.6925289034843445,,,
4271,1,1,,,,,,,,0.34098801016807556,0.26525363326072693,0.19985100626945496,,,
4272,7,7,,,,,,,,0.24570110440254211,0.2944934368133545,0.27260515093803406,,,
4273,5,5,,,,,,,,0.1181207150220871,0.03314514458179474,0.03863050416111946,,,
4274,1,1,,,,,,,,0.406510591506958,0.2256811410188675,0.20786945521831512,,,
4275,5,5,5,0.59375,0.5813953488372093,0.4068965517241379,0.946264922618866,0.9038745164871216,0.6231452226638794,0.3052629828453064,0.15067152678966522,0.18284431099891663,0.2520146667957306,0.2178850769996643,0.15967683494091034
4276,9,1,,,,,,,,0.229683980345726,0.10617873072624207,0.19511345028877258,,,
4277,3,3,,,,,,,,0.20220230519771576,0.32786527276039124,0.26190808415412903,,,
4278,1,1,,,,,,,,0.43498116731643677,0.22419296205043793,0.5172151923179626,,,
4279,6,6,,,,,,,,0.3062392473220825,0.41376420855522156,0.1072903424501419,,,
4280,8,8,,,,,,,,0.2618071734905243,0.16694271564483643,0.13720139861106873,,,
4281,7,7,,,,,,,,0.031881075352430344,0.080474354326725,0.07228977233171463,,,
4282,3,3,,,,,,,,0.45698046684265137,0.5071380138397217,0.1828441172838211,,,
4283,6,6,,,,,,,,0.47780394554138184,0.6297953724861145,0.26056617498397827,,,
4284,9,9,,,,,,,,0.6580705642700195,0.49098777770996094,0.35747089982032776,,,
4285,1,1,,,,,,,,0.02709859237074852,0.1875254064798355,0.05202985182404518,,,
4286,2,2,0,0.3877551020408163,0.5454545454545454,0.2670807453416149,0.9109626412391663,0.8980464935302734,0.5324088335037231,0.3316055238246918,0.1527610570192337,0.2522369623184204,0.1237243115901947,0.04195171594619751,0.22597388923168182
4287,0,0,0,0.9615384615384616,0.6721311475409836,0.25153374233128833,0.997717022895813,0.9653985500335693,0.6520265936851501,0.13507282733917236,0.23111164569854736,0.23038269579410553,0.17013776302337646,0.2806207239627838,0.22011776268482208
4288,1,1,,,,,,,,0.55684494972229,0.15906088054180145,0.49388647079467773,,,
4289,7,7,,,,,,,,0.10632339119911194,0.08088598400354385,0.25013044476509094,,,
4290,2,2,,,,,,,,0.39526885747909546,0.22315756976604462,0.08575955033302307,,,
4291,6,6,6,0.5454545454545454,0.7,0.5692307692307692,0.9656292200088501,0.949377179145813,0.7439760565757751,0.10210173577070236,0.3803344666957855,0.045591261237859726,0.054283685982227325,0.3836366832256317,0.04773706570267677
4292,1,1,,,,,,,,0.48573169112205505,0.4998618960380554,0.5828710198402405,,,
4293,9,9,,,,,,,,0.3303469717502594,0.12592919170856476,0.19877102971076965,,,
4294,0,0,,,,,,,,0.5091376900672913,0.20137041807174683,0.9440301656723022,,,
4295,0,0,,,,,,,,0.6064292788505554,0.6524111032485962,0.7902370691299438,,,
4296,8,8,,,,,,,,0.3023775815963745,0.2247244268655777,0.12931348383426666,,,
4297,9,9,,,,,,,,0.3418525159358978,0.332290381193161,0.5292519927024841,,,
4298,9,9,,,,,,,,0.2627480924129486,0.21341055631637573,0.3565538227558136,,,
4299,2,2,,,,,,,,0.17471876740455627,0.09080647677183151,0.05544593557715416,,,
4300,8,8,0,0.3161290322580645,0.2670807453416149,0.25925925925925924,0.7192250490188599,0.6650934219360352,0.5329751372337341,0.09071306139230728,0.08078127354383469,0.025123601779341698,0.039733484387397766,0.010385681875050068,0.0010158679215237498
4301,6,4,,,,,,,,0.3275914788246155,0.15815286338329315,0.08242662250995636,,,
4302,2,5,,,,,,,,0.1037248969078064,0.10274820774793625,0.028938448056578636,,,
4303,5,5,3,0.06806282722513089,0.43661971830985913,0.8545454545454545,0.8641862869262695,0.7924799919128418,0.4715685248374939,0.21558110415935516,0.03904815763235092,0.15733520686626434,0.04826920107007027,0.012407743372023106,0.021064721047878265
4304,6,6,,,,,,,,0.03365189582109451,0.49666258692741394,0.05999362841248512,,,
4305,0,0,,,,,,,,0.6301687955856323,0.4948360323905945,0.8737392425537109,,,
4306,3,3,,,,,,,,0.24475237727165222,0.33982694149017334,0.17175693809986115,,,
4307,3,3,,,,,,,,0.10001646727323532,0.14312274754047394,0.1344844400882721,,,
4308,0,0,,,,,,,,0.39922723174095154,0.4598952829837799,0.6263221502304077,,,
4309,7,4,,,,,,,,0.0376591831445694,0.28445494174957275,0.22788842022418976,,,
4310,4,4,,,,,,,,0.4604419767856598,0.4880465269088745,0.40877941250801086,,,
4311,7,7,,,,,,,,0.37071195244789124,0.2184777706861496,0.34952405095100403,,,
4312,5,5,,,,,,,,0.2620222270488739,0.09071362763643265,0.19720934331417084,,,
4313,0,0,,,,,,,,0.3815033435821533,0.254625529050827,0.5690574049949646,,,
4314,1,1,,,,,,,,0.45893436670303345,0.12900295853614807,0.25705936551094055,,,
4315,6,6,,,,,,,,0.07506143301725388,0.39512765407562256,0.039987657219171524,,,
4316,8,8,,,,,,,,0.5800196528434753,0.1582787036895752,0.19494281709194183,,,
4317,8,8,,,,,,,,0.3225398063659668,0.1592404842376709,0.060672540217638016,,,
4318,1,1,,,,,,,,0.5320240259170532,0.2261846512556076,0.26658353209495544,,,
4319,2,2,,,,,,,,0.6483847498893738,0.2041531503200531,0.4428468644618988,,,
4320,1,1,1,0.48905109489051096,0.5111111111111111,0.6190476190476191,0.9387710094451904,0.9022589921951294,0.7231861352920532,0.12712278962135315,0.0534866601228714,0.03059161826968193,0.05614769086241722,0.026341566815972328,0.024357272312045097
4321,5,5,,,,,,,,0.2968530058860779,0.04266451299190521,0.17010389268398285,,,
4322,4,4,,,,,,,,0.316139817237854,0.260598361492157,0.21449296176433563,,,
4323,5,5,,,,,,,,0.41243359446525574,0.18771696090698242,0.29572170972824097,,,
4324,9,9,,,,,,,,0.22146502137184143,0.1268998682498932,0.14833873510360718,,,
4325,6,6,,,,,,,,0.3311460614204407,0.400779664516449,0.20436334609985352,,,
4326,7,7,,,,,,,,0.4123133718967438,0.10534145683050156,0.21923770010471344,,,
4327,1,1,,,,,,,,0.3350331783294678,0.22512555122375488,0.23694954812526703,,,
4328,0,0,,,,,,,,0.48369336128234863,0.5519816279411316,0.9294961094856262,,,
4329,6,6,,,,,,,,0.20592743158340454,0.550706148147583,0.3184793293476105,,,
4330,9,9,,,,,,,,0.33215004205703735,0.26873019337654114,0.2697029113769531,,,
4331,2,2,,,,,,,,0.6081492304801941,0.17659643292427063,0.2764505445957184,,,
4332,7,7,,,,,,,,0.08760043978691101,0.03108218125998974,0.09161350876092911,,,
4333,7,7,,,,,,,,0.0829952135682106,0.05353141576051712,0.19907990097999573,,,
4334,3,3,,,,,,,,0.11138392239809036,0.4850340783596039,0.13023272156715393,,,
4335,9,9,,,,,,,,0.24539047479629517,0.04140201210975647,0.2873004972934723,,,
4336,9,9,,,,,,,,0.5220258235931396,0.21815381944179535,0.2795318067073822,,,
4337,1,1,,,,,,,,0.20532402396202087,0.09402121603488922,0.09665600210428238,,,
4338,9,9,,,,,,,,0.4110303521156311,0.1482199728488922,0.13078457117080688,,,
4339,7,7,,,,,,,,0.4164745807647705,0.2849731743335724,0.4382222890853882,,,
4340,0,0,,,,,,,,0.5450456142425537,0.5760674476623535,0.9501433372497559,,,
4341,1,1,,,,,,,,0.5996437072753906,0.19127652049064636,0.27465468645095825,,,
4342,3,3,,,,,,,,0.21948564052581787,0.2722001075744629,0.2552589178085327,,,
4343,5,3,,,,,,,,0.10935197025537491,0.13966698944568634,0.18112854659557343,,,
4344,4,4,,,,,,,,0.12520046532154083,0.22380110621452332,0.46254485845565796,,,
4345,6,6,,,,,,,,0.2373845875263214,0.610731840133667,0.3607994019985199,,,
4346,3,3,,,,,,,,0.17267264425754547,0.3131871819496155,0.22935403883457184,,,
4347,8,8,0,0.3783783783783784,0.7,0.2830188679245283,0.829727053642273,0.8753132224082947,0.6443099975585938,0.05197858065366745,0.10042629390954971,0.35504040122032166,0.010701450519263744,0.08161039650440216,0.21468962728977203
4348,8,8,0,0.5,0.3691275167785235,0.2830188679245283,0.601448655128479,0.7466961145401001,0.5560628175735474,0.17885921895503998,0.032880235463380814,0.10510288178920746,0.0018384254071861506,0.007709404453635216,0.0018429275369271636
4349,0,0,,,,,,,,0.672576904296875,0.5595278143882751,0.8358182311058044,,,
4350,4,4,,,,,,,,0.466814786195755,0.36769983172416687,0.2630910575389862,,,
4351,8,8,,,,,,,,0.6339761018753052,0.2265869677066803,0.21230706572532654,,,
4352,3,3,,,,,,,,0.2490818351507187,0.1744242012500763,0.2896840274333954,,,
4353,6,6,,,,,,,,0.291496217250824,0.20556645095348358,0.11604802310466766,,,
4354,7,7,,,,,,,,0.09593178331851959,0.0553586445748806,0.22117745876312256,,,
4355,0,6,,,,,,,,0.021880948916077614,0.516976535320282,0.018261799588799477,,,
4356,0,0,,,,,,,,0.8333521485328674,0.7369439601898193,0.9334570169448853,,,
4357,4,4,,,,,,,,0.03889815881848335,0.12746654450893402,0.057790230959653854,,,
4358,5,5,,,,,,,,0.22856849431991577,0.10853158682584763,0.13958093523979187,,,
4359,2,2,,,,,,,,0.5470983982086182,0.08685066550970078,0.37561941146850586,,,
4360,6,6,,,,,,,,0.21662680804729462,0.4716356098651886,0.21316321194171906,,,
4361,8,8,,,,,,,,0.6281262040138245,0.19501042366027832,0.20415493845939636,,,
4362,4,4,,,,,,,,0.5785754919052124,0.4981072247028351,0.22758111357688904,,,
4363,9,9,,,,,,,,0.19983740150928497,0.212941974401474,0.2288462519645691,,,
4364,9,9,,,,,,,,0.11380589753389359,0.09460173547267914,0.15173324942588806,,,
4365,9,9,,,,,,,,0.33616384863853455,0.23794108629226685,0.12225799262523651,,,
4366,2,2,6,0.8545454545454545,0.5813953488372093,0.1791907514450867,0.9270812273025513,0.8677681684494019,0.5536772012710571,0.3802977502346039,0.059821438044309616,0.24474476277828217,0.4109833538532257,0.044096801429986954,0.023762172088027
4367,0,0,,,,,,,,0.3914649486541748,0.29009541869163513,0.2167363166809082,,,
4368,4,4,2,0.2911392405063291,0.3246753246753247,0.5692307692307692,0.8495442867279053,0.8064736127853394,0.5472290515899658,0.2089708000421524,0.07557926326990128,0.10037364810705185,0.06918969005346298,0.05528930947184563,0.04950583726167679
4369,2,2,5,0.43661971830985913,0.5223880597014925,0.2670807453416149,0.788703441619873,0.929609477519989,0.5358582735061646,0.2788788080215454,0.2366061508655548,0.15194448828697205,0.02223781682550907,0.21464161574840546,0.008989116176962852
4370,8,8,,,,,,,,0.2428869605064392,0.22926630079746246,0.16094674170017242,,,
4371,1,1,,,,,,,,0.6023311018943787,0.2544623017311096,0.33082613348960876,,,
4372,1,1,,,,,,,,0.6087297797203064,0.2849463224411011,0.609030544757843,,,
4373,0,0,,,,,,,,0.8194798231124878,0.42663586139678955,0.2646676301956177,,,
4374,0,0,,,,,,,,0.45255157351493835,0.7537004947662354,0.7341368794441223,,,
4375,3,3,3,0.6859504132231405,0.42657342657342656,0.1590909090909091,0.9641562104225159,0.8403728008270264,0.4225676357746124,0.16344128549098969,0.1521274298429489,0.01809895969927311,0.36249130964279175,0.19428056478500366,0.1097375750541687
4376,7,7,2,0.6062992125984252,0.6451612903225806,0.6062992125984252,0.932343602180481,0.939201831817627,0.7019003033638,0.023774411529302597,0.023860083892941475,0.02122727781534195,0.009885422885417938,0.006920746993273497,0.006194600835442543
4377,4,4,,,,,,,,0.3569885790348053,0.2905493378639221,0.2622615098953247,,,
4378,1,1,,,,,,,,0.47751033306121826,0.2255776822566986,0.28088828921318054,,,
4379,1,1,,,,,,,,0.47670432925224304,0.2146109640598297,0.34294554591178894,,,
4380,9,9,,,,,,,,0.09677890688180923,0.2678043842315674,0.26310473680496216,,,
4381,7,7,4,0.13966480446927373,0.7,0.3972602739726027,0.7026180624961853,0.9346119165420532,0.5676559805870056,0.08127736300230026,0.08728216588497162,0.12453432381153107,0.14272986352443695,0.11147009581327438,0.0103134261444211
4382,7,7,,,,,,,,0.13216674327850342,0.07945851236581802,0.2606191039085388,,,
4383,4,4,,,,,,,,0.2635544240474701,0.2510266602039337,0.5146780610084534,,,
4384,6,6,,,,,,,,0.12228722870349884,0.40940651297569275,0.07785461097955704,,,
4385,8,8,,,,,,,,0.5312399864196777,0.23224541544914246,0.24074366688728333,,,
4386,6,6,,,,,,,,0.13273076713085175,0.4961213767528534,0.16622783243656158,,,
4387,0,0,,,,,,,,0.2385980635881424,0.36183029413223267,0.536035418510437,,,
4388,2,2,,,,,,,,0.6562790274620056,0.06598139554262161,0.4943876564502716,,,
4389,8,8,,,,,,,,0.5263745784759521,0.03607146441936493,0.03703596070408821,,,
4390,5,5,,,,,,,,0.34452924132347107,0.03250845894217491,0.026616692543029785,,,
4391,3,3,0,0.7435897435897436,0.632,0.632,0.9806057214736938,0.9214918613433838,0.6586615443229675,0.04088970646262169,0.09366915374994278,0.025418560951948166,0.03337584808468819,0.1449027806520462,0.012646274641156197
4392,5,5,,,,,,,,0.27263307571411133,0.08120155334472656,0.046177301555871964,,,
4393,3,3,,,,,,,,0.21012212336063385,0.25734418630599976,0.16988617181777954,,,
4394,5,5,,,,,,,,0.6476159691810608,0.06932596862316132,0.05190858244895935,,,
4395,7,7,,,,,,,,0.2521231174468994,0.2813984155654907,0.5048543810844421,,,
4396,9,9,,,,,,,,0.2457563281059265,0.14033983647823334,0.13844847679138184,,,
4397,8,8,8,0.6190476190476191,0.5111111111111111,0.25925925925925924,0.9780696630477905,0.9087419509887695,0.5527558326721191,0.5086292028427124,0.03576423227787018,0.11239504814147949,0.5085363388061523,0.09605588763952255,0.156690314412117
4398,4,4,4,0.6451612903225806,0.6062992125984252,0.4782608695652174,0.9143879413604736,0.9173913598060608,0.66908860206604,0.12278399616479874,0.0940166488289833,0.1476578265428543,0.08077657967805862,0.08723712712526321,0.1958509236574173
4399,4,4,,,,,,,,0.48124390840530396,0.4616873264312744,0.29791298508644104,,,
4400,3,3,,,,,,,,0.19133445620536804,0.1670561134815216,0.2699742317199707,,,
4401,1,1,,,,,,,,0.32679811120033264,0.2774476110935211,0.2546175718307495,,,
4402,4,4,,,,,,,,0.11273866891860962,0.5577220320701599,0.3496902883052826,,,
4403,8,8,,,,,,,,0.41361749172210693,0.038950804620981216,0.2897522449493408,,,
4404,3,6,,,,,,,,0.04306147247552872,0.5464392900466919,0.029985638335347176,,,
4405,6,6,,,,,,,,0.30657029151916504,0.6099281311035156,0.22150544822216034,,,
4406,5,5,,,,,,,,0.2576938569545746,0.1906690001487732,0.14001232385635376,,,
4407,3,3,,,,,,,,0.44111135601997375,0.32945626974105835,0.36445802450180054,,,
4408,0,0,,,,,,,,0.583886981010437,0.5495440363883972,0.9708194732666016,,,
4409,8,1,,,,,,,,0.022815169766545296,0.14784649014472961,0.036101605743169785,,,
4410,9,9,,,,,,,,0.06795970350503922,0.2957180142402649,0.29377904534339905,,,
4411,5,4,,,,,,,,0.028434643521904945,0.22068749368190765,0.22770272195339203,,,
4412,7,7,,,,,,,,0.2738681435585022,0.23059527575969696,0.3578055799007416,,,
4413,6,6,,,,,,,,0.10705360025167465,0.2059510350227356,0.06851990520954132,,,
4414,2,2,2,0.3877551020408163,0.3691275167785235,0.42657342657342656,0.8798453211784363,0.7540090680122375,0.7793091535568237,0.16492584347724915,0.10670086741447449,0.2059575319290161,0.3273647427558899,0.16168257594108582,0.1723872870206833
4415,0,0,,,,,,,,0.30318590998649597,0.5249413847923279,0.9819961786270142,,,
4416,4,4,,,,,,,,0.25526756048202515,0.21114222705364227,0.13447439670562744,,,
4417,9,9,,,,,,,,0.40261340141296387,0.2663837671279907,0.4058721661567688,,,
4418,9,9,,,,,,,,0.13708235323429108,0.28719186782836914,0.2103685587644577,,,
4419,0,0,0,0.3783783783783784,0.5454545454545454,0.29936305732484075,0.9497771263122559,0.8874581456184387,0.3366774916648865,0.39193785190582275,0.6103401780128479,0.7486466765403748,0.27062976360321045,0.5287375450134277,0.6606403589248657
4420,5,5,,,,,,,,0.18928001821041107,0.10581052303314209,0.04048217460513115,,,
4421,2,2,,,,,,,,0.5557569265365601,0.3698800206184387,0.7619820237159729,,,
4422,3,3,,,,,,,,0.27257978916168213,0.42537590861320496,0.2361232191324234,,,
4423,6,2,,,,,,,,0.3973499536514282,0.40685683488845825,0.5286393761634827,,,
4424,1,1,,,,,,,,0.463515043258667,0.43758636713027954,0.12942616641521454,,,
4425,1,1,,,,,,,,0.29982587695121765,0.0795421153306961,0.14344079792499542,,,
4426,0,0,,,,,,,,0.8114491701126099,0.8843337893486023,0.7287461161613464,,,
4427,2,2,,,,,,,,0.6598279476165771,0.342682421207428,0.5703526139259338,,,
4428,8,8,,,,,,,,0.43872004747390747,0.5372549295425415,0.2299957573413849,,,
4429,2,2,,,,,,,,0.7508989572525024,0.2380196899175644,0.46662259101867676,,,
4430,1,1,,,,,,,,0.15281817317008972,0.15857213735580444,0.22218792140483856,,,
4431,1,1,,,,,,,,0.445767343044281,0.6161764860153198,0.3985042870044708,,,
4432,7,7,,,,,,,,0.18204686045646667,0.0928877666592598,0.28511473536491394,,,
4433,5,5,,,,,,,,0.49409016966819763,0.09371927380561829,0.33031755685806274,,,
4434,2,2,,,,,,,,0.6480780243873596,0.15505433082580566,0.42165499925613403,,,
4435,3,3,,,,,,,,0.523960292339325,0.33195260167121887,0.30115827918052673,,,
4436,4,4,4,0.7739130434782608,0.59375,0.1657142857142857,0.9934571981430054,0.8701665997505188,0.3623829782009125,0.3514423370361328,0.2763707935810089,0.48676061630249023,0.3497776985168457,0.2605508863925934,0.26787933707237244
4437,1,1,,,,,,,,0.22446446120738983,0.09645495563745499,0.04503294453024864,,,
4438,2,2,,,,,,,,0.6314660310745239,0.19873684644699097,0.3614044785499573,,,
4439,9,9,,,,,,,,0.21069632470607758,0.1191735714673996,0.30179363489151,,,
4440,2,2,,,,,,,,0.3440150022506714,0.18731559813022614,0.4714083969593048,,,
4441,1,1,,,,,,,,0.06854219734668732,0.19278521835803986,0.33334431052207947,,,
4442,3,9,,,,,,,,0.0226850938051939,0.14792372286319733,0.03530193120241165,,,
4443,4,4,,,,,,,,0.2983582019805908,0.4000069797039032,0.5180360674858093,,,
4444,8,8,,,,,,,,0.3788433074951172,0.48033270239830017,0.326923131942749,,,
4445,9,9,,,,,,,,0.2126479595899582,0.23560410737991333,0.3989613652229309,,,
4446,0,8,,,,,,,,0.26019126176834106,0.03324706107378006,0.021769797429442406,,,
4447,0,0,,,,,,,,0.7681249976158142,0.20234344899654388,0.637516438961029,,,
4448,4,4,,,,,,,,0.24534790217876434,0.3013957142829895,0.15912283957004547,,,
4449,9,9,,,,,,,,0.09798137843608856,0.029516862705349922,0.1306702345609665,,,
4450,0,0,,,,,,,,0.5433139801025391,0.5586228370666504,0.9292014241218567,,,
4451,2,2,,,,,,,,0.25216636061668396,0.033382829278707504,0.2937830090522766,,,
4452,2,2,3,0.3691275167785235,0.3333333333333333,0.5572519083969466,0.7470256686210632,0.772605299949646,0.7165576815605164,0.6690200567245483,0.4817582666873932,0.10895922034978867,0.4033622145652771,0.3933545649051666,0.07239681482315063
4453,0,0,,,,,,,,0.3898639380931854,0.4630330204963684,0.40933483839035034,,,
4454,6,6,,,,,,,,0.4561481773853302,0.5748207569122314,0.24498048424720764,,,
4455,8,8,,,,,,,,0.4640691578388214,0.14791718125343323,0.1882842779159546,,,
4456,7,7,,,,,,,,0.23489022254943848,0.3311226963996887,0.22357617318630219,,,
4457,3,4,,,,,,,,0.31728631258010864,0.2159084975719452,0.06417862325906754,,,
4458,3,3,,,,,,,,0.43984973430633545,0.26934555172920227,0.30869990587234497,,,
4459,8,8,,,,,,,,0.2460443377494812,0.16797003149986267,0.24417449533939362,,,
4460,9,9,,,,,,,,0.3416500687599182,0.13193999230861664,0.17804604768753052,,,
4461,0,0,,,,,,,,0.3608360290527344,0.31268107891082764,0.9226086139678955,,,
4462,2,2,,,,,,,,0.6019865274429321,0.204237699508667,0.28524789214134216,,,
4463,5,5,,,,,,,,0.07410111278295517,0.03256288543343544,0.04931378364562988,,,
4464,3,3,,,,,,,,0.2667921185493469,0.3603186309337616,0.29810506105422974,,,
4465,6,6,,,,,,,,0.18303607404232025,0.7019097805023193,0.2148175984621048,,,
4466,1,1,,,,,,,,0.6386979222297668,0.25215208530426025,0.33603090047836304,,,
4467,3,3,,,,,,,,0.18464581668376923,0.27027130126953125,0.31487932801246643,,,
4468,9,9,,,,,,,,0.09697599709033966,0.13107813894748688,0.05676312372088432,,,
4469,5,5,,,,,,,,0.28049054741859436,0.08562406152486801,0.32401496171951294,,,
4470,0,0,,,,,,,,0.23694786429405212,0.5070146322250366,0.8242555260658264,,,
4471,5,5,3,0.0,0.4068965517241379,0.030303030303030304,0.4222422242164612,0.8146554231643677,0.16665178537368774,0.09088356047868729,0.11849372833967209,0.03796476498246193,0.3868378698825836,0.01286708377301693,0.06638959050178528
4472,4,4,4,0.6721311475409836,0.44680851063829785,0.3161290322580645,0.9551329612731934,0.8414067029953003,0.4905320107936859,0.09320377558469772,0.28778761625289917,0.16874738037586212,0.08965922147035599,0.25912579894065857,0.0852356031537056
4473,4,4,,,,,,,,0.13418321311473846,0.30939194560050964,0.20387209951877594,,,
4474,0,0,,,,,,,,0.4359096586704254,0.6162638664245605,0.8764916658401489,,,
4475,1,1,,,,,,,,0.13709096610546112,0.12830783426761627,0.13999025523662567,,,
4476,1,3,,,,,,,,0.13811121881008148,0.2378092110157013,0.053447939455509186,,,
4477,6,5,,,,,,,,0.22775153815746307,0.09694264829158783,0.14099082350730896,,,
4478,1,1,,,,,,,,0.31363585591316223,0.11124610155820847,0.3127194046974182,,,
4479,7,7,,,,,,,,0.1288435161113739,0.10080893337726593,0.08907385170459747,,,
4480,9,9,,,,,,,,0.5706923007965088,0.3958434462547302,0.6787477731704712,,,
4481,9,9,,,,,,,,0.22191596031188965,0.15130844712257385,0.23042447865009308,,,
4482,6,6,,,,,,,,0.23363624513149261,0.511290431022644,0.12875179946422577,,,
4483,2,2,,,,,,,,0.8431451320648193,0.3744211196899414,0.20718510448932648,,,
4484,4,4,,,,,,,,0.3044835031032562,0.28816455602645874,0.4180983304977417,,,
4485,3,7,,,,,,,,0.12740090489387512,0.21616683900356293,0.024165045469999313,,,
4486,8,8,,,,,,,,0.10545004159212112,0.07007869333028793,0.18147024512290955,,,
4487,3,3,,,,,,,,0.05914289131760597,0.2451486587524414,0.15577666461467743,,,
4488,4,4,,,,,,,,0.14648617804050446,0.416078120470047,0.28881770372390747,,,
4489,7,7,,,,,,,,0.4723803400993347,0.17776910960674286,0.40004947781562805,,,
4490,0,0,,,,,,,,0.291036993265152,0.1782786101102829,0.6230090856552124,,,
4491,2,2,,,,,,,,0.3686487376689911,0.06062887981534004,0.2364407777786255,,,
4492,8,8,,,,,,,,0.4754675626754761,0.11932870000600815,0.1981872320175171,,,
4493,4,4,4,0.7288135593220338,0.59375,0.6190476190476191,0.8474775552749634,0.8318402171134949,0.7145500183105469,0.09637755900621414,0.20675235986709595,0.08606190979480743,0.06912842392921448,0.13692015409469604,0.06190505996346474
4494,8,8,,,,,,,,0.5175347924232483,0.04195481538772583,0.2391408085823059,,,
4495,3,3,,,,,,,,0.316482275724411,0.1534469723701477,0.2488122284412384,,,
4496,8,8,,,,,,,,0.4409153461456299,0.21197496354579926,0.1893063485622406,,,
4497,8,8,,,,,,,,0.47067034244537354,0.13340255618095398,0.2247232347726822,,,
4498,8,8,,,,,,,,0.6575304269790649,0.11706428974866867,0.2335086315870285,,,
4499,3,3,,,,,,,,0.17867633700370789,0.15803132951259613,0.10602039098739624,,,
4500,3,3,,,,,,,,0.35608261823654175,0.32842135429382324,0.41524994373321533,,,
4501,5,5,,,,,,,,0.2840211093425751,0.09725871682167053,0.15865400433540344,,,
4502,7,7,,,,,,,,0.4649960398674011,0.07426958531141281,0.3727439045906067,,,
4503,7,7,7,0.8545454545454545,0.9065420560747663,0.36,0.9982125759124756,0.9731271266937256,0.8577061891555786,0.08538784086704254,0.03821014240384102,0.03221119940280914,0.06598509848117828,0.08424540609121323,0.08141638338565826
4504,0,2,,,,,,,,0.2500905990600586,0.09741555154323578,0.28669431805610657,,,
4505,4,4,,,,,,,,0.15114349126815796,0.3613247871398926,0.18687331676483154,,,
4506,1,1,,,,,,,,0.6016747355461121,0.32964563369750977,0.5265080332756042,,,
4507,5,5,,,,,,,,0.5022605657577515,0.24827781319618225,0.1857069879770279,,,
4508,9,9,,,,,,,,0.17231591045856476,0.09603841602802277,0.15339845418930054,,,
4509,7,7,7,0.9065420560747663,0.632,0.3509933774834437,0.9953163266181946,0.9303061962127686,0.7234773635864258,0.15922319889068604,0.09853268414735794,0.09369891881942749,0.17202071845531464,0.15216529369354248,0.07369513064622879
4510,0,0,,,,,,,,0.5113170742988586,0.30307823419570923,0.847500205039978,,,
4511,6,6,,,,,,,,0.3725402355194092,0.6833294630050659,0.7306162118911743,,,
4512,8,8,,,,,,,,0.3703017830848694,0.07732046395540237,0.1443566083908081,,,
4513,4,4,,,,,,,,0.08924644440412521,0.12608441710472107,0.11005587875843048,,,
4514,9,9,,,,,,,,0.36488357186317444,0.20151031017303467,0.31239059567451477,,,
4515,0,0,,,,,,,,0.35191792249679565,0.6347880363464355,0.5674517154693604,,,
4516,1,1,,,,,,,,0.24393737316131592,0.06375260651111603,0.32990166544914246,,,
4517,8,8,,,,,,,,0.48476341366767883,0.17355220019817352,0.14595356583595276,,,
4518,9,9,,,,,,,,0.241288423538208,0.22458069026470184,0.3383524417877197,,,
4519,6,6,3,0.5223880597014925,0.7,0.42657342657342656,0.979731023311615,0.889028787612915,0.7888133525848389,0.06121667101979256,0.20535175502300262,0.06560633331537247,0.026998203247785568,0.11241863667964935,0.07694289088249207
4520,3,3,3,0.5338345864661654,0.42657342657342656,0.046153846153846156,0.7976443767547607,0.8762270212173462,0.013916481286287308,0.45305442810058594,0.18913768231868744,0.36703190207481384,0.4590669572353363,0.36277711391448975,0.24979834258556366
4521,9,5,,,,,,,,0.06777876615524292,0.18904228508472443,0.07453932613134384,,,
4522,2,2,,,,,,,,0.5332813262939453,0.30586904287338257,0.7096439599990845,,,
4523,4,4,2,0.2289156626506024,0.632,0.6062992125984252,0.8905428051948547,0.8907908201217651,0.3974044919013977,0.11636888980865479,0.08639603108167648,0.04445201903581619,0.1255115121603012,0.15309156477451324,0.03602248802781105
4524,4,4,,,,,,,,0.2968495488166809,0.20724652707576752,0.04740044102072716,,,
4525,0,0,,,,,,,,0.812964677810669,0.34078821539878845,0.5627193450927734,,,
4526,3,3,5,0.0625,0.5223880597014925,0.11475409836065574,0.5220798254013062,0.9143115282058716,0.3454822897911072,0.5011589527130127,0.33445119857788086,0.3661525249481201,0.3809289038181305,0.3023430407047272,0.0671534612774849
4527,3,3,5,0.34210526315789475,0.5111111111111111,0.13333333333333333,0.8830932378768921,0.8622646927833557,0.4043138027191162,0.34208646416664124,0.14130964875221252,0.30640938878059387,0.26759660243988037,0.143623486161232,0.015372447669506073
4528,5,4,,,,,,,,0.5445594191551208,0.3957449197769165,0.4096125364303589,,,
4529,4,4,,,,,,,,0.25088009238243103,0.3331916928291321,0.08946088701486588,,,
4530,5,5,5,0.6190476190476191,0.6451612903225806,0.6062992125984252,0.9739867448806763,0.9154718518257141,0.46729129552841187,0.12218120694160461,0.031778160482645035,0.04897152632474899,0.09277427196502686,0.030512157827615738,0.042435381561517715
4531,1,1,,,,,,,,0.36449599266052246,0.1480737328529358,0.3020120859146118,,,
4532,1,1,,,,,,,,0.5825241804122925,0.12378332018852234,0.11040276288986206,,,
4533,8,8,8,0.8053097345132744,0.6190476190476191,0.6451612903225806,0.9947201013565063,0.9059171080589294,0.6824634075164795,0.35571569204330444,0.04877982661128044,0.15463882684707642,0.33976414799690247,0.03412579372525215,0.21699219942092896
4534,2,2,,,,,,,,0.3505387008190155,0.4017880856990814,0.4417220950126648,,,
4535,2,2,,,,,,,,0.4578702449798584,0.3576663136482239,0.3913644552230835,,,
4536,9,9,9,0.5,0.5111111111111111,0.21428571428571427,0.9596742987632751,0.8916212916374207,0.7344430685043335,0.06327419728040695,0.025173576548695564,0.015949659049510956,0.040980953723192215,0.03947259858250618,0.021933535113930702
4537,3,3,,,,,,,,0.3425803780555725,0.7597917318344116,0.5354806780815125,,,
4538,7,7,,,,,,,,0.07795117795467377,0.04674000293016434,0.0761621966958046,,,
4539,8,8,,,,,,,,0.504869818687439,0.10851401835680008,0.22383932769298553,,,
4540,9,9,,,,,,,,0.09595339000225067,0.12912674248218536,0.1590603142976761,,,
4541,2,2,,,,,,,,0.7643239498138428,0.36995211243629456,0.3843977451324463,,,
4542,3,3,,,,,,,,0.16292834281921387,0.27295538783073425,0.1358749121427536,,,
4543,1,1,,,,,,,,0.1987391710281372,0.1149308905005455,0.12055826932191849,,,
4544,7,7,,,,,,,,0.39541882276535034,0.2860661745071411,0.20801088213920593,,,
4545,3,4,,,,,,,,0.17226167023181915,0.1023421660065651,0.2532595098018646,,,
4546,2,2,3,0.19298245614035087,0.3972602739726027,0.19298245614035087,0.8934179544448853,0.7923121452331543,0.32684898376464844,0.29765546321868896,0.027563124895095825,0.0604378879070282,0.3748379647731781,0.018186185508966446,0.13371868431568146
4547,3,3,5,0.18604651162790697,0.5,0.3783783783783784,0.5430389046669006,0.8998008966445923,0.7233622670173645,0.08931594341993332,0.17822302877902985,0.03421301022171974,0.11989182233810425,0.1734284907579422,0.0025169120635837317
4548,0,0,,,,,,,,0.2891203463077545,0.3942820429801941,0.7779532670974731,,,
4549,1,1,,,,,,,,0.2677653133869171,0.2414807677268982,0.16923776268959045,,,
4550,9,0,,,,,,,,0.1889905333518982,0.3005284070968628,0.6039721369743347,,,
4551,5,5,5,0.45714285714285713,0.3783783783783784,0.6451612903225806,0.8931440114974976,0.8481178283691406,0.49396389722824097,0.08540620654821396,0.03261694684624672,0.04755374789237976,0.06841092556715012,0.032188158482313156,0.03246195986866951
4552,5,5,,,,,,,,0.15364153683185577,0.05949429050087929,0.39915403723716736,,,
4553,3,3,,,,,,,,0.23487327992916107,0.550626277923584,0.22117628157138824,,,
4554,4,4,,,,,,,,0.4395490884780884,0.14388713240623474,0.497673898935318,,,
4555,5,5,,,,,,,,0.10557424277067184,0.09315032511949539,0.03357874974608421,,,
4556,2,8,,,,,,,,0.4674617052078247,0.031523533165454865,0.239169180393219,,,
4557,0,0,,,,,,,,0.435884565114975,0.6470544338226318,0.892194390296936,,,
4558,0,0,,,,,,,,0.44013166427612305,0.5111857652664185,0.7413461208343506,,,
4559,3,3,4,0.04081632653061224,0.44680851063829785,0.3509933774834437,0.43900638818740845,0.8568583130836487,0.6512038707733154,0.43926215171813965,0.3283022940158844,0.17278587818145752,0.03669165074825287,0.3793656527996063,0.11614512652158737
4560,1,1,,,,,,,,0.5349164605140686,0.17174042761325836,0.3196171224117279,,,
4561,3,3,,,,,,,,0.20195136964321136,0.33317798376083374,0.3480738401412964,,,
4562,4,4,,,,,,,,0.1277267187833786,0.25097888708114624,0.09344255924224854,,,
4563,7,7,7,0.5813953488372093,0.5338345864661654,0.1270718232044199,0.9780130386352539,0.8871005177497864,0.3923978805541992,0.17124414443969727,0.04903516545891762,0.129759281873703,0.19245198369026184,0.024121711030602455,0.11812302470207214
4564,4,4,,,,,,,,0.131307452917099,0.20501460134983063,0.2218593806028366,,,
4565,2,3,,,,,,,,0.10581866651773453,0.09629825502634048,0.06539242714643478,,,
4566,8,8,,,,,,,,0.1554023176431656,0.27553606033325195,0.2124399095773697,,,
4567,4,4,,,,,,,,0.2203809767961502,0.4213598966598511,0.1754617691040039,,,
4568,8,8,,,,,,,,0.44078320264816284,0.3482007682323456,0.181301549077034,,,
4569,9,9,,,,,,,,0.3633600175380707,0.1733538657426834,0.15888813138008118,,,
4570,9,9,,,,,,,,0.28106075525283813,0.18198642134666443,0.12125402688980103,,,
4571,4,4,,,,,,,,0.21409250795841217,0.22724974155426025,0.11591177433729172,,,
4572,2,2,,,,,,,,0.41218993067741394,0.12282592803239822,0.17191407084465027,,,
4573,4,4,,,,,,,,0.4721664488315582,0.29853567481040955,0.3252125680446625,,,
4574,3,3,,,,,,,,0.14634056389331818,0.25849810242652893,0.10584432631731033,,,
4575,6,6,,,,,,,,0.3503901958465576,0.6648619174957275,0.1355704367160797,,,
4576,4,4,,,,,,,,0.15346969664096832,0.034242771565914154,0.23016415536403656,,,
4577,6,6,,,,,,,,0.10287117213010788,0.5753747820854187,0.12197967618703842,,,
4578,4,4,,,,,,,,0.19951339066028595,0.17518867552280426,0.14670585095882416,,,
4579,6,3,,,,,,,,0.2728278934955597,0.188866525888443,0.3458090126514435,,,
4580,6,6,,,,,,,,0.40479761362075806,0.818602442741394,0.4883720278739929,,,
4581,3,3,,,,,,,,0.17141759395599365,0.3995417654514313,0.07719508558511734,,,
4582,8,8,,,,,,,,0.12859785556793213,0.1290578544139862,0.02834109589457512,,,
4583,7,7,,,,,,,,0.07646740972995758,0.03225547447800636,0.12456236779689789,,,
4584,4,4,,,,,,,,0.08059073239564896,0.028325175866484642,0.07385379821062088,,,
4585,8,8,,,,,,,,0.1638743132352829,0.11973287165164948,0.19415533542633057,,,
4586,0,0,0,0.3972602739726027,0.4068965517241379,0.10270270270270271,0.564140260219574,0.8378617763519287,0.21506920456886292,0.6776429414749146,0.7185166478157043,0.45817291736602783,0.4063654839992523,0.5682641863822937,0.8431196212768555
4587,5,5,,,,,,,,0.370430588722229,0.06999212503433228,0.2947094440460205,,,
4588,9,9,,,,,,,,0.14970426261425018,0.08557742834091187,0.11062472313642502,,,
4589,3,3,,,,,,,,0.49373629689216614,0.409098356962204,0.3326164186000824,,,
4590,9,2,,,,,,,,0.2672998309135437,0.20137257874011993,0.40323606133461,,,
4591,0,0,,,,,,,,0.6898605823516846,0.35748469829559326,0.9490201473236084,,,
4592,7,7,,,,,,,,0.19605888426303864,0.02926924079656601,0.20059238374233246,,,
4593,5,5,,,,,,,,0.24851959943771362,0.05916771665215492,0.17468062043190002,,,
4594,1,1,,,,,,,,0.2343214601278305,0.0917525365948677,0.28305745124816895,,,
4595,9,9,,,,,,,,0.42634886503219604,0.14327877759933472,0.3602242171764374,,,
4596,7,7,,,,,,,,0.3257441222667694,0.040836870670318604,0.031045150011777878,,,
4597,9,9,,,,,,,,0.5709219574928284,0.20498991012573242,0.24074256420135498,,,
4598,1,1,,,,,,,,0.31630855798721313,0.11270888894796371,0.2180912345647812,,,
4599,8,8,,,,,,,,0.19534273445606232,0.09628123790025711,0.027768712490797043,,,
4600,4,4,,,,,,,,0.2267252802848816,0.13702364265918732,0.09433925151824951,,,
4601,2,2,,,,,,,,0.6035779118537903,0.2744119465351105,0.262981116771698,,,
4602,1,1,,,,,,,,0.5536128282546997,0.459519624710083,0.531866192817688,,,
4603,6,6,,,,,,,,0.23887652158737183,0.5207296013832092,0.12140404433012009,,,
4604,4,4,,,,,,,,0.27767616510391235,0.37527239322662354,0.1649312674999237,,,
4605,3,6,,,,,,,,0.0547415129840374,0.1497815102338791,0.05406203493475914,,,
4606,0,0,2,0.2,0.5111111111111111,0.1270718232044199,0.820098876953125,0.835767924785614,0.14559172093868256,0.14362691342830658,0.1605871021747589,0.6151312589645386,0.20347455143928528,0.15635916590690613,0.29535096883773804
4607,1,1,,,,,,,,0.2134292870759964,0.05574830621480942,0.060089483857154846,,,
4608,4,4,,,,,,,,0.3640277683734894,0.22490788996219635,0.45413684844970703,,,
4609,8,8,9,0.2215568862275449,0.5338345864661654,0.2215568862275449,0.24418917298316956,0.8863505125045776,0.6218364238739014,0.09695876389741898,0.03618692234158516,0.0655997171998024,0.07962044328451157,0.003935403190553188,0.002659929683431983
4610,6,6,,,,,,,,0.1616668552160263,0.44198939204216003,0.06455769389867783,,,
4611,1,1,,,,,,,,0.5348814725875854,0.1354799121618271,0.14028717577457428,,,
4612,7,7,,,,,,,,0.27140286564826965,0.1040077954530716,0.26427707076072693,,,
4613,1,1,,,,,,,,0.43691325187683105,0.608891487121582,0.3446558117866516,,,
4614,3,5,,,,,,,,0.2839428782463074,0.12120058387517929,0.06403299421072006,,,
4615,5,5,5,0.7739130434782608,0.7739130434782608,0.8053097345132744,0.9881566762924194,0.9597115516662598,0.5598046779632568,0.14156316220760345,0.12654568254947662,0.026333509013056755,0.14060483872890472,0.17552384734153748,0.024067658931016922
4616,4,4,5,0.10270270270270271,0.43661971830985913,0.1590909090909091,0.3463805615901947,0.7881717681884766,0.5982035398483276,0.08582397550344467,0.3201374411582947,0.07092926651239395,0.011215039528906345,0.3437199890613556,0.009031005203723907
4617,3,3,,,,,,,,0.21178357303142548,0.3717513978481293,0.08992534130811691,,,
4618,3,6,,,,,,,,0.25874748826026917,0.5200397372245789,0.26879027485847473,,,
4619,9,9,,,,,,,,0.1928764283657074,0.05542256683111191,0.12725548446178436,,,
4620,7,7,5,0.11475409836065574,0.45714285714285713,0.23636363636363636,0.41944611072540283,0.8276264667510986,0.5531120300292969,0.22003252804279327,0.19116540253162384,0.1008448600769043,0.06817513704299927,0.21179980039596558,0.0014587953919544816
4621,8,8,8,0.5223880597014925,0.6451612903225806,0.4166666666666667,0.9651069641113281,0.8812180161476135,0.4509938359260559,0.6005797386169434,0.047236982733011246,0.15514911711215973,0.5694059133529663,0.029240505769848824,0.03632429987192154
4622,2,2,,,,,,,,0.21472524106502533,0.13281625509262085,0.13668103516101837,,,
4623,5,5,,,,,,,,0.10056976974010468,0.04231106489896774,0.06799217313528061,,,
4624,5,5,3,0.0625,0.4068965517241379,0.3076923076923077,0.600439190864563,0.7689059376716614,0.45684874057769775,0.11009861528873444,0.03390366584062576,0.12452871352434158,0.054695144295692444,0.02908472530543804,0.17237284779548645
4625,4,4,,,,,,,,0.5060135126113892,0.3785270154476166,0.3369404673576355,,,
4626,5,5,,,,,,,,0.28976255655288696,0.20050092041492462,0.08531379699707031,,,
4627,4,4,,,,,,,,0.15312418341636658,0.17203161120414734,0.19005924463272095,,,
4628,5,7,,,,,,,,0.17561833560466766,0.028955010697245598,0.35483333468437195,,,
4629,7,7,,,,,,,,0.24117693305015564,0.1314835101366043,0.22015701234340668,,,
4630,2,3,,,,,,,,0.12306541949510574,0.38156911730766296,0.14923816919326782,,,
4631,5,5,,,,,,,,0.5785766243934631,0.2054331749677658,0.19164596498012543,,,
4632,5,5,,,,,,,,0.09206952899694443,0.03634292259812355,0.028721772134304047,,,
4633,1,1,,,,,,,,0.6147740483283997,0.37224894762039185,0.39826855063438416,,,
4634,7,7,,,,,,,,0.04536127299070358,0.035563789308071136,0.08813348412513733,,,
4635,7,7,,,,,,,,0.15450818836688995,0.12865836918354034,0.1765265166759491,,,
4636,8,8,,,,,,,,0.22161416709423065,0.0822373777627945,0.2259444147348404,,,
4637,3,3,5,0.06806282722513089,0.29936305732484075,0.2,0.5339385271072388,0.7316963076591492,0.3403169512748718,0.6562667489051819,0.13667723536491394,0.18649201095104218,0.07079123705625534,0.27074378728866577,0.0029563040006905794
4638,6,6,,,,,,,,0.0921981930732727,0.38566339015960693,0.13120818138122559,,,
4639,0,0,,,,,,,,0.3986850380897522,0.4485296607017517,0.8795031309127808,,,
4640,2,2,,,,,,,,0.4323500692844391,0.3952089846134186,0.59394371509552,,,
4641,5,5,,,,,,,,0.4909804165363312,0.26586565375328064,0.3844461143016815,,,
4642,2,2,,,,,,,,0.39474302530288696,0.1704181432723999,0.29606297612190247,,,
4643,3,3,,,,,,,,0.05954461917281151,0.09261193871498108,0.12993358075618744,,,
4644,7,7,,,,,,,,0.14787860214710236,0.13782347738742828,0.14335471391677856,,,
4645,4,4,,,,,,,,0.1967504471540451,0.35744398832321167,0.28493961691856384,,,
4646,2,3,,,,,,,,0.14193616807460785,0.3186781406402588,0.0903845950961113,,,
4647,1,1,,,,,,,,0.12013524025678635,0.11685839295387268,0.3448442816734314,,,
4648,6,6,,,,,,,,0.26885396242141724,0.4253755807876587,0.26573607325553894,,,
4649,8,8,,,,,,,,0.45326510071754456,0.16392160952091217,0.035561129450798035,,,
4650,6,6,,,,,,,,0.20864534378051758,0.6458589434623718,0.12226106971502304,,,
4651,8,8,,,,,,,,0.49342769384384155,0.039898861199617386,0.16335779428482056,,,
4652,3,3,3,0.2911392405063291,0.5454545454545454,0.0967741935483871,0.7043529152870178,0.816115140914917,0.34334447979927063,0.4760315716266632,0.18975768983364105,0.046556562185287476,0.2403464913368225,0.3852757215499878,0.14568088948726654
4653,2,2,,,,,,,,0.43650171160697937,0.35717669129371643,0.5949134826660156,,,
4654,7,7,2,0.3877551020408163,0.5338345864661654,0.4782608695652174,0.85614013671875,0.8792778253555298,0.4609855115413666,0.10814810544252396,0.06268873810768127,0.10163332521915436,0.09395591914653778,0.0762750655412674,0.00473033869639039
4655,7,7,7,0.8545454545454545,0.8378378378378378,0.5572519083969466,0.9947432279586792,0.9611733555793762,0.7988651990890503,0.03614847734570503,0.02977914549410343,0.030247392132878304,0.03974146023392677,0.031648047268390656,0.028554242104291916
4656,9,9,,,,,,,,0.09520483762025833,0.15601037442684174,0.11550270020961761,,,
4657,7,7,,,,,,,,0.4136321544647217,0.24454836547374725,0.4054086208343506,,,
4658,1,1,,,,,,,,0.4492703974246979,0.2745935618877411,0.5456340312957764,,,
4659,4,4,,,,,,,,0.1299266368150711,0.33318203687667847,0.2938065230846405,,,
4660,7,7,,,,,,,,0.11794759333133698,0.06549004465341568,0.18935108184814453,,,
4661,4,4,7,0.42657342657342656,0.43661971830985913,0.5111111111111111,0.9471593499183655,0.8374369740486145,0.5949442982673645,0.02364414557814598,0.09078722447156906,0.02661849558353424,0.0029820941854268312,0.08644863218069077,0.014235889539122581
4662,6,6,,,,,,,,0.36775946617126465,0.6386300921440125,0.109404057264328,,,
4663,1,1,,,,,,,,0.6779690980911255,0.10358091443777084,0.4574451148509979,,,
4664,7,7,,,,,,,,0.20504732429981232,0.13871505856513977,0.23838987946510315,,,
4665,3,3,,,,,,,,0.06859120726585388,0.13131839036941528,0.13963548839092255,,,
4666,0,0,,,,,,,,0.4194471538066864,0.31490108370780945,0.8623675107955933,,,
4667,0,0,,,,,,,,0.365384966135025,0.7226775288581848,0.7280457019805908,,,
4668,6,6,,,,,,,,0.23896387219429016,0.5967190861701965,0.2496437430381775,,,
4669,6,6,2,0.8378378378378378,0.59375,0.3333333333333333,0.9445651173591614,0.9383291602134705,0.4401909112930298,0.32870587706565857,0.48543792963027954,0.1224198192358017,0.2271300107240677,0.492464154958725,0.09161322563886642
4670,8,8,,,,,,,,0.3151092231273651,0.2616191506385803,0.22903476655483246,,,
4671,6,6,,,,,,,,0.6577061414718628,0.70821213722229,0.21929067373275757,,,
4672,6,6,,,,,,,,0.41620972752571106,0.7271519899368286,0.22820818424224854,,,
4673,0,0,,,,,,,,0.48987674713134766,0.3097914755344391,0.49064305424690247,,,
4674,3,3,,,,,,,,0.16323325037956238,0.43364110589027405,0.12068378180265427,,,
4675,4,4,,,,,,,,0.407553106546402,0.20741748809814453,0.22109824419021606,,,
4676,7,7,3,0.38513513513513514,0.6190476190476191,0.14606741573033707,0.8052951097488403,0.9168479442596436,0.6120786666870117,0.2340853363275528,0.17683517932891846,0.3947781026363373,0.24414508044719696,0.02651257999241352,0.04829524829983711
4677,4,4,,,,,,,,0.3384477496147156,0.19711045920848846,0.33494436740875244,,,
4678,9,9,,,,,,,,0.05402429774403572,0.04788992926478386,0.1474584937095642,,,
4679,4,4,,,,,,,,0.23831471800804138,0.17502182722091675,0.18980027735233307,,,
4680,9,9,,,,,,,,0.25169235467910767,0.2947644591331482,0.3105430006980896,,,
4681,9,9,,,,,,,,0.2154029756784439,0.04076336324214935,0.17125356197357178,,,
4682,3,5,,,,,,,,0.10558106750249863,0.0415450781583786,0.06660078465938568,,,
4683,4,4,,,,,,,,0.13506309688091278,0.29359170794487,0.11482813954353333,,,
4684,1,1,,,,,,,,0.29008713364601135,0.406406432390213,0.2958860397338867,,,
4685,4,4,,,,,,,,0.30764251947402954,0.20324215292930603,0.21924784779548645,,,
4686,0,0,,,,,,,,0.4634522795677185,0.373282790184021,0.6375470161437988,,,
4687,3,3,,,,,,,,0.1944761872291565,0.5415213704109192,0.33994120359420776,,,
4688,7,7,,,,,,,,0.31826746463775635,0.18807131052017212,0.2245231717824936,,,
4689,1,1,,,,,,,,0.474919855594635,0.19460466504096985,0.36781391501426697,,,
4690,2,2,,,,,,,,0.4494219124317169,0.18967963755130768,0.31756269931793213,,,
4691,2,2,6,0.3877551020408163,0.4166666666666667,0.6190476190476191,0.8952652215957642,0.8326167464256287,0.7405861616134644,0.41467270255088806,0.21988078951835632,0.31095969676971436,0.3848606050014496,0.028995586559176445,0.11477813124656677
4692,8,8,,,,,,,,0.6705482602119446,0.3451268970966339,0.17408515512943268,,,
4693,4,4,,,,,,,,0.2786826193332672,0.28658586740493774,0.24430839717388153,,,
4694,7,7,,,,,,,,0.23123839497566223,0.07910440117120743,0.07108154892921448,,,
4695,8,8,,,,,,,,0.3906947076320648,0.07768980413675308,0.09195337444543839,,,
4696,5,5,,,,,,,,0.28640860319137573,0.051193978637456894,0.0702294185757637,,,
4697,5,5,,,,,,,,0.2700020372867584,0.06546247750520706,0.270743191242218,,,
4698,6,6,,,,,,,,0.35050877928733826,0.6488049030303955,0.1460713893175125,,,
4699,5,5,,,,,,,,0.46425873041152954,0.1328352987766266,0.20180879533290863,,,
4700,6,6,,,,,,,,0.19786964356899261,0.5842770338058472,0.14995068311691284,,,
4701,0,0,,,,,,,,0.44943007826805115,0.6357150077819824,0.6070517897605896,,,
4702,6,6,,,,,,,,0.10422412306070328,0.5185113549232483,0.11500238627195358,,,
4703,4,4,,,,,,,,0.20989279448986053,0.4833816885948181,0.06939801573753357,,,
4704,9,9,,,,,,,,0.4939820170402527,0.2317059189081192,0.3011172413825989,,,
4705,3,5,,,,,,,,0.041567977517843246,0.09907995164394379,0.01787182316184044,,,
4706,2,2,,,,,,,,0.3532790243625641,0.3080187439918518,0.506100594997406,,,
4707,7,7,,,,,,,,0.03222474455833435,0.09046027809381485,0.10170373320579529,,,
4708,3,3,,,,,,,,0.21330249309539795,0.5011115074157715,0.22681723535060883,,,
4709,8,8,8,0.8715596330275229,0.8715596330275229,0.45714285714285713,0.9879894852638245,0.9718814492225647,0.5937015414237976,0.03464889153838158,0.030217090621590614,0.04954608157277107,0.05946134030818939,0.038173966109752655,0.014652240090072155
4710,3,7,,,,,,,,0.22261092066764832,0.012312115170061588,0.1801014244556427,,,
4711,9,9,,,,,,,,0.530666172504425,0.20812302827835083,0.3801311254501343,,,
4712,4,4,,,,,,,,0.164536714553833,0.060882244259119034,0.20752514898777008,,,
4713,1,1,,,,,,,,0.5181970000267029,0.17297933995723724,0.3627015948295593,,,
4714,6,6,,,,,,,,0.22082993388175964,0.48854249715805054,0.18092414736747742,,,
4715,9,9,,,,,,,,0.6405749320983887,0.22268851101398468,0.24662882089614868,,,
4716,9,9,,,,,,,,0.10024316608905792,0.11165473610162735,0.07573476433753967,,,
4717,4,4,4,0.25925925925925924,0.6062992125984252,0.3246753246753247,0.9751694798469543,0.9459692239761353,0.5949126482009888,0.20719146728515625,0.03599149361252785,0.03691752254962921,0.18219870328903198,0.1240299791097641,0.0718848705291748
4718,3,3,,,,,,,,0.4267227351665497,0.26679500937461853,0.11280318349599838,,,
4719,9,9,,,,,,,,0.5060091018676758,0.32781779766082764,0.27501270174980164,,,
4720,8,8,,,,,,,,0.4180748164653778,0.06347780674695969,0.17547455430030823,,,
4721,1,1,,,,,,,,0.3839203119277954,0.2598198354244232,0.18668153882026672,,,
4722,6,6,,,,,,,,0.13390010595321655,0.13309980928897858,0.11911269277334213,,,
4723,9,9,,,,,,,,0.24276068806648254,0.402177095413208,0.2953549027442932,,,
4724,5,5,2,0.8214285714285714,0.632,0.23636363636363636,0.7168803215026855,0.9082323908805847,0.41621163487434387,0.18617691099643707,0.03170688822865486,0.014740281738340855,0.10575004667043686,0.009110864251852036,0.0012745354324579239
4725,9,9,,,,,,,,0.3383401930332184,0.12351539731025696,0.2529791593551636,,,
4726,0,0,,,,,,,,0.34848564863204956,0.6201484799385071,0.6799494028091431,,,
4727,9,9,,,,,,,,0.23684068024158478,0.3077194094657898,0.3249436318874359,,,
4728,7,7,,,,,,,,0.32337686419487,0.26655352115631104,0.3634242117404938,,,
4729,2,2,3,0.7586206896551724,0.59375,0.275,0.7943074703216553,0.8572874665260315,0.6776699423789978,0.6891168355941772,0.054390937089920044,0.26114287972450256,0.33437782526016235,0.02225453220307827,0.1830252707004547
4730,2,2,,,,,,,,0.23070493340492249,0.20384550094604492,0.48854854702949524,,,
4731,4,4,,,,,,,,0.17258945107460022,0.20968568325042725,0.12935416400432587,,,
4732,2,2,,,,,,,,0.5577899217605591,0.051654279232025146,0.10031037032604218,,,
4733,6,6,,,,,,,,0.14887164533138275,0.37823790311813354,0.12643928825855255,,,
4734,4,4,,,,,,,,0.32840901613235474,0.2080143392086029,0.2373284548521042,,,
4735,8,8,8,0.6062992125984252,0.6721311475409836,0.3076923076923077,0.953974723815918,0.9105823040008545,0.523967981338501,0.4023338258266449,0.04422133043408394,0.06924229860305786,0.06651129573583603,0.024159392341971397,0.05681554973125458
4736,1,1,,,,,,,,0.4168808162212372,0.07902475446462631,0.12657099962234497,,,
4737,9,9,,,,,,,,0.3794109523296356,0.29710420966148376,0.4439404010772705,,,
4738,5,5,,,,,,,,0.5188939571380615,0.07127869874238968,0.21176011860370636,,,
4739,6,6,6,0.7435897435897436,0.6190476190476191,0.2289156626506024,0.9922049045562744,0.9067080020904541,0.6860169172286987,0.1288650929927826,0.4492654800415039,0.14976812899112701,0.11952454596757889,0.3996347486972809,0.0549946129322052
4740,5,3,,,,,,,,0.3388524055480957,0.4805919826030731,0.18173952400684357,,,
4741,1,1,,,,,,,,0.49403977394104004,0.5035303235054016,0.4293513000011444,,,
4742,8,8,,,,,,,,0.7838625907897949,0.16538892686367035,0.2355894297361374,,,
4743,6,6,,,,,,,,0.35450929403305054,0.6404023766517639,0.1359894573688507,,,
4744,6,6,,,,,,,,0.11358218640089035,0.2614991366863251,0.053481023758649826,,,
4745,7,7,,,,,,,,0.3519829511642456,0.08245543390512466,0.35138213634490967,,,
4746,6,6,,,,,,,,0.43213704228401184,0.6118223071098328,0.2387816458940506,,,
4747,5,5,,,,,,,,0.16123723983764648,0.04855591803789139,0.08024261891841888,,,
4748,0,8,,,,,,,,0.0481443852186203,0.06384944915771484,0.10957333445549011,,,
4749,2,3,,,,,,,,0.3880804181098938,0.5253249406814575,0.097209632396698,,,
4750,7,4,,,,,,,,0.05611275136470795,0.23016099631786346,0.0505308136343956,,,
4751,6,6,,,,,,,,0.3600960969924927,0.6037868857383728,0.20858094096183777,,,
4752,1,1,,,,,,,,0.18213079869747162,0.10604017972946167,0.28767815232276917,,,
4753,2,2,,,,,,,,0.24281564354896545,0.09798560291528702,0.16684900224208832,,,
4754,3,8,,,,,,,,0.577869176864624,0.06109119951725006,0.10472539812326431,,,
4755,1,1,,,,,,,,0.19179204106330872,0.15726567804813385,0.2723609209060669,,,
4756,6,6,,,,,,,,0.23678408563137054,0.7279166579246521,0.2081838846206665,,,
4757,4,4,,,,,,,,0.2210657000541687,0.25751689076423645,0.1098901629447937,,,
4758,9,9,,,,,,,,0.20688146352767944,0.12180932611227036,0.16569380462169647,,,
4759,0,0,,,,,,,,0.4107195734977722,0.633569598197937,0.7720251083374023,,,
4760,3,3,,,,,,,,0.02579597570002079,0.25859662890434265,0.021231263875961304,,,
4761,9,9,,,,,,,,0.3191976249217987,0.28900057077407837,0.3710395395755768,,,
4762,1,1,,,,,,,,0.36408498883247375,0.3644636869430542,0.42135193943977356,,,
4763,0,0,,,,,,,,0.6756190061569214,0.7066184282302856,0.8950874209403992,,,
4764,5,5,,,,,,,,0.48030999302864075,0.05035854130983353,0.06790250539779663,,,
4765,3,3,,,,,,,,0.5947588086128235,0.4781672954559326,0.1838868409395218,,,
4766,1,1,,,,,,,,0.45178672671318054,0.1735931783914566,0.4624655842781067,,,
4767,6,6,,,,,,,,0.1723577082157135,0.14038729667663574,0.12481153011322021,,,
4768,9,9,,,,,,,,0.22501987218856812,0.25682586431503296,0.39450228214263916,,,
4769,8,8,,,,,,,,0.2688435912132263,0.10420094430446625,0.20330779254436493,,,
4770,9,9,,,,,,,,0.3192670941352844,0.1136024072766304,0.10903798788785934,,,
4771,0,0,,,,,,,,0.3345494270324707,0.6542913913726807,0.8621795177459717,,,
4772,6,6,,,,,,,,0.23578478395938873,0.5186096429824829,0.08444207906723022,,,
4773,1,1,,,,,,,,0.4986697733402252,0.25614479184150696,0.41363102197647095,,,
4774,6,6,,,,,,,,0.3746885061264038,0.7164745330810547,0.24067045748233795,,,
4775,2,2,3,0.07368421052631578,0.5572519083969466,0.7435897435897436,0.35648614168167114,0.798811674118042,0.7818963527679443,0.2489282190799713,0.06906787306070328,0.2266056388616562,0.11723307520151138,0.014815456233918667,0.11473096907138824
4776,3,9,,,,,,,,0.035896506160497665,0.055967286229133606,0.01907859742641449,,,
4777,5,5,,,,,,,,0.36804455518722534,0.09560660272836685,0.27000200748443604,,,
4778,6,6,,,,,,,,0.18628181517124176,0.6507664322853088,0.08705524355173111,,,
4779,9,9,9,0.7435897435897436,0.44680851063829785,0.45714285714285713,0.9895351529121399,0.8838779926300049,0.7072398662567139,0.07480242103338242,0.18968796730041504,0.05483032763004303,0.06507378816604614,0.19611406326293945,0.030105654150247574
4780,0,0,,,,,,,,0.2597378194332123,0.3076295852661133,0.8298445343971252,,,
4781,7,7,,,,,,,,0.1397302746772766,0.035250626504421234,0.1260700672864914,,,
4782,2,2,,,,,,,,0.6131030321121216,0.12987206876277924,0.8735688328742981,,,
4783,4,4,,,,,,,,0.19602589309215546,0.21757684648036957,0.13503612577915192,,,
4784,0,8,,,,,,,,0.1382523626089096,0.15442821383476257,0.07741231471300125,,,
4785,3,3,,,,,,,,0.19072148203849792,0.14682486653327942,0.1361318677663803,,,
4786,6,6,,,,,,,,0.051042236387729645,0.0746106281876564,0.0395205020904541,,,
4787,8,8,,,,,,,,0.5940544009208679,0.10474804788827896,0.22571593523025513,,,
4788,6,6,,,,,,,,0.21595238149166107,0.528734028339386,0.18690726161003113,,,
4789,9,9,,,,,,,,0.38930249214172363,0.18611262738704681,0.12688037753105164,,,
4790,1,1,,,,,,,,0.40015143156051636,0.1829599142074585,0.5959319472312927,,,
4791,9,9,8,0.5223880597014925,0.6859504132231405,0.45714285714285713,0.8245745897293091,0.9301530122756958,0.5909972786903381,0.06146542355418205,0.04485694691538811,0.031736526638269424,0.0548313707113266,0.0046493494883179665,0.012003595009446144
4792,0,4,,,,,,,,0.03125545755028725,0.039707351475954056,0.02605273388326168,,,
4793,6,6,,,,,,,,0.1259569674730301,0.7127777338027954,0.11006627231836319,,,
4794,4,4,2,0.5223880597014925,0.6451612903225806,0.275,0.8114732503890991,0.9226076602935791,0.3942965865135193,0.23784226179122925,0.21013322472572327,0.13676732778549194,0.11041584610939026,0.1510963886976242,0.09241984039545059
4795,5,3,,,,,,,,0.30756545066833496,0.24359247088432312,0.3603160083293915,,,
4796,9,9,,,,,,,,0.260320246219635,0.0629696249961853,0.1356981098651886,,,
4797,5,5,,,,,,,,0.3457029461860657,0.06113264337182045,0.861117959022522,,,
4798,4,4,0,0.4068965517241379,0.5454545454545454,0.5,0.8627784252166748,0.888555645942688,0.45386427640914917,0.07165183126926422,0.05261363834142685,0.12082188576459885,0.009581269696354866,0.06777132302522659,0.007860595360398293
4799,1,1,,,,,,,,0.18821609020233154,0.25030624866485596,0.03910447284579277,,,
4800,9,9,,,,,,,,0.4699859619140625,0.23474301397800446,0.28380516171455383,,,
4801,2,2,,,,,,,,0.6576675176620483,0.3046667277812958,0.2653883397579193,,,
4802,0,0,,,,,,,,0.6585167050361633,0.6690291166305542,0.6514822244644165,,,
4803,7,7,,,,,,,,0.23586949706077576,0.12965822219848633,0.2717607021331787,,,
4804,3,3,,,,,,,,0.1552213877439499,0.26436975598335266,0.5362856388092041,,,
4805,5,5,,,,,,,,0.15578657388687134,0.0414358451962471,0.10192691534757614,,,
4806,1,1,,,,,,,,0.5898942947387695,0.18724052608013153,0.290619432926178,,,
4807,8,8,,,,,,,,0.8106000423431396,0.03672339767217636,0.05418192595243454,,,
4808,3,3,,,,,,,,0.1860768049955368,0.2245277315378189,0.22227036952972412,,,
4809,0,0,,,,,,,,0.3070231080055237,0.5112646818161011,0.92120760679245,,,
4810,5,5,,,,,,,,0.3204164505004883,0.05092138051986694,0.19120533764362335,,,
4811,2,2,,,,,,,,0.4458133280277252,0.09455515444278717,0.3982829749584198,,,
4812,8,8,,,,,,,,0.03953909873962402,0.10534000396728516,0.2031468003988266,,,
4813,8,8,,,,,,,,0.498639851808548,0.28915491700172424,0.07933752238750458,,,
4814,3,3,0,0.5223880597014925,0.45714285714285713,0.05699481865284974,0.8706033825874329,0.8092817068099976,0.09271638095378876,0.1731741726398468,0.3313482403755188,0.07023583352565765,0.03954740986227989,0.17394334077835083,0.06013615429401398
4815,9,9,,,,,,,,0.13298290967941284,0.14850731194019318,0.027974698692560196,,,
4816,6,6,,,,,,,,0.19759078323841095,0.5435405969619751,0.16025269031524658,,,
4817,0,0,,,,,,,,0.48876744508743286,0.6617499589920044,0.9795772433280945,,,
4818,3,3,,,,,,,,0.07392244786024094,0.07489626854658127,0.06296571344137192,,,
4819,5,5,,,,,,,,0.20603615045547485,0.09786318242549896,0.09967006742954254,,,
4820,3,5,,,,,,,,0.0156868863850832,0.05860541760921478,0.07998578995466232,,,
4821,4,4,,,,,,,,0.2312098890542984,0.07924262434244156,0.27694427967071533,,,
4822,1,1,,,,,,,,0.2979792654514313,0.10895325988531113,0.220433309674263,,,
4823,5,5,,,,,,,,0.10081329196691513,0.04060574993491173,0.1839853972196579,,,
4824,0,0,,,,,,,,0.4478679299354553,0.7884160280227661,0.668367326259613,,,
4825,7,7,7,0.8053097345132744,0.5813953488372093,0.59375,0.9807345867156982,0.8917491436004639,0.6360559463500977,0.171706423163414,0.298736035823822,0.033255379647016525,0.19311554729938507,0.24206821620464325,0.1082729622721672
4826,3,2,,,,,,,,0.2255285680294037,0.11938793957233429,0.03526844456791878,,,
4827,9,9,,,,,,,,0.37826937437057495,0.156902477145195,0.21983863413333893,,,
4828,4,4,,,,,,,,0.08017667382955551,0.452343225479126,0.1527523696422577,,,
4829,5,5,,,,,,,,0.3521876931190491,0.07234694808721542,0.2667842507362366,,,
4830,3,3,5,0.8053097345132744,0.5572519083969466,0.2830188679245283,0.9790014028549194,0.8754451274871826,0.5813060998916626,0.07259044051170349,0.45355260372161865,0.11218307912349701,0.0893554538488388,0.46235236525535583,0.14564073085784912
4831,1,1,,,,,,,,0.48781147599220276,0.23263610899448395,0.43370726704597473,,,
4832,4,4,,,,,,,,0.134445920586586,0.15016138553619385,0.17326073348522186,,,
4833,2,2,4,0.3972602739726027,0.5223880597014925,0.3246753246753247,0.8775144815444946,0.8837154507637024,0.6304855346679688,0.3277447819709778,0.12554216384887695,0.20962855219841003,0.04158004745841026,0.049126431345939636,0.19964954257011414
4834,4,4,,,,,,,,0.05772516131401062,0.13260792195796967,0.09134303778409958,,,
4835,9,9,,,,,,,,0.19862331449985504,0.21497929096221924,0.16217684745788574,,,
4836,9,9,,,,,,,,0.13400188088417053,0.053569693118333817,0.07661063224077225,,,
4837,7,7,,,,,,,,0.3303495943546295,0.1537722945213318,0.14132651686668396,,,
4838,1,1,,,,,,,,0.5244805812835693,0.2358127236366272,0.4241558015346527,,,
4839,7,7,,,,,,,,0.2746697664260864,0.1264847218990326,0.02746463008224964,,,
4840,0,0,,,,,,,,0.408345490694046,0.3791257441043854,0.5628402829170227,,,
4841,1,1,,,,,,,,0.4110058844089508,0.226295605301857,0.3904217481613159,,,
4842,2,2,,,,,,,,0.6155056953430176,0.1230207085609436,0.24754028022289276,,,
4843,1,8,,,,,,,,0.09118010848760605,0.04773908108472824,0.10337402671575546,,,
4844,5,5,,,,,,,,0.3709125220775604,0.07378660142421722,0.25404390692710876,,,
4845,3,3,,,,,,,,0.39813321828842163,0.2916892170906067,0.17842704057693481,,,
4846,8,8,,,,,,,,0.7157666087150574,0.15536357462406158,0.13517525792121887,,,
4847,4,4,,,,,,,,0.11395029723644257,0.19268099963665009,0.17729619145393372,,,
4848,1,1,,,,,,,,0.6230612993240356,0.25647568702697754,0.1436258852481842,,,
4849,5,5,,,,,,,,0.06317123770713806,0.04213578626513481,0.037019334733486176,,,
4850,1,1,,,,,,,,0.16752848029136658,0.22969375550746918,0.10070938616991043,,,
4851,9,9,,,,,,,,0.3256554901599884,0.20162621140480042,0.1261683702468872,,,
4852,9,9,,,,,,,,0.11060866713523865,0.025762371718883514,0.025638913735747337,,,
4853,7,7,,,,,,,,0.41460007429122925,0.27568310499191284,0.38576051592826843,,,
4854,0,0,,,,,,,,0.7725411653518677,0.4209684431552887,0.5168283581733704,,,
4855,1,1,,,,,,,,0.22671252489089966,0.163189098238945,0.2043730765581131,,,
4856,7,7,,,,,,,,0.4039153456687927,0.11287790536880493,0.30739134550094604,,,
4857,6,6,,,,,,,,0.3943593502044678,0.5748909711837769,0.3432123363018036,,,
4858,2,2,,,,,,,,0.6555556654930115,0.08034229278564453,0.10667827725410461,,,
4859,6,6,,,,,,,,0.36495813727378845,0.5699284672737122,0.40009060502052307,,,
4860,5,5,,,,,,,,0.28274092078208923,0.06246282160282135,0.05570195987820625,,,
4861,0,0,8,0.59375,0.7586206896551724,0.20710059171597633,0.9298489689826965,0.9350473880767822,0.4520595669746399,0.45647352933883667,0.30246052145957947,0.7833473682403564,0.31339210271835327,0.2911059558391571,0.8877148628234863
4862,3,0,,,,,,,,0.3919774293899536,0.4083116054534912,0.2677549123764038,,,
4863,1,1,,,,,,,,0.612194836139679,0.24481791257858276,0.4010184109210968,,,
4864,3,3,,,,,,,,0.1482180804014206,0.3180672824382782,0.1005357950925827,,,
4865,8,8,8,0.9615384615384616,0.632,0.23636363636363636,0.9369921088218689,0.9156036376953125,0.5820241570472717,0.0977340117096901,0.015320290811359882,0.13106808066368103,0.07837723195552826,0.012952710501849651,0.02005821466445923
4866,9,9,,,,,,,,0.16023144125938416,0.2310742288827896,0.24184700846672058,,,
4867,9,9,,,,,,,,0.1291222870349884,0.11368349939584732,0.21004317700862885,,,
4868,0,0,,,,,,,,0.3431291878223419,0.5766305327415466,0.7070556282997131,,,
4869,8,8,,,,,,,,0.48616698384284973,0.02978552132844925,0.048344340175390244,,,
4870,8,8,,,,,,,,0.5488015413284302,0.18995584547519684,0.12480497360229492,,,
4871,7,5,,,,,,,,0.21267321705818176,0.032481033354997635,0.02270248904824257,,,
4872,9,9,,,,,,,,0.09421781450510025,0.09845434129238129,0.07527147233486176,,,
4873,2,2,,,,,,,,0.4553568959236145,0.19751618802547455,0.2237187623977661,,,
4874,9,9,,,,,,,,0.30410632491111755,0.32302793860435486,0.6156347393989563,,,
4875,1,1,,,,,,,,0.47951003909111023,0.1907440721988678,0.24934789538383484,,,
4876,3,3,,,,,,,,0.26518750190734863,0.08859884738922119,0.42937082052230835,,,
4877,6,6,,,,,,,,0.28158536553382874,0.4567268490791321,0.1322602480649948,,,
4878,7,7,,,,,,,,0.1491938680410385,0.1721278727054596,0.17339296638965607,,,
4879,6,6,,,,,,,,0.25001445412635803,0.5075508952140808,0.28517815470695496,,,
4880,0,0,,,,,,,,0.28033262491226196,0.2725934684276581,0.5482749938964844,,,
4881,8,8,,,,,,,,0.6308270692825317,0.15291883051395416,0.18462076783180237,,,
4882,6,6,,,,,,,,0.6062815189361572,0.567966103553772,0.3840509057044983,,,
4883,2,2,,,,,,,,0.8204867839813232,0.12197379767894745,0.4026922583580017,,,
4884,4,4,,,,,,,,0.23088152706623077,0.22991198301315308,0.1782492995262146,,,
4885,2,2,3,0.3161290322580645,0.4782608695652174,0.4166666666666667,0.5157065987586975,0.8687662482261658,0.5302676558494568,0.34605297446250916,0.08061280846595764,0.3533880412578583,0.3823866546154022,0.02444547414779663,0.1960039734840393
4886,3,3,,,,,,,,0.3743492662906647,0.33998751640319824,0.8219954371452332,,,
4887,5,5,5,0.44680851063829785,0.45714285714285713,0.2215568862275449,0.8383837342262268,0.9077123403549194,0.49799880385398865,0.39259424805641174,0.12249211221933365,0.08709388226270676,0.13933680951595306,0.1125657930970192,0.04611796513199806
4888,5,5,3,0.59375,0.4782608695652174,0.4068965517241379,0.907470703125,0.8910866975784302,0.4350523352622986,0.2749963104724884,0.06428831815719604,0.08456793427467346,0.10057955980300903,0.09858179092407227,0.04735429212450981
4889,4,4,,,,,,,,0.43227729201316833,0.3536117970943451,0.3833453059196472,,,
4890,1,1,,,,,,,,0.4336601495742798,0.18113771080970764,0.29080814123153687,,,
4891,6,6,,,,,,,,0.4525000751018524,0.5885305404663086,0.3602500855922699,,,
4892,7,7,4,0.43661971830985913,0.5572519083969466,0.4166666666666667,0.8924710750579834,0.8828269243240356,0.6795645356178284,0.1813388615846634,0.02228725515305996,0.03327278420329094,0.07151134312152863,0.07470152527093887,0.10048297792673111
4893,1,1,,,,,,,,0.2314879447221756,0.13717864453792572,0.07906623184680939,,,
4894,6,6,,,,,,,,0.1770789474248886,0.49103838205337524,0.2555871605873108,,,
4895,1,1,,,,,,,,0.2297711968421936,0.15398894250392914,0.3965798318386078,,,
4896,7,7,,,,,,,,0.192273810505867,0.09230581670999527,0.18419484794139862,,,
4897,1,1,,,,,,,,0.053744927048683167,0.1778477281332016,0.029712975025177002,,,
4898,6,6,,,,,,,,0.309976190328598,0.2156788557767868,0.18182192742824554,,,
4899,2,2,2,0.59375,0.5813953488372093,0.2830188679245283,0.9872744679450989,0.8984180688858032,0.6076797246932983,0.8287594318389893,0.2504560947418213,0.044735103845596313,0.6635888814926147,0.2560296654701233,0.07209131866693497
4900,3,3,,,,,,,,0.19079671800136566,0.4369266927242279,0.17567022144794464,,,
4901,0,0,,,,,,,,0.26002413034439087,0.49184495210647583,0.4296971559524536,,,
4902,4,4,,,,,,,,0.1778722107410431,0.22027826309204102,0.1260448843240738,,,
4903,2,2,4,0.3333333333333333,0.5223880597014925,0.2215568862275449,0.6993259191513062,0.8930240273475647,0.6301677227020264,0.6768905520439148,0.09765461832284927,0.25569087266921997,0.5663841962814331,0.047267161309719086,0.0357038788497448
4904,9,9,,,,,,,,0.34191757440567017,0.1258881390094757,0.24356584250926971,,,
4905,7,7,,,,,,,,0.31549620628356934,0.21289679408073425,0.3510149121284485,,,
4906,5,3,,,,,,,,0.32456696033477783,0.5910155773162842,0.43746715784072876,,,
4907,5,5,,,,,,,,0.36436599493026733,0.0603446364402771,0.13678988814353943,,,
4908,6,6,,,,,,,,0.12768128514289856,0.37377771735191345,0.13744045794010162,,,
4909,0,0,,,,,,,,0.38155460357666016,0.5024338960647583,0.7671651244163513,,,
4910,8,9,,,,,,,,0.01778125949203968,0.08028677850961685,0.06610395759344101,,,
4911,8,8,,,,,,,,0.4360133409500122,0.05546942725777626,0.3184683918952942,,,
4912,1,1,,,,,,,,0.5402569770812988,0.1807505339384079,0.48658487200737,,,
4913,1,1,,,,,,,,0.32534968852996826,0.17291425168514252,0.13864316046237946,,,
4914,3,3,,,,,,,,0.3075428307056427,0.692251443862915,0.25785884261131287,,,
4915,5,5,,,,,,,,0.4200798571109772,0.04033160209655762,0.250334769487381,,,
4916,6,6,,,,,,,,0.256928026676178,0.5054333209991455,0.17517344653606415,,,
4917,5,3,,,,,,,,0.245234414935112,0.44484660029411316,0.28019222617149353,,,
4918,3,3,,,,,,,,0.3647363483905792,0.34214460849761963,0.37294426560401917,,,
4919,8,8,,,,,,,,0.417409747838974,0.26671141386032104,0.17697568237781525,,,
4920,7,7,,,,,,,,0.2936159670352936,0.2514049708843231,0.3634876608848572,,,
4921,5,5,5,0.8545454545454545,0.6859504132231405,0.25925925925925924,0.9823040962219238,0.9027404189109802,0.5810095071792603,0.05812223628163338,0.0312275942414999,0.05448903143405914,0.03761404752731323,0.03377756103873253,0.05614059045910835
4922,0,0,,,,,,,,0.7841787338256836,0.5443241000175476,0.8885091543197632,,,
4923,7,7,,,,,,,,0.3605971336364746,0.10469712316989899,0.16693717241287231,,,
4924,7,7,,,,,,,,0.5334138870239258,0.030925223603844643,0.08240438252687454,,,
4925,5,5,,,,,,,,0.3637375235557556,0.03617751970887184,0.10771404951810837,,,
4926,7,7,,,,,,,,0.12728314101696014,0.08337625861167908,0.14387090504169464,,,
4927,1,1,,,,,,,,0.1851942092180252,0.11972522735595703,0.11832667887210846,,,
4928,9,9,,,,,,,,0.39043954014778137,0.2118258774280548,0.23449178040027618,,,
4929,9,9,,,,,,,,0.09837102144956589,0.04359905794262886,0.1468227207660675,,,
4930,1,1,,,,,,,,0.1133713498711586,0.12374519556760788,0.10079905390739441,,,
4931,9,1,,,,,,,,0.1880091428756714,0.10966061800718307,0.16281503438949585,,,
4932,9,9,1,0.5111111111111111,0.5338345864661654,0.06806282722513089,0.8210969567298889,0.9037284851074219,0.38872772455215454,0.15072454512119293,0.13151513040065765,0.2654247581958771,0.02716718055307865,0.08762246370315552,0.07258260995149612
4933,3,3,,,,,,,,0.1388203501701355,0.19705688953399658,0.26382675766944885,,,
4934,5,5,,,,,,,,0.19996973872184753,0.03128715604543686,0.06839986890554428,,,
4935,5,3,,,,,,,,0.2746692895889282,0.1890685260295868,0.05678053945302963,,,
4936,3,3,,,,,,,,0.25485992431640625,0.3067127466201782,0.10565483570098877,,,
4937,0,0,,,,,,,,0.5197638869285583,0.32294344902038574,0.943686842918396,,,
4938,3,3,5,0.36,0.43661971830985913,0.5,0.9186654686927795,0.8163021206855774,0.5958176255226135,0.22921334207057953,0.08846456557512283,0.06979276984930038,0.11426998674869537,0.09015078842639923,0.01715463027358055
4939,0,0,0,0.44680851063829785,0.6190476190476191,0.25153374233128833,0.9835880994796753,0.9608668088912964,0.3715512752532959,0.5037954449653625,0.7262668609619141,0.7318362593650818,0.5783466696739197,0.6414892077445984,0.7098438739776611
4940,6,6,,,,,,,,0.4054334759712219,0.4283260107040405,0.03829679638147354,,,
4941,6,6,,,,,,,,0.18904080986976624,0.5971152782440186,0.08947103470563889,,,
4942,5,7,,,,,,,,0.061479486525058746,0.03171815350651741,0.03960946574807167,,,
4943,6,2,,,,,,,,0.431068480014801,0.0993349477648735,0.1482021063566208,,,
4944,8,8,,,,,,,,0.4893663227558136,0.2220260202884674,0.3251924514770508,,,
4945,9,9,9,0.7586206896551724,0.7586206896551724,0.6859504132231405,0.9826720356941223,0.9661480188369751,0.6867724657058716,0.40334242582321167,0.1052885428071022,0.053775034844875336,0.5214865803718567,0.09935399889945984,0.05091467499732971
4946,4,4,,,,,,,,0.045192014425992966,0.09772253036499023,0.030499283224344254,,,
4947,5,5,,,,,,,,0.5311247110366821,0.09735162556171417,0.10927969217300415,,,
4948,1,1,,,,,,,,0.5689398050308228,0.12602338194847107,0.36456790566444397,,,
4949,1,1,,,,,,,,0.2323170006275177,0.13817089796066284,0.41445615887641907,,,
4950,2,2,,,,,,,,0.2577541768550873,0.38253307342529297,0.3636784553527832,,,
4951,7,7,6,0.6585365853658537,0.5111111111111111,0.3877551020408163,0.9667928814888,0.8538678884506226,0.7477504014968872,0.032965611666440964,0.05533016100525856,0.017923377454280853,0.013966959901154041,0.003706045914441347,0.0020367945544421673
4952,9,9,,,,,,,,0.34794899821281433,0.35289037227630615,0.21171535551548004,,,
4953,0,0,,,,,,,,0.5470073223114014,0.5058338046073914,0.8011031746864319,,,
4954,1,1,,,,,,,,0.13059253990650177,0.29220888018608093,0.3395597040653229,,,
4955,2,2,2,0.8545454545454545,0.7,0.36,0.9885440468788147,0.9250198602676392,0.8423055410385132,0.2437218725681305,0.09419276565313339,0.2529131770133972,0.23465263843536377,0.1057959496974945,0.05140995606780052
4956,5,5,,,,,,,,0.22795648872852325,0.05911240354180336,0.3508700132369995,,,
4957,4,4,,,,,,,,0.06827959418296814,0.055010225623846054,0.04548602178692818,,,
4958,4,4,,,,,,,,0.15210552513599396,0.2948816418647766,0.2999676465988159,,,
4959,7,7,,,,,,,,0.21245203912258148,0.17690445482730865,0.07677264511585236,,,
4960,4,4,,,,,,,,0.31034597754478455,0.3264736235141754,0.3315204381942749,,,
4961,8,8,,,,,,,,0.6834198236465454,0.08251601457595825,0.127066507935524,,,
4962,3,1,,,,,,,,0.020528897643089294,0.021242275834083557,0.03921888396143913,,,
4963,3,3,3,0.10869565217391304,0.48905109489051096,0.48905109489051096,0.8039617538452148,0.8618136644363403,0.5443881750106812,0.17591921985149384,0.5425053834915161,0.05165692791342735,0.26148721575737,0.4888107478618622,0.08325159549713135
4964,5,4,,,,,,,,0.0912504643201828,0.29908865690231323,0.07967042922973633,,,
4965,3,4,,,,,,,,0.15322744846343994,0.4477077126502991,0.0710909515619278,,,
4966,5,5,,,,,,,,0.17589159309864044,0.04257607087492943,0.08502687513828278,,,
4967,7,7,,,,,,,,0.02909603714942932,0.0695999264717102,0.022692719474434853,,,
4968,0,0,,,,,,,,0.6844116449356079,0.7078942656517029,0.5678510069847107,,,
4969,1,1,,,,,,,,0.34822702407836914,0.17309924960136414,0.25695058703422546,,,
4970,2,2,,,,,,,,0.554000973701477,0.3877490758895874,0.7678665518760681,,,
4971,9,9,,,,,,,,0.3948143720626831,0.23568391799926758,0.389026939868927,,,
4972,8,8,,,,,,,,0.5067318081855774,0.0779358372092247,0.09081125259399414,,,
4973,1,1,,,,,,,,0.08218607306480408,0.15478338301181793,0.10974904149770737,,,
4974,7,7,,,,,,,,0.18836709856987,0.13308362662792206,0.22895978391170502,,,
4975,3,3,,,,,,,,0.5068514943122864,0.2204674631357193,0.299222469329834,,,
4976,5,5,,,,,,,,0.34171444177627563,0.07067780941724777,0.22509101033210754,,,
4977,9,9,,,,,,,,0.40472114086151123,0.052504390478134155,0.2449444681406021,,,
4978,1,1,,,,,,,,0.13294661045074463,0.17973710596561432,0.14979079365730286,,,
4979,9,9,,,,,,,,0.5922531485557556,0.2544082701206207,0.16407106816768646,,,
4980,1,1,,,,,,,,0.31058475375175476,0.16029232740402222,0.07125595957040787,,,
4981,1,1,,,,,,,,0.3892134726047516,0.0699254497885704,0.2760928273200989,,,
4982,3,3,,,,,,,,0.06015852093696594,0.48132744431495667,0.06650608032941818,,,
4983,6,6,,,,,,,,0.06461714953184128,0.49459850788116455,0.08029676973819733,,,
4984,7,7,,,,,,,,0.03281867131590843,0.06877800077199936,0.12502111494541168,,,
4985,4,4,,,,,,,,0.344105064868927,0.23229160904884338,0.21067720651626587,,,
4986,8,8,8,0.9615384615384616,0.7739130434782608,0.3783783783783784,0.9958900213241577,0.9582074880599976,0.8209038972854614,0.10386309772729874,0.11260005086660385,0.24879726767539978,0.1686081439256668,0.15856225788593292,0.2082236409187317
4987,3,3,,,,,,,,0.3180031180381775,0.2626379728317261,0.26341405510902405,,,
4988,5,5,,,,,,,,0.19446834921836853,0.1740294247865677,0.10134769976139069,,,
4989,6,6,,,,,,,,0.1031038835644722,0.5553194880485535,0.12161397188901901,,,
4990,7,5,,,,,,,,0.22455492615699768,0.10322225093841553,0.03345686197280884,,,
4991,0,0,,,,,,,,0.5523636341094971,0.18861500918865204,0.7435227632522583,,,
4992,1,1,,,,,,,,0.5677262544631958,0.2876127064228058,0.288074254989624,,,
4993,7,0,,,,,,,,0.6712208986282349,0.3095885217189789,0.8477985858917236,,,
4994,7,7,,,,,,,,0.3166247010231018,0.20512697100639343,0.40936779975891113,,,
4995,2,2,3,0.5454545454545454,0.3783783783783784,0.275,0.8892801403999329,0.743705153465271,0.6499121189117432,0.1881139576435089,0.04824616387486458,0.2630573809146881,0.19952207803726196,0.009945118799805641,0.3784889876842499
4996,3,3,,,,,,,,0.2312014251947403,0.10335975140333176,0.048043590039014816,,,
4997,3,2,,,,,,,,0.2555398643016815,0.17400714755058289,0.14994168281555176,,,
4998,5,5,6,0.5,0.4166666666666667,0.4676258992805755,0.8579766750335693,0.8577011823654175,0.5479521751403809,0.05459911376237869,0.03658417612314224,0.01820984296500683,0.01416452694684267,0.01660090684890747,0.010153209790587425
4999,1,1,,,,,,,,0.301179438829422,0.04141579568386078,0.23837165534496307,,,
5000,7,7,,,,,,,,0.3131538927555084,0.1934005618095398,0.3765012323856354,,,
5001,6,6,,,,,,,,0.24101881682872772,0.5264785289764404,0.13747644424438477,,,
5002,8,8,,,,,,,,0.49821600317955017,0.24487143754959106,0.14326702058315277,,,
5003,4,4,4,0.6721311475409836,0.5111111111111111,0.59375,0.9717406630516052,0.7572001218795776,0.6228557825088501,0.1018809899687767,0.24523070454597473,0.1915549486875534,0.0858210027217865,0.26856759190559387,0.14419442415237427
5004,4,4,,,,,,,,0.2873125970363617,0.34313341975212097,0.1733841449022293,,,
5005,5,5,,,,,,,,0.36989372968673706,0.04678437113761902,0.23230288922786713,,,
5006,7,7,7,0.6859504132231405,0.7894736842105263,0.5,0.9880730509757996,0.9333957433700562,0.8496296405792236,0.033587101846933365,0.029178041964769363,0.08428017050027847,0.06557207554578781,0.031935982406139374,0.09831180423498154
5007,3,3,,,,,,,,0.32328543066978455,0.15810322761535645,0.3399868309497833,,,
5008,4,4,,,,,,,,0.06828930228948593,0.30432966351509094,0.25791341066360474,,,
5009,7,7,2,0.07936507936507936,0.48905109489051096,0.3509933774834437,0.713571310043335,0.8443759679794312,0.742898166179657,0.03174801170825958,0.06344279646873474,0.05700070038437843,0.04810308292508125,0.015890417620539665,0.00012470401998143643
5010,7,7,,,,,,,,0.2399049550294876,0.2179209142923355,0.1633511632680893,,,
5011,3,3,,,,,,,,0.14914116263389587,0.31415385007858276,0.453227162361145,,,
5012,6,6,,,,,,,,0.309392511844635,0.6179380416870117,0.12436473369598389,,,
5013,0,0,2,0.7586206896551724,0.632,0.25925925925925924,0.9339677095413208,0.9172306060791016,0.634535551071167,0.1356247067451477,0.31371256709098816,0.6290608048439026,0.06874921917915344,0.17920030653476715,0.31095466017723083
5014,7,7,,,,,,,,0.36172714829444885,0.3601376712322235,0.34013399481773376,,,
5015,2,2,,,,,,,,0.690016508102417,0.2599480152130127,0.38984715938568115,,,
5016,6,6,,,,,,,,0.268025279045105,0.40241315960884094,0.25211194157600403,,,
5017,7,7,,,,,,,,0.07830659300088882,0.03482600674033165,0.07525263726711273,,,
5018,4,4,,,,,,,,0.25012287497520447,0.15339188277721405,0.21098534762859344,,,
5019,1,1,,,,,,,,0.3493507504463196,0.17163455486297607,0.25462019443511963,,,
5020,8,8,,,,,,,,0.4894682466983795,0.07595560699701309,0.34610864520072937,,,
5021,0,0,,,,,,,,0.7615059614181519,0.5487432479858398,0.7409778833389282,,,
5022,2,2,,,,,,,,0.1770198792219162,0.09712398797273636,0.2252727448940277,,,
5023,2,2,,,,,,,,0.2929705083370209,0.23430132865905762,0.12042681872844696,,,
5024,1,1,,,,,,,,0.5358977913856506,0.09524321556091309,0.3329864740371704,,,
5025,5,5,,,,,,,,0.17948810756206512,0.09600074589252472,0.14031893014907837,,,
5026,4,4,,,,,,,,0.26346346735954285,0.5164304375648499,0.4270178973674774,,,
5027,0,0,,,,,,,,0.5112080574035645,0.807186484336853,0.7698022723197937,,,
5028,9,9,,,,,,,,0.2506011426448822,0.07838841527700424,0.13278476893901825,,,
5029,3,3,,,,,,,,0.6348856091499329,0.562933087348938,0.5944260358810425,,,
5030,4,0,,,,,,,,0.5163999795913696,0.5219148397445679,0.8395712971687317,,,
5031,4,4,4,0.5813953488372093,0.6190476190476191,0.18604651162790697,0.9841787815093994,0.8862684965133667,0.2165692150592804,0.04315103217959404,0.2633686661720276,0.025989722460508347,0.026091406121850014,0.04970180615782738,0.041736140847206116
5032,2,2,,,,,,,,0.4413706064224243,0.2403012067079544,0.4731626510620117,,,
5033,3,3,,,,,,,,0.3262898325920105,0.2892553508281708,0.21788430213928223,,,
5034,8,8,0,0.23636363636363636,0.4782608695652174,0.6859504132231405,0.20711547136306763,0.7601392269134521,0.665462851524353,0.05400336533784866,0.03141321986913681,0.027522731572389603,0.1672321856021881,0.004516021814197302,0.0009423720184713602
5035,5,5,,,,,,,,0.5179140567779541,0.09319460391998291,0.26644423604011536,,,
5036,0,0,,,,,,,,0.5187160968780518,0.35045889019966125,0.6709686517715454,,,
5037,0,0,,,,,,,,0.3405451774597168,0.38218235969543457,0.9621407985687256,,,
5038,4,4,,,,,,,,0.23732031881809235,0.17216373980045319,0.37376970052719116,,,
5039,6,6,,,,,,,,0.2838062345981598,0.672642707824707,0.163142591714859,,,
5040,3,3,,,,,,,,0.07293238490819931,0.13324353098869324,0.10159903019666672,,,
5041,9,9,,,,,,,,0.21013157069683075,0.14961904287338257,0.1363566815853119,,,
5042,2,2,,,,,,,,0.8473497033119202,0.19058768451213837,0.3621087074279785,,,
5043,0,0,,,,,,,,0.75818932056427,0.28863009810447693,0.41204264760017395,,,
5044,5,5,,,,,,,,0.1254940927028656,0.09435451030731201,0.21942652761936188,,,
5045,7,7,,,,,,,,0.13371717929840088,0.19125857949256897,0.15356281399726868,,,
5046,5,5,,,,,,,,0.21707876026630402,0.30078405141830444,0.06097334995865822,,,
5047,5,5,5,0.4166666666666667,0.43661971830985913,0.2289156626506024,0.929949164390564,0.9094595909118652,0.20334219932556152,0.4819681644439697,0.14802072942256927,0.03117486461997032,0.2785036563873291,0.26305198669433594,0.038942255079746246
5048,1,1,,,,,,,,0.16742339730262756,0.12155827134847641,0.10034551471471786,,,
5049,7,7,,,,,,,,0.3691685199737549,0.23518896102905273,0.17375589907169342,,,
5050,3,3,,,,,,,,0.2762434482574463,0.33581194281578064,0.15238982439041138,,,
5051,1,1,,,,,,,,0.14541997015476227,0.09325071424245834,0.3243653178215027,,,
5052,6,6,,,,,,,,0.3872298002243042,0.4471071660518646,0.14298374950885773,,,
5053,7,7,0,0.05128205128205128,0.3691275167785235,0.36,0.4067727327346802,0.7590383291244507,0.5177333950996399,0.016562385484576225,0.014619382098317146,0.037301477044820786,0.16225865483283997,0.005362967029213905,0.07844114303588867
5054,9,9,,,,,,,,0.3792484700679779,0.33162808418273926,0.5105214715003967,,,
5055,0,0,,,,,,,,0.39604899287223816,0.42551252245903015,0.7950720191001892,,,
5056,1,1,,,,,,,,0.03471626341342926,0.06432194262742996,0.03055564872920513,,,
5057,2,2,,,,,,,,0.5750901699066162,0.31538572907447815,0.3077893555164337,,,
5058,1,1,,,,,,,,0.26986438035964966,0.27522289752960205,0.23531685769557953,,,
5059,4,4,,,,,,,,0.16594287753105164,0.06380437314510345,0.3039592504501343,,,
5060,6,6,,,,,,,,0.1332208663225174,0.5468062162399292,0.16230158507823944,,,
5061,1,1,,,,,,,,0.24066780507564545,0.14940212666988373,0.3463992774486542,,,
5062,5,5,,,,,,,,0.3231244683265686,0.09418459981679916,0.17437392473220825,,,
5063,9,9,,,,,,,,0.049393974244594574,0.07655482739210129,0.09861640632152557,,,
5064,5,5,,,,,,,,0.5330720543861389,0.03661775216460228,0.2557072043418884,,,
5065,0,0,,,,,,,,0.6599048376083374,0.4255020022392273,0.7186028957366943,,,
5066,4,4,,,,,,,,0.35886940360069275,0.23236089944839478,0.5169405937194824,,,
5067,9,9,,,,,,,,0.1431073695421219,0.18868103623390198,0.22239071130752563,,,
5068,4,5,,,,,,,,0.26396411657333374,0.03736850619316101,0.07279660552740097,,,
5069,9,9,,,,,,,,0.09318544715642929,0.02723785676062107,0.07210618257522583,,,
5070,7,7,5,0.0,0.4166666666666667,0.24390243902439024,0.2309684008359909,0.8310396671295166,0.2864531874656677,0.04010443761944771,0.029181992635130882,0.0626005008816719,0.05484314262866974,0.004016845487058163,0.0037404706235975027
5071,1,1,,,,,,,,0.09191471338272095,0.11293229460716248,0.17043444514274597,,,
5072,6,6,2,0.3161290322580645,0.5572519083969466,0.43661971830985913,0.7145838737487793,0.8387559056282043,0.521672248840332,0.06735775619745255,0.6197704076766968,0.05364757031202316,0.018845437094569206,0.38292598724365234,0.010882691480219364
5073,8,8,,,,,,,,0.5069348812103271,0.20720483362674713,0.4490179121494293,,,
5074,0,3,,,,,,,,0.10543309897184372,0.2821621596813202,0.0818275734782219,,,
5075,6,6,,,,,,,,0.13608144223690033,0.5678474307060242,0.16893434524536133,,,
5076,5,5,,,,,,,,0.42801734805107117,0.05785509943962097,0.12397811561822891,,,
5077,0,0,2,0.8214285714285714,0.6062992125984252,0.04081632653061224,0.9875226616859436,0.8722450733184814,0.3990062475204468,0.3258998692035675,0.6487867832183838,0.8298567533493042,0.315623939037323,0.5362764596939087,0.5057122707366943
5078,8,8,,,,,,,,0.5907378792762756,0.14851145446300507,0.3399339020252228,,,
5079,1,1,,,,,,,,0.23031672835350037,0.18237757682800293,0.28402552008628845,,,
5080,7,7,,,,,,,,0.20541977882385254,0.12283574789762497,0.28967440128326416,,,
5081,5,5,,,,,,,,0.1435571312904358,0.08502820134162903,0.02835826389491558,,,
5082,6,6,,,,,,,,0.2522192597389221,0.23388975858688354,0.17778992652893066,,,
5083,9,9,,,,,,,,0.427625834941864,0.4319697320461273,0.37503060698509216,,,
5084,3,3,7,0.4782608695652174,0.3246753246753247,0.09090909090909091,0.6719952821731567,0.7326837778091431,0.3206509053707123,0.07645947486162186,0.2834876775741577,0.2383270412683487,0.052303604781627655,0.18497145175933838,0.19353191554546356
5085,2,2,,,,,,,,0.38406139612197876,0.06119953840970993,0.3912197947502136,,,
5086,3,3,,,,,,,,0.05126132816076279,0.2939014434814453,0.030435748398303986,,,
5087,9,9,,,,,,,,0.29944050312042236,0.18725672364234924,0.2572731077671051,,,
5088,8,8,,,,,,,,0.202787846326828,0.036215897649526596,0.12300105392932892,,,
5089,6,6,,,,,,,,0.15327274799346924,0.4651537537574768,0.13003109395503998,,,
5090,1,1,,,,,,,,0.4913676083087921,0.23563838005065918,0.3142867982387543,,,
5091,0,0,,,,,,,,0.3384020924568176,0.6633123755455017,0.5390579700469971,,,
5092,9,9,,,,,,,,0.04265826568007469,0.2367399036884308,0.13761156797409058,,,
5093,0,6,,,,,,,,0.06283552199602127,0.15702028572559357,0.2034115344285965,,,
5094,9,9,,,,,,,,0.42469432950019836,0.12544414401054382,0.2977987825870514,,,
5095,8,8,,,,,,,,0.8137288093566895,0.23191995918750763,0.2731691002845764,,,
5096,7,7,,,,,,,,0.1886119693517685,0.09174217283725739,0.0793159231543541,,,
5097,7,7,,,,,,,,0.1748080551624298,0.19159869849681854,0.09258446842432022,,,
5098,5,2,,,,,,,,0.23056140542030334,0.344635546207428,0.1794416457414627,,,
5099,2,2,,,,,,,,0.5074663162231445,0.18245433270931244,0.4273293614387512,,,
5100,3,3,,,,,,,,0.26395562291145325,0.5439233779907227,0.4707361161708832,,,
5101,5,5,,,,,,,,0.2741318345069885,0.07119910418987274,0.1383836269378662,,,
5102,5,3,,,,,,,,0.11648432165384293,0.05131203681230545,0.02772543951869011,,,
5103,7,7,,,,,,,,0.09093429148197174,0.025745371356606483,0.06559839099645615,,,
5104,8,8,,,,,,,,0.26456236839294434,0.1858900934457779,0.25863632559776306,,,
5105,7,7,,,,,,,,0.4514722228050232,0.3311687707901001,0.23791104555130005,,,
5106,6,6,6,0.632,0.4166666666666667,0.59375,0.9601174592971802,0.8641822338104248,0.6193557977676392,0.043749257922172546,0.20829133689403534,0.028147269040346146,0.026624463498592377,0.17118695378303528,0.018012890592217445
5107,9,9,,,,,,,,0.17211978137493134,0.06940462440252304,0.15480071306228638,,,
5108,1,1,,,,,,,,0.5607320070266724,0.15709596872329712,0.18517258763313293,,,
5109,9,9,,,,,,,,0.10322123765945435,0.07457122206687927,0.10002762824296951,,,
5110,8,8,,,,,,,,0.5078751444816589,0.18416455388069153,0.32690370082855225,,,
5111,6,6,,,,,,,,0.23382747173309326,0.37479686737060547,0.08875669538974762,,,
5112,5,5,5,0.5692307692307692,0.6721311475409836,0.25925925925925924,0.9691222310066223,0.9258100390434265,0.6084445118904114,0.09203658998012543,0.03679659217596054,0.034115470945835114,0.06062225624918938,0.05952518805861473,0.07599958032369614
5113,6,6,,,,,,,,0.14512492716312408,0.18761217594146729,0.10423523187637329,,,
5114,7,7,,,,,,,,0.27707549929618835,0.10190735757350922,0.24592195451259613,,,
5115,5,5,3,0.5223880597014925,0.6721311475409836,0.0851063829787234,0.7681046724319458,0.8873403668403625,0.44367098808288574,0.1327415406703949,0.04252573102712631,0.03305253013968468,0.049171265214681625,0.005272515118122101,0.0035746016073971987
5116,6,6,,,,,,,,0.16170431673526764,0.5659276843070984,0.2456686645746231,,,
5117,7,7,,,,,,,,0.07359898835420609,0.029409833252429962,0.13449008762836456,,,
5118,2,2,,,,,,,,0.08050800114870071,0.08617903292179108,0.1283777952194214,,,
5119,5,0,,,,,,,,0.3142060339450836,0.4635525345802307,0.8422626852989197,,,
5120,9,9,,,,,,,,0.2668272852897644,0.38660377264022827,0.2136842906475067,,,
5121,6,6,,,,,,,,0.616269052028656,0.5971729159355164,0.19419588148593903,,,
5122,6,6,,,,,,,,0.04901309683918953,0.318945974111557,0.08091726154088974,,,
5123,7,7,7,0.632,0.48905109489051096,0.2670807453416149,0.9455451965332031,0.8211610317230225,0.41217654943466187,0.15836602449417114,0.06247243657708168,0.31445884704589844,0.15332245826721191,0.11950545012950897,0.3395083248615265
5124,0,0,,,,,,,,0.6642106175422668,0.6586676836013794,0.8033689260482788,,,
5125,1,1,,,,,,,,0.3425463140010834,0.049182306975126266,0.16662847995758057,,,
5126,0,0,,,,,,,,0.5148289799690247,0.28448134660720825,0.7564387917518616,,,
5127,1,1,,,,,,,,0.5053830146789551,0.25120651721954346,0.4675857424736023,,,
5128,3,3,,,,,,,,0.052072491496801376,0.08426698297262192,0.24858041107654572,,,
5129,2,2,2,0.9428571428571428,0.7894736842105263,0.7894736842105263,0.9965533018112183,0.9578304290771484,0.6606435179710388,0.3175373673439026,0.2852550446987152,0.07031360268592834,0.2920089662075043,0.283453106880188,0.04888921603560448
5130,5,3,,,,,,,,0.03375132754445076,0.22611413896083832,0.15883181989192963,,,
5131,6,6,,,,,,,,0.25496503710746765,0.32685133814811707,0.21386751532554626,,,
5132,1,1,,,,,,,,0.30813947319984436,0.23149007558822632,0.3732345700263977,,,
5133,2,2,,,,,,,,0.6913657188415527,0.5460056066513062,0.8005253672599792,,,
5134,5,5,,,,,,,,0.28457751870155334,0.04124029725790024,0.08341661840677261,,,
5135,1,1,,,,,,,,0.4544559419155121,0.21888458728790283,0.20025527477264404,,,
5136,9,9,,,,,,,,0.35247787833213806,0.3874971270561218,0.4591677486896515,,,
5137,9,9,,,,,,,,0.22336532175540924,0.2562462389469147,0.12150481343269348,,,
5138,8,8,0,0.18604651162790697,0.3161290322580645,0.29936305732484075,0.5401132106781006,0.6900795698165894,0.4939136803150177,0.532073438167572,0.10606826096773148,0.04561784490942955,0.1373106688261032,0.05134138464927673,0.0042377677746117115
5139,6,6,,,,,,,,0.0960506871342659,0.3402453660964966,0.1329415887594223,,,
5140,8,8,,,,,,,,0.6608257293701172,0.25705549120903015,0.17587842047214508,,,
5141,6,3,,,,,,,,0.09392938017845154,0.11505579948425293,0.05888605862855911,,,
5142,8,8,,,,,,,,0.4132210910320282,0.08578500151634216,0.16148672997951508,,,
5143,9,9,,,,,,,,0.28983986377716064,0.29662787914276123,0.31914883852005005,,,
5144,0,0,,,,,,,,0.3267497420310974,0.6188092231750488,0.6260004639625549,,,
5145,4,4,,,,,,,,0.28070753812789917,0.2690891921520233,0.5627081394195557,,,
5146,0,0,,,,,,,,0.14367975294589996,0.17950578033924103,0.5242061018943787,,,
5147,3,3,,,,,,,,0.2547023296356201,0.5786230564117432,0.12719538807868958,,,
5148,3,3,,,,,,,,0.32715895771980286,0.3921000063419342,0.6139039397239685,,,
5149,6,6,,,,,,,,0.5085893273353577,0.7060659527778625,0.16639329493045807,,,
5150,4,4,,,,,,,,0.2489320933818817,0.44129669666290283,0.38525909185409546,,,
5151,9,5,,,,,,,,0.048565059900283813,0.041678305715322495,0.019922729581594467,,,
5152,9,9,,,,,,,,0.07296518981456757,0.22126567363739014,0.0450281985104084,,,
5153,7,7,,,,,,,,0.23840117454528809,0.07883638143539429,0.18141287565231323,,,
5154,2,2,,,,,,,,0.4869871437549591,0.15162840485572815,0.4383287727832794,,,
5155,3,3,3,0.5572519083969466,0.3691275167785235,0.1657142857142857,0.9613245725631714,0.9018787741661072,0.16199703514575958,0.3112780749797821,0.4721786081790924,0.3333866596221924,0.31518280506134033,0.3649153411388397,0.15841864049434662
5156,5,5,,,,,,,,0.27936747670173645,0.027513332664966583,0.09977170079946518,,,
5157,6,6,,,,,,,,0.25717881321907043,0.373482882976532,0.1715545654296875,,,
5158,4,4,,,,,,,,0.25348764657974243,0.4650765657424927,0.12485244870185852,,,
5159,6,6,,,,,,,,0.35330328345298767,0.3346242308616638,0.08698616176843643,,,
5160,0,0,,,,,,,,0.6900864839553833,0.6108560562133789,0.9231348037719727,,,
5161,3,3,,,,,,,,0.21511156857013702,0.13595052063465118,0.11508379876613617,,,
5162,7,7,,,,,,,,0.0609392449259758,0.031227976083755493,0.08095304667949677,,,
5163,5,5,2,0.7894736842105263,0.5,0.6721311475409836,0.8951675891876221,0.8831098675727844,0.6544444561004639,0.062204375863075256,0.06424662470817566,0.04215628281235695,0.0076776840724051,0.027174942195415497,0.006199721246957779
5164,0,0,,,,,,,,0.38965052366256714,0.3768456280231476,0.7836117744445801,,,
5165,2,2,,,,,,,,0.17656336724758148,0.0866728350520134,0.2809668183326721,,,
5166,9,9,,,,,,,,0.02947329729795456,0.01737305335700512,0.020195044577121735,,,
5167,2,2,,,,,,,,0.6150544285774231,0.25122326612472534,0.48441246151924133,,,
5168,7,7,,,,,,,,0.4794766902923584,0.07889518141746521,0.13721296191215515,,,
5169,2,2,,,,,,,,0.5268403887748718,0.14882884919643402,0.3078671395778656,,,
5170,9,9,,,,,,,,0.2380119413137436,0.2037929743528366,0.2026449292898178,,,
5171,2,2,,,,,,,,0.3290758728981018,0.29888617992401123,0.40536433458328247,,,
5172,4,4,,,,,,,,0.14075715839862823,0.14378894865512848,0.20733796060085297,,,
5173,0,0,,,,,,,,0.5202715992927551,0.45058324933052063,0.4090443253517151,,,
5174,6,6,,,,,,,,0.5406177043914795,0.3755256235599518,0.09456115961074829,,,
5175,6,6,,,,,,,,0.2061692476272583,0.6509190797805786,0.1353546679019928,,,
5176,3,9,,,,,,,,0.08830160647630692,0.16709621250629425,0.10836007446050644,,,
5177,4,3,,,,,,,,0.13680575788021088,0.13274361193180084,0.061063408851623535,,,
5178,5,5,,,,,,,,0.0930919200181961,0.061983175575733185,0.1216878816485405,,,
5179,5,5,3,0.5111111111111111,0.44680851063829785,0.24390243902439024,0.7301062941551208,0.8684197664260864,0.6281640529632568,0.11982306092977524,0.08263066411018372,0.1972254067659378,0.05441536754369736,0.06789279729127884,0.14236536622047424
5180,9,9,9,0.7739130434782608,0.5111111111111111,0.5692307692307692,0.9241064786911011,0.891919732093811,0.731807291507721,0.07642391324043274,0.03437361121177673,0.037570152431726456,0.052226267755031586,0.06179707497358322,0.05622928589582443
5181,1,1,,,,,,,,0.29776740074157715,0.3533360958099365,0.1925438642501831,,,
5182,1,1,,,,,,,,0.15636995434761047,0.27525821328163147,0.18890856206417084,,,
5183,4,5,,,,,,,,0.1644587218761444,0.06055951490998268,0.15597036480903625,,,
5184,4,4,4,0.8214285714285714,0.45714285714285713,0.5338345864661654,0.9725461602210999,0.8053454756736755,0.7519083023071289,0.19177007675170898,0.13320492208003998,0.13233216106891632,0.2022591233253479,0.1459992527961731,0.08919060230255127
5185,3,3,,,,,,,,0.07711654901504517,0.15626804530620575,0.07446945458650589,,,
5186,5,5,,,,,,,,0.1625886708498001,0.038701221346855164,0.03311167284846306,,,
5187,4,4,,,,,,,,0.08480808883905411,0.21838781237602234,0.21592535078525543,,,
5188,8,8,,,,,,,,0.6688650250434875,0.5777533054351807,0.2750398814678192,,,
5189,0,0,,,,,,,,0.15444813668727875,0.4272701144218445,0.8510613441467285,,,
5190,0,0,,,,,,,,0.6004467010498047,0.26850831508636475,0.9807713031768799,,,
5191,3,5,,,,,,,,0.04148390144109726,0.03889116644859314,0.045693911612033844,,,
5192,9,9,,,,,,,,0.09438434988260269,0.2479413002729416,0.1065247654914856,,,
5193,4,4,4,0.4166666666666667,0.6451612903225806,0.24390243902439024,0.9083017110824585,0.9261700510978699,0.4168297052383423,0.04618990421295166,0.08393031358718872,0.2102193385362625,0.1527925282716751,0.1429634988307953,0.24940453469753265
5194,7,7,2,0.1724137931034483,0.4068965517241379,0.34210526315789475,0.6070458889007568,0.7791247367858887,0.6767709851264954,0.0507764033973217,0.04866227135062218,0.04323562607169151,0.004331051371991634,0.043251845985651016,0.00866277702152729
5195,4,4,,,,,,,,0.521295428276062,0.19874292612075806,0.20862098038196564,,,
5196,2,2,,,,,,,,0.37341126799583435,0.17887501418590546,0.18664495646953583,,,
5197,8,8,,,,,,,,0.7361131906509399,0.07131120562553406,0.08318904042243958,,,
5198,3,3,,,,,,,,0.18723349273204803,0.33469876646995544,0.09874027967453003,,,
5199,6,6,,,,,,,,0.13056495785713196,0.5400480628013611,0.1260477900505066,,,
5200,3,3,,,,,,,,0.13748179376125336,0.19986137747764587,0.1274135857820511,,,
5201,1,1,,,,,,,,0.3585022985935211,0.1876966655254364,0.13386905193328857,,,
5202,9,9,,,,,,,,0.2060004025697708,0.12841397523880005,0.07859481126070023,,,
5203,6,3,,,,,,,,0.09028659015893936,0.32619017362594604,0.1345508098602295,,,
5204,3,3,,,,,,,,0.2757112383842468,0.26167428493499756,0.4106614589691162,,,
5205,8,8,0,0.10869565217391304,0.3333333333333333,0.2670807453416149,0.49754247069358826,0.8250930309295654,0.42331352829933167,0.07208909094333649,0.0891781598329544,0.027162054553627968,0.002864642534404993,0.1578250676393509,0.07881297171115875
5206,3,3,3,0.6721311475409836,0.45714285714285713,0.36,0.9235620498657227,0.7865116596221924,0.5600002408027649,0.13168467581272125,0.06691043823957443,0.040297020226716995,0.08302883803844452,0.08467670530080795,0.016431476920843124
5207,8,2,,,,,,,,0.19341933727264404,0.23564662039279938,0.12475895881652832,,,
5208,4,4,,,,,,,,0.14752860367298126,0.5933404564857483,0.13531193137168884,,,
5209,7,7,,,,,,,,0.49198412895202637,0.08018258959054947,0.26963943243026733,,,
5210,5,5,,,,,,,,0.31998977065086365,0.1857767403125763,0.08665037900209427,,,
5211,7,7,,,,,,,,0.035709843039512634,0.022041022777557373,0.15999425947666168,,,
5212,5,5,,,,,,,,0.16880135238170624,0.06497611105442047,0.033115506172180176,,,
5213,3,7,,,,,,,,0.020130330696702003,0.024837935343384743,0.17007003724575043,,,
5214,1,1,,,,,,,,0.17420460283756256,0.4050414562225342,0.182734876871109,,,
5215,2,2,,,,,,,,0.3459740877151489,0.2010311484336853,0.13331496715545654,,,
5216,6,6,,,,,,,,0.13594301044940948,0.5768250823020935,0.0901762992143631,,,
5217,1,1,,,,,,,,0.5507020950317383,0.16373898088932037,0.19638577103614807,,,
5218,3,5,,,,,,,,0.0666063129901886,0.22245876491069794,0.08467929810285568,,,
5219,2,2,,,,,,,,0.47434335947036743,0.436318039894104,0.3196609914302826,,,
5220,0,0,,,,,,,,0.6136199235916138,0.46567589044570923,0.6952768564224243,,,
5221,7,7,,,,,,,,0.10761843621730804,0.3802264928817749,0.23816744983196259,,,
5222,5,5,,,,,,,,0.20324201881885529,0.08387261629104614,0.05302158743143082,,,
5223,0,0,,,,,,,,0.5549415349960327,0.5580138564109802,0.7986428141593933,,,
5224,0,3,,,,,,,,0.030314603820443153,0.06046517193317413,0.023649603128433228,,,
5225,0,0,,,,,,,,0.575225293636322,0.47418972849845886,0.7670120000839233,,,
5226,1,1,,,,,,,,0.33683472871780396,0.16576042771339417,0.18609409034252167,,,
5227,4,4,6,0.2670807453416149,0.48905109489051096,0.6190476190476191,0.7012532353401184,0.8717020750045776,0.6644811630249023,0.04384584352374077,0.08806771785020828,0.05636438727378845,0.000577510625589639,0.06664934009313583,0.0004322767781559378
5228,3,3,,,,,,,,0.3353949785232544,0.3140561580657959,0.2882709801197052,,,
5229,5,3,,,,,,,,0.24398641288280487,0.41007474064826965,0.319237619638443,,,
5230,8,8,,,,,,,,0.2686106562614441,0.06609898805618286,0.04515517130494118,,,
5231,4,4,,,,,,,,0.371554434299469,0.3186626136302948,0.34938883781433105,,,
5232,3,3,3,0.5692307692307692,0.3783783783783784,0.36,0.8945070505142212,0.8105670213699341,0.4514605700969696,0.32491230964660645,0.40144214034080505,0.04007020965218544,0.25910699367523193,0.4001346528530121,0.05625242367386818
5233,1,1,,,,,,,,0.21171437203884125,0.0438348725438118,0.057586394250392914,,,
5234,7,7,5,0.2215568862275449,0.42657342657342656,0.2830188679245283,0.6939685940742493,0.8905922174453735,0.6373432278633118,0.04019490256905556,0.10223495960235596,0.117899090051651,0.015385943464934826,0.055674608796834946,0.13192781805992126
5235,1,6,,,,,,,,0.042701173573732376,0.28153616189956665,0.02113490365445614,,,
5236,0,0,,,,,,,,0.6156701445579529,0.8342642188072205,0.8524565100669861,,,
5237,4,4,,,,,,,,0.0361030176281929,0.21129648387432098,0.10230075567960739,,,
5238,2,2,,,,,,,,0.3706618547439575,0.03532501310110092,0.24108903110027313,,,
5239,4,4,4,0.7739130434782608,0.5111111111111111,0.3877551020408163,0.9841493368148804,0.8134866952896118,0.5325397849082947,0.12439598143100739,0.06535958498716354,0.07796203345060349,0.0477013885974884,0.038173459470272064,0.06559742242097855
5240,1,1,,,,,,,,0.4728388786315918,0.2360692173242569,0.1627408117055893,,,
5241,4,4,,,,,,,,0.18028657138347626,0.11435601860284805,0.4813818037509918,,,
5242,0,0,,,,,,,,0.28869903087615967,0.404776006937027,0.9546314477920532,,,
5243,1,1,,,,,,,,0.5104002356529236,0.26131609082221985,0.17186252772808075,,,
5244,2,2,2,0.6451612903225806,0.48905109489051096,0.5692307692307692,0.9920027256011963,0.837950587272644,0.6353692412376404,0.5276116132736206,0.06362559646368027,0.22300179302692413,0.556704044342041,0.1697060912847519,0.37674111127853394
5245,1,1,,,,,,,,0.44231122732162476,0.19415989518165588,0.27606600522994995,,,
5246,7,7,,,,,,,,0.08241797983646393,0.051506225019693375,0.08236135542392731,,,
5247,7,7,,,,,,,,0.15679575502872467,0.172713965177536,0.32803910970687866,,,
5248,9,9,,,,,,,,0.08608946204185486,0.22158272564411163,0.07255510240793228,,,
5249,8,8,,,,,,,,0.20112857222557068,0.17529955506324768,0.33551910519599915,,,
5250,7,7,,,,,,,,0.33130934834480286,0.2776988744735718,0.3163074851036072,,,
5251,5,5,,,,,,,,0.2322254180908203,0.029638634994626045,0.07415033876895905,,,
5252,4,4,,,,,,,,0.28303733468055725,0.5246385931968689,0.30783796310424805,,,
5253,0,0,,,,,,,,0.5464215874671936,0.4748397767543793,0.9843509793281555,,,
5254,9,9,,,,,,,,0.5373693108558655,0.08914609253406525,0.09840788692235947,,,
5255,0,0,,,,,,,,0.46016252040863037,0.6274660229682922,0.7111960053443909,,,
5256,0,0,,,,,,,,0.5349512100219727,0.5462958216667175,0.9514759182929993,,,
5257,8,8,,,,,,,,0.35798048973083496,0.08364196866750717,0.079252690076828,,,
5258,2,2,,,,,,,,0.5673907995223999,0.24391578137874603,0.6060517430305481,,,
5259,0,0,,,,,,,,0.14785628020763397,0.49647122621536255,0.2440529614686966,,,
5260,0,0,,,,,,,,0.5354218482971191,0.5077819228172302,0.9273650646209717,,,
5261,2,2,,,,,,,,0.7713362574577332,0.19184449315071106,0.5009645223617554,,,
5262,4,4,0,0.6585365853658537,0.8053097345132744,0.2289156626506024,0.8771936893463135,0.9064578413963318,0.6878397464752197,0.29062676429748535,0.1755509227514267,0.10458637028932571,0.05447643622756004,0.04426293820142746,0.0169209036976099
5263,8,8,,,,,,,,0.2707446217536926,0.09114593267440796,0.2269166260957718,,,
5264,6,6,,,,,,,,0.2937242090702057,0.7037044763565063,0.2902214527130127,,,
5265,2,2,,,,,,,,0.43534398078918457,0.18271221220493317,0.3914407789707184,,,
5266,4,4,,,,,,,,0.11207014322280884,0.05448104813694954,0.10336881875991821,,,
5267,6,6,,,,,,,,0.5124273300170898,0.404838502407074,0.4570368230342865,,,
5268,3,3,,,,,,,,0.1843247264623642,0.2145809382200241,0.3463190197944641,,,
5269,5,5,,,,,,,,0.15415027737617493,0.0883481577038765,0.06329984217882156,,,
5270,1,1,,,,,,,,0.34616827964782715,0.3191651403903961,0.27750691771507263,,,
5271,5,5,5,0.7,0.8715596330275229,0.5813953488372093,0.9923051595687866,0.9806828498840332,0.6880974769592285,0.42040297389030457,0.05880114436149597,0.11870821565389633,0.4172482192516327,0.06625252962112427,0.36020419001579285
5272,3,3,,,,,,,,0.26848170161247253,0.5817598104476929,0.20823098719120026,,,
5273,7,7,7,0.6721311475409836,0.7,0.4166666666666667,0.9747054576873779,0.9558321833610535,0.7221909165382385,0.16645210981369019,0.013099449686706066,0.14798405766487122,0.18413549661636353,0.01923200488090515,0.07541763037443161
5274,2,2,,,,,,,,0.25586196780204773,0.1536220759153366,0.21287761628627777,,,
5275,2,2,,,,,,,,0.14534488320350647,0.11087112128734589,0.39197608828544617,,,
5276,9,9,,,,,,,,0.2683029770851135,0.1879538893699646,0.21255239844322205,,,
5277,8,8,0,0.5223880597014925,0.3691275167785235,0.4782608695652174,0.9057199954986572,0.7490760087966919,0.5997123122215271,0.11736981570720673,0.1378808617591858,0.10719412565231323,0.09916848689317703,0.06911028921604156,0.03658091649413109
5278,0,0,,,,,,,,0.26452767848968506,0.42200571298599243,0.4683839976787567,,,
5279,0,0,0,0.8545454545454545,0.6859504132231405,0.34210526315789475,0.9902383089065552,0.9164043068885803,0.4842577278614044,0.21906065940856934,0.298566073179245,0.3485007882118225,0.1474519819021225,0.29259854555130005,0.29430586099624634
5280,0,0,3,0.6721311475409836,0.4782608695652174,0.13966480446927373,0.9451985955238342,0.862849235534668,0.5614861249923706,0.57179856300354,0.3228931128978729,0.5697473287582397,0.5561519861221313,0.3182196319103241,0.5456570386886597
5281,3,3,,,,,,,,0.050782062113285065,0.5719621777534485,0.1636703759431839,,,
5282,4,4,,,,,,,,0.3568638861179352,0.5998650193214417,0.28714996576309204,,,
5283,4,4,,,,,,,,0.3213304281234741,0.4493861496448517,0.08824329078197479,,,
5284,6,6,,,,,,,,0.21650385856628418,0.4240514934062958,0.08632980287075043,,,
5285,1,1,,,,,,,,0.452866792678833,0.13808898627758026,0.43096107244491577,,,
5286,6,6,,,,,,,,0.17721368372440338,0.5691252946853638,0.20207464694976807,,,
5287,7,7,7,0.7586206896551724,0.632,0.6721311475409836,0.9898900985717773,0.9007630348205566,0.7566810846328735,0.025113042443990707,0.021981755271553993,0.028328079730272293,0.044318538159132004,0.033233366906642914,0.05747590214014053
5288,4,4,,,,,,,,0.1678224503993988,0.22890082001686096,0.17782479524612427,,,
5289,4,4,,,,,,,,0.1498422771692276,0.5707923173904419,0.1559976041316986,,,
5290,3,3,,,,,,,,0.16342297196388245,0.4702228605747223,0.06895936280488968,,,
5291,9,9,,,,,,,,0.42374855279922485,0.19482551515102386,0.3175681531429291,,,
5292,4,7,,,,,,,,0.1499878466129303,0.29980406165122986,0.2116539627313614,,,
5293,0,0,,,,,,,,0.5864673852920532,0.36914312839508057,0.665184497833252,,,
5294,8,8,,,,,,,,0.46001023054122925,0.16268038749694824,0.0832214206457138,,,
5295,0,0,,,,,,,,0.36847764253616333,0.6769165992736816,0.6500899195671082,,,
5296,4,4,,,,,,,,0.24833302199840546,0.06287647783756256,0.16467836499214172,,,
5297,6,6,,,,,,,,0.09378532320261002,0.3487979769706726,0.039555344730615616,,,
5298,5,5,,,,,,,,0.3869115710258484,0.06807668507099152,0.35832539200782776,,,
5299,7,7,,,,,,,,0.27740252017974854,0.1304696500301361,0.2914106845855713,,,
5300,9,9,,,,,,,,0.4272501766681671,0.1534411907196045,0.35948941111564636,,,
5301,7,7,,,,,,,,0.381711483001709,0.17755365371704102,0.27178749442100525,,,
5302,0,0,,,,,,,,0.2403019517660141,0.18801328539848328,0.5613358020782471,,,
5303,5,5,,,,,,,,0.21433043479919434,0.0470166839659214,0.21896833181381226,,,
5304,7,7,,,,,,,,0.12582248449325562,0.0769110694527626,0.18240013718605042,,,
5305,7,7,4,0.5813953488372093,0.4676258992805755,0.4068965517241379,0.8853098154067993,0.8505068421363831,0.551775336265564,0.035535696893930435,0.06092892587184906,0.10978308320045471,0.006799823604524136,0.052446991205215454,0.010344675742089748
5306,3,3,,,,,,,,0.6097816228866577,0.2784762680530548,0.3970065116882324,,,
5307,1,1,,,,,,,,0.21224328875541687,0.22373495995998383,0.11584120988845825,,,
5308,9,9,,,,,,,,0.5066773891448975,0.1377027928829193,0.13091883063316345,,,
5309,3,3,,,,,,,,0.16081476211547852,0.631935715675354,0.3351224362850189,,,
5310,0,0,2,0.3246753246753247,0.5111111111111111,0.13333333333333333,0.8285739421844482,0.841973602771759,0.39366140961647034,0.07864633202552795,0.32411032915115356,0.6069910526275635,0.17168903350830078,0.15891683101654053,0.017437877133488655
5311,9,9,,,,,,,,0.1767755001783371,0.1188385859131813,0.25346899032592773,,,
5312,5,5,,,,,,,,0.5514528751373291,0.08374464511871338,0.21482998132705688,,,
5313,3,3,,,,,,,,0.22109101712703705,0.41672343015670776,0.13901254534721375,,,
5314,7,7,,,,,,,,0.12842702865600586,0.07976793497800827,0.12678967416286469,,,
5315,9,9,,,,,,,,0.27484720945358276,0.15189427137374878,0.31115201115608215,,,
5316,4,4,,,,,,,,0.12855106592178345,0.3047845959663391,0.10287095606327057,,,
5317,4,4,,,,,,,,0.314797967672348,0.15937146544456482,0.2411106377840042,,,
5318,1,1,,,,,,,,0.021367298439145088,0.04097297042608261,0.1292811930179596,,,
5319,7,7,,,,,,,,0.2244628518819809,0.16848652064800262,0.175284281373024,,,
5320,7,7,,,,,,,,0.228314608335495,0.1431131213903427,0.24229562282562256,,,
5321,1,1,,,,,,,,0.12094901502132416,0.10089759528636932,0.1730661243200302,,,
5322,4,4,,,,,,,,0.27063924074172974,0.3830021619796753,0.4425477385520935,,,
5323,1,1,,,,,,,,0.4542321264743805,0.16344209015369415,0.5287965536117554,,,
5324,2,2,0,0.7894736842105263,0.7,0.21428571428571427,0.9906001687049866,0.8722659349441528,0.5639240741729736,0.22400033473968506,0.03807486966252327,0.019065042957663536,0.11799082905054092,0.02644197642803192,0.018068062141537666
5325,8,8,,,,,,,,0.4863262176513672,0.41069290041923523,0.2321147918701172,,,
5326,7,7,,,,,,,,0.31129929423332214,0.030055450275540352,0.5566136837005615,,,
5327,0,0,,,,,,,,0.36427515745162964,0.5194034576416016,0.7062080502510071,,,
5328,0,0,,,,,,,,0.4316140115261078,0.38547638058662415,0.9590162038803101,,,
5329,4,4,,,,,,,,0.09579399228096008,0.2919938266277313,0.20695675909519196,,,
5330,7,3,,,,,,,,0.2298562228679657,0.1656772643327713,0.09039903432130814,,,
5331,2,2,,,,,,,,0.34178856015205383,0.25075697898864746,0.5457578897476196,,,
5332,9,9,,,,,,,,0.1503308266401291,0.1597708761692047,0.2615824043750763,,,
5333,7,7,,,,,,,,0.35476863384246826,0.2087293416261673,0.22306188941001892,,,
5334,6,6,,,,,,,,0.06031331419944763,0.5565473437309265,0.11596651375293732,,,
5335,9,9,,,,,,,,0.08429942280054092,0.41228872537612915,0.036713775247335434,,,
5336,3,3,,,,,,,,0.48210233449935913,0.3730115294456482,0.3200235962867737,,,
5337,5,5,3,0.4676258992805755,0.3783783783783784,0.3246753246753247,0.9292643070220947,0.874470591545105,0.2176021784543991,0.2827029526233673,0.14209969341754913,0.08902286738157272,0.15275008976459503,0.06670965999364853,0.08748270571231842
5338,8,8,,,,,,,,0.45498982071876526,0.039213720709085464,0.1429302841424942,,,
5339,0,0,,,,,,,,0.4204775094985962,0.5449202060699463,0.7828544974327087,,,
5340,3,4,,,,,,,,0.2026100754737854,0.25737375020980835,0.2270035743713379,,,
5341,6,6,,,,,,,,0.10769326239824295,0.4087350368499756,0.08023176342248917,,,
5342,8,8,,,,,,,,0.7170217633247375,0.043458279222249985,0.24985061585903168,,,
5343,3,3,,,,,,,,0.24348720908164978,0.4660409688949585,0.3199913203716278,,,
5344,2,2,,,,,,,,0.39666488766670227,0.08649126440286636,0.24129916727542877,,,
5345,4,4,,,,,,,,0.15473052859306335,0.16219617426395416,0.2894453704357147,,,
5346,7,7,,,,,,,,0.14574576914310455,0.06871840357780457,0.1818818747997284,,,
5347,1,1,,,,,,,,0.37200742959976196,0.16040346026420593,0.12702593207359314,,,
5348,1,1,,,,,,,,0.49108728766441345,0.48461177945137024,0.20504482090473175,,,
5349,3,3,,,,,,,,0.16501611471176147,0.1329859346151352,0.3921845257282257,,,
5350,9,9,,,,,,,,0.3556758761405945,0.1978810429573059,0.22282378375530243,,,
5351,7,7,,,,,,,,0.36730390787124634,0.1816941797733307,0.5049309730529785,,,
5352,5,2,,,,,,,,0.5229291915893555,0.0889805257320404,0.08859625458717346,,,
5353,1,1,,,,,,,,0.3435570299625397,0.09901154786348343,0.3329874873161316,,,
5354,0,0,,,,,,,,0.6664016246795654,0.4722222089767456,0.9614521265029907,,,
5355,8,8,,,,,,,,0.5092263221740723,0.18861445784568787,0.2578093707561493,,,
5356,7,7,,,,,,,,0.4135408401489258,0.09299079328775406,0.14587906002998352,,,
5357,0,0,,,,,,,,0.40050366520881653,0.42068156599998474,0.7222903966903687,,,
5358,1,1,,,,,,,,0.20466789603233337,0.27242934703826904,0.13292770087718964,,,
5359,6,6,,,,,,,,0.22491686046123505,0.618750274181366,0.1498395800590515,,,
5360,9,9,,,,,,,,0.2358282059431076,0.5615244507789612,0.22962895035743713,,,
5361,3,3,3,0.44680851063829785,0.5111111111111111,0.0851063829787234,0.9151907563209534,0.886906087398529,0.2533836364746094,0.038622111082077026,0.1467769891023636,0.026202421635389328,0.06111639738082886,0.05066101625561714,0.029533548280596733
5362,2,2,,,,,,,,0.536922037601471,0.2539795935153961,0.41261377930641174,,,
5363,7,7,,,,,,,,0.3824083209037781,0.2703517973423004,0.37716180086135864,,,
5364,7,7,,,,,,,,0.2664356529712677,0.10761642456054688,0.24082468450069427,,,
5365,8,8,,,,,,,,0.4288022518157959,0.1510004848241806,0.45246216654777527,,,
5366,1,7,,,,,,,,0.1316147744655609,0.02512543275952339,0.016746191307902336,,,
5367,0,0,2,0.0967741935483871,0.7142857142857143,0.19298245614035087,0.7713982462882996,0.9218984842300415,0.14083349704742432,0.5187684893608093,0.6836984157562256,0.7014676928520203,0.7767586708068848,0.6511481404304504,0.3307432234287262
5368,3,3,,,,,,,,0.15288428962230682,0.24196982383728027,0.2135031521320343,,,
5369,4,5,,,,,,,,0.06715874373912811,0.14014090597629547,0.03230338916182518,,,
5370,6,6,6,0.7894736842105263,0.7142857142857143,0.4166666666666667,0.8998146653175354,0.9122893810272217,0.6543655395507812,0.08047822117805481,0.29115551710128784,0.12424779683351517,0.06352174282073975,0.1551867425441742,0.15889480710029602
5371,7,7,,,,,,,,0.17219741642475128,0.057542383670806885,0.2891334295272827,,,
5372,5,5,5,0.6585365853658537,0.5,0.7288135593220338,0.9812184572219849,0.878227949142456,0.5693666934967041,0.034632209688425064,0.03212733939290047,0.02420099824666977,0.0249423049390316,0.0197532270103693,0.019433986395597458
5373,2,2,,,,,,,,0.5642827153205872,0.06883645802736282,0.19443418085575104,,,
5374,0,0,,,,,,,,0.5739796161651611,0.3733569085597992,0.7580134868621826,,,
5375,1,1,,,,,,,,0.28165486454963684,0.0313589833676815,0.0859614759683609,,,
5376,5,5,,,,,,,,0.3430502414703369,0.07018429040908813,0.05001857876777649,,,
5377,5,5,,,,,,,,0.14384330809116364,0.07089543342590332,0.06191287562251091,,,
5378,1,1,,,,,,,,0.16145259141921997,0.15234042704105377,0.07057993859052658,,,
5379,4,4,,,,,,,,0.16684214770793915,0.12272703647613525,0.24468041956424713,,,
5380,1,1,,,,,,,,0.5272332429885864,0.09783828258514404,0.09178522974252701,,,
5381,3,3,,,,,,,,0.32709312438964844,0.38399726152420044,0.2179705649614334,,,
5382,0,0,,,,,,,,0.471733957529068,0.4356245696544647,0.8620498180389404,,,
5383,8,8,,,,,,,,0.502637505531311,0.07575783133506775,0.20760898292064667,,,
5384,6,6,,,,,,,,0.21464885771274567,0.39994242787361145,0.09163075685501099,,,
5385,2,2,,,,,,,,0.30929043889045715,0.19693922996520996,0.18685291707515717,,,
5386,1,1,,,,,,,,0.20692932605743408,0.15729524195194244,0.24126915633678436,,,
5387,3,3,3,0.7739130434782608,0.5572519083969466,0.5,0.9936701059341431,0.955794632434845,0.6328893303871155,0.21984459459781647,0.112867072224617,0.1525467187166214,0.23993857204914093,0.06844837218523026,0.10501358658075333
5388,6,3,,,,,,,,0.12086404114961624,0.19076289236545563,0.0868084579706192,,,
5389,4,4,2,0.3877551020408163,0.2670807453416149,0.07368421052631578,0.8197897672653198,0.7316746711730957,0.1880408525466919,0.22126784920692444,0.11018037050962448,0.12972652912139893,0.12077698111534119,0.2524030804634094,0.008585955947637558
5390,1,1,,,,,,,,0.42362844944000244,0.3470028340816498,0.4480018615722656,,,
5391,9,9,,,,,,,,0.382918119430542,0.19398237764835358,0.12314637750387192,,,
5392,0,0,,,,,,,,0.49783414602279663,0.48434314131736755,0.5914351940155029,,,
5393,4,4,,,,,,,,0.12288671731948853,0.22756989300251007,0.08883100003004074,,,
5394,1,1,,,,,,,,0.17670242488384247,0.15359625220298767,0.3639037013053894,,,
5395,0,0,,,,,,,,0.5075029134750366,0.5267342925071716,0.6565764546394348,,,
5396,1,1,,,,,,,,0.22267109155654907,0.23909565806388855,0.16022972762584686,,,
5397,9,9,,,,,,,,0.2931210994720459,0.10083126276731491,0.18028679490089417,,,
5398,8,0,,,,,,,,0.6025358438491821,0.259494423866272,0.6557744741439819,,,
5399,6,6,,,,,,,,0.1438121348619461,0.24774733185768127,0.054164350032806396,,,
5400,9,9,,,,,,,,0.34661924839019775,0.10071127861738205,0.0805070772767067,,,
5401,2,2,,,,,,,,0.17480330169200897,0.25067439675331116,0.08335717022418976,,,
5402,4,4,,,,,,,,0.38627204298973083,0.45848968625068665,0.32986196875572205,,,
5403,7,7,,,,,,,,0.38864704966545105,0.16611000895500183,0.24813270568847656,,,
5404,2,2,,,,,,,,0.34045687317848206,0.07616425305604935,0.37016797065734863,,,
5405,2,2,,,,,,,,0.6657850742340088,0.19880156219005585,0.2736820578575134,,,
5406,7,7,,,,,,,,0.28948286175727844,0.16250598430633545,0.21628475189208984,,,
5407,4,4,7,0.02512562814070352,0.5454545454545454,0.25153374233128833,0.6950996518135071,0.8946583271026611,0.615623950958252,0.16266225278377533,0.22937148809432983,0.0569087453186512,0.016608450561761856,0.2813650667667389,0.01741747185587883
5408,9,9,,,,,,,,0.14055511355400085,0.08184739202260971,0.06484244763851166,,,
5409,1,1,,,,,,,,0.09261207282543182,0.2281104028224945,0.29011744260787964,,,
5410,3,2,,,,,,,,0.6824846863746643,0.1341560333967209,0.24432174861431122,,,
5411,2,2,,,,,,,,0.533916175365448,0.29487472772598267,0.4020315706729889,,,
5412,6,6,,,,,,,,0.28483495116233826,0.7744846940040588,0.18166232109069824,,,
5413,3,3,3,0.8888888888888888,0.8053097345132744,0.3246753246753247,0.9989035129547119,0.9830947518348694,0.3738679587841034,0.30524110794067383,0.4670194685459137,0.42971280217170715,0.252320259809494,0.538567304611206,0.3809814453125
5414,4,4,,,,,,,,0.1337270438671112,0.15247976779937744,0.1973307877779007,,,
5415,4,4,,,,,,,,0.3853250741958618,0.20905739068984985,0.08710804581642151,,,
5416,9,9,,,,,,,,0.0763791874051094,0.045110512524843216,0.01924123615026474,,,
5417,4,4,3,0.25925925925925924,0.4782608695652174,0.43661971830985913,0.7786065936088562,0.8954946994781494,0.7115271091461182,0.07875963300466537,0.08244553208351135,0.35693228244781494,0.001524559804238379,0.027006011456251144,0.10720399767160416
5418,8,8,,,,,,,,0.5233423709869385,0.08992721885442734,0.11792559176683426,,,
5419,2,2,,,,,,,,0.38177165389060974,0.11483818292617798,0.25299426913261414,,,
5420,6,6,,,,,,,,0.21143411099910736,0.5208641886711121,0.15745803713798523,,,
5421,6,6,,,,,,,,0.13255706429481506,0.6031621694564819,0.08695428818464279,,,
5422,1,1,,,,,,,,0.2940565347671509,0.11121456325054169,0.2415442019701004,,,
5423,6,6,,,,,,,,0.6795529127120972,0.6327238082885742,0.6958774328231812,,,
5424,3,3,3,0.8378378378378378,0.632,0.0967741935483871,0.9910382032394409,0.8049447536468506,0.21888196468353271,0.443597674369812,0.2757325768470764,0.5633543729782104,0.42680495977401733,0.34995153546333313,0.3942525088787079
5425,6,6,,,,,,,,0.23338767886161804,0.48238062858581543,0.2339036613702774,,,
5426,5,5,5,0.9245283018867925,0.6721311475409836,0.5338345864661654,0.9855155944824219,0.935748815536499,0.6321477890014648,0.14746417105197906,0.045505933463573456,0.08099436014890671,0.07703547924757004,0.06120024621486664,0.2655107378959656
5427,8,8,,,,,,,,0.5667998194694519,0.14015915989875793,0.4785861074924469,,,
5428,4,4,2,0.6585365853658537,0.4068965517241379,0.3076923076923077,0.848528265953064,0.8303329944610596,0.413239061832428,0.05892067775130272,0.18059784173965454,0.41771405935287476,0.010269449092447758,0.18195712566375732,0.04856376349925995
5429,6,6,,,,,,,,0.449313223361969,0.604651927947998,0.354425847530365,,,
5430,7,7,,,,,,,,0.1999092996120453,0.16697688400745392,0.07508642226457596,,,
5431,1,1,,,,,,,,0.5653606057167053,0.3341801166534424,0.41564804315567017,,,
5432,9,9,,,,,,,,0.14584003388881683,0.3009169101715088,0.14706026017665863,,,
5433,3,3,5,0.6585365853658537,0.6721311475409836,0.030303030303030304,0.9436665773391724,0.8880163431167603,0.46538305282592773,0.13490411639213562,0.3777613937854767,0.289510577917099,0.11280205845832825,0.4233774244785309,0.1452084630727768
5434,6,6,,,,,,,,0.30563071370124817,0.40929147601127625,0.21746522188186646,,,
5435,7,7,,,,,,,,0.09793360531330109,0.10624910145998001,0.07891002297401428,,,
5436,6,6,,,,,,,,0.1734578162431717,0.5718858242034912,0.15329866111278534,,,
5437,0,0,,,,,,,,0.36795780062675476,0.4376261234283447,0.9716149568557739,,,
5438,7,7,,,,,,,,0.17053470015525818,0.1556679904460907,0.1304245889186859,,,
5439,1,1,,,,,,,,0.5528026223182678,0.1520414650440216,0.487086683511734,,,
5440,9,9,,,,,,,,0.31181585788726807,0.24659141898155212,0.23767398297786713,,,
5441,5,3,,,,,,,,0.10296028852462769,0.3786410391330719,0.29876482486724854,,,
5442,2,2,,,,,,,,0.4753781855106354,0.3366820216178894,0.27901431918144226,,,
5443,6,6,0,0.8053097345132744,0.6859504132231405,0.3783783783783784,0.9074118733406067,0.8405650854110718,0.5466662049293518,0.24333322048187256,0.428526371717453,0.40614140033721924,0.12880487740039825,0.20376887917518616,0.18377475440502167
5444,7,7,0,0.6721311475409836,0.7142857142857143,0.3972602739726027,0.9939343333244324,0.9648404121398926,0.725950300693512,0.08119675517082214,0.1218506470322609,0.04281469061970711,0.03880379721522331,0.1639953851699829,0.08376126736402512
5445,7,7,,,,,,,,0.338403582572937,0.07796719670295715,0.13027116656303406,,,
5446,6,6,,,,,,,,0.07846727967262268,0.31490910053253174,0.09126543253660202,,,
5447,5,5,,,,,,,,0.36517205834388733,0.03843556344509125,0.2023972123861313,,,
5448,9,9,,,,,,,,0.2191641479730606,0.26411664485931396,0.3309257924556732,,,
5449,1,1,,,,,,,,0.40310949087142944,0.23058819770812988,0.1608056277036667,,,
5450,5,5,,,,,,,,0.17528995871543884,0.03950539976358414,0.19449307024478912,,,
5451,6,6,,,,,,,,0.3497118651866913,0.6692973375320435,0.2715139389038086,,,
5452,0,0,,,,,,,,0.49078238010406494,0.5791806578636169,0.8742057085037231,,,
5453,2,2,,,,,,,,0.27009597420692444,0.5315442085266113,0.4267439842224121,,,
5454,0,0,0,0.45714285714285713,0.43661971830985913,0.42657342657342656,0.9604683518409729,0.8175607919692993,0.3461263179779053,0.5709450244903564,0.7729073762893677,0.4871424734592438,0.5333414673805237,0.41507741808891296,0.6151561141014099
5455,9,1,,,,,,,,0.12862467765808105,0.21483063697814941,0.09974177926778793,,,
5456,1,1,,,,,,,,0.18210984766483307,0.07898096740245819,0.34800317883491516,,,
5457,8,8,,,,,,,,0.6677626967430115,0.060125481337308884,0.23827601969242096,,,
5458,3,4,,,,,,,,0.05202976614236832,0.12791688740253448,0.02801453322172165,,,
5459,5,5,,,,,,,,0.10515812784433365,0.07563357800245285,0.12055422365665436,,,
5460,0,3,,,,,,,,0.16273117065429688,0.19061201810836792,0.2820237874984741,,,
5461,0,0,,,,,,,,0.2686133086681366,0.4100397229194641,0.19687913358211517,,,
5462,0,0,,,,,,,,0.46209612488746643,0.12439439445734024,0.5790506601333618,,,
5463,5,5,,,,,,,,0.1803847849369049,0.02665064111351967,0.06064658984541893,,,
5464,7,7,,,,,,,,0.22023151814937592,0.10715211927890778,0.028557365760207176,,,
5465,7,7,,,,,,,,0.22409391403198242,0.24196204543113708,0.29692375659942627,,,
5466,8,8,,,,,,,,0.6244415640830994,0.06689880043268204,0.11775805801153183,,,
5467,5,5,,,,,,,,0.1413123458623886,0.037867605686187744,0.11042732000350952,,,
5468,5,3,,,,,,,,0.22309209406375885,0.3043753206729889,0.2124551236629486,,,
5469,5,5,3,0.0,0.3877551020408163,0.046153846153846156,0.22222135961055756,0.7793076038360596,0.30624517798423767,0.12027767300605774,0.048952728509902954,0.07905402779579163,0.024407032877206802,0.022359563037753105,0.003549462417140603
5470,1,1,,,,,,,,0.4100585877895355,0.13084104657173157,0.14069847762584686,,,
5471,6,6,,,,,,,,0.41870465874671936,0.42331045866012573,0.0869012102484703,,,
5472,1,1,,,,,,,,0.3912718594074249,0.14172257483005524,0.05268489196896553,,,
5473,5,5,,,,,,,,0.31842026114463806,0.047793544828891754,0.23878680169582367,,,
5474,1,1,,,,,,,,0.2011384814977646,0.28121712803840637,0.1673606038093567,,,
5475,0,0,,,,,,,,0.681292712688446,0.43494489789009094,0.8830509185791016,,,
5476,6,6,,,,,,,,0.16488519310951233,0.41291990876197815,0.2788145840167999,,,
5477,2,0,,,,,,,,0.26942822337150574,0.3389667272567749,0.4981260597705841,,,
5478,3,3,,,,,,,,0.36007872223854065,0.42741838097572327,0.6271443963050842,,,
5479,2,2,,,,,,,,0.1448514461517334,0.05071939900517464,0.029972122982144356,,,
5480,1,1,,,,,,,,0.39892154932022095,0.026036227121949196,0.09381093084812164,,,
5481,7,7,7,0.48905109489051096,0.632,0.5111111111111111,0.8918820023536682,0.9000304341316223,0.6538248062133789,0.04139208421111107,0.03706451877951622,0.17187559604644775,0.06185530126094818,0.031247254461050034,0.09585249423980713
5482,5,5,,,,,,,,0.11396129429340363,0.06592468172311783,0.16956652700901031,,,
5483,1,1,,,,,,,,0.422878235578537,0.30795106291770935,0.31013065576553345,,,
5484,9,9,,,,,,,,0.2803715467453003,0.2650972902774811,0.27496638894081116,,,
5485,8,8,,,,,,,,0.5835027694702148,0.4933149218559265,0.04724420979619026,,,
5486,3,3,,,,,,,,0.10189930349588394,0.259443074464798,0.14586685597896576,,,
5487,6,6,6,0.7435897435897436,0.6190476190476191,0.4782608695652174,0.9836242198944092,0.9187639951705933,0.6300686597824097,0.2500494420528412,0.3335350751876831,0.07919666916131973,0.16814838349819183,0.48526111245155334,0.030786970630288124
5488,9,9,,,,,,,,0.1739838421344757,0.08837617188692093,0.16824890673160553,,,
5489,7,7,,,,,,,,0.09046562016010284,0.24472039937973022,0.029546789824962616,,,
5490,3,5,,,,,,,,0.05550163611769676,0.022346165031194687,0.020264199003577232,,,
5491,0,0,,,,,,,,0.6507893204689026,0.7431584596633911,0.8372187614440918,,,
5492,2,2,,,,,,,,0.4537898600101471,0.0841091126203537,0.1900530755519867,,,
5493,3,3,5,0.3161290322580645,0.44680851063829785,0.1657142857142857,0.9167863130569458,0.84267258644104,0.18096253275871277,0.08528796583414078,0.12786522507667542,0.1445770263671875,0.035551767796278,0.1235007643699646,0.0744214653968811
5494,9,9,,,,,,,,0.4161689281463623,0.13931618630886078,0.4079262316226959,,,
5495,4,4,,,,,,,,0.222930446267128,0.3223609924316406,0.2717456817626953,,,
5496,4,6,,,,,,,,0.1816920042037964,0.16105808317661285,0.09022565186023712,,,
5497,3,3,,,,,,,,0.1741243302822113,0.22803522646427155,0.45845499634742737,,,
5498,9,9,,,,,,,,0.2509080469608307,0.3248991072177887,0.1321582943201065,,,
5499,6,6,,,,,,,,0.0515570305287838,0.33202338218688965,0.132675439119339,,,
5500,8,8,,,,,,,,0.4256081283092499,0.034217506647109985,0.1284947693347931,,,
5501,6,6,,,,,,,,0.3153057098388672,0.6239756941795349,0.11502952873706818,,,
5502,6,6,,,,,,,,0.36326631903648376,0.53094881772995,0.19992488622665405,,,
5503,8,8,,,,,,,,0.24453586339950562,0.19118091464042664,0.13582754135131836,,,
5504,5,5,5,0.5111111111111111,0.5692307692307692,0.6859504132231405,0.9466345310211182,0.9403421878814697,0.5299409031867981,0.5442240238189697,0.2863757014274597,0.029845764860510826,0.39883944392204285,0.35437875986099243,0.0521543063223362
5505,4,4,,,,,,,,0.24581997096538544,0.22240377962589264,0.4321133494377136,,,
5506,3,3,4,0.5223880597014925,0.44680851063829785,0.19298245614035087,0.7231054306030273,0.7790223956108093,0.4329095482826233,0.33386433124542236,0.045863185077905655,0.21792414784431458,0.13825902342796326,0.0880664736032486,0.04026171565055847
5507,6,6,,,,,,,,0.11953531205654144,0.29261550307273865,0.07329092919826508,,,
5508,7,7,,,,,,,,0.16912731528282166,0.1184001937508583,0.16902294754981995,,,
5509,7,7,3,0.05154639175257732,0.4068965517241379,0.4676258992805755,0.6622560024261475,0.8266555070877075,0.5729492902755737,0.14545385539531708,0.03472815826535225,0.12678003311157227,0.12649284303188324,0.012452084571123123,0.04926076531410217
5510,4,4,,,,,,,,0.27432915568351746,0.08122554421424866,0.32027295231819153,,,
5511,3,6,,,,,,,,0.5623378157615662,0.6292315721511841,0.4746748208999634,,,
5512,9,9,,,,,,,,0.268034428358078,0.34855109453201294,0.19055195152759552,,,
5513,6,6,,,,,,,,0.3011476397514343,0.673940896987915,0.3351157307624817,,,
5514,2,2,,,,,,,,0.4064992368221283,0.048647698014974594,0.7547698616981506,,,
5515,4,4,,,,,,,,0.10659138113260269,0.10738275945186615,0.11894802749156952,,,
5516,0,0,,,,,,,,0.23903486132621765,0.6870741844177246,0.9244226217269897,,,
5517,1,1,,,,,,,,0.3281504809856415,0.035759638994932175,0.14711005985736847,,,
5518,3,3,3,0.5111111111111111,0.7288135593220338,0.4676258992805755,0.9492039680480957,0.8943087458610535,0.5429079532623291,0.1103053167462349,0.4908793568611145,0.02745681069791317,0.3334789574146271,0.4278911352157593,0.08239663392305374
5519,6,6,,,,,,,,0.1220940425992012,0.5108169317245483,0.1382535994052887,,,
5520,4,4,,,,,,,,0.2693309485912323,0.21302767097949982,0.4159051477909088,,,
5521,9,9,,,,,,,,0.2169017344713211,0.16577765345573425,0.06508457660675049,,,
5522,2,2,,,,,,,,0.5733537077903748,0.20728695392608643,0.4838936924934387,,,
5523,6,6,,,,,,,,0.3355073928833008,0.6034668684005737,0.13676370680332184,,,
5524,0,0,,,,,,,,0.3451559841632843,0.5178224444389343,0.835612952709198,,,
5525,3,3,3,0.7586206896551724,0.4782608695652174,0.3877551020408163,0.9650262594223022,0.8727589845657349,0.5748730897903442,0.039585866034030914,0.2518056035041809,0.026926269754767418,0.03482018783688545,0.18514633178710938,0.022374650463461876
5526,8,8,,,,,,,,0.41543975472450256,0.4647347331047058,0.21734943985939026,,,
5527,7,7,,,,,,,,0.385153591632843,0.3120031952857971,0.16973379254341125,,,
5528,5,5,,,,,,,,0.5482760667800903,0.08164969086647034,0.10434359312057495,,,
5529,3,3,,,,,,,,0.2423117309808731,0.2915360927581787,0.09912696480751038,,,
5530,3,3,5,0.36,0.5572519083969466,0.25153374233128833,0.8057951927185059,0.8621770739555359,0.34848079085350037,0.08875204622745514,0.1175827905535698,0.16548317670822144,0.023016197606921196,0.16006238758563995,0.0034653956536203623
5531,8,8,0,0.05699481865284974,0.6451612903225806,0.3691275167785235,0.4735315442085266,0.879779577255249,0.4079192280769348,0.4781959652900696,0.03918900340795517,0.038904815912246704,0.27489858865737915,0.01880078762769699,0.002746127313002944
5532,3,3,5,0.6585365853658537,0.44680851063829785,0.0967741935483871,0.5436872243881226,0.8331115245819092,0.21583113074302673,0.6641093492507935,0.38833144307136536,0.17916299402713776,0.28431424498558044,0.16940800845623016,0.0789119079709053
5533,2,2,,,,,,,,0.6220321655273438,0.07644198834896088,0.045040685683488846,,,
5534,6,3,,,,,,,,0.07790995389223099,0.07673946768045425,0.13471809029579163,,,
5535,3,3,,,,,,,,0.28419631719589233,0.6234663724899292,0.39247065782546997,,,
5536,6,6,,,,,,,,0.20682154595851898,0.22961769998073578,0.10022109746932983,,,
5537,2,5,,,,,,,,0.08186298608779907,0.02774469368159771,0.025248069316148758,,,
5538,7,7,,,,,,,,0.1613733023405075,0.1773400902748108,0.15749064087867737,,,
5539,4,4,,,,,,,,0.15494360029697418,0.2128482609987259,0.1167033389210701,,,
5540,5,5,,,,,,,,0.3911578357219696,0.12077439576387405,0.23712703585624695,,,
5541,7,7,,,,,,,,0.23371310532093048,0.2531272768974304,0.17103680968284607,,,
5542,9,9,,,,,,,,0.15074925124645233,0.14154492318630219,0.09338287264108658,,,
5543,0,0,,,,,,,,0.5353351831436157,0.8800895810127258,0.9250006675720215,,,
5544,0,0,,,,,,,,0.13627639412879944,0.07098250836133957,0.2653818726539612,,,
5545,6,6,,,,,,,,0.26237988471984863,0.2534726560115814,0.15237191319465637,,,
5546,7,7,,,,,,,,0.2614293396472931,0.18903444707393646,0.2741245627403259,,,
5547,2,8,,,,,,,,0.20084792375564575,0.026404451578855515,0.16892771422863007,,,
5548,8,0,,,,,,,,0.6002800464630127,0.6023366451263428,0.8495384454727173,,,
5549,5,3,,,,,,,,0.20035694539546967,0.2981746792793274,0.049706634134054184,,,
5550,5,5,,,,,,,,0.4669378101825714,0.042358871549367905,0.12149885296821594,,,
5551,7,7,,,,,,,,0.08001712709665298,0.033527083694934845,0.0988280400633812,,,
5552,5,5,5,0.25153374233128833,0.5223880597014925,0.42657342657342656,0.9513421058654785,0.8829950094223022,0.4437240660190582,0.11318051815032959,0.06138830631971359,0.03212837874889374,0.1685396134853363,0.03077925369143486,0.03572817146778107
5553,5,5,,,,,,,,0.36635497212409973,0.050643160939216614,0.28814366459846497,,,
5554,9,9,,,,,,,,0.08842547237873077,0.034687358886003494,0.06383676826953888,,,
5555,4,4,,,,,,,,0.17522314190864563,0.17766688764095306,0.2476259469985962,,,
5556,6,6,,,,,,,,0.18109634518623352,0.46610650420188904,0.18211519718170166,,,
5557,4,4,,,,,,,,0.2389380782842636,0.22963744401931763,0.20734883844852448,,,
5558,7,7,,,,,,,,0.222415953874588,0.039422307163476944,0.09166255593299866,,,
5559,3,3,2,0.45714285714285713,0.4166666666666667,0.07368421052631578,0.7200485467910767,0.8053706288337708,0.1727905571460724,0.09459877014160156,0.151203915476799,0.40251150727272034,0.025097165256738663,0.13790637254714966,0.013087823987007141
5560,3,3,3,0.6062992125984252,0.25925925925925924,0.0967741935483871,0.9447343945503235,0.6927693486213684,0.5526965856552124,0.1393461525440216,0.294467031955719,0.05138019844889641,0.07009988278150558,0.2293051779270172,0.024479854851961136
5561,6,6,,,,,,,,0.3620910942554474,0.6947020888328552,0.12599729001522064,,,
5562,4,4,,,,,,,,0.19983592629432678,0.18669383227825165,0.12706995010375977,,,
5563,1,1,1,0.7894736842105263,0.5338345864661654,0.2670807453416149,0.9790873527526855,0.8826676607131958,0.5161258578300476,0.10899372398853302,0.04619025066494942,0.20083989202976227,0.05443117395043373,0.08715449273586273,0.30651503801345825
5564,6,6,,,,,,,,0.45091307163238525,0.7094953060150146,0.22363436222076416,,,
5565,3,3,,,,,,,,0.062183622270822525,0.2744012773036957,0.11781980097293854,,,
5566,1,1,,,,,,,,0.4625987708568573,0.1732511818408966,0.15170609951019287,,,
5567,6,6,,,,,,,,0.47378528118133545,0.552535891532898,0.14016099274158478,,,
5568,7,7,,,,,,,,0.31181633472442627,0.3144352436065674,0.3198859989643097,,,
5569,0,0,,,,,,,,0.48267433047294617,0.8386043906211853,0.600895345211029,,,
5570,5,5,,,,,,,,0.2360421121120453,0.03182072192430496,0.07760796695947647,,,
5571,0,0,,,,,,,,0.810357928276062,0.7578228712081909,0.8123233318328857,,,
5572,1,1,,,,,,,,0.13354671001434326,0.04206082224845886,0.0442177914083004,,,
5573,9,9,,,,,,,,0.031179415062069893,0.2057647705078125,0.072312131524086,,,
5574,7,7,,,,,,,,0.35282251238822937,0.3784381151199341,0.4341443181037903,,,
5575,3,3,,,,,,,,0.2531006932258606,0.6301208734512329,0.46503135561943054,,,
5576,5,5,,,,,,,,0.5985183715820312,0.2938324511051178,0.2806928753852844,,,
5577,2,2,,,,,,,,0.5107702016830444,0.28017833828926086,0.3074715733528137,,,
5578,3,3,5,0.6585365853658537,0.5454545454545454,0.13333333333333333,0.9078783988952637,0.9020955562591553,0.2595393657684326,0.1979442685842514,0.3652366101741791,0.12109788507223129,0.13535746932029724,0.40995079278945923,0.20043633878231049
5579,9,9,,,,,,,,0.18626444041728973,0.11514788866043091,0.1037316545844078,,,
5580,5,5,5,0.7586206896551724,0.3783783783783784,0.6190476190476191,0.9526150226593018,0.7474952936172485,0.42182064056396484,0.1794784814119339,0.033248171210289,0.11616803705692291,0.22426453232765198,0.026250455528497696,0.0460362583398819
5581,6,6,,,,,,,,0.14629685878753662,0.4050213694572449,0.1367141455411911,,,
5582,4,4,,,,,,,,0.09194362163543701,0.08220522850751877,0.20206010341644287,,,
5583,0,0,,,,,,,,0.42119017243385315,0.5255251526832581,0.8599576354026794,,,
5584,0,0,,,,,,,,0.45176154375076294,0.8383805751800537,0.7256156802177429,,,
5585,0,0,,,,,,,,0.15682387351989746,0.4162336587905884,0.3842993676662445,,,
5586,8,8,0,0.3877551020408163,0.48905109489051096,0.19298245614035087,0.8986254930496216,0.8532737493515015,0.59555983543396,0.2380940467119217,0.4982054829597473,0.07762391120195389,0.2041088193655014,0.36422401666641235,0.03550594300031662
5587,0,0,,,,,,,,0.30581235885620117,0.4177325963973999,0.8780711889266968,,,
5588,3,3,,,,,,,,0.412429541349411,0.43298596143722534,0.20569851994514465,,,
5589,2,2,,,,,,,,0.5042936205863953,0.19258064031600952,0.41944122314453125,,,
5590,4,4,3,0.1657142857142857,0.25153374233128833,0.21428571428571427,0.8264169692993164,0.6740536689758301,0.3982663154602051,0.08633031696081161,0.04674550145864487,0.23962511122226715,0.24318845570087433,0.03511646017432213,0.01299724355340004
5591,5,5,,,,,,,,0.13351872563362122,0.04624214395880699,0.14714239537715912,,,
5592,3,3,,,,,,,,0.18929624557495117,0.5447765588760376,0.09198273718357086,,,
5593,7,7,,,,,,,,0.13537722826004028,0.07451659440994263,0.13434918224811554,,,
5594,9,9,,,,,,,,0.2952975630760193,0.09353161603212357,0.17716266214847565,,,
5595,6,6,,,,,,,,0.2988608777523041,0.7463226914405823,0.16658778488636017,,,
5596,9,9,,,,,,,,0.3973298966884613,0.2745107412338257,0.2869492769241333,,,
5597,3,3,3,0.632,0.42657342657342656,0.15254237288135594,0.9360728859901428,0.8517888784408569,0.4024118185043335,0.04436018317937851,0.19018115103244781,0.05880945920944214,0.07183320075273514,0.09785446524620056,0.022962378337979317
5598,1,1,,,,,,,,0.4459390342235565,0.24783863127231598,0.40777844190597534,,,
5599,2,2,3,0.2215568862275449,0.5111111111111111,0.5338345864661654,0.7124685049057007,0.9487358331680298,0.5404245853424072,0.29710933566093445,0.05305905267596245,0.08750550448894501,0.003733151126652956,0.09689188748598099,0.08884774148464203
5600,6,6,6,0.9711538461538461,0.7142857142857143,0.5692307692307692,0.9948492050170898,0.9432100057601929,0.666407585144043,0.20331798493862152,0.36714550852775574,0.09202729165554047,0.18174834549427032,0.33702322840690613,0.1080542802810669
5601,7,7,,,,,,,,0.22584259510040283,0.09010106325149536,0.17305275797843933,,,
5602,4,4,,,,,,,,0.24699705839157104,0.3998766839504242,0.34702354669570923,,,
5603,5,5,,,,,,,,0.32513654232025146,0.1973949372768402,0.1861427128314972,,,
5604,1,1,,,,,,,,0.5686624050140381,0.2772834002971649,0.5287709832191467,,,
5605,3,3,,,,,,,,0.15845228731632233,0.4136597514152527,0.20200631022453308,,,
5606,7,7,,,,,,,,0.29099956154823303,0.08776182681322098,0.21533270180225372,,,
5607,6,6,6,0.8378378378378378,0.5223880597014925,0.13966480446927373,0.9915430545806885,0.8695372343063354,0.27628767490386963,0.08143027871847153,0.038718320429325104,0.049852050840854645,0.0642772763967514,0.07969910651445389,0.04724755510687828
5608,9,9,,,,,,,,0.43507975339889526,0.2166597545146942,0.3811057507991791,,,
5609,5,3,,,,,,,,0.0822518989443779,0.16477230191230774,0.09039730578660965,,,
5610,8,8,,,,,,,,0.18658918142318726,0.03221198171377182,0.036092862486839294,,,
5611,5,2,,,,,,,,0.6600415706634521,0.07685072720050812,0.02548307366669178,,,
5612,8,8,,,,,,,,0.42513373494148254,0.17622807621955872,0.1616211235523224,,,
5613,5,5,,,,,,,,0.35378217697143555,0.13432802259922028,0.20980729162693024,,,
5614,8,8,,,,,,,,0.7678444385528564,0.06528855860233307,0.790261447429657,,,
5615,5,5,,,,,,,,0.6819765567779541,0.09300277382135391,0.06777915358543396,,,
5616,6,6,,,,,,,,0.3919157087802887,0.5656344890594482,0.1760179102420807,,,
5617,5,5,,,,,,,,0.3208496868610382,0.038154926151037216,0.0860307440161705,,,
5618,0,0,,,,,,,,0.6322351694107056,0.7026045918464661,0.9143078923225403,,,
5619,8,8,,,,,,,,0.4677046835422516,0.17608262598514557,0.48767992854118347,,,
5620,3,5,,,,,,,,0.09085279703140259,0.1586897373199463,0.0690634697675705,,,
5621,8,8,9,0.3161290322580645,0.5454545454545454,0.13333333333333333,0.4410457909107208,0.7778215408325195,0.4933980107307434,0.2744872272014618,0.07338245213031769,0.03921943157911301,0.10516885668039322,0.00781972799450159,0.05360548570752144
5622,1,1,,,,,,,,0.27527064085006714,0.23286941647529602,0.21795719861984253,,,
5623,8,8,,,,,,,,0.6662087440490723,0.39208781719207764,0.3791341781616211,,,
5624,1,1,,,,,,,,0.5506963729858398,0.19136150181293488,0.5499885678291321,,,
5625,5,5,,,,,,,,0.09574921429157257,0.07069426774978638,0.06514493376016617,,,
5626,0,0,,,,,,,,0.5148458480834961,0.26114580035209656,0.9282374978065491,,,
5627,9,9,,,,,,,,0.35161682963371277,0.22823381423950195,0.1369386464357376,,,
5628,8,8,,,,,,,,0.12999725341796875,0.041173651814460754,0.12022464722394943,,,
5629,6,6,3,0.7739130434782608,0.59375,0.24390243902439024,0.9572975039482117,0.8771982192993164,0.3826861083507538,0.07392250001430511,0.5432332754135132,0.20928046107292175,0.021028606221079826,0.5887404084205627,0.0184450875967741
5630,3,3,3,0.6859504132231405,0.5338345864661654,0.3972602739726027,0.8475499749183655,0.8218148350715637,0.4241558611392975,0.1809779554605484,0.3039596378803253,0.06980425864458084,0.18613514304161072,0.20268994569778442,0.07382984459400177
5631,6,6,3,0.4068965517241379,0.4068965517241379,0.6062992125984252,0.9101334810256958,0.7982178926467896,0.5295917391777039,0.1677752584218979,0.6385435461997986,0.09601222723722458,0.16123661398887634,0.5263997316360474,0.08022121340036392
5632,3,3,,,,,,,,0.3467857837677002,0.14706538617610931,0.1887495219707489,,,
5633,4,4,,,,,,,,0.2725154161453247,0.08815651386976242,0.07867593318223953,,,
5634,4,4,,,,,,,,0.07618963718414307,0.2665180563926697,0.5218709707260132,,,
5635,7,7,,,,,,,,0.2378162294626236,0.16058042645454407,0.06386006623506546,,,
5636,4,4,,,,,,,,0.3029061555862427,0.09791163355112076,0.1762617975473404,,,
5637,7,7,,,,,,,,0.16005392372608185,0.07581309229135513,0.17296189069747925,,,
5638,4,4,,,,,,,,0.2495565414428711,0.344822496175766,0.043239206075668335,,,
5639,3,3,,,,,,,,0.08663339912891388,0.2700708210468292,0.17757660150527954,,,
5640,2,2,2,0.8545454545454545,0.45714285714285713,0.11475409836065574,0.9951084852218628,0.8265274167060852,0.4733733534812927,0.1724189966917038,0.26989132165908813,0.18697255849838257,0.13724815845489502,0.10310185700654984,0.09652169048786163
5641,4,4,,,,,,,,0.09651976078748703,0.11616328358650208,0.06616697460412979,,,
5642,5,4,,,,,,,,0.5480035543441772,0.3593958914279938,0.19252000749111176,,,
5643,5,5,,,,,,,,0.25642797350883484,0.02837155945599079,0.33021101355552673,,,
5644,7,7,,,,,,,,0.19823910295963287,0.11032011359930038,0.1914980262517929,,,
5645,5,5,,,,,,,,0.15074609220027924,0.035590436309576035,0.10528670251369476,,,
5646,4,4,0,0.3972602739726027,0.4782608695652174,0.2670807453416149,0.9560308456420898,0.8555830717086792,0.41894400119781494,0.015686096623539925,0.04533668980002403,0.013973054476082325,0.0006428941851481795,0.0664684996008873,0.021227119490504265
5647,5,5,,,,,,,,0.13942210376262665,0.06008351594209671,0.060785289853811264,,,
5648,8,8,,,,,,,,0.4213305711746216,0.3303223252296448,0.13366813957691193,,,
5649,0,0,,,,,,,,0.8696792125701904,0.4338863790035248,0.9084867238998413,,,
5650,5,5,,,,,,,,0.2943750023841858,0.07106032967567444,0.14919829368591309,,,
5651,4,4,,,,,,,,0.16395728290081024,0.2375243753194809,0.32487329840660095,,,
5652,0,0,,,,,,,,0.2129959613084793,0.5057997107505798,0.7641465663909912,,,
5653,5,5,,,,,,,,0.17492757737636566,0.0469469353556633,0.13159161806106567,,,
5654,4,4,,,,,,,,0.29526156187057495,0.17503373324871063,0.27381134033203125,,,
5655,3,3,,,,,,,,0.1822226494550705,0.07331400364637375,0.21099817752838135,,,
5656,3,3,,,,,,,,0.14806926250457764,0.20447543263435364,0.1176048219203949,,,
5657,2,2,,,,,,,,0.40240156650543213,0.22114722430706024,0.12821424007415771,,,
5658,4,4,,,,,,,,0.16883857548236847,0.20995037257671356,0.26735448837280273,,,
5659,2,2,5,0.11475409836065574,0.5,0.4166666666666667,0.3405750095844269,0.8828739523887634,0.5654351711273193,0.3001967668533325,0.094785675406456,0.05432555451989174,0.37004685401916504,0.16175173223018646,0.013326293788850307
5660,9,9,,,,,,,,0.09685778617858887,0.10754465311765671,0.06180443987250328,,,
5661,4,4,,,,,,,,0.5051872730255127,0.25804781913757324,0.702702522277832,,,
5662,8,8,8,0.5223880597014925,0.5692307692307692,0.3509933774834437,0.970546305179596,0.8592182397842407,0.5526745319366455,0.4603181481361389,0.02985079400241375,0.042716946452856064,0.13472962379455566,0.0222175195813179,0.01707029715180397
5663,8,8,,,,,,,,0.5004927515983582,0.17717032134532928,0.239227756857872,,,
5664,6,6,,,,,,,,0.16709458827972412,0.4529884457588196,0.09899698197841644,,,
5665,2,0,,,,,,,,0.3214154541492462,0.3369736075401306,0.6348376274108887,,,
5666,6,6,,,,,,,,0.10181678831577301,0.5870268940925598,0.1599275916814804,,,
5667,1,1,,,,,,,,0.36511075496673584,0.19414448738098145,0.1668376326560974,,,
5668,7,7,,,,,,,,0.34180769324302673,0.17064377665519714,0.4287908673286438,,,
5669,0,0,,,,,,,,0.44718652963638306,0.33256447315216064,0.5267524719238281,,,
5670,4,4,,,,,,,,0.47513633966445923,0.4646894037723541,0.5033450722694397,,,
5671,3,3,,,,,,,,0.19449588656425476,0.17645879089832306,0.13165029883384705,,,
5672,8,8,,,,,,,,0.3840530812740326,0.6069403290748596,0.12263062596321106,,,
5673,5,5,,,,,,,,0.15342383086681366,0.0427786260843277,0.1702353060245514,,,
5674,9,9,,,,,,,,0.13482189178466797,0.17335793375968933,0.09278041869401932,,,
5675,7,7,,,,,,,,0.24171483516693115,0.1252773404121399,0.10632915049791336,,,
5676,6,6,4,0.42657342657342656,0.48905109489051096,0.5692307692307692,0.6281943321228027,0.855809211730957,0.7482566237449646,0.048755016177892685,0.3804668188095093,0.03282744064927101,0.014890072867274284,0.49016594886779785,0.008862337097525597
5677,7,7,5,0.632,0.43661971830985913,0.07936507936507936,0.875316858291626,0.8388848304748535,0.5965412855148315,0.6133121848106384,0.15471459925174713,0.24797306954860687,0.0986529290676117,0.12985749542713165,0.2288857102394104
5678,1,1,1,0.7435897435897436,0.6859504132231405,0.7894736842105263,0.9889737963676453,0.9090986251831055,0.6167280673980713,0.01699237711727619,0.13621613383293152,0.024099605157971382,0.02232283540070057,0.19215941429138184,0.05433395132422447
5679,0,0,,,,,,,,0.8487568497657776,0.6062992811203003,0.5623310208320618,,,
5680,2,2,,,,,,,,0.6135193705558777,0.0720096081495285,0.08059172332286835,,,
5681,3,3,,,,,,,,0.394075483083725,0.6012983918190002,0.13531826436519623,,,
5682,5,3,,,,,,,,0.1912861466407776,0.21136648952960968,0.29320836067199707,,,
5683,6,6,,,,,,,,0.22894246876239777,0.49330660700798035,0.14701467752456665,,,
5684,7,7,,,,,,,,0.35603439807891846,0.08430696278810501,0.30237409472465515,,,
5685,1,1,,,,,,,,0.6035481095314026,0.17267608642578125,0.2811763882637024,,,
5686,6,6,,,,,,,,0.22022591531276703,0.2993447482585907,0.17438016831874847,,,
5687,2,2,,,,,,,,0.520114004611969,0.0692150741815567,0.25786563754081726,,,
5688,8,8,,,,,,,,0.5431132316589355,0.21830019354820251,0.3227401375770569,,,
5689,3,3,,,,,,,,0.35802018642425537,0.39274394512176514,0.43368199467658997,,,
5690,7,5,,,,,,,,0.16588926315307617,0.15692730247974396,0.02492394670844078,,,
5691,2,2,,,,,,,,0.18010199069976807,0.19538551568984985,0.17332784831523895,,,
5692,5,5,,,,,,,,0.5765171051025391,0.10159243643283844,0.10765611380338669,,,
5693,7,7,,,,,,,,0.27033641934394836,0.11661442369222641,0.1630963683128357,,,
5694,5,5,3,0.0625,0.3972602739726027,0.3691275167785235,0.4525388479232788,0.816558837890625,0.23887568712234497,0.1578858196735382,0.027988722547888756,0.17609551548957825,0.2428363561630249,0.008857483975589275,0.002622266300022602
5695,7,7,,,,,,,,0.2258276641368866,0.09911525994539261,0.16806034743785858,,,
5696,7,7,,,,,,,,0.23236191272735596,0.13965420424938202,0.28944677114486694,,,
5697,1,1,,,,,,,,0.6054959893226624,0.10658971220254898,0.2260778695344925,,,
5698,7,7,,,,,,,,0.2075643241405487,0.08317190408706665,0.34062907099723816,,,
5699,4,4,,,,,,,,0.3713638186454773,0.47904664278030396,0.48878365755081177,,,
5700,3,5,,,,,,,,0.12929773330688477,0.13876841962337494,0.10521739721298218,,,
5701,3,3,,,,,,,,0.2051052302122116,0.48813921213150024,0.21478542685508728,,,
5702,4,4,,,,,,,,0.14969012141227722,0.117479108273983,0.19875413179397583,,,
5703,0,0,,,,,,,,0.5896956324577332,0.4828474819660187,0.5849764943122864,,,
5704,4,4,,,,,,,,0.32679593563079834,0.21884359419345856,0.30502840876579285,,,
5705,2,2,,,,,,,,0.7638551592826843,0.4430842697620392,0.6684930324554443,,,
5706,7,7,,,,,,,,0.3377353847026825,0.1882208287715912,0.27950137853622437,,,
5707,0,0,,,,,,,,0.43113818764686584,0.5362804532051086,0.7940688133239746,,,
5708,2,4,,,,,,,,0.044679149985313416,0.19154000282287598,0.16954755783081055,,,
5709,2,4,,,,,,,,0.01940184272825718,0.16770344972610474,0.04942019283771515,,,
5710,6,6,,,,,,,,0.16576604545116425,0.5591745376586914,0.08241795748472214,,,
5711,6,6,,,,,,,,0.1693924218416214,0.450542688369751,0.08362278342247009,,,
5712,2,2,,,,,,,,0.40097951889038086,0.15217258036136627,0.3042237460613251,,,
5713,5,5,,,,,,,,0.2532275915145874,0.041694801300764084,0.12742051482200623,,,
5714,2,2,,,,,,,,0.1871994137763977,0.16714809834957123,0.14161401987075806,,,
5715,6,6,,,,,,,,0.035733409225940704,0.10907202959060669,0.05087544023990631,,,
5716,0,0,,,,,,,,0.34837672114372253,0.37640172243118286,0.6796290874481201,,,
5717,6,6,3,0.49635036496350365,0.59375,0.6859504132231405,0.8856194019317627,0.9110815525054932,0.7348828315734863,0.11865303665399551,0.4556192457675934,0.0821431502699852,0.03015906922519207,0.5063767433166504,0.009841155260801315
5718,1,1,,,,,,,,0.18351291120052338,0.1255369335412979,0.09895452111959457,,,
5719,2,2,,,,,,,,0.4439949691295624,0.41746193170547485,0.09829767048358917,,,
5720,9,9,,,,,,,,0.35956525802612305,0.08485659956932068,0.2952992916107178,,,
5721,0,0,,,,,,,,0.37022361159324646,0.45496219396591187,0.7994032502174377,,,
5722,0,0,2,0.18604651162790697,0.3972602739726027,0.3246753246753247,0.8114931583404541,0.8070792555809021,0.4876635670661926,0.4475475549697876,0.4964224696159363,0.26235315203666687,0.2922532260417938,0.3189810812473297,0.24389828741550446
5723,1,1,,,,,,,,0.44842302799224854,0.3347150683403015,0.6113623976707458,,,
5724,5,5,3,0.2830188679245283,0.5813953488372093,0.1657142857142857,0.711519181728363,0.9324760437011719,0.48988085985183716,0.048541296273469925,0.032417215406894684,0.12510532140731812,0.16518552601337433,0.011666841804981232,0.011704952456057072
5725,5,5,,,,,,,,0.21527916193008423,0.15337416529655457,0.1482280045747757,,,
5726,1,1,,,,,,,,0.4645532965660095,0.13638439774513245,0.17414136230945587,,,
5727,6,6,,,,,,,,0.10932337492704391,0.4911821484565735,0.04265464469790459,,,
5728,7,7,,,,,,,,0.37015676498413086,0.44087639451026917,0.1300206333398819,,,
5729,8,8,,,,,,,,0.32812273502349854,0.07422638684511185,0.03398243710398674,,,
5730,5,3,,,,,,,,0.1197468638420105,0.18901780247688293,0.043253086507320404,,,
5731,6,6,6,0.7586206896551724,0.44680851063829785,0.5338345864661654,0.9867464303970337,0.8458695411682129,0.7138481736183167,0.07216203212738037,0.121754951775074,0.038816068321466446,0.08860617130994797,0.175633043050766,0.0967123955488205
5732,3,5,,,,,,,,0.025062182918190956,0.019972139969468117,0.02410290017724037,,,
5733,3,3,5,0.29936305732484075,0.5454545454545454,0.05154639175257732,0.7727198004722595,0.8889771699905396,0.07859355956315994,0.2260768562555313,0.25537392497062683,0.37181201577186584,0.2828580439090729,0.2698749005794525,0.23093220591545105
5734,6,6,,,,,,,,0.268809974193573,0.6115610003471375,0.08167684078216553,,,
5735,0,0,,,,,,,,0.46413323283195496,0.5527734756469727,0.34996694326400757,,,
5736,9,9,,,,,,,,0.028457263484597206,0.023299729451537132,0.038770731538534164,,,
5737,9,9,,,,,,,,0.32563602924346924,0.13517248630523682,0.3003227114677429,,,
5738,2,2,,,,,,,,0.6226600408554077,0.2966184616088867,0.700494110584259,,,
5739,2,2,,,,,,,,0.6202602386474609,0.3618975281715393,0.6313402652740479,,,
5740,6,6,,,,,,,,0.21886363625526428,0.711840033531189,0.31432873010635376,,,
5741,1,1,,,,,,,,0.1053648516535759,0.2065449059009552,0.17446233332157135,,,
5742,4,4,,,,,,,,0.3562217056751251,0.0860012024641037,0.14683736860752106,,,
5743,6,6,,,,,,,,0.11372920125722885,0.34949833154678345,0.2540089190006256,,,
5744,2,2,,,,,,,,0.5148957967758179,0.1126355305314064,0.2412998080253601,,,
5745,5,5,,,,,,,,0.24922922253608704,0.11688798666000366,0.3329070806503296,,,
5746,7,7,,,,,,,,0.3872220516204834,0.4517616629600525,0.5567831993103027,,,
5747,8,0,,,,,,,,0.4386094808578491,0.3096478581428528,0.8379013538360596,,,
5748,8,8,,,,,,,,0.5358437895774841,0.3405357003211975,0.2772172689437866,,,
5749,5,5,3,0.4676258992805755,0.5338345864661654,0.45714285714285713,0.8354623317718506,0.9370075464248657,0.5891684293746948,0.09300973266363144,0.16294825077056885,0.025316622108221054,0.062499191612005234,0.08794120699167252,0.0009642086224630475
5750,6,6,,,,,,,,0.14102007448673248,0.4657163619995117,0.14206530153751373,,,
5751,4,4,3,0.34210526315789475,0.4068965517241379,0.3691275167785235,0.31991007924079895,0.7686389088630676,0.5068869590759277,0.13652431964874268,0.13319584727287292,0.1876317858695984,0.010860318318009377,0.075865238904953,0.0027544675394892693
5752,3,3,,,,,,,,0.12411393225193024,0.20017586648464203,0.07939386367797852,,,
5753,2,2,,,,,,,,0.6575313210487366,0.1508806049823761,0.4130626916885376,,,
5754,3,3,,,,,,,,0.28069227933883667,0.35783103108406067,0.552266001701355,,,
5755,4,4,,,,,,,,0.061710841953754425,0.4291225075721741,0.23751190304756165,,,
5756,4,4,,,,,,,,0.20685550570487976,0.1809110790491104,0.14644755423069,,,
5757,4,4,,,,,,,,0.34056952595710754,0.5640623569488525,0.27605417370796204,,,
5758,8,8,,,,,,,,0.6598073840141296,0.13486112654209137,0.29250484704971313,,,
5759,9,9,,,,,,,,0.34083449840545654,0.3468344807624817,0.2052944153547287,,,
5760,2,2,,,,,,,,0.33698397874832153,0.20354583859443665,0.36562469601631165,,,
5761,6,6,,,,,,,,0.3724139332771301,0.7042195796966553,0.32168784737586975,,,
5762,0,0,,,,,,,,0.45211875438690186,0.6432986855506897,0.3099493682384491,,,
5763,9,9,,,,,,,,0.09980244189500809,0.12621071934700012,0.031604669988155365,,,
5764,7,7,,,,,,,,0.3033747971057892,0.06436137855052948,0.33885735273361206,,,
5765,9,9,,,,,,,,0.1837841421365738,0.0973929837346077,0.1418127566576004,,,
5766,8,8,,,,,,,,0.6292204260826111,0.09761369228363037,0.15279048681259155,,,
5767,7,7,,,,,,,,0.1622067391872406,0.22652962803840637,0.21605494618415833,,,
5768,7,7,,,,,,,,0.1090862900018692,0.10768330842256546,0.41110533475875854,,,
5769,3,3,,,,,,,,0.20444323122501373,0.20806452631950378,0.27382075786590576,,,
5770,8,8,,,,,,,,0.8117645978927612,0.18586041033267975,0.3698461949825287,,,
5771,2,2,,,,,,,,0.7374011278152466,0.33042964339256287,0.41013091802597046,,,
5772,9,9,,,,,,,,0.4855409860610962,0.25995877385139465,0.22562456130981445,,,
5773,3,3,,,,,,,,0.2551063597202301,0.17261914908885956,0.1958601325750351,,,
5774,5,5,5,0.9428571428571428,0.8888888888888888,0.3691275167785235,0.9986650347709656,0.9562187194824219,0.5220739245414734,0.1336655467748642,0.0555160753428936,0.039060771465301514,0.14271819591522217,0.10155654698610306,0.09380677342414856
5775,7,7,,,,,,,,0.13323809206485748,0.06693916022777557,0.0992964431643486,,,
5776,5,5,,,,,,,,0.22897939383983612,0.12710979580879211,0.3271033465862274,,,
5777,8,8,,,,,,,,0.49124565720558167,0.07585182040929794,0.24190223217010498,,,
5778,7,7,,,,,,,,0.4673116207122803,0.035678643733263016,0.5118908286094666,,,
5779,3,3,,,,,,,,0.04842368885874748,0.11528760939836502,0.14203867316246033,,,
5780,7,7,,,,,,,,0.2761073708534241,0.30599790811538696,0.3877284526824951,,,
5781,0,0,,,,,,,,0.442538321018219,0.3917354941368103,0.9225714802742004,,,
5782,7,7,5,0.03535353535353535,0.4166666666666667,0.42657342657342656,0.5009967088699341,0.8490541577339172,0.7018109560012817,0.1160726547241211,0.254294216632843,0.31732627749443054,0.03070858307182789,0.4160059988498688,0.3239471912384033
5783,1,1,,,,,,,,0.03588888421654701,0.039432551711797714,0.07634042203426361,,,
5784,6,6,,,,,,,,0.1432284563779831,0.35657361149787903,0.08835060149431229,,,
5785,2,2,,,,,,,,0.3659193217754364,0.09495862573385239,0.26106885075569153,,,
5786,4,4,,,,,,,,0.13097503781318665,0.21805904805660248,0.19409523904323578,,,
5787,0,0,,,,,,,,0.478939026594162,0.3007209897041321,0.7314722537994385,,,
5788,0,0,,,,,,,,0.7204180955886841,0.3814806044101715,0.9026935696601868,,,
5789,2,2,,,,,,,,0.72240149974823,0.16921022534370422,0.455442875623703,,,
5790,9,9,,,,,,,,0.37466442584991455,0.36272913217544556,0.37937915325164795,,,
5791,8,8,,,,,,,,0.6437093615531921,0.3112693130970001,0.35069558024406433,,,
5792,2,2,2,0.5572519083969466,0.6190476190476191,0.44680851063829785,0.9209332466125488,0.8754627704620361,0.7445000410079956,0.464937686920166,0.06222262606024742,0.15891438722610474,0.5051670670509338,0.059172648936510086,0.19222435355186462
5793,8,8,,,,,,,,0.7110669016838074,0.029210779815912247,0.17939211428165436,,,
5794,7,7,,,,,,,,0.07293574512004852,0.03284056857228279,0.06067894771695137,,,
5795,7,7,,,,,,,,0.21646767854690552,0.026437468826770782,0.026957204565405846,,,
5796,5,5,,,,,,,,0.16107119619846344,0.1131730005145073,0.052055951207876205,,,
5797,5,5,,,,,,,,0.20680101215839386,0.20949015021324158,0.28578540682792664,,,
5798,0,0,,,,,,,,0.5784493684768677,0.6240642070770264,0.863776445388794,,,
5799,1,1,,,,,,,,0.4533154368400574,0.2342207431793213,0.14805881679058075,,,
5800,2,2,,,,,,,,0.5775330066680908,0.2699763774871826,0.6488250494003296,,,
5801,9,9,,,,,,,,0.3645916283130646,0.27025336027145386,0.3396504819393158,,,
5802,6,6,6,0.632,0.4782608695652174,0.2830188679245283,0.8825381994247437,0.8469599485397339,0.6649192571640015,0.3407703936100006,0.4566698670387268,0.28280627727508545,0.38360145688056946,0.39381057024002075,0.0701475739479065
5803,1,1,,,,,,,,0.1431816816329956,0.06335039436817169,0.04621875286102295,,,
5804,0,0,,,,,,,,0.421738862991333,0.7252703309059143,0.8406831622123718,,,
5805,1,1,,,,,,,,0.16719967126846313,0.2632053792476654,0.31407856941223145,,,
5806,0,8,,,,,,,,0.3452607989311218,0.09662588685750961,0.023445505648851395,,,
5807,6,6,,,,,,,,0.32168149948120117,0.6370190978050232,0.1907578408718109,,,
5808,5,3,,,,,,,,0.17635515332221985,0.16379766166210175,0.12212413549423218,,,
5809,0,0,2,0.05154639175257732,0.3877551020408163,0.1791907514450867,0.6793363094329834,0.803993284702301,0.4475025534629822,0.46265673637390137,0.3003140985965729,0.40146511793136597,0.38896289467811584,0.19865693151950836,0.36479321122169495
5810,5,5,,,,,,,,0.41784071922302246,0.15365436673164368,0.4751327633857727,,,
5811,7,7,,,,,,,,0.1538502722978592,0.10811931639909744,0.14293375611305237,,,
5812,4,4,,,,,,,,0.12166140973567963,0.21656492352485657,0.11459624767303467,,,
5813,4,4,,,,,,,,0.12300952523946762,0.45540574193000793,0.14686128497123718,,,
5814,8,8,,,,,,,,0.5015872120857239,0.02592586912214756,0.2117917239665985,,,
5815,3,3,5,0.43661971830985913,0.5338345864661654,0.0625,0.6614974737167358,0.8963565230369568,0.4223223030567169,0.25178781151771545,0.22950705885887146,0.4247223436832428,0.14419442415237427,0.3416302800178528,0.03568268567323685
5816,5,5,,,,,,,,0.09953957796096802,0.07944002747535706,0.08893179893493652,,,
5817,3,3,,,,,,,,0.19394847750663757,0.3816927671432495,0.14733728766441345,,,
5818,7,7,,,,,,,,0.32314711809158325,0.37056151032447815,0.3674812614917755,,,
5819,2,2,,,,,,,,0.38921982049942017,0.14214549958705902,0.10946470499038696,,,
5820,5,5,5,0.7142857142857143,0.5813953488372093,0.7739130434782608,0.9339679479598999,0.8969608545303345,0.5445442795753479,0.10479024797677994,0.10947995632886887,0.03394486755132675,0.23808231949806213,0.09099827706813812,0.032528746873140335
5821,8,8,,,,,,,,0.6045446395874023,0.2739968001842499,0.22785021364688873,,,
5822,3,3,,,,,,,,0.1923503577709198,0.2346554547548294,0.08063153177499771,,,
5823,5,5,,,,,,,,0.5354535579681396,0.09601618349552155,0.25346726179122925,,,
5824,7,7,,,,,,,,0.25336307287216187,0.09833909571170807,0.15641964972019196,,,
5825,3,3,,,,,,,,0.11118996143341064,0.32117515802383423,0.31880077719688416,,,
5826,7,7,,,,,,,,0.2693307101726532,0.14479957520961761,0.3011687994003296,,,
5827,0,0,,,,,,,,0.2938103973865509,0.31047824025154114,0.36866042017936707,,,
5828,5,5,,,,,,,,0.7070130109786987,0.09974958002567291,0.09121223539113998,,,
5829,4,4,2,0.275,0.4166666666666667,0.11475409836065574,0.49644845724105835,0.710463285446167,0.12341375648975372,0.2967827618122101,0.6209092736244202,0.3867610991001129,0.030710699036717415,0.4897376298904419,0.03788496181368828
5830,5,3,,,,,,,,0.24571512639522552,0.3690941333770752,0.1677202582359314,,,
5831,6,6,,,,,,,,0.1860807240009308,0.49891406297683716,0.17730852961540222,,,
5832,9,9,,,,,,,,0.20005792379379272,0.47636929154396057,0.11729937046766281,,,
5833,3,3,0,0.0625,0.4166666666666667,0.1657142857142857,0.3663782477378845,0.8098703026771545,0.3147710859775543,0.07528211921453476,0.26642683148384094,0.12992867827415466,0.017659582197666168,0.1769004613161087,0.007645075209438801
5834,5,5,,,,,,,,0.5618143081665039,0.21258839964866638,0.28553593158721924,,,
5835,3,0,,,,,,,,0.3956984877586365,0.17159408330917358,0.6442927122116089,,,
5836,8,8,,,,,,,,0.3964754045009613,0.2603493928909302,0.2341545820236206,,,
5837,2,2,2,0.4068965517241379,0.3783783783783784,0.7435897435897436,0.9728679656982422,0.7785276174545288,0.4561750888824463,0.4347333312034607,0.11230331659317017,0.16420452296733856,0.20725509524345398,0.33958885073661804,0.5290536880493164
5838,4,4,,,,,,,,0.07761631906032562,0.045380059629678726,0.06746424734592438,,,
5839,2,6,,,,,,,,0.16284991800785065,0.3254164755344391,0.020787138491868973,,,
5840,2,3,,,,,,,,0.22591997683048248,0.07667428255081177,0.06683871895074844,,,
5841,6,6,,,,,,,,0.09894536435604095,0.06973955780267715,0.2189919352531433,,,
5842,7,7,3,0.6859504132231405,0.45714285714285713,0.3877551020408163,0.9540905356407166,0.8456123471260071,0.6530765295028687,0.08446109294891357,0.11269629001617432,0.39239057898521423,0.01875857263803482,0.10959883034229279,0.11129515618085861
5843,6,6,,,,,,,,0.09997067600488663,0.6259244084358215,0.07650984823703766,,,
5844,0,0,,,,,,,,0.6733094453811646,0.5893725156784058,0.8113045692443848,,,
5845,5,5,,,,,,,,0.7680613994598389,0.1457940638065338,0.6105474233627319,,,
5846,5,5,,,,,,,,0.24146364629268646,0.08318750560283661,0.1046653762459755,,,
5847,8,8,,,,,,,,0.2804180681705475,0.13830618560314178,0.18711605668067932,,,
5848,4,4,4,0.2289156626506024,0.3783783783783784,0.45714285714285713,0.6559062004089355,0.8196357488632202,0.686972975730896,0.23509356379508972,0.06011456623673439,0.1926562637090683,0.23250874876976013,0.05927688628435135,0.20899435877799988
5849,5,5,,,,,,,,0.19171293079853058,0.0860900953412056,0.21289901435375214,,,
5850,6,6,,,,,,,,0.2404210865497589,0.8006277084350586,0.26841822266578674,,,
5851,1,1,,,,,,,,0.39713335037231445,0.12463492155075073,0.45244765281677246,,,
5852,3,3,,,,,,,,0.5661154985427856,0.3606092929840088,0.5573628544807434,,,
5853,5,5,,,,,,,,0.20239770412445068,0.19751280546188354,0.04610094800591469,,,
5854,4,4,,,,,,,,0.2776840627193451,0.22185736894607544,0.34396761655807495,,,
5855,7,7,,,,,,,,0.0840766653418541,0.14182165265083313,0.18920716643333435,,,
5856,3,5,,,,,,,,0.36245790123939514,0.07349951565265656,0.42462095618247986,,,
5857,0,0,,,,,,,,0.6168552041053772,0.44027435779571533,0.815098226070404,,,
5858,7,7,,,,,,,,0.2017318606376648,0.25835686922073364,0.17703033983707428,,,
5859,2,2,,,,,,,,0.4143572747707367,0.09519720822572708,0.253185898065567,,,
5860,0,8,,,,,,,,0.17257918417453766,0.08135513961315155,0.037567704916000366,,,
5861,1,1,,,,,,,,0.228935107588768,0.027954399585723877,0.07377909868955612,,,
5862,2,2,3,0.2670807453416149,0.5338345864661654,0.43661971830985913,0.5484751462936401,0.8487697839736938,0.6882433891296387,0.3546895682811737,0.16600310802459717,0.12087779492139816,0.32663795351982117,0.01611429825425148,0.09790825843811035
5863,4,4,,,,,,,,0.2991342544555664,0.43609294295310974,0.09214122593402863,,,
5864,9,1,,,,,,,,0.3855974078178406,0.054656606167554855,0.286877304315567,,,
5865,6,6,,,,,,,,0.2521514892578125,0.7305966019630432,0.11498263478279114,,,
5866,4,4,,,,,,,,0.37092503905296326,0.3438410758972168,0.2695423662662506,,,
5867,5,5,,,,,,,,0.4344382584095001,0.21225717663764954,0.29739171266555786,,,
5868,9,9,,,,,,,,0.17588885128498077,0.07655693590641022,0.037591416388750076,,,
5869,7,7,,,,,,,,0.11565501987934113,0.09055795520544052,0.04789838567376137,,,
5870,7,7,2,0.3076923076923077,0.3509933774834437,0.3161290322580645,0.6838616132736206,0.7691237926483154,0.43101662397384644,0.0774746686220169,0.08022128790616989,0.0471428707242012,0.010023480281233788,0.04024294391274452,0.004615976475179195
5871,6,2,,,,,,,,0.3258933424949646,0.1694134622812271,0.17960231006145477,,,
5872,7,7,4,0.7142857142857143,0.45714285714285713,0.6062992125984252,0.9407058358192444,0.85370934009552,0.7266030311584473,0.01738843321800232,0.013963142409920692,0.04095964506268501,0.007091350853443146,0.0032152337953448296,0.009283212944865227
5873,4,4,,,,,,,,0.18211056292057037,0.09338372945785522,0.1314396858215332,,,
5874,3,3,,,,,,,,0.18512503802776337,0.05202164500951767,0.14733366668224335,,,
5875,1,1,,,,,,,,0.46976032853126526,0.11490171402692795,0.3485867381095886,,,
5876,6,6,,,,,,,,0.1326202154159546,0.43030932545661926,0.03247634321451187,,,
5877,9,9,,,,,,,,0.49512991309165955,0.22506067156791687,0.38674306869506836,,,
5878,4,4,4,0.6062992125984252,0.7739130434782608,0.4676258992805755,0.9856364727020264,0.9413130283355713,0.48558828234672546,0.23445072770118713,0.15026487410068512,0.06267672777175903,0.24796037375926971,0.2877814471721649,0.195743590593338
5879,8,8,,,,,,,,0.2194191813468933,0.046098001301288605,0.2023753821849823,,,
5880,0,0,,,,,,,,0.6687861680984497,0.8193300366401672,0.9609809517860413,,,
5881,3,5,,,,,,,,0.045174144208431244,0.15584874153137207,0.029635345563292503,,,
5882,1,9,,,,,,,,0.07311830669641495,0.13247565925121307,0.14674890041351318,,,
5883,6,6,,,,,,,,0.047188661992549896,0.10220857709646225,0.03671133890748024,,,
5884,4,4,,,,,,,,0.28232520818710327,0.31922438740730286,0.5307009220123291,,,
5885,4,4,,,,,,,,0.6128556728363037,0.6925124526023865,0.3851810097694397,,,
5886,2,5,,,,,,,,0.432267963886261,0.16654706001281738,0.325737863779068,,,
5887,1,1,,,,,,,,0.4521467089653015,0.36162489652633667,0.3508676290512085,,,
5888,4,4,,,,,,,,0.29827210307121277,0.2937265634536743,0.059238869696855545,,,
5889,6,2,,,,,,,,0.3147513270378113,0.2516026198863983,0.33700719475746155,,,
5890,3,2,,,,,,,,0.24606266617774963,0.2759239673614502,0.12095756083726883,,,
5891,0,0,,,,,,,,0.6218599677085876,0.4163999557495117,0.87299644947052,,,
5892,8,8,8,0.6451612903225806,0.5572519083969466,0.7,0.9748955368995667,0.8508778810501099,0.49814558029174805,0.6489984393119812,0.23623768985271454,0.2788495421409607,0.6964970827102661,0.1622399538755417,0.19359824061393738
5893,9,9,0,0.5338345864661654,0.5111111111111111,0.36,0.7671732902526855,0.89276123046875,0.31161344051361084,0.027805127203464508,0.035513538867235184,0.04614165425300598,0.02724073827266693,0.03245309740304947,0.01411124411970377
5894,7,7,,,,,,,,0.25729748606681824,0.01885632984340191,0.14518415927886963,,,
5895,6,6,,,,,,,,0.22931504249572754,0.6586921811103821,0.4580202102661133,,,
5896,8,8,,,,,,,,0.24440468847751617,0.05392354726791382,0.17971424758434296,,,
5897,4,4,,,,,,,,0.13561612367630005,0.4470624029636383,0.29924312233924866,,,
5898,8,8,,,,,,,,0.495647668838501,0.19910112023353577,0.24366043508052826,,,
5899,1,1,,,,,,,,0.28759050369262695,0.1979018747806549,0.35566550493240356,,,
5900,4,4,4,0.8378378378378378,0.6859504132231405,0.6190476190476191,0.8642398715019226,0.8967440128326416,0.6985185146331787,0.030721701681613922,0.17173083126544952,0.028972236439585686,0.028772251680493355,0.09623371064662933,0.027441686019301414
5901,5,5,,,,,,,,0.19365587830543518,0.043188657611608505,0.1071721762418747,,,
5902,9,9,,,,,,,,0.1331513226032257,0.07885995507240295,0.08796359598636627,,,
5903,4,4,,,,,,,,0.025916697457432747,0.03637232631444931,0.06695695221424103,,,
5904,7,7,,,,,,,,0.09647858142852783,0.06905387341976166,0.09732025116682053,,,
5905,1,1,,,,,,,,0.07920731604099274,0.11102792620658875,0.049128562211990356,,,
5906,4,4,,,,,,,,0.204990953207016,0.10518993437290192,0.47479769587516785,,,
5907,5,5,5,0.7288135593220338,0.4676258992805755,0.5813953488372093,0.9767183661460876,0.8534421920776367,0.6457352042198181,0.27209845185279846,0.0932447761297226,0.1181565374135971,0.14889131486415863,0.05921166017651558,0.11601120233535767
5908,3,4,,,,,,,,0.020972944796085358,0.02301444299519062,0.06923940777778625,,,
5909,1,1,,,,,,,,0.24759292602539062,0.2238784283399582,0.06442069262266159,,,
5910,2,2,5,0.5111111111111111,0.6859504132231405,0.07936507936507936,0.9365807771682739,0.9331049919128418,0.4616449177265167,0.2089264839887619,0.030635235831141472,0.10615813732147217,0.11011315882205963,0.11053864657878876,0.02180677093565464
5911,6,6,,,,,,,,0.24463188648223877,0.6958891749382019,0.267704576253891,,,
5912,4,4,,,,,,,,0.12715262174606323,0.14496386051177979,0.13750959932804108,,,
5913,7,7,,,,,,,,0.4749939739704132,0.5256204605102539,0.3754475712776184,,,
5914,1,1,,,,,,,,0.2763333320617676,0.3104606568813324,0.336955726146698,,,
5915,5,5,,,,,,,,0.3283732235431671,0.04680160805583,0.1373065859079361,,,
5916,9,9,,,,,,,,0.48168841004371643,0.19065748155117035,0.40248116850852966,,,
5917,3,3,,,,,,,,0.13223232328891754,0.3618139624595642,0.18072141706943512,,,
5918,1,1,,,,,,,,0.47242552042007446,0.3177153468132019,0.403569757938385,,,
5919,4,4,,,,,,,,0.07535623759031296,0.08700963854789734,0.027408383786678314,,,
5920,8,8,,,,,,,,0.3673512935638428,0.1670185625553131,0.18464729189872742,,,
5921,7,7,,,,,,,,0.11400829255580902,0.05843726918101311,0.12364309281110764,,,
5922,7,7,,,,,,,,0.1804795265197754,0.28780853748321533,0.17607252299785614,,,
5923,0,0,,,,,,,,0.508278489112854,0.6174669861793518,0.8157256841659546,,,
5924,4,0,,,,,,,,0.32143306732177734,0.3152449131011963,0.08879254758358002,,,
5925,3,3,,,,,,,,0.13455811142921448,0.3153287470340729,0.5051212310791016,,,
5926,4,4,,,,,,,,0.03718004375696182,0.08270880579948425,0.08657343685626984,,,
5927,6,6,2,0.4676258992805755,0.5,0.5111111111111111,0.9225201606750488,0.8490402698516846,0.32544034719467163,0.09364035725593567,0.4772348999977112,0.0602932870388031,0.020083485171198845,0.3220498561859131,0.05522306635975838
5928,7,7,,,,,,,,0.14871607720851898,0.12609149515628815,0.1601514369249344,,,
5929,7,7,,,,,,,,0.16301502287387848,0.18092258274555206,0.37812715768814087,,,
5930,5,5,5,0.7894736842105263,0.7288135593220338,0.5111111111111111,0.9968937635421753,0.9653695225715637,0.7802300453186035,0.0649426206946373,0.16806083917617798,0.026220042258501053,0.0579841211438179,0.15123195946216583,0.027331186458468437
5931,4,4,4,1.0,0.6721311475409836,0.44680851063829785,0.999161958694458,0.9632843732833862,0.35235023498535156,0.3063507378101349,0.19544360041618347,0.08263682574033737,0.30332034826278687,0.1125340461730957,0.34146758913993835
5932,4,4,5,0.030303030303030304,0.6190476190476191,0.2830188679245283,0.7505826950073242,0.861000657081604,0.4336838722229004,0.09232693910598755,0.6188232898712158,0.23456460237503052,0.00609239237383008,0.42326071858406067,0.22914095222949982
5933,4,4,,,,,,,,0.06659626960754395,0.2442280501127243,0.17635059356689453,,,
5934,3,3,5,0.02512562814070352,0.3509933774834437,0.10270270270270271,0.4580509066581726,0.8368353247642517,0.18026448786258698,0.21201983094215393,0.2551890015602112,0.25647473335266113,0.07701543718576431,0.05000799521803856,0.22153303027153015
5935,6,6,,,,,,,,0.4851079285144806,0.6993008852005005,0.18211665749549866,,,
5936,6,6,,,,,,,,0.4400935471057892,0.621142566204071,0.13359969854354858,,,
5937,1,1,,,,,,,,0.29028379917144775,0.11122206598520279,0.07446851581335068,,,
5938,9,9,,,,,,,,0.09904337674379349,0.032640233635902405,0.08188384771347046,,,
5939,9,9,,,,,,,,0.3142617642879486,0.113270603120327,0.24867238104343414,,,
5940,7,7,3,0.4068965517241379,0.4166666666666667,0.632,0.8503331542015076,0.7861857414245605,0.656394898891449,0.06765159219503403,0.04929700121283531,0.027816813439130783,0.007508006878197193,0.08815211057662964,0.009120714850723743
5941,9,9,,,,,,,,0.1796501725912094,0.10537111759185791,0.1423724740743637,,,
5942,4,4,,,,,,,,0.2364170104265213,0.20203563570976257,0.2788630425930023,,,
5943,3,3,,,,,,,,0.22915169596672058,0.36044472455978394,0.1526068150997162,,,
5944,2,2,,,,,,,,0.5736550092697144,0.2190818190574646,0.5615021586418152,,,
5945,9,9,,,,,,,,0.07595396041870117,0.033920250833034515,0.04954396188259125,,,
5946,8,8,8,0.9615384615384616,0.9428571428571428,0.7142857142857143,0.9987087249755859,0.9773890972137451,0.7101987600326538,0.22233881056308746,0.027045845985412598,0.17123407125473022,0.22660796344280243,0.027968667447566986,0.12212887406349182
5947,5,5,,,,,,,,0.45349493622779846,0.030884137377142906,0.02619425393640995,,,
5948,0,0,,,,,,,,0.29502755403518677,0.35717636346817017,0.6641948819160461,,,
5949,6,6,,,,,,,,0.5731784701347351,0.7503107190132141,0.3142010271549225,,,
5950,9,9,,,,,,,,0.5117552876472473,0.13390444219112396,0.288854718208313,,,
5951,0,0,,,,,,,,0.5366617441177368,0.5734244585037231,0.8978131413459778,,,
5952,9,9,,,,,,,,0.15988674759864807,0.12677304446697235,0.14258937537670135,,,
5953,7,7,,,,,,,,0.13703250885009766,0.12262936681509018,0.302129328250885,,,
5954,8,8,,,,,,,,0.41257527470588684,0.06208234652876854,0.2225423902273178,,,
5955,5,5,5,0.8378378378378378,0.6721311475409836,0.5572519083969466,0.9841834306716919,0.8851653337478638,0.6605011224746704,0.07884278893470764,0.0939280241727829,0.028979435563087463,0.0526149645447731,0.10483980923891068,0.029820164665579796
5956,4,4,2,0.10270270270270271,0.4782608695652174,0.1724137931034483,0.542010486125946,0.8034101128578186,0.2477586567401886,0.10747011750936508,0.23064233362674713,0.07989751547574997,0.01135513186454773,0.06375748664140701,0.08202900737524033
5957,4,4,,,,,,,,0.24563096463680267,0.15224634110927582,0.15882770717144012,,,
5958,9,9,,,,,,,,0.37430432438850403,0.26908668875694275,0.35537806153297424,,,
5959,4,4,0,0.19298245614035087,0.5572519083969466,0.34210526315789475,0.9055283069610596,0.8778250813484192,0.4074471592903137,0.04049733653664589,0.1388247013092041,0.0769253522157669,0.0016525720711797476,0.10540683567523956,0.016025425866246223
5960,2,2,6,0.3783783783783784,0.632,0.5454545454545454,0.7910908460617065,0.867781400680542,0.7011528611183167,0.14589694142341614,0.31989964842796326,0.1548977494239807,0.13013476133346558,0.19134725630283356,0.07003826647996902
5961,6,6,,,,,,,,0.11155614256858826,0.45134392380714417,0.17881256341934204,,,
5962,6,6,,,,,,,,0.24912920594215393,0.592448353767395,0.07815040647983551,,,
5963,9,9,,,,,,,,0.19228029251098633,0.15265366435050964,0.16691765189170837,,,
5964,9,9,,,,,,,,0.3534668982028961,0.27314138412475586,0.3718949258327484,,,
5965,7,7,,,,,,,,0.5108301043510437,0.29378682374954224,0.44633686542510986,,,
5966,9,9,,,,,,,,0.15094006061553955,0.10197576880455017,0.30102425813674927,,,
5967,9,9,,,,,,,,0.4706997573375702,0.4065200984477997,0.17999421060085297,,,
5968,0,0,,,,,,,,0.3207434117794037,0.43245214223861694,0.4960208833217621,,,
5969,5,5,,,,,,,,0.10081224888563156,0.08336352556943893,0.11640514433383942,,,
5970,1,1,,,,,,,,0.626342236995697,0.2746170461177826,0.41776183247566223,,,
5971,1,1,,,,,,,,0.5280653834342957,0.12635812163352966,0.4513581097126007,,,
5972,8,0,,,,,,,,0.7890013456344604,0.2917839586734772,0.6575656533241272,,,
5973,6,6,6,0.8888888888888888,0.6451612903225806,0.3076923076923077,0.9853554368019104,0.9026681184768677,0.6452375650405884,0.11765691637992859,0.7069231867790222,0.029444823041558266,0.10027219355106354,0.6146423816680908,0.05427277460694313
5974,9,9,,,,,,,,0.35292989015579224,0.09048908203840256,0.14548993110656738,,,
5975,9,9,,,,,,,,0.2938821017742157,0.2169424444437027,0.3633265793323517,,,
5976,5,5,,,,,,,,0.164372518658638,0.07942941784858704,0.026075679808855057,,,
5977,6,6,,,,,,,,0.41694581508636475,0.6073508858680725,0.2865666151046753,,,
5978,5,5,,,,,,,,0.17680878937244415,0.10410909354686737,0.09059546142816544,,,
5979,5,5,5,0.6585365853658537,0.5111111111111111,0.3691275167785235,0.968050479888916,0.842450737953186,0.4833347201347351,0.12351374328136444,0.03631212189793587,0.10065752267837524,0.04382401704788208,0.04632345959544182,0.036235224455595016
5980,9,9,,,,,,,,0.2455979734659195,0.21812525391578674,0.4100040793418884,,,
5981,7,7,,,,,,,,0.3787931799888611,0.07950523495674133,0.2592329680919647,,,
5982,9,9,,,,,,,,0.22432033717632294,0.4306889772415161,0.14325155317783356,,,
5983,4,4,,,,,,,,0.31582748889923096,0.24808655679225922,0.23132872581481934,,,
5984,5,5,,,,,,,,0.34033203125,0.048201486468315125,0.14925779402256012,,,
5985,4,4,2,0.0,0.4166666666666667,0.1657142857142857,0.2433745115995407,0.7640278339385986,0.2847815454006195,0.15172137320041656,0.21911917626857758,0.20487676560878754,0.350485235452652,0.13978436589241028,0.0019116067560389638
5986,3,3,,,,,,,,0.2550205588340759,0.23166322708129883,0.1559639275074005,,,
5987,3,3,,,,,,,,0.4640847146511078,0.050961971282958984,0.03643231466412544,,,
5988,9,9,,,,,,,,0.3466182351112366,0.21950529515743256,0.2695602476596832,,,
5989,8,8,,,,,,,,0.5835825800895691,0.2312401384115219,0.2986104190349579,,,
5990,8,8,,,,,,,,0.6138666868209839,0.08895853161811829,0.18706032633781433,,,
5991,3,5,,,,,,,,0.022917326539754868,0.05219469219446182,0.06266430020332336,,,
5992,4,4,7,0.0,0.42657342657342656,0.2,0.32385411858558655,0.855618953704834,0.580839216709137,0.1712678223848343,0.18994851410388947,0.11937300115823746,0.06555303931236267,0.20256343483924866,0.00030424981378018856
5993,8,8,,,,,,,,0.44433948397636414,0.25194963812828064,0.30080628395080566,,,
5994,4,4,,,,,,,,0.10677032172679901,0.2951720058917999,0.06186778098344803,,,
5995,0,0,,,,,,,,0.4187331795692444,0.7223906517028809,0.9807878732681274,,,
5996,4,4,2,0.28125,0.4068965517241379,0.3509933774834437,0.6534530520439148,0.8112847805023193,0.48894834518432617,0.06611528247594833,0.18534374237060547,0.02714799903333187,0.00856028962880373,0.32600730657577515,0.00487135024741292
5997,0,0,,,,,,,,0.48013314604759216,0.6724252700805664,0.7215197682380676,,,
5998,7,7,,,,,,,,0.3019384741783142,0.18264763057231903,0.29225480556488037,,,
5999,2,2,0,0.7435897435897436,0.632,0.632,0.9721121788024902,0.8840811848640442,0.5633133053779602,0.3328905999660492,0.0646992027759552,0.1927882879972458,0.26652035117149353,0.012561729177832603,0.018943162634968758
6000,8,8,0,0.29936305732484075,0.4166666666666667,0.44680851063829785,0.8139315247535706,0.8417226672172546,0.5882133841514587,0.19478578865528107,0.05771037936210632,0.036733318120241165,0.04309561103582382,0.04599206522107124,0.05028344318270683
6001,0,0,,,,,,,,0.31684762239456177,0.3569898009300232,0.7040961384773254,,,
6002,2,2,,,,,,,,0.6176900863647461,0.38407468795776367,0.6387869715690613,,,
6003,0,0,,,,,,,,0.34297898411750793,0.7581425309181213,0.9519155621528625,,,
6004,7,7,,,,,,,,0.24498862028121948,0.1458161622285843,0.21409352123737335,,,
6005,4,4,,,,,,,,0.1500076800584793,0.23253853619098663,0.14253054559230804,,,
6006,0,0,,,,,,,,0.2632609009742737,0.7033674716949463,0.87088942527771,,,
6007,6,6,,,,,,,,0.08825936168432236,0.6361654996871948,0.1844910830259323,,,
6008,3,2,,,,,,,,0.5158805251121521,0.27800625562667847,0.17445726692676544,,,
6009,3,3,,,,,,,,0.19797368347644806,0.19547760486602783,0.1689349114894867,,,
6010,1,1,,,,,,,,0.053781405091285706,0.2012404501438141,0.050891079008579254,,,
6011,7,7,,,,,,,,0.13705602288246155,0.14046797156333923,0.26706939935684204,,,
6012,4,4,3,0.42657342657342656,0.3691275167785235,0.29936305732484075,0.7087230682373047,0.72689288854599,0.5788265466690063,0.22137205302715302,0.17653396725654602,0.08852525800466537,0.04364122822880745,0.3031090795993805,0.1439371556043625
6013,6,6,,,,,,,,0.21650826930999756,0.6880757212638855,0.09261097013950348,,,
6014,5,5,4,0.1590909090909091,0.5111111111111111,0.3691275167785235,0.7111374139785767,0.8857284188270569,0.5717061161994934,0.05783231183886528,0.07088588178157806,0.024537343531847,0.027078451588749886,0.12248075008392334,0.0015307758003473282
6015,0,0,,,,,,,,0.17338214814662933,0.42469534277915955,0.7834129929542542,,,
6016,4,4,,,,,,,,0.3724583089351654,0.03748716413974762,0.19151370227336884,,,
6017,9,1,,,,,,,,0.07018857449293137,0.03909824788570404,0.039264120161533356,,,
6018,5,5,,,,,,,,0.5403476357460022,0.14002975821495056,0.4207926094532013,,,
6019,6,6,,,,,,,,0.27978768944740295,0.5942184925079346,0.22938871383666992,,,
6020,6,6,,,,,,,,0.22074030339717865,0.5556082129478455,0.05445694550871849,,,
6021,3,3,,,,,,,,0.08174248039722443,0.20587916672229767,0.17980548739433289,,,
6022,0,0,,,,,,,,0.34659209847450256,0.6107401847839355,0.8873791098594666,,,
6023,5,5,5,0.9428571428571428,0.8214285714285714,0.5692307692307692,0.999197781085968,0.9777209758758545,0.5182294845581055,0.06775359064340591,0.04271611198782921,0.1925099492073059,0.06252609938383102,0.03983146324753761,0.05266723409295082
6024,2,2,,,,,,,,0.2313893437385559,0.6183074116706848,0.08430769294500351,,,
6025,6,6,1,0.2670807453416149,0.48905109489051096,0.42657342657342656,0.7664526700973511,0.9017980694770813,0.6906645894050598,0.056405410170555115,0.36322951316833496,0.027559706941246986,0.032241418957710266,0.2738793194293976,0.015689851716160774
6026,3,3,,,,,,,,0.20065683126449585,0.2128218412399292,0.26653650403022766,,,
6027,3,3,,,,,,,,0.16486471891403198,0.11613879352807999,0.21842457354068756,,,
6028,8,8,8,0.7,0.5,0.18604651162790697,0.8438868522644043,0.8725670576095581,0.6855429410934448,0.025222059339284897,0.04157700017094612,0.025088967755436897,0.04262644425034523,0.03902168571949005,0.040459971874952316
6029,0,0,,,,,,,,0.337041974067688,0.2745245397090912,0.23035363852977753,,,
6030,8,8,,,,,,,,0.25725510716438293,0.05398840829730034,0.2286815196275711,,,
6031,5,5,5,0.59375,0.6585365853658537,0.8214285714285714,0.9905266165733337,0.9114813804626465,0.44383448362350464,0.13828140497207642,0.03783026337623596,0.164173424243927,0.03953199461102486,0.05208024010062218,0.0984400063753128
6032,4,4,,,,,,,,0.3303850591182709,0.358865886926651,0.5032954812049866,,,
6033,2,2,,,,,,,,0.8184757828712463,0.2621520757675171,0.47973114252090454,,,
6034,9,9,,,,,,,,0.3830792009830475,0.29195287823677063,0.5170982480049133,,,
6035,5,5,3,0.44366197183098594,0.4166666666666667,0.3076923076923077,0.8690563440322876,0.8241816759109497,0.5083116292953491,0.04455583542585373,0.08179368823766708,0.18188685178756714,0.07979152351617813,0.03440309315919876,0.16826647520065308
6036,0,0,,,,,,,,0.7751290798187256,0.4865323007106781,0.6790720820426941,,,
6037,5,5,,,,,,,,0.1307450830936432,0.11441535502672195,0.16237738728523254,,,
6038,4,4,,,,,,,,0.212251678109169,0.23512254655361176,0.21785497665405273,,,
6039,8,8,,,,,,,,0.2792915105819702,0.08934013545513153,0.3334585130214691,,,
6040,2,2,,,,,,,,0.7590181827545166,0.3291950225830078,0.2622855603694916,,,
6041,7,7,,,,,,,,0.08199741691350937,0.11394694447517395,0.029575394466519356,,,
6042,6,6,3,0.5223880597014925,0.5,0.2289156626506024,0.908460259437561,0.8451402187347412,0.4337289333343506,0.29752424359321594,0.49880942702293396,0.1413438320159912,0.15837030112743378,0.3960476815700531,0.004725795239210129
6043,5,5,,,,,,,,0.1646355241537094,0.20879071950912476,0.028397703543305397,,,
6044,7,7,4,0.6859504132231405,0.5,0.3509933774834437,0.9483444690704346,0.8827470541000366,0.7328900694847107,0.12938445806503296,0.03647580370306969,0.12161778658628464,0.034011807292699814,0.020103275775909424,0.144182488322258
6045,8,8,,,,,,,,0.42199331521987915,0.19888116419315338,0.3245387375354767,,,
6046,2,2,,,,,,,,0.5759755373001099,0.06335895508527756,0.6738342046737671,,,
6047,0,0,,,,,,,,0.6374548673629761,0.4318664073944092,0.43788668513298035,,,
6048,1,1,,,,,,,,0.616474986076355,0.17081642150878906,0.6086017489433289,,,
6049,8,8,,,,,,,,0.6181542277336121,0.18636149168014526,0.2072763442993164,,,
6050,2,2,,,,,,,,0.376101016998291,0.13489799201488495,0.3665851354598999,,,
6051,4,4,,,,,,,,0.20568206906318665,0.08795611560344696,0.1235896646976471,,,
6052,8,8,,,,,,,,0.37497204542160034,0.1637275367975235,0.17621813714504242,,,
6053,4,4,,,,,,,,0.09608317911624908,0.24509496986865997,0.21476803719997406,,,
6054,3,3,,,,,,,,0.1927136778831482,0.22975198924541473,0.12441537529230118,,,
6055,0,0,,,,,,,,0.556955873966217,0.7017840147018433,0.8891119360923767,,,
6056,4,4,,,,,,,,0.11930982023477554,0.2927217185497284,0.17752674221992493,,,
6057,0,0,,,,,,,,0.6926510334014893,0.46251776814460754,0.8937549591064453,,,
6058,1,1,,,,,,,,0.580914318561554,0.2903061509132385,0.6500656604766846,,,
6059,9,9,,,,,,,,0.457592636346817,0.2857612371444702,0.17379245162010193,,,
6060,3,3,,,,,,,,0.25400370359420776,0.26281479001045227,0.296151340007782,,,
6061,0,0,,,,,,,,0.3646514415740967,0.6105906963348389,0.6016168594360352,,,
6062,3,3,,,,,,,,0.1664673537015915,0.13275273144245148,0.1441780924797058,,,
6063,6,4,,,,,,,,0.13012900948524475,0.03317995369434357,0.07795893400907516,,,
6064,5,5,,,,,,,,0.3334299325942993,0.036373820155858994,0.385199636220932,,,
6065,5,5,,,,,,,,0.22873325645923615,0.08933640271425247,0.16335302591323853,,,
6066,2,2,,,,,,,,0.45792585611343384,0.17827454209327698,0.3748583495616913,,,
6067,8,8,,,,,,,,0.0936051681637764,0.24120482802391052,0.15017393231391907,,,
6068,5,3,,,,,,,,0.2898988425731659,0.3916662335395813,0.2977389097213745,,,
6069,0,0,,,,,,,,0.6359634399414062,0.6531884074211121,0.9249516725540161,,,
6070,8,9,,,,,,,,0.1915014684200287,0.14075841009616852,0.24324816465377808,,,
6071,7,7,,,,,,,,0.15475913882255554,0.1388671100139618,0.2917945384979248,,,
6072,5,5,,,,,,,,0.14707306027412415,0.07803323864936829,0.08398965001106262,,,
6073,2,2,,,,,,,,0.16990596055984497,0.2668830454349518,0.10251510143280029,,,
6074,4,4,7,0.7586206896551724,0.8214285714285714,0.1724137931034483,0.9980874061584473,0.9658095836639404,0.5712729692459106,0.18897497653961182,0.17807646095752716,0.03391236066818237,0.13751202821731567,0.13594216108322144,0.10953421890735626
6075,3,3,,,,,,,,0.2154141068458557,0.344221830368042,0.14994950592517853,,,
6076,7,7,,,,,,,,0.2867450416088104,0.10344038903713226,0.09257391840219498,,,
6077,0,0,,,,,,,,0.22615750133991241,0.271858811378479,0.5974505543708801,,,
6078,2,2,,,,,,,,0.5124459266662598,0.34147414565086365,0.721348762512207,,,
6079,3,3,,,,,,,,0.15814779698848724,0.3159976899623871,0.258096307516098,,,
6080,1,1,,,,,,,,0.547073483467102,0.2384812980890274,0.2729870080947876,,,
6081,0,0,,,,,,,,0.20934054255485535,0.21750158071517944,0.6139401197433472,,,
6082,0,0,,,,,,,,0.23287424445152283,0.5275489687919617,0.6167818903923035,,,
6083,2,3,,,,,,,,0.08841625601053238,0.2908177077770233,0.034342341125011444,,,
6084,1,1,,,,,,,,0.33618950843811035,0.04263430833816528,0.37777286767959595,,,
6085,2,2,,,,,,,,0.4875113070011139,0.09040004014968872,0.45969152450561523,,,
6086,1,1,,,,,,,,0.39982712268829346,0.18711766600608826,0.2586432099342346,,,
6087,4,4,,,,,,,,0.500248372554779,0.21685516834259033,0.20703645050525665,,,
6088,6,6,,,,,,,,0.14834505319595337,0.7008574604988098,0.1478569209575653,,,
6089,7,7,,,,,,,,0.3263621926307678,0.09364663809537888,0.09604621678590775,,,
6090,1,1,,,,,,,,0.10655540227890015,0.20153313875198364,0.07191348075866699,,,
6091,0,0,,,,,,,,0.6609998941421509,0.5644017457962036,0.6134105920791626,,,
6092,5,5,,,,,,,,0.2689357399940491,0.06187782436609268,0.11393199861049652,,,
6093,2,2,,,,,,,,0.5847481489181519,0.160538449883461,0.08497278392314911,,,
6094,5,5,,,,,,,,0.12272898107767105,0.03375495225191116,0.06508931517601013,,,
6095,9,9,,,,,,,,0.1114754006266594,0.10670830309391022,0.0656682699918747,,,
6096,2,2,,,,,,,,0.5187381505966187,0.11925630271434784,0.5256788730621338,,,
6097,5,5,,,,,,,,0.3295538127422333,0.08756711333990097,0.052690207958221436,,,
6098,6,6,,,,,,,,0.23398514091968536,0.4384441077709198,0.13103024661540985,,,
6099,7,7,,,,,,,,0.40009769797325134,0.08128741383552551,0.3158877491950989,,,
6100,1,1,,,,,,,,0.1630803495645523,0.3473361134529114,0.20247535407543182,,,
6101,9,9,0,0.43661971830985913,0.59375,0.10869565217391304,0.8466439247131348,0.9330139756202698,0.5273178219795227,0.07925962656736374,0.06526083499193192,0.02732606790959835,0.0036674020811915398,0.02297232672572136,0.06555221229791641
6102,3,3,,,,,,,,0.3758041262626648,0.1895255148410797,0.08823991566896439,,,
6103,6,6,,,,,,,,0.39680489897727966,0.48868653178215027,0.17647622525691986,,,
6104,1,1,,,,,,,,0.5038318037986755,0.2741210162639618,0.3684089481830597,,,
6105,0,0,,,,,,,,0.39086002111434937,0.7196604609489441,0.8223320245742798,,,
6106,2,2,,,,,,,,0.6803925037384033,0.2213519811630249,0.35964158177375793,,,
6107,9,9,,,,,,,,0.32607680559158325,0.28424936532974243,0.2664305567741394,,,
6108,4,4,,,,,,,,0.10090862214565277,0.37301671504974365,0.09767170250415802,,,
6109,2,2,,,,,,,,0.5700099468231201,0.17185811698436737,0.6422463059425354,,,
6110,9,9,,,,,,,,0.38868921995162964,0.19401803612709045,0.23029887676239014,,,
6111,3,3,3,0.5454545454545454,0.632,0.2215568862275449,0.9911239147186279,0.9391644597053528,0.5572419166564941,0.03769085183739662,0.33202895522117615,0.03861704468727112,0.0424366220831871,0.27566277980804443,0.03774207457900047
6112,8,8,,,,,,,,0.08776428550481796,0.15354055166244507,0.23482736945152283,,,
6113,2,2,,,,,,,,0.6163256764411926,0.09770070761442184,0.23128899931907654,,,
6114,9,9,,,,,,,,0.43939077854156494,0.12424666434526443,0.1705302596092224,,,
6115,8,8,,,,,,,,0.7854359745979309,0.08926903456449509,0.28090038895606995,,,
6116,5,5,5,0.6585365853658537,0.4782608695652174,0.6859504132231405,0.9634726047515869,0.8472685813903809,0.48549532890319824,0.40623125433921814,0.08287877589464188,0.03129265084862709,0.2661764323711395,0.11052469164133072,0.03423116356134415
6117,1,1,,,,,,,,0.3856494724750519,0.16034629940986633,0.4110131859779358,,,
6118,0,0,,,,,,,,0.24994724988937378,0.3221661448478699,0.7186997532844543,,,
6119,1,1,,,,,,,,0.4906502664089203,0.21974198520183563,0.5435124039649963,,,
6120,5,5,,,,,,,,0.36670348048210144,0.03699221834540367,0.21013733744621277,,,
6121,2,2,,,,,,,,0.5451762676239014,0.21328848600387573,0.3837161064147949,,,
6122,5,5,5,0.9245283018867925,0.7739130434782608,0.1270718232044199,0.991666853427887,0.9334729909896851,0.41306501626968384,0.17729060351848602,0.07014879584312439,0.15892305970191956,0.15889698266983032,0.0661088079214096,0.13007813692092896
6123,6,6,,,,,,,,0.24066682159900665,0.17594397068023682,0.17058371007442474,,,
6124,8,8,,,,,,,,0.159181147813797,0.042916152626276016,0.09669025242328644,,,
6125,8,8,8,0.9805825242718447,0.7894736842105263,0.6451612903225806,0.9786533117294312,0.9566400051116943,0.6117557287216187,0.13919012248516083,0.03256634622812271,0.027945222333073616,0.08159081637859344,0.04700850695371628,0.02369805797934532
6126,3,3,,,,,,,,0.356963574886322,0.45203104615211487,0.36495739221572876,,,
6127,5,2,,,,,,,,0.39056873321533203,0.07383640855550766,0.2954818606376648,,,
6128,0,0,2,0.24390243902439024,0.4068965517241379,0.20710059171597633,0.7444764375686646,0.8140619993209839,0.5019984245300293,0.4362524747848511,0.6259785294532776,0.8610615134239197,0.518003523349762,0.7496681809425354,0.49095186591148376
6129,4,4,,,,,,,,0.10767276585102081,0.23365594446659088,0.04717181995511055,,,
6130,1,1,,,,,,,,0.07264421135187149,0.08659444749355316,0.14737683534622192,,,
6131,3,3,,,,,,,,0.17633770406246185,0.19256559014320374,0.05331117659807205,,,
6132,7,7,,,,,,,,0.3631705045700073,0.22621916234493256,0.2831690013408661,,,
6133,0,0,,,,,,,,0.6493096947669983,0.7767109870910645,0.5744748711585999,,,
6134,3,3,3,0.8378378378378378,0.5223880597014925,0.8053097345132744,0.9909218549728394,0.8926894068717957,0.8311054706573486,0.08991994708776474,0.5353926420211792,0.035887837409973145,0.11059875041246414,0.38407206535339355,0.03723650425672531
6135,3,3,,,,,,,,0.3486367464065552,0.4915896952152252,0.15716277062892914,,,
6136,9,9,,,,,,,,0.03947366401553154,0.030153078958392143,0.07076063007116318,,,
6137,2,2,,,,,,,,0.7664980292320251,0.06963128596544266,0.31541207432746887,,,
6138,3,3,,,,,,,,0.08586395531892776,0.19252923130989075,0.12588270008563995,,,
6139,9,9,,,,,,,,0.4647769033908844,0.25870853662490845,0.2754904329776764,,,
6140,9,9,,,,,,,,0.3551032543182373,0.2845304608345032,0.32285112142562866,,,
6141,8,8,,,,,,,,0.7327080965042114,0.1217179074883461,0.19903288781642914,,,
6142,5,5,5,0.7894736842105263,0.6451612903225806,0.5813953488372093,0.9819508790969849,0.945335865020752,0.6870325803756714,0.04570547118782997,0.027400808408856392,0.0209132619202137,0.0438026487827301,0.03799155354499817,0.054528623819351196
6143,9,1,,,,,,,,0.08578576892614365,0.07611443847417831,0.06952521950006485,,,
6144,7,7,2,0.009900990099009901,0.42657342657342656,0.45714285714285713,0.21833623945713043,0.829742968082428,0.6332224011421204,0.04397336766123772,0.024589242413640022,0.07157333940267563,0.009935026988387108,0.07397270202636719,0.0012830960331484675
6145,2,2,2,0.6721311475409836,0.5,0.275,0.9246126413345337,0.8614234924316406,0.5873587131500244,0.38524723052978516,0.3367137312889099,0.5522093176841736,0.5252693295478821,0.14405426383018494,0.10470287501811981
6146,0,9,,,,,,,,0.04552936181426048,0.06912082433700562,0.02223106473684311,,,
6147,9,9,,,,,,,,0.31015947461128235,0.26750409603118896,0.30908772349357605,,,
6148,4,4,,,,,,,,0.28819116950035095,0.5342971086502075,0.19701942801475525,,,
6149,7,7,,,,,,,,0.2895394563674927,0.16587714850902557,0.1733083426952362,,,
6150,1,1,,,,,,,,0.11069094389677048,0.17116451263427734,0.15793155133724213,,,
6151,7,3,,,,,,,,0.26419222354888916,0.30796751379966736,0.56037837266922,,,
6152,6,6,3,0.4166666666666667,0.4676258992805755,0.5,0.7010905742645264,0.8206988573074341,0.4147339165210724,0.2525511085987091,0.5556452870368958,0.13124652206897736,0.0306581761687994,0.5705698728561401,0.009260267950594425
6153,4,4,,,,,,,,0.361820250749588,0.25053972005844116,0.2477037012577057,,,
6154,4,4,4,0.8715596330275229,0.45714285714285713,0.44680851063829785,0.9781804084777832,0.898166835308075,0.7818153500556946,0.1032474935054779,0.18771888315677643,0.11421222239732742,0.0575990155339241,0.231308251619339,0.058810945600271225
6155,8,8,,,,,,,,0.6781086325645447,0.29128366708755493,0.029664430767297745,,,
6156,9,9,,,,,,,,0.3259451985359192,0.21867859363555908,0.5263997912406921,,,
6157,0,0,,,,,,,,0.5549277663230896,0.39061063528060913,0.8364099860191345,,,
6158,7,7,,,,,,,,0.07808049768209457,0.027853429317474365,0.10112421214580536,,,
6159,1,1,,,,,,,,0.680420458316803,0.2416287213563919,0.6777013540267944,,,
6160,2,2,0,0.6721311475409836,0.44680851063829785,0.43661971830985913,0.9349607229232788,0.8771662712097168,0.7136519551277161,0.06000373512506485,0.11634908616542816,0.21042467653751373,0.05883888900279999,0.07757438719272614,0.10645706951618195
6161,4,4,,,,,,,,0.10286837816238403,0.20791742205619812,0.0847557783126831,,,
6162,0,9,,,,,,,,0.06010284274816513,0.010781369172036648,0.04439480975270271,,,
6163,3,3,2,0.3691275167785235,0.4166666666666667,0.6451612903225806,0.7829141616821289,0.7785890698432922,0.5993152260780334,0.14554408192634583,0.1305888146162033,0.03862392157316208,0.04608934372663498,0.08387193083763123,0.019559940323233604
6164,7,7,2,0.0,0.29936305732484075,0.5223880597014925,0.07118595391511917,0.7844340801239014,0.5511378049850464,0.03115062043070793,0.02529551088809967,0.07409016788005829,0.02548399195075035,0.008133058436214924,0.0008705437649041414
6165,5,5,,,,,,,,0.18323491513729095,0.07471467554569244,0.3432029187679291,,,
6166,1,1,,,,,,,,0.27017921209335327,0.2790606617927551,0.2952503263950348,,,
6167,9,9,,,,,,,,0.1585267037153244,0.04074343293905258,0.0734807550907135,,,
6168,3,3,3,0.5813953488372093,0.7,0.2670807453416149,0.9687042832374573,0.8797180652618408,0.5511442422866821,0.209908589720726,0.386519193649292,0.3279246687889099,0.23708435893058777,0.2652703523635864,0.16874167323112488
6169,5,4,,,,,,,,0.021804016083478928,0.23794151842594147,0.11808888614177704,,,
6170,2,2,,,,,,,,0.6235188245773315,0.2535916268825531,0.17174959182739258,,,
6171,4,4,,,,,,,,0.1644476354122162,0.13617508113384247,0.176266610622406,,,
6172,1,1,,,,,,,,0.16141663491725922,0.16292931139469147,0.1449008733034134,,,
6173,1,1,,,,,,,,0.5239248871803284,0.29700759053230286,0.6664615869522095,,,
6174,3,3,5,0.3246753246753247,0.59375,0.4782608695652174,0.8888643980026245,0.8808956742286682,0.5167899131774902,0.0484299510717392,0.44140705466270447,0.03996632620692253,0.13929705321788788,0.2984732389450073,0.06425569951534271
6175,3,3,,,,,,,,0.25426721572875977,0.18271870911121368,0.1874009370803833,,,
6176,9,9,,,,,,,,0.47352147102355957,0.24766311049461365,0.34118232131004333,,,
6177,2,2,,,,,,,,0.6671280860900879,0.10161440819501877,0.7456107139587402,,,
6178,5,5,,,,,,,,0.29432085156440735,0.06491661071777344,0.10839380323886871,,,
6179,8,8,,,,,,,,0.4998013973236084,0.10539941489696503,0.11168951541185379,,,
6180,0,0,,,,,,,,0.3326837420463562,0.32924970984458923,0.5729409456253052,,,
6181,8,8,,,,,,,,0.4539557695388794,0.18272635340690613,0.1977425515651703,,,
6182,1,1,,,,,,,,0.5407828092575073,0.48261338472366333,0.3124650716781616,,,
6183,5,5,,,,,,,,0.2589426040649414,0.048391811549663544,0.07139161229133606,,,
6184,1,1,,,,,,,,0.13962145149707794,0.3030927777290344,0.10496125370264053,,,
6185,5,5,,,,,,,,0.28867655992507935,0.0640782043337822,0.13310225307941437,,,
6186,9,9,,,,,,,,0.4079948961734772,0.1393561065196991,0.09217889606952667,,,
6187,0,0,,,,,,,,0.7989140748977661,0.5334530472755432,0.6817418336868286,,,
6188,9,9,,,,,,,,0.2763841152191162,0.27545878291130066,0.08258703351020813,,,
6189,2,2,,,,,,,,0.3566688895225525,0.1267988383769989,0.46916505694389343,,,
6190,4,4,,,,,,,,0.0852327048778534,0.09432792663574219,0.09827101975679398,,,
6191,0,0,,,,,,,,0.2743072509765625,0.4597072899341583,0.6602823138237,,,
6192,6,6,,,,,,,,0.4528741240501404,0.6035753488540649,0.26846203207969666,,,
6193,9,9,,,,,,,,0.11756756901741028,0.3135405480861664,0.26130762696266174,,,
6194,1,1,,,,,,,,0.35168352723121643,0.2977578341960907,0.22551868855953217,,,
6195,1,1,,,,,,,,0.2097635269165039,0.09604909271001816,0.13760673999786377,,,
6196,3,3,,,,,,,,0.22693634033203125,0.3243952691555023,0.11742157489061356,,,
6197,4,4,2,0.03015075376884422,0.3972602739726027,0.15254237288135594,0.15224285423755646,0.7559180855751038,0.19349287450313568,0.1336696445941925,0.041006747633218765,0.0880294069647789,0.0001676547690294683,0.023758217692375183,0.03524356707930565
6198,9,9,,,,,,,,0.3464707136154175,0.29647815227508545,0.20141401886940002,,,
6199,5,5,,,,,,,,0.6864378452301025,0.09504599869251251,0.4270467460155487,,,
6200,3,3,,,,,,,,0.21684330701828003,0.4976164996623993,0.4293539822101593,,,
6201,3,3,,,,,,,,0.17677727341651917,0.5202232599258423,0.4029451906681061,,,
6202,3,2,,,,,,,,0.4939100742340088,0.1419707089662552,0.6575833559036255,,,
6203,3,3,,,,,,,,0.37852245569229126,0.4133675694465637,0.6133577823638916,,,
6204,4,4,,,,,,,,0.1666329801082611,0.13188664615154266,0.0737077072262764,,,
6205,1,1,,,,,,,,0.3703674077987671,0.23647309839725494,0.1264772266149521,,,
6206,5,3,,,,,,,,0.1969836950302124,0.6153846979141235,0.48276805877685547,,,
6207,9,9,,,,,,,,0.43724313378334045,0.2287604808807373,0.2510957419872284,,,
6208,8,8,,,,,,,,0.5914484262466431,0.06611759215593338,0.17687490582466125,,,
6209,7,7,,,,,,,,0.1584659069776535,0.1546466201543808,0.20753607153892517,,,
6210,4,2,,,,,,,,0.20085658133029938,0.026829980313777924,0.15614984929561615,,,
6211,8,8,,,,,,,,0.5742090344429016,0.45610445737838745,0.18801631033420563,,,
6212,7,7,,,,,,,,0.2020631581544876,0.1218823716044426,0.18288347125053406,,,
6213,3,3,6,0.8888888888888888,0.7739130434782608,0.3691275167785235,0.9678292274475098,0.9395809173583984,0.3916913866996765,0.049252647906541824,0.08663450926542282,0.030455220490694046,0.08091025799512863,0.0783904492855072,0.01811312697827816
6214,5,5,,,,,,,,0.057555925101041794,0.06381246447563171,0.03949696198105812,,,
6215,2,2,,,,,,,,0.2674961984157562,0.07550129294395447,0.24459992349147797,,,
6216,5,5,,,,,,,,0.31534823775291443,0.0312038566917181,0.13998116552829742,,,
6217,8,8,,,,,,,,0.4533410966396332,0.08891081064939499,0.2903146743774414,,,
6218,9,3,,,,,,,,0.05469001829624176,0.06299317628145218,0.04174638167023659,,,
6219,7,7,,,,,,,,0.36400166153907776,0.3994843363761902,0.2997029721736908,,,
6220,2,2,,,,,,,,0.8112353682518005,0.04488441348075867,0.3781380355358124,,,
6221,0,0,,,,,,,,0.32671675086021423,0.5250071287155151,0.7536932229995728,,,
6222,0,0,,,,,,,,0.45668327808380127,0.3805561363697052,0.804487407207489,,,
6223,7,7,,,,,,,,0.32567882537841797,0.20975318551063538,0.23564283549785614,,,
6224,5,5,,,,,,,,0.2740439772605896,0.0391954630613327,0.14024898409843445,,,
6225,3,3,,,,,,,,0.2824384868144989,0.47534242272377014,0.33259955048561096,,,
6226,5,5,,,,,,,,0.44145408272743225,0.0993693396449089,0.33008456230163574,,,
6227,7,7,,,,,,,,0.07669781893491745,0.05623629689216614,0.13198445737361908,,,
6228,4,7,,,,,,,,0.22616025805473328,0.06512244790792465,0.2045367956161499,,,
6229,6,6,,,,,,,,0.23939883708953857,0.7329136729240417,0.10914051532745361,,,
6230,2,2,,,,,,,,0.79083251953125,0.32882657647132874,0.5971382856369019,,,
6231,8,8,,,,,,,,0.10714801400899887,0.030347127467393875,0.04967014491558075,,,
6232,2,2,,,,,,,,0.2368474006652832,0.11946351081132889,0.18954086303710938,,,
6233,7,7,,,,,,,,0.3404778242111206,0.20943032205104828,0.4511229395866394,,,
6234,7,7,,,,,,,,0.292705774307251,0.13689593970775604,0.1290397346019745,,,
6235,6,6,,,,,,,,0.18298572301864624,0.4032553732395172,0.10472611337900162,,,
6236,1,1,,,,,,,,0.10108079016208649,0.05205618217587471,0.19551607966423035,,,
6237,3,3,3,0.8053097345132744,0.59375,0.5813953488372093,0.9077205657958984,0.8617039918899536,0.3444085717201233,0.10655383765697479,0.06765807420015335,0.13598871231079102,0.13546836376190186,0.06165487319231033,0.09431912750005722
6238,8,8,,,,,,,,0.1942800134420395,0.11407327651977539,0.04855489730834961,,,
6239,6,6,3,0.59375,0.5454545454545454,0.4166666666666667,0.9223501682281494,0.8678516745567322,0.3532217741012573,0.026004672050476074,0.5116609334945679,0.062102582305669785,0.012729454785585403,0.45892608165740967,0.018300270661711693
6240,2,2,,,,,,,,0.4401998519897461,0.3312665522098541,0.6784573793411255,,,
6241,0,0,,,,,,,,0.6087771654129028,0.4796943962574005,0.7063441872596741,,,
6242,4,4,,,,,,,,0.02794102393090725,0.05933142825961113,0.07102373242378235,,,
6243,4,6,,,,,,,,0.12898977100849152,0.3803847134113312,0.18900373578071594,,,
6244,8,8,,,,,,,,0.6138945817947388,0.07263810187578201,0.15057604014873505,,,
6245,6,6,2,0.20710059171597633,0.4166666666666667,0.1724137931034483,0.6005096435546875,0.8659061193466187,0.44360002875328064,0.12403549998998642,0.5440250039100647,0.026153165847063065,0.08212828636169434,0.3282427489757538,0.007722942158579826
6246,4,4,,,,,,,,0.38160187005996704,0.21826134622097015,0.49464908242225647,,,
6247,0,0,,,,,,,,0.5121435523033142,0.7492966651916504,0.7808477878570557,,,
6248,2,2,,,,,,,,0.6270567178726196,0.13793669641017914,0.19145913422107697,,,
6249,5,5,,,,,,,,0.1516982764005661,0.07252150028944016,0.1444988250732422,,,
6250,4,4,,,,,,,,0.14667454361915588,0.22104911506175995,0.21977059543132782,,,
6251,1,1,,,,,,,,0.15961740911006927,0.15411393344402313,0.17503143846988678,,,
6252,2,2,,,,,,,,0.3196224272251129,0.25998455286026,0.2666129469871521,,,
6253,5,4,,,,,,,,0.03564111515879631,0.11392658948898315,0.28876793384552,,,
6254,4,4,,,,,,,,0.4374498724937439,0.42398807406425476,0.1821831911802292,,,
6255,6,6,5,0.48905109489051096,0.48905109489051096,0.44680851063829785,0.9259859919548035,0.8489764928817749,0.5566724538803101,0.09451358765363693,0.44134220480918884,0.1005161926150322,0.027406590059399605,0.5671842694282532,0.04435412213206291
6256,9,9,,,,,,,,0.35826969146728516,0.3809073269367218,0.4886986315250397,,,
6257,5,2,,,,,,,,0.35730451345443726,0.13201174139976501,0.26007601618766785,,,
6258,0,0,,,,,,,,0.3993331789970398,0.8295212388038635,0.7143594622612,,,
6259,5,5,,,,,,,,0.37254709005355835,0.03452519327402115,0.18300358951091766,,,
6260,2,2,,,,,,,,0.2861193120479584,0.17444194853305817,0.28430309891700745,,,
6261,0,0,,,,,,,,0.3090362250804901,0.4366041123867035,0.5757796168327332,,,
6262,8,8,,,,,,,,0.5145764350891113,0.060446761548519135,0.16800250113010406,,,
6263,2,2,,,,,,,,0.22165890038013458,0.12484081834554672,0.16918586194515228,,,
6264,6,6,,,,,,,,0.5945326685905457,0.3323891758918762,0.1859796941280365,,,
6265,4,4,,,,,,,,0.39975330233573914,0.29226329922676086,0.4361412525177002,,,
6266,7,7,,,,,,,,0.4723913371562958,0.07719294726848602,0.42691609263420105,,,
6267,9,9,,,,,,,,0.5003257989883423,0.299012690782547,0.3568146526813507,,,
6268,5,5,3,0.0,0.43661971830985913,0.45714285714285713,0.22344937920570374,0.8066216707229614,0.38316911458969116,0.15434996783733368,0.05660253390669823,0.09170924127101898,0.17393758893013,0.027459345757961273,0.003796440316364169
6269,7,7,,,,,,,,0.17473287880420685,0.13532085716724396,0.32085344195365906,,,
6270,2,2,,,,,,,,0.5201835036277771,0.0857272744178772,0.4320765435695648,,,
6271,6,3,,,,,,,,0.25386738777160645,0.34761834144592285,0.02009035460650921,,,
6272,2,2,,,,,,,,0.5778898596763611,0.12378162890672684,0.1905754804611206,,,
6273,1,1,,,,,,,,0.08530708402395248,0.06785576790571213,0.3363869786262512,,,
6274,9,9,,,,,,,,0.3071460425853729,0.26984694600105286,0.35506579279899597,,,
6275,9,9,,,,,,,,0.2902428209781647,0.1911044418811798,0.1866074800491333,,,
6276,7,7,,,,,,,,0.36940574645996094,0.35590803623199463,0.2236531376838684,,,
6277,2,2,,,,,,,,0.2111993283033371,0.4067736864089966,0.2196187525987625,,,
6278,5,5,,,,,,,,0.17554226517677307,0.10820908099412918,0.46578264236450195,,,
6279,1,1,,,,,,,,0.37101972103118896,0.2661930322647095,0.2878229022026062,,,
6280,8,8,,,,,,,,0.2908635139465332,0.061514195054769516,0.2082151621580124,,,
6281,1,1,,,,,,,,0.24676430225372314,0.45242300629615784,0.3127124607563019,,,
6282,6,6,,,,,,,,0.1711326539516449,0.5440899729728699,0.16198301315307617,,,
6283,3,6,,,,,,,,0.049906980246305466,0.223568394780159,0.03515404462814331,,,
6284,0,0,,,,,,,,0.22502583265304565,0.5832405686378479,0.9891878366470337,,,
6285,8,8,,,,,,,,0.572146475315094,0.2762525975704193,0.150499165058136,,,
6286,8,8,,,,,,,,0.13507883250713348,0.03323940932750702,0.15986447036266327,,,
6287,5,5,3,0.8214285714285714,0.6190476190476191,0.42657342657342656,0.7124621272087097,0.9027331471443176,0.41115355491638184,0.5424340963363647,0.11337510496377945,0.0646030455827713,0.09113770723342896,0.05796298757195473,0.01258955616503954
6288,6,6,,,,,,,,0.35580095648765564,0.7229538559913635,0.3093372881412506,,,
6289,9,9,,,,,,,,0.2251238077878952,0.22695717215538025,0.20232000946998596,,,
6290,9,9,,,,,,,,0.33901646733283997,0.15880735218524933,0.18787752091884613,,,
6291,9,9,,,,,,,,0.15836948156356812,0.0725918859243393,0.12021619081497192,,,
6292,6,6,,,,,,,,0.13988333940505981,0.6052651405334473,0.08439093083143234,,,
6293,3,3,,,,,,,,0.5868200659751892,0.5251651406288147,0.281884104013443,,,
6294,0,0,,,,,,,,0.39846089482307434,0.7103683352470398,0.744627833366394,,,
6295,8,8,,,,,,,,0.6739468574523926,0.03587356209754944,0.3794821500778198,,,
6296,8,8,,,,,,,,0.32613661885261536,0.2760709226131439,0.16086997091770172,,,
6297,5,5,5,0.13966480446927373,0.43661971830985913,0.5813953488372093,0.40632757544517517,0.8469399213790894,0.5518593192100525,0.49506357312202454,0.05695017799735069,0.3079306483268738,0.5330754518508911,0.06105174124240875,0.21561335027217865
6298,3,3,,,,,,,,0.07360619306564331,0.5354010462760925,0.091143399477005,,,
6299,3,3,3,0.3076923076923077,0.4676258992805755,0.5338345864661654,0.812684178352356,0.892020583152771,0.4964316785335541,0.19759418070316315,0.3455340266227722,0.08317051827907562,0.18104802072048187,0.2154940962791443,0.08229896426200867
6300,1,1,,,,,,,,0.15638139843940735,0.05032876878976822,0.10831599682569504,,,
6301,1,1,,,,,,,,0.610278844833374,0.2697848379611969,0.38587138056755066,,,
6302,0,0,,,,,,,,0.5124384760856628,0.5597311854362488,0.8228245377540588,,,
6303,7,7,,,,,,,,0.08849705755710602,0.14555887877941132,0.08319143950939178,,,
6304,0,0,,,,,,,,0.8834155201911926,0.44484245777130127,0.842204213142395,,,
6305,6,3,,,,,,,,0.131387397646904,0.08766195923089981,0.054319676011800766,,,
6306,0,0,,,,,,,,0.3863604664802551,0.6487385630607605,0.7434498071670532,,,
6307,4,4,,,,,,,,0.35424739122390747,0.2851967513561249,0.2949233651161194,,,
6308,4,4,,,,,,,,0.2595713436603546,0.27762091159820557,0.2256912738084793,,,
6309,6,6,,,,,,,,0.4622872471809387,0.586756706237793,0.2410002499818802,,,
6310,5,5,,,,,,,,0.3390956521034241,0.08603782206773758,0.4491152763366699,,,
6311,3,0,,,,,,,,0.8805032968521118,0.4331894516944885,0.153007373213768,,,
6312,2,2,,,,,,,,0.5719982981681824,0.34697654843330383,0.475777804851532,,,
6313,9,9,,,,,,,,0.312732070684433,0.26756390929222107,0.22136203944683075,,,
6314,6,6,,,,,,,,0.499482661485672,0.5306870341300964,0.2748609185218811,,,
6315,6,6,,,,,,,,0.159652441740036,0.2567403316497803,0.14193065464496613,,,
6316,7,7,,,,,,,,0.27133962512016296,0.22041717171669006,0.27461087703704834,,,
6317,9,9,,,,,,,,0.13158971071243286,0.12345591932535172,0.1253921538591385,,,
6318,7,7,,,,,,,,0.38665029406547546,0.20737585425376892,0.32757553458213806,,,
6319,7,7,,,,,,,,0.11402971297502518,0.21355561912059784,0.11312095820903778,,,
6320,0,0,0,0.6451612903225806,0.5813953488372093,0.14606741573033707,0.9755766987800598,0.887479305267334,0.3666834831237793,0.3176664113998413,0.35081416368484497,0.6376082301139832,0.3483801484107971,0.23417766392230988,0.49166467785835266
6321,8,8,,,,,,,,0.537743330001831,0.31622281670570374,0.37508073449134827,,,
6322,4,4,,,,,,,,0.22132477164268494,0.34127894043922424,0.46381238102912903,,,
6323,2,2,,,,,,,,0.6696252822875977,0.1278107464313507,0.10107564926147461,,,
6324,7,7,,,,,,,,0.46632546186447144,0.3367775082588196,0.4575077295303345,,,
6325,7,7,,,,,,,,0.38585883378982544,0.24469467997550964,0.37823206186294556,,,
6326,7,7,8,0.9065420560747663,0.5111111111111111,0.15254237288135594,0.9516932964324951,0.8642740249633789,0.41151246428489685,0.04251743108034134,0.028856180608272552,0.13560457527637482,0.008854787796735764,0.006940966472029686,0.011690538376569748
6327,4,4,,,,,,,,0.24065697193145752,0.3507619798183441,0.45324090123176575,,,
6328,0,0,,,,,,,,0.8950420618057251,0.2958970069885254,0.7010045051574707,,,
6329,1,1,,,,,,,,0.17649956047534943,0.20082026720046997,0.22041986882686615,,,
6330,6,6,,,,,,,,0.28269708156585693,0.6294205784797668,0.15139801800251007,,,
6331,0,0,,,,,,,,0.43544331192970276,0.6143908500671387,0.5478028655052185,,,
6332,5,5,,,,,,,,0.26397210359573364,0.03604041039943695,0.04015667364001274,,,
6333,3,3,,,,,,,,0.268375039100647,0.5583482980728149,0.2340170294046402,,,
6334,0,0,0,0.8545454545454545,0.6062992125984252,0.3509933774834437,0.9817444682121277,0.9176598191261292,0.651890754699707,0.07411542534828186,0.17585986852645874,0.4241071045398712,0.0894964262843132,0.20961202681064606,0.47600024938583374
6335,2,2,,,,,,,,0.7183599472045898,0.2685045897960663,0.5589827299118042,,,
6336,4,4,,,,,,,,0.07689201086759567,0.041838034987449646,0.1507488191127777,,,
6337,9,9,,,,,,,,0.22253277897834778,0.314493328332901,0.13062143325805664,,,
6338,7,7,,,,,,,,0.30572524666786194,0.19828149676322937,0.3111998438835144,,,
6339,3,3,,,,,,,,0.2691612243652344,0.2222646176815033,0.09473494440317154,,,
6340,3,3,,,,,,,,0.23805682361125946,0.4000631272792816,0.2661114037036896,,,
6341,2,2,,,,,,,,0.5387629866600037,0.1802089661359787,0.2274310141801834,,,
6342,8,8,,,,,,,,0.3476705849170685,0.4147323966026306,0.0978827103972435,,,
6343,8,8,,,,,,,,0.4950009286403656,0.34556180238723755,0.22631119191646576,,,
6344,5,5,,,,,,,,0.17615531384944916,0.09238866716623306,0.09610447287559509,,,
6345,3,3,3,0.5813953488372093,0.7288135593220338,0.0967741935483871,0.9549887180328369,0.9128653407096863,0.3534809350967407,0.3110700249671936,0.15411244332790375,0.29099273681640625,0.22266942262649536,0.10405562072992325,0.19743670523166656
6346,8,8,,,,,,,,0.6007652878761292,0.0837627574801445,0.033299971371889114,,,
6347,0,0,,,,,,,,0.7158542275428772,0.8075497150421143,0.9823840856552124,,,
6348,8,8,,,,,,,,0.5412399172782898,0.08062279224395752,0.1303640455007553,,,
6349,0,4,,,,,,,,0.07585692405700684,0.07715936005115509,0.04871243238449097,,,
6350,0,0,,,,,,,,0.9227370023727417,0.5198899507522583,0.8472299575805664,,,
6351,0,0,,,,,,,,0.5286513566970825,0.22081010043621063,0.6505280137062073,,,
6352,2,2,,,,,,,,0.5297930836677551,0.16643522679805756,0.22175011038780212,,,
6353,2,2,2,0.4782608695652174,0.4676258992805755,0.36,0.8912066221237183,0.8985442519187927,0.571039080619812,0.30271705985069275,0.09087708592414856,0.03304803743958473,0.03277799114584923,0.05103903263807297,0.022690074518322945
6354,7,7,,,,,,,,0.032450102269649506,0.053372252732515335,0.2379991114139557,,,
6355,0,0,,,,,,,,0.39474818110466003,0.46151164174079895,0.6155933737754822,,,
6356,7,7,,,,,,,,0.11113658547401428,0.044655077159404755,0.17217767238616943,,,
6357,7,7,,,,,,,,0.33209651708602905,0.045625388622283936,0.13211393356323242,,,
6358,7,7,,,,,,,,0.2723090946674347,0.1207023337483406,0.19430166482925415,,,
6359,2,2,,,,,,,,0.23382702469825745,0.5189597606658936,0.23532062768936157,,,
6360,2,2,,,,,,,,0.21719670295715332,0.3403106927871704,0.27463558316230774,,,
6361,0,0,,,,,,,,0.07216707617044449,0.6656405329704285,0.618810772895813,,,
6362,4,4,,,,,,,,0.28161489963531494,0.2220059484243393,0.07682295888662338,,,
6363,0,0,,,,,,,,0.6649596095085144,0.6974478960037231,0.7159483432769775,,,
6364,3,3,3,0.7894736842105263,0.7142857142857143,0.3509933774834437,0.9896285533905029,0.933144748210907,0.5028069019317627,0.10316456854343414,0.3319425582885742,0.02943558245897293,0.11419084668159485,0.5322807431221008,0.03150817006826401
6365,7,7,,,,,,,,0.3455773890018463,0.08834702521562576,0.24315816164016724,,,
6366,8,8,8,0.7586206896551724,0.6451612903225806,0.25925925925925924,0.9945243000984192,0.8727355599403381,0.5581862926483154,0.5939888954162598,0.12166378647089005,0.07114949822425842,0.527425229549408,0.3404584228992462,0.09850852936506271
6367,4,4,,,,,,,,0.06688867509365082,0.14554381370544434,0.18397307395935059,,,
6368,7,7,,,,,,,,0.3855202794075012,0.28296977281570435,0.477668434381485,,,
6369,9,9,,,,,,,,0.313771516084671,0.15114906430244446,0.5470173954963684,,,
6370,6,6,,,,,,,,0.21703554689884186,0.3642714321613312,0.11697088181972504,,,
6371,1,9,,,,,,,,0.03378130868077278,0.04095644876360893,0.02437524124979973,,,
6372,1,1,,,,,,,,0.3254198729991913,0.21979627013206482,0.22234578430652618,,,
6373,6,6,,,,,,,,0.06068568676710129,0.40854525566101074,0.09581661224365234,,,
6374,9,9,,,,,,,,0.11050638556480408,0.12158962339162827,0.27909529209136963,,,
6375,3,3,3,0.8378378378378378,0.5,0.6190476190476191,0.9819528460502625,0.801397442817688,0.35116541385650635,0.1665707379579544,0.22658221423625946,0.09245552122592926,0.1218002513051033,0.23179636895656586,0.22204971313476562
6376,8,8,,,,,,,,0.29165130853652954,0.2779157757759094,0.24280938506126404,,,
6377,9,9,,,,,,,,0.31148359179496765,0.2996019721031189,0.44481879472732544,,,
6378,5,5,,,,,,,,0.06941530108451843,0.17700830101966858,0.0567508339881897,,,
6379,8,8,,,,,,,,0.3177593946456909,0.13178153336048126,0.3701626658439636,,,
6380,3,3,,,,,,,,0.20338205993175507,0.36142417788505554,0.14507848024368286,,,
6381,9,1,,,,,,,,0.025133296847343445,0.14072832465171814,0.3096561133861542,,,
6382,4,5,,,,,,,,0.17047296464443207,0.14200544357299805,0.06918346881866455,,,
6383,3,3,,,,,,,,0.07512880116701126,0.29481038451194763,0.16531063616275787,,,
6384,7,7,2,0.9065420560747663,0.5338345864661654,0.4676258992805755,0.9845141172409058,0.8788319230079651,0.6587545871734619,0.09862904250621796,0.03528466075658798,0.09555093199014664,0.04524610564112663,0.05978473648428917,0.14530591666698456
6385,5,5,,,,,,,,0.11083842813968658,0.07005596160888672,0.07921232283115387,,,
6386,5,5,4,0.06806282722513089,0.4782608695652174,0.2830188679245283,0.6829294562339783,0.8771709203720093,0.49470770359039307,0.04547557607293129,0.10722669214010239,0.026286739856004715,0.008679362945258617,0.04529574513435364,0.0009843537118285894
6387,2,2,,,,,,,,0.3502850830554962,0.11000202596187592,0.24195626378059387,,,
6388,7,3,,,,,,,,0.3169863522052765,0.3087654709815979,0.022623389959335327,,,
6389,5,5,,,,,,,,0.1270412653684616,0.03732835501432419,0.2523460388183594,,,
6390,7,7,,,,,,,,0.3959764242172241,0.36613813042640686,0.5418605208396912,,,
6391,9,9,,,,,,,,0.23195227980613708,0.2282291203737259,0.3232230842113495,,,
6392,6,6,,,,,,,,0.12205807119607925,0.2214834839105606,0.1340148150920868,,,
6393,3,2,,,,,,,,0.32768020033836365,0.016688205301761627,0.48440539836883545,,,
6394,0,0,,,,,,,,0.11037637293338776,0.3531760573387146,0.4326224625110626,,,
6395,8,8,,,,,,,,0.3643164038658142,0.25964468717575073,0.15338599681854248,,,
6396,4,4,,,,,,,,0.048921793699264526,0.10455896705389023,0.07018493115901947,,,
6397,5,5,,,,,,,,0.1734359860420227,0.15268592536449432,0.3020628094673157,,,
6398,6,6,6,0.6190476190476191,0.6062992125984252,0.23636363636363636,0.9594095349311829,0.8694348931312561,0.5015597939491272,0.11571919173002243,0.25647979974746704,0.14264225959777832,0.03476084768772125,0.25413209199905396,0.10968880355358124
6399,1,1,,,,,,,,0.1770007163286209,0.39417874813079834,0.2825540006160736,,,
6400,0,0,,,,,,,,0.4020659029483795,0.33013543486595154,0.7732199430465698,,,
6401,4,5,,,,,,,,0.03141169995069504,0.13120907545089722,0.05661587417125702,,,
6402,8,8,,,,,,,,0.262675404548645,0.14670754969120026,0.2124461531639099,,,
6403,4,4,,,,,,,,0.1325986087322235,0.3511563539505005,0.4583549499511719,,,
6404,7,7,,,,,,,,0.46263808012008667,0.23260344564914703,0.20993883907794952,,,
6405,1,1,1,0.7435897435897436,0.632,0.5813953488372093,0.9904500842094421,0.928891658782959,0.6963229179382324,0.028454137966036797,0.019403401762247086,0.13096949458122253,0.06066542863845825,0.06196108087897301,0.024915382266044617
6406,3,3,,,,,,,,0.2937697470188141,0.2709283232688904,0.12927277386188507,,,
6407,2,2,,,,,,,,0.6672723889350891,0.29426538944244385,0.5332502722740173,,,
6408,0,0,,,,,,,,0.4529998302459717,0.778641939163208,0.9742811918258667,,,
6409,9,9,,,,,,,,0.24759691953659058,0.18934284150600433,0.35126766562461853,,,
6410,1,1,,,,,,,,0.5648383498191833,0.42260634899139404,0.5141157507896423,,,
6411,8,8,,,,,,,,0.34253984689712524,0.16917367279529572,0.2223316878080368,,,
6412,8,8,9,0.3691275167785235,0.43661971830985913,0.1724137931034483,0.9519921541213989,0.8366855382919312,0.4679948687553406,0.0689561516046524,0.05908945947885513,0.07067278027534485,0.031011633574962616,0.012877012602984905,0.04726358875632286
6413,6,6,,,,,,,,0.24569448828697205,0.5521148443222046,0.13575536012649536,,,
6414,8,8,,,,,,,,0.44597867131233215,0.1547040492296219,0.23753981292247772,,,
6415,1,1,,,,,,,,0.27467843890190125,0.15771397948265076,0.34361976385116577,,,
6416,7,7,,,,,,,,0.37158721685409546,0.17547403275966644,0.3439393937587738,,,
6417,1,1,,,,,,,,0.22377657890319824,0.07040111720561981,0.03509291633963585,,,
6418,0,0,,,,,,,,0.5999255180358887,0.38007259368896484,0.52280193567276,,,
6419,9,8,,,,,,,,0.2831112742424011,0.08324761688709259,0.041557952761650085,,,
6420,7,7,,,,,,,,0.195081427693367,0.04320378601551056,0.14511433243751526,,,
6421,6,6,6,0.25153374233128833,0.632,0.45714285714285713,0.8784613013267517,0.8875381946563721,0.4425734877586365,0.1794695258140564,0.6079111695289612,0.1904909759759903,0.12578754127025604,0.536897599697113,0.21695224940776825
6422,4,4,,,,,,,,0.05013061687350273,0.484350323677063,0.13270767033100128,,,
6423,5,4,,,,,,,,0.353629469871521,0.44613882899284363,0.37624800205230713,,,
6424,8,8,0,0.19298245614035087,0.45714285714285713,0.1657142857142857,0.6645013093948364,0.909124493598938,0.37457799911499023,0.13406720757484436,0.09293182939291,0.026922594755887985,0.09493864327669144,0.11665630340576172,0.13651184737682343
6425,2,2,,,,,,,,0.21491475403308868,0.07560741156339645,0.3242613673210144,,,
6426,1,1,,,,,,,,0.5138015151023865,0.4812048673629761,0.4944009482860565,,,
6427,2,2,,,,,,,,0.7655586004257202,0.33137246966362,0.5254393219947815,,,
6428,5,5,6,0.5111111111111111,0.34210526315789475,0.23636363636363636,0.94820237159729,0.7602265477180481,0.4157876968383789,0.03166329488158226,0.03705434873700142,0.024294331669807434,0.03040851280093193,0.023653022944927216,0.0038237713743001223
6429,8,8,,,,,,,,0.30802208185195923,0.10508840531110764,0.252792090177536,,,
6430,1,1,,,,,,,,0.09897249191999435,0.1561441868543625,0.2538149952888489,,,
6431,1,1,,,,,,,,0.21089427173137665,0.1072598546743393,0.18422797322273254,,,
6432,8,8,,,,,,,,0.264466792345047,0.17717140913009644,0.12525725364685059,,,
6433,8,8,8,0.7288135593220338,0.5572519083969466,0.45714285714285713,0.9903502464294434,0.8582897186279297,0.7985427379608154,0.5688676834106445,0.03150935098528862,0.14089028537273407,0.3142096698284149,0.02866925671696663,0.09900690615177155
6434,0,0,8,0.7142857142857143,0.632,0.23636363636363636,0.9750984907150269,0.9084688425064087,0.2055877447128296,0.32905513048171997,0.3163871765136719,0.5936963558197021,0.27955836057662964,0.3663323223590851,0.6786730289459229
6435,9,9,,,,,,,,0.44954347610473633,0.19169732928276062,0.2859855592250824,,,
6436,0,0,,,,,,,,0.5923499464988708,0.7202908992767334,0.7455585598945618,,,
6437,0,0,,,,,,,,0.38692352175712585,0.4314548671245575,0.9184876680374146,,,
6438,4,4,4,0.9428571428571428,0.7435897435897436,0.5454545454545454,0.998433530330658,0.9563798308372498,0.538760244846344,0.03334825485944748,0.2093900591135025,0.35105952620506287,0.08353884518146515,0.11100858449935913,0.21988223493099213
6439,3,3,3,0.3333333333333333,0.5692307692307692,0.6062992125984252,0.9500367045402527,0.9301950931549072,0.8386259078979492,0.10732342302799225,0.2454281896352768,0.022140417248010635,0.11146745085716248,0.21034574508666992,0.01884596236050129
6440,3,3,5,0.02,0.3333333333333333,0.24390243902439024,0.3658168315887451,0.7189160585403442,0.24507930874824524,0.11399531364440918,0.5338172912597656,0.2942361831665039,0.11919298022985458,0.3516497015953064,0.0004516773042269051
6441,5,5,,,,,,,,0.23369185626506805,0.05328807234764099,0.24602602422237396,,,
6442,6,6,,,,,,,,0.06838975101709366,0.07204635441303253,0.02987157739698887,,,
6443,6,2,,,,,,,,0.3015729784965515,0.0944245457649231,0.09018023312091827,,,
6444,3,3,3,0.7435897435897436,0.7435897435897436,0.3246753246753247,0.9938425421714783,0.9666565656661987,0.16500018537044525,0.2655556797981262,0.2845231592655182,0.2010934054851532,0.2869374752044678,0.4060150682926178,0.13115756213665009
6445,1,1,,,,,,,,0.1614043265581131,0.24815970659255981,0.1928119659423828,,,
6446,4,2,,,,,,,,0.22767220437526703,0.17946960031986237,0.20492909848690033,,,
6447,4,4,,,,,,,,0.48443472385406494,0.40313729643821716,0.29826146364212036,,,
6448,7,7,,,,,,,,0.09941787272691727,0.31716957688331604,0.14815731346607208,,,
6449,8,8,,,,,,,,0.4168120324611664,0.1652679294347763,0.08756047487258911,,,
6450,0,0,,,,,,,,0.45030832290649414,0.6785269975662231,0.7472016215324402,,,
6451,1,1,,,,,,,,0.1787024438381195,0.06885601580142975,0.12764042615890503,,,
6452,4,4,6,0.014925373134328358,0.5,0.21428571428571427,0.6878587603569031,0.9084779620170593,0.4950910210609436,0.1003049984574318,0.1369657963514328,0.24034005403518677,0.17556136846542358,0.21516673266887665,0.32840588688850403
6453,8,8,,,,,,,,0.2878575623035431,0.036510344594717026,0.13437452912330627,,,
6454,4,4,,,,,,,,0.2971474528312683,0.2722257375717163,0.3281864821910858,,,
6455,6,6,,,,,,,,0.24185581505298615,0.5672798156738281,0.2063971310853958,,,
6456,2,2,,,,,,,,0.6355682015419006,0.3930913209915161,0.22905758023262024,,,
6457,2,2,,,,,,,,0.34989917278289795,0.3102293312549591,0.16001838445663452,,,
6458,2,2,,,,,,,,0.4004504382610321,0.13788197934627533,0.18235693871974945,,,
6459,6,6,,,,,,,,0.09097549319267273,0.5325801968574524,0.17996059358119965,,,
6460,3,3,,,,,,,,0.14164507389068604,0.2398308366537094,0.21433062851428986,,,
6461,4,4,,,,,,,,0.0919763445854187,0.20980097353458405,0.026525655761361122,,,
6462,0,0,,,,,,,,0.45121532678604126,0.41423195600509644,0.9230577349662781,,,
6463,8,8,,,,,,,,0.6368316411972046,0.21352910995483398,0.2211732566356659,,,
6464,1,1,,,,,,,,0.39972978830337524,0.2598406672477722,0.33172711730003357,,,
6465,3,3,,,,,,,,0.13148899376392365,0.384084552526474,0.4782937169075012,,,
6466,8,1,,,,,,,,0.022837482392787933,0.03447127714753151,0.08564705401659012,,,
6467,3,3,,,,,,,,0.2158897966146469,0.1932714283466339,0.19505193829536438,,,
6468,8,8,,,,,,,,0.28266119956970215,0.18543526530265808,0.15461431443691254,,,
6469,9,8,,,,,,,,0.3580588400363922,0.026419952511787415,0.03162362053990364,,,
6470,1,1,,,,,,,,0.4167189598083496,0.5558541417121887,0.4273608326911926,,,
6471,6,6,,,,,,,,0.24467135965824127,0.29113486409187317,0.07311543822288513,,,
6472,1,1,,,,,,,,0.32123133540153503,0.04237442463636398,0.35174980759620667,,,
6473,9,9,,,,,,,,0.11852971464395523,0.08351965248584747,0.06941387802362442,,,
6474,8,8,0,0.7435897435897436,0.43661971830985913,0.5223880597014925,0.8415126800537109,0.8300303220748901,0.502484917640686,0.1850554198026657,0.12049116939306259,0.2222164124250412,0.021376730874180794,0.04627059027552605,0.03168366476893425
6475,2,2,,,,,,,,0.4395311772823334,0.17301109433174133,0.1765865534543991,,,
6476,0,0,,,,,,,,0.47582805156707764,0.5469165444374084,0.9488032460212708,,,
6477,4,4,,,,,,,,0.48637521266937256,0.5538253784179688,0.20421749353408813,,,
6478,7,7,,,,,,,,0.18953485786914825,0.17956744134426117,0.20490971207618713,,,
6479,4,4,,,,,,,,0.2366809844970703,0.09962800145149231,0.21900415420532227,,,
6480,0,0,,,,,,,,0.38507768511772156,0.42699432373046875,0.7053759098052979,,,
6481,0,0,,,,,,,,0.3728373348712921,0.733062744140625,0.9141033291816711,,,
6482,7,7,,,,,,,,0.13170455396175385,0.026056207716464996,0.0803535133600235,,,
6483,6,6,,,,,,,,0.32292482256889343,0.7419940829277039,0.12218086421489716,,,
6484,8,8,,,,,,,,0.7191439867019653,0.051441289484500885,0.1736413538455963,,,
6485,9,9,,,,,,,,0.5079519748687744,0.18476256728172302,0.1857977956533432,,,
6486,8,8,,,,,,,,0.039873477071523666,0.027445832267403603,0.05442322418093681,,,
6487,6,6,,,,,,,,0.23373356461524963,0.43412312865257263,0.08312361687421799,,,
6488,2,2,0,0.275,0.43661971830985913,0.5111111111111111,0.7384663820266724,0.8968713879585266,0.7332595586776733,0.16997528076171875,0.08086027950048447,0.5429741740226746,0.23671194911003113,0.03976241499185562,0.2168404906988144
6489,8,8,,,,,,,,0.60073322057724,0.1822965443134308,0.11571040749549866,,,
6490,8,8,0,0.19298245614035087,0.44680851063829785,0.25925925925925924,0.3537714183330536,0.8781136274337769,0.4004285931587219,0.29920729994773865,0.32075485587120056,0.09654118120670319,0.07244289666414261,0.24451297521591187,0.043592505156993866
6491,0,0,,,,,,,,0.2976270616054535,0.42427241802215576,0.9437768459320068,,,
6492,1,1,,,,,,,,0.15233942866325378,0.14343297481536865,0.17628620564937592,,,
6493,1,1,,,,,,,,0.14241310954093933,0.1869306117296219,0.12955564260482788,,,
6494,0,0,,,,,,,,0.3072258234024048,0.42203742265701294,0.6426910161972046,,,
6495,7,7,,,,,,,,0.3623315989971161,0.20235474407672882,0.1988915205001831,,,
6496,7,7,,,,,,,,0.11410684138536453,0.14057086408138275,0.06682981550693512,,,
6497,4,4,2,0.25153374233128833,0.36,0.25153374233128833,0.6409382820129395,0.8002797365188599,0.44795745611190796,0.11025114357471466,0.2504459023475647,0.3063688576221466,0.0038529778830707073,0.2619130313396454,0.008503378368914127
6498,4,4,,,,,,,,0.07175813615322113,0.2495802789926529,0.03648889437317848,,,
6499,7,7,,,,,,,,0.10502894222736359,0.10966546833515167,0.1017531156539917,,,
6500,7,7,,,,,,,,0.11616919934749603,0.027981219813227654,0.14132346212863922,,,
6501,2,2,,,,,,,,0.5193070769309998,0.20440539717674255,0.265747994184494,,,
6502,6,6,6,0.8214285714285714,0.34210526315789475,0.13333333333333333,0.7998079657554626,0.7614649534225464,0.5804691314697266,0.18308894336223602,0.5400965213775635,0.06247005611658096,0.08988181501626968,0.22608530521392822,0.027408795431256294
6503,6,6,,,,,,,,0.37779945135116577,0.5952578186988831,0.18903999030590057,,,
6504,7,7,,,,,,,,0.19543519616127014,0.13161985576152802,0.09982028603553772,,,
6505,4,4,,,,,,,,0.14185693860054016,0.09399464726448059,0.33809003233909607,,,
6506,5,5,3,0.7739130434782608,0.3691275167785235,0.6062992125984252,0.7769986391067505,0.8146129846572876,0.741242527961731,0.22408361732959747,0.02386154793202877,0.16952864825725555,0.1506403088569641,0.03718651831150055,0.09576669335365295
6507,4,8,,,,,,,,0.0578235387802124,0.035755474120378494,0.024060212075710297,,,
6508,0,0,,,,,,,,0.5286338925361633,0.5426104664802551,0.7488278150558472,,,
6509,9,9,,,,,,,,0.6132456660270691,0.15675519406795502,0.4307921230792999,,,
6510,4,4,,,,,,,,0.0707162395119667,0.03310578688979149,0.09913725405931473,,,
6511,7,7,,,,,,,,0.28110066056251526,0.18581414222717285,0.2994767129421234,,,
6512,2,2,,,,,,,,0.3914887309074402,0.2512460947036743,0.7770774960517883,,,
6513,5,5,,,,,,,,0.14452017843723297,0.18910932540893555,0.20858648419380188,,,
6514,3,2,,,,,,,,0.5286960005760193,0.06324152648448944,0.4114110469818115,,,
6515,2,2,2,0.8888888888888888,0.7894736842105263,0.3161290322580645,0.9959721565246582,0.9526325464248657,0.7400168776512146,0.4079853296279907,0.041525572538375854,0.08712466061115265,0.40286892652511597,0.09294364601373672,0.18651840090751648
6516,2,2,,,,,,,,0.5749312043190002,0.11856389045715332,0.2611096203327179,,,
6517,7,7,7,0.5572519083969466,0.6585365853658537,0.44680851063829785,0.9889299869537354,0.9104939699172974,0.6276419758796692,0.1137605682015419,0.08562779426574707,0.37530311942100525,0.24998101592063904,0.03578931838274002,0.3903445899486542
6518,6,6,,,,,,,,0.07897969335317612,0.20560944080352783,0.06832688301801682,,,
6519,2,2,,,,,,,,0.4316643178462982,0.23251090943813324,0.33605051040649414,,,
6520,6,6,,,,,,,,0.6207888126373291,0.5760822892189026,0.6434696316719055,,,
6521,4,4,,,,,,,,0.2759655714035034,0.2509981095790863,0.29211854934692383,,,
6522,9,9,,,,,,,,0.08217970281839371,0.21707163751125336,0.02760150097310543,,,
6523,6,4,,,,,,,,0.13905519247055054,0.05793583393096924,0.08848106116056442,,,
6524,8,8,,,,,,,,0.4083648920059204,0.10776378214359283,0.47156453132629395,,,
6525,3,3,,,,,,,,0.37921178340911865,0.2846252918243408,0.06335967034101486,,,
6526,8,8,,,,,,,,0.48526817560195923,0.06530679762363434,0.11446280777454376,,,
6527,5,5,,,,,,,,0.1535111516714096,0.08223509043455124,0.34507521986961365,,,
6528,5,5,,,,,,,,0.23038703203201294,0.03429608792066574,0.11230811476707458,,,
6529,2,2,,,,,,,,0.7486345171928406,0.13717158138751984,0.5576795935630798,,,
6530,3,3,,,,,,,,0.2648818790912628,0.11296136677265167,0.2976261377334595,,,
6531,4,4,,,,,,,,0.26729509234428406,0.4528965950012207,0.15954247117042542,,,
6532,5,5,,,,,,,,0.3565964996814728,0.04200201854109764,0.07689797133207321,,,
6533,2,2,7,0.2215568862275449,0.4068965517241379,0.4782608695652174,0.6495922803878784,0.7989000082015991,0.7108901739120483,0.07279691100120544,0.11731038242578506,0.07187450677156448,0.07387157529592514,0.09953663498163223,0.0996900424361229
6534,7,7,,,,,,,,0.47671201825141907,0.3103823661804199,0.2915089726448059,,,
6535,5,3,,,,,,,,0.08769764006137848,0.22338628768920898,0.022423552349209785,,,
6536,1,1,,,,,,,,0.3589416444301605,0.292324036359787,0.12867823243141174,,,
6537,5,5,,,,,,,,0.29473212361335754,0.056937556713819504,0.45953240990638733,,,
6538,3,3,,,,,,,,0.2173473834991455,0.06652779877185822,0.23606085777282715,,,
6539,7,7,,,,,,,,0.33526843786239624,0.13895341753959656,0.16718833148479462,,,
6540,8,8,,,,,,,,0.4401645362377167,0.11543929576873779,0.12935738265514374,,,
6541,8,8,,,,,,,,0.347939670085907,0.14329467713832855,0.33245524764060974,,,
6542,9,9,0,0.8214285714285714,0.44680851063829785,0.6190476190476191,0.9529362320899963,0.8597627282142639,0.7326792478561401,0.043893031775951385,0.02579314634203911,0.028804438188672066,0.008980945684015751,0.005423479247838259,0.004924205131828785
6543,6,6,,,,,,,,0.03612259402871132,0.1231437399983406,0.028838500380516052,,,
6544,0,0,,,,,,,,0.3279707431793213,0.6178673505783081,0.49757620692253113,,,
6545,9,8,,,,,,,,0.26925498247146606,0.12388432025909424,0.017735470086336136,,,
6546,2,2,,,,,,,,0.591987133026123,0.16577041149139404,0.42071256041526794,,,
6547,6,6,,,,,,,,0.17413629591464996,0.625139594078064,0.2848202586174011,,,
6548,0,0,,,,,,,,0.36061444878578186,0.6342464685440063,0.9697502851486206,,,
6549,0,0,,,,,,,,0.14283935725688934,0.3212914764881134,0.851951003074646,,,
6550,1,1,,,,,,,,0.38349854946136475,0.32668575644493103,0.31365787982940674,,,
6551,4,4,,,,,,,,0.21333418786525726,0.23663577437400818,0.2567910850048065,,,
6552,1,1,,,,,,,,0.08010827749967575,0.13059784471988678,0.08970232307910919,,,
6553,3,3,,,,,,,,0.223708838224411,0.3151136338710785,0.2560264468193054,,,
6554,5,5,,,,,,,,0.44305384159088135,0.08669691532850266,0.11821683496236801,,,
6555,1,1,,,,,,,,0.5200061202049255,0.11660589277744293,0.30302533507347107,,,
6556,8,8,,,,,,,,0.17175419628620148,0.08285629749298096,0.19630151987075806,,,
6557,9,9,,,,,,,,0.40475863218307495,0.1586838960647583,0.206173375248909,,,
6558,6,6,,,,,,,,0.16752801835536957,0.4127056300640106,0.13458509743213654,,,
6559,2,2,4,0.7894736842105263,0.5813953488372093,0.13966480446927373,0.9808032512664795,0.8677277565002441,0.48019564151763916,0.7334798574447632,0.10097689181566238,0.17000740766525269,0.5039005279541016,0.058782435953617096,0.07725398987531662
6560,6,6,,,,,,,,0.2986181974411011,0.35102346539497375,0.17079877853393555,,,
6561,9,9,,,,,,,,0.1568334400653839,0.1312674880027771,0.11075448244810104,,,
6562,5,5,5,0.5454545454545454,0.4166666666666667,0.5813953488372093,0.8093942999839783,0.8671457767486572,0.5318213105201721,0.2606458067893982,0.04928819462656975,0.029250822961330414,0.1655052751302719,0.04545891657471657,0.02554514817893505
6563,6,6,,,,,,,,0.17479704320430756,0.3579462170600891,0.18223030865192413,,,
6564,5,5,,,,,,,,0.18254105746746063,0.047405824065208435,0.34558114409446716,,,
6565,9,9,,,,,,,,0.26251792907714844,0.3160206079483032,0.19437214732170105,,,
6566,1,1,,,,,,,,0.1709006130695343,0.203434556722641,0.25092777609825134,,,
6567,4,4,,,,,,,,0.19738222658634186,0.3273839056491852,0.34769073128700256,,,
6568,2,2,3,0.5454545454545454,0.3691275167785235,0.5223880597014925,0.8087643980979919,0.8422386646270752,0.5921644568443298,0.46996891498565674,0.11799710243940353,0.30915215611457825,0.3055008053779602,0.12497370690107346,0.09840649366378784
6569,8,8,8,0.1590909090909091,0.632,0.3246753246753247,0.8757495880126953,0.8985716700553894,0.7794567346572876,0.15812911093235016,0.07389727234840393,0.09332741051912308,0.05060599744319916,0.041670434176921844,0.016054930165410042
6570,9,9,,,,,,,,0.1298019140958786,0.0508757121860981,0.33480873703956604,,,
6571,5,5,,,,,,,,0.3594154417514801,0.16320891678333282,0.38969990611076355,,,
6572,4,4,,,,,,,,0.34882572293281555,0.3949734568595886,0.3741873502731323,,,
6573,7,7,7,0.8053097345132744,0.5111111111111111,0.7739130434782608,0.9108890891075134,0.87178635597229,0.6996549367904663,0.03760816529393196,0.09887217730283737,0.046958327293395996,0.03249635919928551,0.030433643609285355,0.12985274195671082
6574,0,8,,,,,,,,0.0813441276550293,0.021729910746216774,0.024216771125793457,,,
6575,3,3,,,,,,,,0.5994054079055786,0.6482335925102234,0.49788179993629456,,,
6576,7,7,,,,,,,,0.09497722238302231,0.030718892812728882,0.1612856090068817,,,
6577,1,1,,,,,,,,0.49622586369514465,0.19433043897151947,0.3903543949127197,,,
6578,6,6,,,,,,,,0.05319438502192497,0.4014502763748169,0.10666642338037491,,,
6579,9,9,,,,,,,,0.21129140257835388,0.1649581789970398,0.3508620262145996,,,
6580,1,1,,,,,,,,0.0357387512922287,0.1885271966457367,0.10234934836626053,,,
6581,1,1,,,,,,,,0.19285209476947784,0.08029865473508835,0.04116911441087723,,,
6582,4,4,,,,,,,,0.12892679870128632,0.5069898962974548,0.07458499073982239,,,
6583,0,0,,,,,,,,0.6323121190071106,0.40817052125930786,0.803422749042511,,,
6584,5,5,3,0.5223880597014925,0.4676258992805755,0.6451612903225806,0.8357751369476318,0.9004307985305786,0.5440560579299927,0.1451491415500641,0.09135404229164124,0.06320034712553024,0.014903515577316284,0.05102769657969475,0.02465314045548439
6585,1,1,,,,,,,,0.4897087812423706,0.4746388792991638,0.5822989344596863,,,
6586,6,6,,,,,,,,0.25780725479125977,0.5265058279037476,0.1773483157157898,,,
6587,3,3,,,,,,,,0.14917393028736115,0.37727469205856323,0.08239977061748505,,,
6588,0,8,,,,,,,,0.05321197584271431,0.24259480834007263,0.06584953516721725,,,
6589,2,2,,,,,,,,0.5428028702735901,0.6606637239456177,0.3622457683086395,,,
6590,5,3,,,,,,,,0.05749019980430603,0.28763192892074585,0.1679207980632782,,,
6591,5,5,3,0.014925373134328358,0.5223880597014925,0.6451612903225806,0.46608617901802063,0.9069489240646362,0.3080916106700897,0.17007489502429962,0.11621735990047455,0.06282908469438553,0.03590547665953636,0.044773004949092865,0.007282112259417772
6592,5,5,,,,,,,,0.5566413402557373,0.17713163793087006,0.4280509948730469,,,
6593,2,2,,,,,,,,0.6469715237617493,0.20696157217025757,0.13761970400810242,,,
6594,8,8,8,0.9428571428571428,0.5,0.3246753246753247,0.9728637933731079,0.7694924473762512,0.6212205290794373,0.34811460971832275,0.32332906126976013,0.042838361114263535,0.3508545160293579,0.18450585007667542,0.10398954898118973
6595,2,2,0,0.5572519083969466,0.48905109489051096,0.2215568862275449,0.9419199228286743,0.888410210609436,0.6510393023490906,0.649328887462616,0.0836571753025055,0.134071484208107,0.5930553078651428,0.043387919664382935,0.04012349992990494
6596,3,3,3,0.632,0.5692307692307692,0.14606741573033707,0.9524279236793518,0.8551220893859863,0.47213345766067505,0.2530970573425293,0.08167178183794022,0.16860412061214447,0.09209456294775009,0.05138421431183815,0.12277980893850327
6597,1,1,,,,,,,,0.3350589871406555,0.20097273588180542,0.2195121943950653,,,
6598,6,6,,,,,,,,0.2616761028766632,0.5586254000663757,0.07221967726945877,,,
6599,2,2,2,0.8715596330275229,0.5,0.36,0.9934389591217041,0.8716659545898438,0.3997531831264496,0.23605027794837952,0.09477228671312332,0.4399040639400482,0.20220471918582916,0.10730164498090744,0.4569098651409149
6600,7,7,,,,,,,,0.3321063220500946,0.2542709708213806,0.4430869221687317,,,
6601,0,0,,,,,,,,0.37399548292160034,0.6756036281585693,0.913570761680603,,,
6602,8,8,,,,,,,,0.6525261998176575,0.03416798636317253,0.29381003975868225,,,
6603,9,9,,,,,,,,0.20504875481128693,0.21700240671634674,0.6050464510917664,,,
6604,2,2,,,,,,,,0.4227021336555481,0.12288639694452286,0.3117651045322418,,,
6605,6,2,,,,,,,,0.4835260510444641,0.14465975761413574,0.16440027952194214,,,
6606,4,4,,,,,,,,0.17401869595050812,0.13075409829616547,0.04862634092569351,,,
6607,7,7,,,,,,,,0.12033076584339142,0.1492493897676468,0.18408095836639404,,,
6608,5,5,,,,,,,,0.3845985233783722,0.35830196738243103,0.14471067488193512,,,
6609,5,5,,,,,,,,0.090462826192379,0.04615948721766472,0.16924157738685608,,,
6610,8,8,,,,,,,,0.31852856278419495,0.18630674481391907,0.5101120471954346,,,
6611,8,8,,,,,,,,0.23790468275547028,0.26723188161849976,0.18020257353782654,,,
6612,7,7,,,,,,,,0.21098747849464417,0.09101083129644394,0.25620195269584656,,,
6613,8,8,,,,,,,,0.2598009407520294,0.08443749696016312,0.1483650505542755,,,
6614,5,5,,,,,,,,0.2903022766113281,0.18060147762298584,0.04949462041258812,,,
6615,7,7,,,,,,,,0.2569199502468109,0.03106488287448883,0.32564082741737366,,,
6616,4,4,,,,,,,,0.08106909692287445,0.15292011201381683,0.08177942782640457,,,
6617,4,4,,,,,,,,0.12545818090438843,0.3059229850769043,0.211942657828331,,,
6618,0,0,,,,,,,,0.4745791554450989,0.6188106536865234,0.23063437640666962,,,
6619,0,0,,,,,,,,0.24144645035266876,0.6388871073722839,0.7466134428977966,,,
6620,7,7,,,,,,,,0.2835928499698639,0.22849102318286896,0.6046810150146484,,,
6621,0,0,,,,,,,,0.6083239316940308,0.6774107217788696,0.9289054274559021,,,
6622,4,4,,,,,,,,0.4691108167171478,0.5701655149459839,0.4692978858947754,,,
6623,0,0,,,,,,,,0.3269084095954895,0.49460887908935547,0.4369632601737976,,,
6624,4,4,,,,,,,,0.25929033756256104,0.09607966244220734,0.12659579515457153,,,
6625,4,4,,,,,,,,0.07923001796007156,0.062121208757162094,0.372174471616745,,,
6626,2,2,,,,,,,,0.41080886125564575,0.1815430372953415,0.1720832735300064,,,
6627,5,5,3,0.25153374233128833,0.5338345864661654,0.7288135593220338,0.9225221276283264,0.908620297908783,0.5499377250671387,0.16812951862812042,0.1560257077217102,0.07330814749002457,0.1690637469291687,0.18257328867912292,0.032166607677936554
6628,4,4,,,,,,,,0.08221371471881866,0.03890586271882057,0.21028883755207062,,,
6629,0,0,,,,,,,,0.25017791986465454,0.38396936655044556,0.4894487261772156,,,
6630,7,7,,,,,,,,0.2200770378112793,0.295845091342926,0.3747764527797699,,,
6631,7,2,,,,,,,,0.11179845780134201,0.10605204850435257,0.017872773110866547,,,
6632,7,7,,,,,,,,0.15422388911247253,0.1374937742948532,0.1628132313489914,,,
6633,0,0,,,,,,,,0.6503838896751404,0.8836029171943665,0.6696362495422363,,,
6634,4,4,,,,,,,,0.07762632519006729,0.08210127800703049,0.06309482455253601,,,
6635,6,6,,,,,,,,0.18194572627544403,0.45928502082824707,0.10946904122829437,,,
6636,2,2,,,,,,,,0.17053060233592987,0.0966416746377945,0.233577162027359,,,
6637,9,9,,,,,,,,0.19731058180332184,0.08890828490257263,0.1492338478565216,,,
6638,1,1,,,,,,,,0.3207569718360901,0.05712948739528656,0.16158650815486908,,,
6639,1,1,,,,,,,,0.49906980991363525,0.12486404925584793,0.2447482794523239,,,
6640,5,5,3,0.7739130434782608,0.6190476190476191,0.45714285714285713,0.9220899343490601,0.9111789464950562,0.7040829062461853,0.046692974865436554,0.030866093933582306,0.029177702963352203,0.01475163921713829,0.018076110631227493,0.009158183820545673
6641,0,0,,,,,,,,0.3024691641330719,0.3173982501029968,0.9349547624588013,,,
6642,9,9,,,,,,,,0.0676550641655922,0.14241963624954224,0.09113311022520065,,,
6643,1,1,,,,,,,,0.18353411555290222,0.30112355947494507,0.23289339244365692,,,
6644,0,0,,,,,,,,0.40154850482940674,0.1868380457162857,0.9347478151321411,,,
6645,6,6,,,,,,,,0.1389029175043106,0.5938869714736938,0.14741037786006927,,,
6646,5,5,,,,,,,,0.22653767466545105,0.2220141440629959,0.1620791256427765,,,
6647,3,3,5,0.4676258992805755,0.42657342657342656,0.1590909090909091,0.807561993598938,0.784744918346405,0.6415730714797974,0.1867537498474121,0.8395163416862488,0.13255107402801514,0.13175787031650543,0.7798804044723511,0.21651175618171692
6648,0,0,,,,,,,,0.4784053862094879,0.8583658933639526,0.9439228773117065,,,
6649,9,9,,,,,,,,0.2728484272956848,0.14245553314685822,0.09030072391033173,,,
6650,0,0,,,,,,,,0.4360373616218567,0.5972484350204468,0.5841758251190186,,,
6651,6,6,,,,,,,,0.06474810838699341,0.5919152498245239,0.16852346062660217,,,
6652,2,2,2,0.8053097345132744,0.6451612903225806,0.4166666666666667,0.993553638458252,0.9131418466567993,0.4696841239929199,0.5460707545280457,0.20006248354911804,0.04581279680132866,0.6106199622154236,0.08060663938522339,0.2313331812620163
6653,0,2,,,,,,,,0.17040763795375824,0.12980656325817108,0.054401107132434845,,,
6654,4,4,,,,,,,,0.24521981179714203,0.26784366369247437,0.17871087789535522,,,
6655,1,1,,,,,,,,0.5265846848487854,0.28424277901649475,0.13717320561408997,,,
6656,6,6,,,,,,,,0.07390002906322479,0.04590301588177681,0.093930684030056,,,
6657,7,7,,,,,,,,0.056163061410188675,0.14938315749168396,0.12335384637117386,,,
6658,6,6,,,,,,,,0.17537519335746765,0.5539503693580627,0.15860210359096527,,,
6659,1,1,,,,,,,,0.39327767491340637,0.3454032838344574,0.14394688606262207,,,
6660,0,0,,,,,,,,0.3335312008857727,0.6272054314613342,0.9279780983924866,,,
6661,4,4,,,,,,,,0.14636646211147308,0.13516132533550262,0.15918323397636414,,,
6662,6,6,6,0.6532258064516129,0.5338345864661654,0.6721311475409836,0.9662736654281616,0.8668839931488037,0.7563886046409607,0.23438479006290436,0.45753756165504456,0.14832082390785217,0.20508582890033722,0.3199213147163391,0.064003586769104
6663,0,0,,,,,,,,0.2837331295013428,0.46360695362091064,0.6568560600280762,,,
6664,4,4,,,,,,,,0.2130182534456253,0.3984101414680481,0.2858755588531494,,,
6665,4,4,,,,,,,,0.1883426308631897,0.1513129025697708,0.15848392248153687,,,
6666,2,2,4,0.5454545454545454,0.45714285714285713,0.4782608695652174,0.9224779605865479,0.7447681427001953,0.4161868095397949,0.06580257415771484,0.06753009557723999,0.05929964408278465,0.06315699964761734,0.015917420387268066,0.0003586796228773892
6667,7,7,,,,,,,,0.22511596977710724,0.31111887097358704,0.22506408393383026,,,
6668,6,6,,,,,,,,0.37121009826660156,0.8236334919929504,0.6419293880462646,,,
6669,5,4,,,,,,,,0.39623701572418213,0.49949416518211365,0.07140055298805237,,,
6670,3,3,1,0.6585365853658537,0.3877551020408163,0.09090909090909091,0.8685199022293091,0.7849522233009338,0.18879780173301697,0.13211281597614288,0.32051026821136475,0.15005755424499512,0.09202934056520462,0.13205137848854065,0.023256942629814148
6671,5,5,3,0.42657342657342656,0.44680851063829785,0.2830188679245283,0.5182496309280396,0.80415940284729,0.5642333030700684,0.426827996969223,0.11960422992706299,0.17345158755779266,0.3414464294910431,0.11391888558864594,0.002515911590307951
6672,9,9,,,,,,,,0.2972284257411957,0.3537120521068573,0.2079746574163437,,,
6673,4,4,2,0.0,0.6585365853658537,0.6062992125984252,0.49020323157310486,0.9079685211181641,0.5531259775161743,0.030494248494505882,0.15335391461849213,0.10017106682062149,0.0028948872350156307,0.07788331061601639,0.005314026027917862
6674,5,5,,,,,,,,0.3508431315422058,0.128917396068573,0.25396859645843506,,,
6675,2,2,,,,,,,,0.7713565230369568,0.1099202036857605,0.42139074206352234,,,
6676,0,0,,,,,,,,0.2388431429862976,0.5119649171829224,0.5743466019630432,,,
6677,5,5,,,,,,,,0.5607928037643433,0.17623619735240936,0.08164197951555252,,,
6678,7,7,,,,,,,,0.08617562800645828,0.16396614909172058,0.20047828555107117,,,
6679,2,2,,,,,,,,0.5850668549537659,0.28051626682281494,0.09069390594959259,,,
6680,3,3,,,,,,,,0.35696566104888916,0.2922452688217163,0.18037128448486328,,,
6681,9,9,,,,,,,,0.14939874410629272,0.23851686716079712,0.16410250961780548,,,
6682,4,4,,,,,,,,0.37615424394607544,0.29211512207984924,0.3387455642223358,,,
6683,5,5,,,,,,,,0.47633096575737,0.13080747425556183,0.40481430292129517,,,
6684,8,8,,,,,,,,0.3653310239315033,0.03122016042470932,0.11502569913864136,,,
6685,1,1,,,,,,,,0.1288805603981018,0.3438117504119873,0.045926280319690704,,,
6686,9,9,,,,,,,,0.28394633531570435,0.11117038130760193,0.15743356943130493,,,
6687,3,3,,,,,,,,0.29726704955101013,0.12814229726791382,0.09273059666156769,,,
6688,1,1,,,,,,,,0.17725156247615814,0.1694488525390625,0.23991632461547852,,,
6689,8,8,,,,,,,,0.2415396273136139,0.05975637584924698,0.12200884521007538,,,
6690,5,5,,,,,,,,0.4205387830734253,0.39428645372390747,0.14827527105808258,,,
6691,8,8,,,,,,,,0.49825620651245117,0.035770174115896225,0.19590862095355988,,,
6692,6,6,,,,,,,,0.3486790657043457,0.7078086733818054,0.2753613591194153,,,
6693,6,6,,,,,,,,0.1649189442396164,0.4164138734340668,0.18736277520656586,,,
6694,3,3,,,,,,,,0.35933178663253784,0.3113589286804199,0.2811383903026581,,,
6695,4,4,,,,,,,,0.27658626437187195,0.08418705314397812,0.11985936015844345,,,
6696,0,0,,,,,,,,0.42138051986694336,0.4332992732524872,0.6993326544761658,,,
6697,2,2,2,0.3972602739726027,0.3246753246753247,0.3691275167785235,0.9759294986724854,0.8328111171722412,0.7453990578651428,0.4027698338031769,0.258706271648407,0.2448548674583435,0.23960565030574799,0.1493290215730667,0.07003608345985413
6698,3,3,,,,,,,,0.39030468463897705,0.3271128833293915,0.13479876518249512,,,
6699,2,2,,,,,,,,0.45888981223106384,0.48235201835632324,0.4426366984844208,,,
6700,6,6,,,,,,,,0.33380192518234253,0.5387634038925171,0.11579924076795578,,,
6701,1,1,,,,,,,,0.6716246008872986,0.24842792749404907,0.2898631989955902,,,
6702,8,8,,,,,,,,0.31441205739974976,0.19091437757015228,0.15995162725448608,,,
6703,2,4,,,,,,,,0.18288543820381165,0.11450605094432831,0.03216807544231415,,,
6704,1,1,,,,,,,,0.07917438447475433,0.038624778389930725,0.34846431016921997,,,
6705,3,3,3,0.632,0.5572519083969466,0.3076923076923077,0.9872376322746277,0.8730959892272949,0.3897264003753662,0.061632949858903885,0.2147335708141327,0.09403960406780243,0.06630223244428635,0.21673475205898285,0.04306492581963539
6706,6,3,,,,,,,,0.4240240454673767,0.06523522734642029,0.07399654388427734,,,
6707,2,2,,,,,,,,0.4370047152042389,0.16335950791835785,0.40114694833755493,,,
6708,2,2,,,,,,,,0.5948488116264343,0.4401683509349823,0.607446551322937,,,
6709,3,3,3,0.8214285714285714,0.7,0.21428571428571427,0.9871468544006348,0.9506821632385254,0.5319312214851379,0.2156345397233963,0.5620006322860718,0.1273687779903412,0.22493906319141388,0.4810587167739868,0.24580620229244232
6710,3,3,,,,,,,,0.08319394290447235,0.1849868893623352,0.21511982381343842,,,
6711,5,5,,,,,,,,0.3713087737560272,0.04969566687941551,0.22875474393367767,,,
6712,0,0,,,,,,,,0.3284159302711487,0.41750285029411316,0.7154343724250793,,,
6713,2,2,,,,,,,,0.588210940361023,0.10366743803024292,0.2702014446258545,,,
6714,1,1,,,,,,,,0.2785174548625946,0.08705156296491623,0.23036420345306396,,,
6715,2,2,,,,,,,,0.6466920971870422,0.25050970911979675,0.25735539197921753,,,
6716,8,8,,,,,,,,0.3764844834804535,0.03590809181332588,0.11391950398683548,,,
6717,0,0,,,,,,,,0.35510608553886414,0.4195157587528229,0.701064944267273,,,
6718,8,8,,,,,,,,0.5295208692550659,0.21636077761650085,0.1344495415687561,,,
6719,2,2,,,,,,,,0.5018571615219116,0.4727608859539032,0.31380775570869446,,,
6720,2,2,,,,,,,,0.5521233081817627,0.1193685457110405,0.3364226818084717,,,
6721,7,7,,,,,,,,0.07808159291744232,0.0823608785867691,0.06453847885131836,,,
6722,3,3,,,,,,,,0.15130172669887543,0.300669401884079,0.1267213225364685,,,
6723,5,5,,,,,,,,0.6193275451660156,0.1062457263469696,0.3601372539997101,,,
6724,9,9,,,,,,,,0.2707380950450897,0.163835808634758,0.4232546389102936,,,
6725,8,8,,,,,,,,0.3674197196960449,0.24785548448562622,0.21364040672779083,,,
6726,3,3,3,0.8053097345132744,0.7586206896551724,0.23636363636363636,0.9962809681892395,0.924978494644165,0.09427317976951599,0.21922394633293152,0.14173327386379242,0.349994421005249,0.15289992094039917,0.1517416536808014,0.3023565113544464
6727,6,6,,,,,,,,0.07389848679304123,0.4796368181705475,0.028466401621699333,,,
6728,1,1,,,,,,,,0.1371888667345047,0.08719408512115479,0.3161073923110962,,,
6729,0,0,,,,,,,,0.40670275688171387,0.24701263010501862,0.059231411665678024,,,
6730,8,8,,,,,,,,0.361001580953598,0.07965777814388275,0.18058079481124878,,,
6731,6,6,,,,,,,,0.23913440108299255,0.5806081891059875,0.14779354631900787,,,
6732,3,3,3,0.5813953488372093,0.7142857142857143,0.18604651162790697,0.9285721778869629,0.9312835335731506,0.4449155926704407,0.08341902494430542,0.21101535856723785,0.11558712273836136,0.06308983266353607,0.2576802968978882,0.03340869024395943
6733,5,5,,,,,,,,0.11399173736572266,0.055147841572761536,0.10409770160913467,,,
6734,8,8,,,,,,,,0.7592805027961731,0.15790191292762756,0.13853509724140167,,,
6735,9,9,,,,,,,,0.33350670337677,0.3001444339752197,0.2380397915840149,,,
6736,4,4,4,0.59375,0.3877551020408163,0.48905109489051096,0.9259712100028992,0.7227393388748169,0.5258325338363647,0.13849158585071564,0.16813810169696808,0.3393663167953491,0.17481230199337006,0.175775945186615,0.17225244641304016
6737,8,8,,,,,,,,0.12594829499721527,0.11016358435153961,0.0962328165769577,,,
6738,0,0,,,,,,,,0.3064231872558594,0.7432584762573242,0.9048571586608887,,,
6739,0,0,,,,,,,,0.878780722618103,0.6201788783073425,0.6371088027954102,,,
6740,2,2,,,,,,,,0.6771832704544067,0.2765752077102661,0.5346368551254272,,,
6741,9,0,,,,,,,,0.2922433614730835,0.30826371908187866,0.19988895952701569,,,
6742,1,1,,,,,,,,0.36422234773635864,0.3270111680030823,0.2744501829147339,,,
6743,8,8,,,,,,,,0.49984800815582275,0.10296213626861572,0.2547375559806824,,,
6744,3,3,,,,,,,,0.18163742125034332,0.4255581498146057,0.10048522055149078,,,
6745,7,7,,,,,,,,0.3429533541202545,0.034589774906635284,0.42769283056259155,,,
6746,2,2,5,0.030303030303030304,0.5,0.23636363636363636,0.5648532509803772,0.9090688228607178,0.6230447292327881,0.1710982322692871,0.12037868052721024,0.056642211973667145,0.288023442029953,0.06353685259819031,0.12031164020299911
6747,8,8,,,,,,,,0.2276010662317276,0.07748356461524963,0.28882890939712524,,,
6748,0,2,,,,,,,,0.48644396662712097,0.2799408435821533,0.37115705013275146,,,
6749,9,9,,,,,,,,0.3060595989227295,0.21305429935455322,0.2581857740879059,,,
6750,4,4,3,0.36,0.43661971830985913,0.0967741935483871,0.8949128985404968,0.8062425851821899,0.5219049453735352,0.10533525794744492,0.05669073015451431,0.08546411991119385,0.15911343693733215,0.057206444442272186,0.03085148148238659
6751,8,8,,,,,,,,0.34992071986198425,0.18277089297771454,0.06037092208862305,,,
6752,9,9,,,,,,,,0.23262327909469604,0.042695529758930206,0.325275719165802,,,
6753,4,4,,,,,,,,0.03218115493655205,0.029915880411863327,0.008385534398257732,,,
6754,8,8,,,,,,,,0.15874870121479034,0.17263834178447723,0.1947353035211563,,,
6755,9,9,,,,,,,,0.22623352706432343,0.38534921407699585,0.3133508265018463,,,
6756,5,5,3,0.36,0.4166666666666667,0.5223880597014925,0.903477132320404,0.8371425867080688,0.6018762588500977,0.29033297300338745,0.07809612900018692,0.12200942635536194,0.201500803232193,0.04468180984258652,0.025433730334043503
6757,4,4,,,,,,,,0.32353562116622925,0.13441355526447296,0.1514507383108139,,,
6758,8,8,,,,,,,,0.6647663712501526,0.2848752737045288,0.36752036213874817,,,
6759,1,1,,,,,,,,0.027978962287306786,0.0723416656255722,0.08525426685810089,,,
6760,5,5,,,,,,,,0.4466397762298584,0.06677233427762985,0.047638870775699615,,,
6761,5,5,5,0.8378378378378378,0.8214285714285714,0.6062992125984252,0.9955501556396484,0.9721026420593262,0.500043511390686,0.07273299992084503,0.029962902888655663,0.030754897743463516,0.07102455943822861,0.031915947794914246,0.028277624398469925
6762,7,7,4,0.275,0.275,0.3333333333333333,0.8163472414016724,0.7703893184661865,0.3128262162208557,0.14490622282028198,0.050706811249256134,0.055170688778162,0.007802686188369989,0.004605995956808329,0.004672788083553314
6763,2,2,,,,,,,,0.7906644940376282,0.1509462296962738,0.5401695966720581,,,
6764,5,5,,,,,,,,0.3159067928791046,0.047060199081897736,0.03255181014537811,,,
6765,8,8,,,,,,,,0.7617713212966919,0.14888614416122437,0.3265591561794281,,,
6766,8,8,,,,,,,,0.7377455234527588,0.0814075917005539,0.29397329688072205,,,
6767,1,1,,,,,,,,0.4217296540737152,0.2849908471107483,0.21061356365680695,,,
6768,2,2,,,,,,,,0.3718664348125458,0.0798012837767601,0.1695556640625,,,
6769,3,3,,,,,,,,0.3559913635253906,0.3041147291660309,0.3874627351760864,,,
6770,1,1,,,,,,,,0.2010107934474945,0.21141347289085388,0.551979124546051,,,
6771,5,5,5,0.7586206896551724,0.5111111111111111,0.44680851063829785,0.9879956245422363,0.8979552388191223,0.5246175527572632,0.36444181203842163,0.02996215410530567,0.05396580323576927,0.1528097540140152,0.03924921154975891,0.07674606144428253
6772,0,0,,,,,,,,0.7024070620536804,0.6286897659301758,0.8599677085876465,,,
6773,2,2,,,,,,,,0.46914464235305786,0.16962125897407532,0.681626558303833,,,
6774,3,3,,,,,,,,0.10907686501741409,0.3145676255226135,0.10862558335065842,,,
6775,0,0,,,,,,,,0.3632274866104126,0.6782087683677673,0.42839908599853516,,,
6776,8,8,,,,,,,,0.5418980121612549,0.5635880827903748,0.25239232182502747,,,
6777,2,2,,,,,,,,0.7593448162078857,0.11594795435667038,0.7025946378707886,,,
6778,2,2,2,0.43661971830985913,0.23636363636363636,0.13333333333333333,0.794105052947998,0.557691752910614,0.5882474184036255,0.31500160694122314,0.37949302792549133,0.09452460706233978,0.21238169074058533,0.24011963605880737,0.2698498070240021
6779,8,8,,,,,,,,0.16169676184654236,0.18505370616912842,0.10735572129487991,,,
6780,7,7,,,,,,,,0.5164218544960022,0.2672681212425232,0.3237888216972351,,,
6781,3,3,4,0.3246753246753247,0.2670807453416149,0.20710059171597633,0.6849735379219055,0.7237123847007751,0.5645502209663391,0.361100435256958,0.056050900369882584,0.38925158977508545,0.20948368310928345,0.020626960322260857,0.0034830556251108646
6782,5,5,,,,,,,,0.3312056362628937,0.14631232619285583,0.07710974663496017,,,
6783,3,6,,,,,,,,0.13490994274616241,0.7284987568855286,0.03278954699635506,,,
6784,9,9,,,,,,,,0.2940126359462738,0.3245268166065216,0.20601026713848114,,,
6785,6,6,,,,,,,,0.24444672465324402,0.48258107900619507,0.15740583837032318,,,
6786,3,3,,,,,,,,0.5473173260688782,0.2367296814918518,0.12699882686138153,,,
6787,5,5,,,,,,,,0.11270565539598465,0.07396048307418823,0.051014211028814316,,,
6788,1,1,,,,,,,,0.5765527486801147,0.09197646379470825,0.35208532214164734,,,
6789,1,1,,,,,,,,0.48366695642471313,0.17078453302383423,0.1477489322423935,,,
6790,7,7,7,0.8888888888888888,0.5111111111111111,0.6062992125984252,0.9688575267791748,0.8173246383666992,0.7510718107223511,0.031240127980709076,0.026047782972455025,0.03291343152523041,0.04356906935572624,0.024736303836107254,0.03564896807074547
6791,7,7,,,,,,,,0.28739795088768005,0.18598073720932007,0.3544374406337738,,,
6792,3,9,,,,,,,,0.02696605585515499,0.09790525585412979,0.08019968122243881,,,
6793,3,3,,,,,,,,0.35499563813209534,0.19647197425365448,0.4255812466144562,,,
6794,8,8,,,,,,,,0.5625976324081421,0.14658169448375702,0.2218627631664276,,,
6795,9,9,,,,,,,,0.12505550682544708,0.03849854692816734,0.13792209327220917,,,
6796,6,6,,,,,,,,0.14039987325668335,0.4479505121707916,0.18767417967319489,,,
6797,0,0,,,,,,,,0.39605972170829773,0.33541762828826904,0.9607905149459839,,,
6798,8,8,,,,,,,,0.3567960858345032,0.18778103590011597,0.22917349636554718,,,
6799,0,0,,,,,,,,0.3312065899372101,0.3116975426673889,0.6566699743270874,,,
6800,6,6,,,,,,,,0.15347439050674438,0.6119427680969238,0.17021982371807098,,,
6801,6,6,,,,,,,,0.4492626488208771,0.5415433645248413,0.34177064895629883,,,
6802,4,4,,,,,,,,0.3594118356704712,0.2195136845111847,0.23899531364440918,,,
6803,6,6,,,,,,,,0.16968365013599396,0.4292183816432953,0.07620438933372498,,,
6804,9,9,,,,,,,,0.257127583026886,0.1760525107383728,0.12906992435455322,,,
6805,1,1,,,,,,,,0.4403497576713562,0.10423767566680908,0.3229076564311981,,,
6806,1,1,,,,,,,,0.3790217638015747,0.18292243778705597,0.269583523273468,,,
6807,7,7,,,,,,,,0.18177613615989685,0.2570515275001526,0.18261858820915222,,,
6808,0,0,,,,,,,,0.6573051810264587,0.5392987728118896,0.8978258371353149,,,
6809,6,6,,,,,,,,0.06550851464271545,0.22044773399829865,0.03630787134170532,,,
6810,8,8,,,,,,,,0.3018876314163208,0.23733367025852203,0.23840345442295074,,,
6811,9,9,,,,,,,,0.12736493349075317,0.10268402844667435,0.08709413558244705,,,
6812,0,0,,,,,,,,0.37271636724472046,0.7881571054458618,0.9856072664260864,,,
6813,6,6,,,,,,,,0.1496848613023758,0.34235256910324097,0.06096002832055092,,,
6814,9,9,8,0.6190476190476191,0.6859504132231405,0.3509933774834437,0.942781925201416,0.9443694353103638,0.3325679898262024,0.10738109797239304,0.08683893829584122,0.10703174769878387,0.10967285931110382,0.061813656240701675,0.21711596846580505
6815,0,0,,,,,,,,0.6603412628173828,0.4824962019920349,0.9499724507331848,,,
6816,1,1,,,,,,,,0.258789986371994,0.03419802710413933,0.07076085358858109,,,
6817,1,1,,,,,,,,0.33369719982147217,0.09577595442533493,0.33808818459510803,,,
6818,7,7,,,,,,,,0.4062536954879761,0.1072220727801323,0.24457775056362152,,,
6819,2,2,,,,,,,,0.4263221323490143,0.18355903029441833,0.33641862869262695,,,
6820,1,1,,,,,,,,0.3880727291107178,0.30725380778312683,0.21946844458580017,,,
6821,0,0,,,,,,,,0.2948564291000366,0.4177964925765991,0.8318874835968018,,,
6822,4,4,2,0.07936507936507936,0.5,0.4676258992805755,0.7058123350143433,0.8626498579978943,0.4613593518733978,0.03540073707699776,0.34761255979537964,0.25345510244369507,0.010845771990716457,0.27072519063949585,0.011947364546358585
6823,5,5,,,,,,,,0.39028364419937134,0.13579754531383514,0.3036480247974396,,,
6824,0,2,,,,,,,,0.04382381588220596,0.055127762258052826,0.10555101931095123,,,
6825,3,3,5,0.6859504132231405,0.5338345864661654,0.1270718232044199,0.9330708384513855,0.8664183020591736,0.6551244258880615,0.17478126287460327,0.6040287613868713,0.28320857882499695,0.21162168681621552,0.6335778832435608,0.2910556495189667
6826,6,6,4,0.3161290322580645,0.36,0.275,0.6774709224700928,0.815417468547821,0.8108410835266113,0.04593204706907272,0.7761421203613281,0.04886868968605995,0.016735130921006203,0.6914464831352234,0.022297363728284836
6827,3,3,0,0.9428571428571428,0.43661971830985913,0.59375,0.8384420871734619,0.8828932046890259,0.4333500862121582,0.03282420337200165,0.3146510124206543,0.03305544704198837,0.0163248460739851,0.21414002776145935,0.014069486409425735
6828,3,3,,,,,,,,0.14154843986034393,0.48614707589149475,0.17823351919651031,,,
6829,8,8,,,,,,,,0.2155342847108841,0.035169411450624466,0.09378667920827866,,,
6830,1,1,,,,,,,,0.28634074330329895,0.19324439764022827,0.2608945071697235,,,
6831,8,8,,,,,,,,0.2677622437477112,0.07331070303916931,0.2990941107273102,,,
6832,1,1,,,,,,,,0.2809889614582062,0.26530563831329346,0.1696694791316986,,,
6833,3,3,,,,,,,,0.4453262686729431,0.30756959319114685,0.045161839574575424,,,
6834,1,1,,,,,,,,0.45391660928726196,0.0880076140165329,0.3273422122001648,,,
6835,5,5,,,,,,,,0.12412358820438385,0.08547583967447281,0.04313097894191742,,,
6836,4,4,,,,,,,,0.29117873311042786,0.1569940745830536,0.33386051654815674,,,
6837,5,5,,,,,,,,0.27535510063171387,0.13013748824596405,0.160390704870224,,,
6838,1,1,,,,,,,,0.16769401729106903,0.21781405806541443,0.25627031922340393,,,
6839,8,8,,,,,,,,0.6832895874977112,0.08316268026828766,0.31004229187965393,,,
6840,9,9,,,,,,,,0.11515248566865921,0.3790891170501709,0.2269303947687149,,,
6841,1,9,,,,,,,,0.061160437762737274,0.13486704230308533,0.06838294118642807,,,
6842,3,3,,,,,,,,0.15329326689243317,0.42048996686935425,0.04021831974387169,,,
6843,1,1,,,,,,,,0.19628016650676727,0.09443308413028717,0.06662128865718842,,,
6844,7,7,,,,,,,,0.23154234886169434,0.08970381319522858,0.34506091475486755,,,
6845,2,2,,,,,,,,0.5361643433570862,0.1534195989370346,0.33561965823173523,,,
6846,9,9,,,,,,,,0.3485473394393921,0.23078125715255737,0.13630186021327972,,,
6847,8,8,,,,,,,,0.4180207848548889,0.14465120434761047,0.2422446757555008,,,
6848,9,9,,,,,,,,0.12287219613790512,0.04230422526597977,0.02897862158715725,,,
6849,4,4,,,,,,,,0.05100129172205925,0.14899702370166779,0.16608701646327972,,,
6850,6,6,,,,,,,,0.29148760437965393,0.2714031934738159,0.14462095499038696,,,
6851,0,0,,,,,,,,0.20687106251716614,0.35793444514274597,0.9655256867408752,,,
6852,9,9,,,,,,,,0.12144152820110321,0.1875477284193039,0.09414927661418915,,,
6853,4,4,,,,,,,,0.30026501417160034,0.19298477470874786,0.10556299239397049,,,
6854,0,0,,,,,,,,0.12392709404230118,0.4067941904067993,0.3161606788635254,,,
6855,4,4,,,,,,,,0.3391345739364624,0.11616287380456924,0.6551705002784729,,,
6856,6,3,,,,,,,,0.23270520567893982,0.2807401418685913,0.07877320051193237,,,
6857,2,2,,,,,,,,0.7009136080741882,0.3173706829547882,0.22841881215572357,,,
6858,1,1,,,,,,,,0.3414265811443329,0.10940759629011154,0.1527579426765442,,,
6859,3,2,,,,,,,,0.3873685300350189,0.05302165076136589,0.42203691601753235,,,
6860,0,0,,,,,,,,0.5001471638679504,0.46325692534446716,0.3603639304637909,,,
6861,8,0,,,,,,,,0.29137441515922546,0.39214515686035156,0.6438701152801514,,,
6862,5,3,,,,,,,,0.14310011267662048,0.12985500693321228,0.28118598461151123,,,
6863,6,6,,,,,,,,0.16498734056949615,0.6030135154724121,0.12228943407535553,,,
6864,0,0,,,,,,,,0.4820680022239685,0.4258291721343994,0.5506531000137329,,,
6865,3,3,,,,,,,,0.12401360273361206,0.3338406980037689,0.11881234496831894,,,
6866,4,4,4,0.8545454545454545,0.632,0.2289156626506024,0.9964195489883423,0.8926260471343994,0.41274020075798035,0.07696432620286942,0.12097117304801941,0.12609243392944336,0.07649854570627213,0.05202564597129822,0.12036913633346558
6867,6,6,,,,,,,,0.3165074288845062,0.5543782711029053,0.30798888206481934,,,
6868,9,9,,,,,,,,0.2570008635520935,0.17548295855522156,0.10094467550516129,,,
6869,5,4,,,,,,,,0.042182017117738724,0.05274885892868042,0.05722967907786369,,,
6870,7,7,,,,,,,,0.3105334937572479,0.175293430685997,0.233443483710289,,,
6871,9,9,,,,,,,,0.0783635601401329,0.04911205172538757,0.12921559810638428,,,
6872,0,0,,,,,,,,0.4479006826877594,0.4115682542324066,0.37613600492477417,,,
6873,3,3,,,,,,,,0.4409472644329071,0.3444330096244812,0.20033524930477142,,,
6874,6,6,,,,,,,,0.05772024765610695,0.34043940901756287,0.137811541557312,,,
6875,5,5,,,,,,,,0.2681336998939514,0.09425576031208038,0.09216605126857758,,,
6876,7,3,,,,,,,,0.03052498772740364,0.32475247979164124,0.10578947514295578,,,
6877,0,0,,,,,,,,0.24837571382522583,0.6618140935897827,0.7577865123748779,,,
6878,5,5,,,,,,,,0.35031658411026,0.08398367464542389,0.2634138762950897,,,
6879,1,1,,,,,,,,0.05058296397328377,0.02775082364678383,0.026718728244304657,,,
6880,2,2,,,,,,,,0.49662187695503235,0.4287204146385193,0.29668402671813965,,,
6881,2,2,,,,,,,,0.5943083167076111,0.09485089778900146,0.38949838280677795,,,
6882,9,9,,,,,,,,0.37292271852493286,0.1275288164615631,0.17930260300636292,,,
6883,7,7,4,0.5572519083969466,0.4068965517241379,0.5111111111111111,0.8017219305038452,0.8569682836532593,0.8006463050842285,0.03228140249848366,0.027200782671570778,0.03706733509898186,0.006136315409094095,0.006623415742069483,0.0116646159440279
6884,0,0,8,0.36,0.7,0.2,0.8109704256057739,0.9448652267456055,0.3421351909637451,0.3912673890590668,0.5469851493835449,0.5291575789451599,0.7309298515319824,0.4933319687843323,0.5491597652435303
6885,0,0,,,,,,,,0.6311535835266113,0.4239799678325653,0.5333928465843201,,,
6886,1,1,,,,,,,,0.3842359781265259,0.3162034749984741,0.27133291959762573,,,
6887,4,4,,,,,,,,0.1316949427127838,0.0875774398446083,0.07443450391292572,,,
6888,4,4,,,,,,,,0.15420286357402802,0.24237975478172302,0.11779606342315674,,,
6889,5,5,,,,,,,,0.32696038484573364,0.11602861434221268,0.10099577158689499,,,
6890,5,5,,,,,,,,0.5096847414970398,0.1616392582654953,0.28328943252563477,,,
6891,9,9,,,,,,,,0.4637017250061035,0.17953535914421082,0.2917611300945282,,,
6892,6,6,,,,,,,,0.15886883437633514,0.5045490860939026,0.12847936153411865,,,
6893,3,3,,,,,,,,0.45885956287384033,0.4115343689918518,0.6030381321907043,,,
6894,6,6,6,0.43661971830985913,0.44680851063829785,0.3246753246753247,0.9454346895217896,0.8423044681549072,0.43657225370407104,0.26375508308410645,0.7616168260574341,0.22370779514312744,0.20076610147953033,0.6084140539169312,0.04586823284626007
6895,2,2,,,,,,,,0.3308691382408142,0.2663818299770355,0.44806843996047974,,,
6896,6,6,,,,,,,,0.13045009970664978,0.46437332034111023,0.15739905834197998,,,
6897,9,9,,,,,,,,0.10310451686382294,0.03576528653502464,0.05149514228105545,,,
6898,3,3,3,0.6451612903225806,0.5223880597014925,0.45714285714285713,0.9617577195167542,0.8799325227737427,0.25947093963623047,0.17130017280578613,0.24612802267074585,0.05509461462497711,0.09830175340175629,0.2755078971385956,0.06291046738624573
6899,2,2,3,0.5223880597014925,0.3691275167785235,0.4068965517241379,0.9009799361228943,0.8504065275192261,0.5009170770645142,0.1963653713464737,0.2094198763370514,0.1753358095884323,0.0237900223582983,0.214197039604187,0.029002124443650246
6900,3,5,,,,,,,,0.31020283699035645,0.06227114051580429,0.0699588805437088,,,
6901,2,7,,,,,,,,0.08561353385448456,0.02217661216855049,0.03504624590277672,,,
6902,4,4,,,,,,,,0.28541848063468933,0.3344331383705139,0.4553702175617218,,,
6903,9,9,9,0.42657342657342656,0.6859504132231405,0.5223880597014925,0.9700573682785034,0.9141335487365723,0.7723221778869629,0.026323886588215828,0.025819912552833557,0.03476409241557121,0.08088240772485733,0.02779960446059704,0.032277386635541916
6904,5,5,,,,,,,,0.056926313787698746,0.034876611083745956,0.11320172250270844,,,
6905,2,2,,,,,,,,0.22840271890163422,0.14625492691993713,0.16406117379665375,,,
6906,1,1,,,,,,,,0.15653009712696075,0.13835600018501282,0.026339303702116013,,,
6907,6,6,,,,,,,,0.5027446150779724,0.6760983467102051,0.19482025504112244,,,
6908,6,6,,,,,,,,0.18882454931735992,0.49627795815467834,0.1366201788187027,,,
6909,4,4,,,,,,,,0.5153983235359192,0.6079621315002441,0.4474219083786011,,,
6910,7,7,,,,,,,,0.4098534882068634,0.2784939408302307,0.5035205483436584,,,
6911,6,6,,,,,,,,0.5383549928665161,0.7764329314231873,0.20926737785339355,,,
6912,3,2,,,,,,,,0.3959904909133911,0.13293488323688507,0.45655253529548645,,,
6913,3,3,,,,,,,,0.5018640756607056,0.36350977420806885,0.19625495374202728,,,
6914,8,8,,,,,,,,0.6163228750228882,0.052030764520168304,0.295966774225235,,,
6915,1,1,,,,,,,,0.34893542528152466,0.10640992969274521,0.1242339238524437,,,
6916,4,4,,,,,,,,0.08238991349935532,0.138752281665802,0.17053544521331787,,,
6917,6,6,,,,,,,,0.04442009702324867,0.5219484567642212,0.11082305014133453,,,
6918,4,4,,,,,,,,0.1942688375711441,0.2175322026014328,0.32085752487182617,,,
6919,4,4,,,,,,,,0.13219505548477173,0.0848400816321373,0.03796099126338959,,,
6920,5,5,,,,,,,,0.25560176372528076,0.0690399631857872,0.10947806388139725,,,
6921,6,6,,,,,,,,0.16767354309558868,0.5754648447036743,0.08666730672121048,,,
6922,2,2,,,,,,,,0.49770262837409973,0.27992671728134155,0.5414193868637085,,,
6923,0,0,,,,,,,,0.4945089817047119,0.4447914659976959,0.9709203839302063,,,
6924,5,5,,,,,,,,0.5286924839019775,0.07279389351606369,0.33891430497169495,,,
6925,2,2,,,,,,,,0.6517845392227173,0.1882847100496292,0.4086671471595764,,,
6926,7,5,,,,,,,,0.1152840256690979,0.028566204011440277,0.022727524861693382,,,
6927,5,5,,,,,,,,0.08652394264936447,0.04575207829475403,0.060564182698726654,,,
6928,2,2,,,,,,,,0.46499723196029663,0.04588562622666359,0.30059388279914856,,,
6929,5,5,,,,,,,,0.15704017877578735,0.1630721539258957,0.18840286135673523,,,
6930,2,2,,,,,,,,0.2941335439682007,0.1693195104598999,0.37605729699134827,,,
6931,5,5,,,,,,,,0.14966000616550446,0.03175884112715721,0.03012876585125923,,,
6932,9,9,,,,,,,,0.37695279717445374,0.22938890755176544,0.3264783024787903,,,
6933,0,0,,,,,,,,0.20953673124313354,0.2993060052394867,0.5977287292480469,,,
6934,6,6,,,,,,,,0.1276572197675705,0.4031151235103607,0.05040302500128746,,,
6935,7,7,,,,,,,,0.16331009566783905,0.3661802411079407,0.3928912878036499,,,
6936,9,9,,,,,,,,0.13714593648910522,0.11501485854387283,0.0704093724489212,,,
6937,8,8,,,,,,,,0.5216633677482605,0.11975904554128647,0.2889149785041809,,,
6938,3,3,,,,,,,,0.1805873066186905,0.11684329807758331,0.12691622972488403,,,
6939,2,2,,,,,,,,0.338162362575531,0.26286399364471436,0.5362774133682251,,,
6940,1,1,,,,,,,,0.5272802710533142,0.19572316110134125,0.24799057841300964,,,
6941,4,4,2,0.18604651162790697,0.29936305732484075,0.1724137931034483,0.533807635307312,0.6195032000541687,0.12075133621692657,0.057344481348991394,0.04471387714147568,0.0855303481221199,0.0038684357423335314,0.04487713426351547,0.010539713315665722
6942,3,3,3,0.2,0.2911392405063291,0.0851063829787234,0.7958278656005859,0.7571319341659546,0.2010534107685089,0.07094859331846237,0.3606370985507965,0.2548712491989136,0.14376990497112274,0.18385884165763855,0.27719423174858093
6943,4,4,,,,,,,,0.11847871541976929,0.28026705980300903,0.2011844366788864,,,
6944,5,5,,,,,,,,0.35430604219436646,0.1636822670698166,0.3147273063659668,,,
6945,5,5,,,,,,,,0.29492855072021484,0.08477509766817093,0.09692180901765823,,,
6946,6,6,,,,,,,,0.0987367108464241,0.36677348613739014,0.1537015289068222,,,
6947,8,8,,,,,,,,0.35878893733024597,0.07341279834508896,0.3257426917552948,,,
6948,6,6,,,,,,,,0.5708702802658081,0.5671563744544983,0.10012427717447281,,,
6949,0,0,,,,,,,,0.28933951258659363,0.5194748640060425,0.9013382792472839,,,
6950,8,8,0,0.5111111111111111,0.3161290322580645,0.4782608695652174,0.9310625195503235,0.7338368892669678,0.6222146153450012,0.03147643432021141,0.058130890130996704,0.021777527406811714,0.012668002396821976,0.014941295608878136,0.012311812490224838
6951,9,9,,,,,,,,0.17363491654396057,0.21838343143463135,0.17347140610218048,,,
6952,8,8,,,,,,,,0.08201098442077637,0.04960326477885246,0.03181204944849014,,,
6953,0,0,,,,,,,,0.331916868686676,0.8339333534240723,0.691339373588562,,,
6954,7,0,,,,,,,,0.2771323621273041,0.5375292301177979,0.6499526500701904,,,
6955,7,7,,,,,,,,0.5233079791069031,0.2874879837036133,0.4943162798881531,,,
6956,6,6,,,,,,,,0.19900986552238464,0.5112001299858093,0.15304376184940338,,,
6957,6,6,,,,,,,,0.22167529165744781,0.589438259601593,0.1125689372420311,,,
6958,7,7,7,0.8545454545454545,0.7,0.29936305732484075,0.9865843653678894,0.896013617515564,0.5979138016700745,0.0777992233633995,0.02276451140642166,0.06077686697244644,0.07222998142242432,0.02269434742629528,0.11079524457454681
6959,5,5,4,0.2911392405063291,0.3972602739726027,0.8715596330275229,0.6330691576004028,0.7652094960212708,0.4249933362007141,0.10131920129060745,0.05436397343873978,0.03852918744087219,0.433245986700058,0.07810741662979126,0.0006300146342255175
6960,9,9,,,,,,,,0.1589331328868866,0.07997501641511917,0.3025648295879364,,,
6961,8,8,,,,,,,,0.3553478419780731,0.047060526907444,0.16929523646831512,,,
6962,7,4,,,,,,,,0.06403309851884842,0.25946757197380066,0.09812251478433609,,,
6963,9,9,,,,,,,,0.028232192620635033,0.25486519932746887,0.12363649904727936,,,
6964,5,5,,,,,,,,0.6682771444320679,0.032710008323192596,0.18125206232070923,,,
6965,6,6,6,0.8378378378378378,0.6062992125984252,0.5338345864661654,0.9838558435440063,0.882672905921936,0.5958091020584106,0.051274534314870834,0.5514453649520874,0.07613537460565567,0.04290029779076576,0.5027327537536621,0.10194581001996994
6966,0,4,,,,,,,,0.10770490020513535,0.1354389786720276,0.12700985372066498,,,
6967,4,4,,,,,,,,0.13195857405662537,0.09180682897567749,0.1786174178123474,,,
6968,8,8,0,0.02512562814070352,0.42657342657342656,0.48905109489051096,0.07714787125587463,0.8392527103424072,0.6323477029800415,0.030679186806082726,0.09083042293787003,0.03716418147087097,0.022131875157356262,0.14884889125823975,0.00307198753580451
6969,2,6,,,,,,,,0.028932776302099228,0.24286991357803345,0.025388550013303757,,,
6970,0,2,,,,,,,,0.4210691750049591,0.17191213369369507,0.32450056076049805,,,
6971,9,9,,,,,,,,0.3691786229610443,0.38066890835762024,0.22679202258586884,,,
6972,1,1,,,,,,,,0.43480944633483887,0.259729266166687,0.3440423309803009,,,
6973,3,3,2,0.7521367521367521,0.5111111111111111,0.12087912087912088,0.9901033043861389,0.8193099498748779,0.4629576802253723,0.22161246836185455,0.07174035906791687,0.038539472967386246,0.22177594900131226,0.07853206247091293,0.0455942302942276
6974,9,9,,,,,,,,0.12600895762443542,0.1627250611782074,0.09755663573741913,,,
6975,8,8,,,,,,,,0.2537301778793335,0.12650813162326813,0.2977793216705322,,,
6976,3,3,,,,,,,,0.18665508925914764,0.0938575342297554,0.15392670035362244,,,
6977,7,7,,,,,,,,0.10518407076597214,0.08192893117666245,0.20908589661121368,,,
6978,4,4,,,,,,,,0.2997595965862274,0.11267571151256561,0.27704763412475586,,,
6979,5,4,,,,,,,,0.26739174127578735,0.26563242077827454,0.0564996674656868,,,
6980,0,0,0,0.8545454545454545,0.8888888888888888,0.29936305732484075,0.998359739780426,0.9737735986709595,0.6910433173179626,0.35009488463401794,0.4621873199939728,0.26354700326919556,0.31883704662323,0.3920005261898041,0.528806209564209
6981,2,2,,,,,,,,0.7494540214538574,0.08160112053155899,0.40817731618881226,,,
6982,1,1,,,,,,,,0.27394673228263855,0.07388725876808167,0.22677569091320038,,,
6983,9,9,,,,,,,,0.5563949942588806,0.19957660138607025,0.18709801137447357,,,
6984,1,1,,,,,,,,0.2598673701286316,0.21042291820049286,0.18066304922103882,,,
6985,0,0,,,,,,,,0.3911263942718506,0.5651999115943909,0.7344847917556763,,,
6986,5,2,,,,,,,,0.06033366546034813,0.20076224207878113,0.1471947431564331,,,
6987,8,8,,,,,,,,0.6272009611129761,0.3256200850009918,0.16905564069747925,,,
6988,4,4,,,,,,,,0.08424032479524612,0.24789975583553314,0.10051089525222778,,,
6989,7,7,,,,,,,,0.12255439907312393,0.02665494568645954,0.18460224568843842,,,
6990,3,3,,,,,,,,0.2655227482318878,0.5313491821289062,0.3842480182647705,,,
6991,1,1,,,,,,,,0.2851806879043579,0.1495252549648285,0.1925295740365982,,,
6992,4,4,,,,,,,,0.1883048415184021,0.16890576481819153,0.22703076899051666,,,
6993,5,5,,,,,,,,0.3251170814037323,0.04839889705181122,0.02589237131178379,,,
6994,3,3,3,0.8053097345132744,0.6190476190476191,0.48905109489051096,0.9803942441940308,0.9200229048728943,0.6259760856628418,0.23803462088108063,0.3648207187652588,0.15848985314369202,0.24080899357795715,0.47844594717025757,0.13059842586517334
6995,1,1,,,,,,,,0.36749428510665894,0.14388644695281982,0.06634873151779175,,,
6996,0,0,,,,,,,,0.3379083573818207,0.40862661600112915,0.8389949202537537,,,
6997,8,3,,,,,,,,0.09661887586116791,0.040360432118177414,0.022812163457274437,,,
6998,8,8,,,,,,,,0.41507038474082947,0.15523284673690796,0.24497826397418976,,,
6999,8,8,,,,,,,,0.35892990231513977,0.23284074664115906,0.07490065693855286,,,
7000,2,8,,,,,,,,0.35817253589630127,0.1543821394443512,0.04806308075785637,,,
7001,1,1,,,,,,,,0.4196673035621643,0.33504870533943176,0.20374692976474762,,,
7002,3,5,,,,,,,,0.10283955186605453,0.0958641916513443,0.04852305352687836,,,
7003,7,7,4,0.20710059171597633,0.4676258992805755,0.0851063829787234,0.8499727249145508,0.8355283737182617,0.3549681305885315,0.10442226380109787,0.09382301568984985,0.26003703474998474,0.0727037563920021,0.04559445008635521,0.1486223340034485
7004,3,3,,,,,,,,0.07301768660545349,0.18597297370433807,0.1288105696439743,,,
7005,1,9,,,,,,,,0.08692829310894012,0.03788723051548004,0.0668434202671051,,,
7006,6,6,,,,,,,,0.22779636085033417,0.45771118998527527,0.16057181358337402,,,
7007,9,9,,,,,,,,0.3418020009994507,0.18509677052497864,0.21994870901107788,,,
7008,1,1,,,,,,,,0.16784673929214478,0.06318657100200653,0.07877257466316223,,,
7009,6,6,6,0.6859504132231405,0.42657342657342656,0.7435897435897436,0.9942128658294678,0.806667149066925,0.5888545513153076,0.06507384777069092,0.6560326814651489,0.05515925958752632,0.0717129185795784,0.562050998210907,0.06214196979999542
7010,0,0,,,,,,,,0.7621018886566162,0.8619709610939026,0.885614812374115,,,
7011,7,7,,,,,,,,0.14995452761650085,0.07229901105165482,0.2871451675891876,,,
7012,7,7,,,,,,,,0.4287462830543518,0.3183425962924957,0.432373046875,,,
7013,1,1,,,,,,,,0.569005012512207,0.13910777866840363,0.463375985622406,,,
7014,3,3,,,,,,,,0.1740243136882782,0.26150333881378174,0.13268519937992096,,,
7015,3,3,,,,,,,,0.4861653447151184,0.33746054768562317,0.3809366226196289,,,
7016,3,3,,,,,,,,0.32076263427734375,0.3250060975551605,0.4501734972000122,,,
7017,1,1,,,,,,,,0.22035188972949982,0.36078742146492004,0.18846289813518524,,,
7018,0,0,,,,,,,,0.4596816599369049,0.47411632537841797,0.8206947445869446,,,
7019,2,2,,,,,,,,0.4659678041934967,0.4005672335624695,0.3314501941204071,,,
7020,7,7,,,,,,,,0.35866156220436096,0.14590851962566376,0.17831063270568848,,,
7021,1,1,,,,,,,,0.07595029473304749,0.07994341105222702,0.2865864038467407,,,
7022,2,2,,,,,,,,0.4492393136024475,0.16680452227592468,0.13935217261314392,,,
7023,2,2,,,,,,,,0.37642937898635864,0.25382667779922485,0.4070228934288025,,,
7024,9,9,,,,,,,,0.2585873007774353,0.17096304893493652,0.2756313383579254,,,
7025,6,6,,,,,,,,0.3022931218147278,0.48467639088630676,0.21935200691223145,,,
7026,3,3,,,,,,,,0.5532693266868591,0.08662580698728561,0.24973049759864807,,,
7027,5,5,,,,,,,,0.23484976589679718,0.06205566227436066,0.15518350899219513,,,
7028,9,9,,,,,,,,0.3610345125198364,0.12255671620368958,0.46226269006729126,,,
7029,4,4,,,,,,,,0.40395617485046387,0.19486841559410095,0.19064660370349884,,,
7030,8,8,,,,,,,,0.668761134147644,0.19521230459213257,0.15831254422664642,,,
7031,0,0,,,,,,,,0.46577009558677673,0.6285948753356934,0.9272159337997437,,,
7032,4,4,,,,,,,,0.105023093521595,0.19306567311286926,0.49190062284469604,,,
7033,8,8,,,,,,,,0.5399411916732788,0.034386564046144485,0.30350640416145325,,,
7034,0,0,,,,,,,,0.5038580298423767,0.4660772383213043,0.7587359547615051,,,
7035,1,9,,,,,,,,0.28464993834495544,0.15563391149044037,0.19108809530735016,,,
7036,3,3,,,,,,,,0.3690612316131592,0.41069987416267395,0.3163333535194397,,,
7037,7,7,,,,,,,,0.0944126769900322,0.11448021978139877,0.13253800570964813,,,
7038,0,0,,,,,,,,0.54325932264328,0.1824306696653366,0.8429105877876282,,,
7039,4,4,,,,,,,,0.24069646000862122,0.3432190418243408,0.270515114068985,,,
7040,7,0,,,,,,,,0.7911512851715088,0.6102423667907715,0.8515319228172302,,,
7041,4,4,0,0.43661971830985913,0.3972602739726027,0.44680851063829785,0.727706789970398,0.7653905153274536,0.32640203833580017,0.009536813013255596,0.012677008286118507,0.009771743789315224,0.00043773071956820786,0.007932565174996853,0.0008767767576500773
7042,8,8,,,,,,,,0.516528844833374,0.14527446031570435,0.15551422536373138,,,
7043,6,6,,,,,,,,0.19855162501335144,0.5922000408172607,0.13268600404262543,,,
7044,4,4,,,,,,,,0.11809052526950836,0.1870056390762329,0.0816766619682312,,,
7045,3,3,,,,,,,,0.37319621443748474,0.32989370822906494,0.19457466900348663,,,
7046,9,9,9,0.8378378378378378,0.7435897435897436,0.24390243902439024,0.9898512363433838,0.9405288696289062,0.6653757095336914,0.09853174537420273,0.025456998497247696,0.02518131025135517,0.08716674149036407,0.02525755949318409,0.025179382413625717
7047,8,8,,,,,,,,0.6496937274932861,0.35440292954444885,0.1853240728378296,,,
7048,2,2,,,,,,,,0.5399751663208008,0.059844307601451874,0.4912351369857788,,,
7049,2,2,,,,,,,,0.6296365857124329,0.21986252069473267,0.2422153800725937,,,
7050,8,8,,,,,,,,0.23500336706638336,0.08828301727771759,0.2616422474384308,,,
7051,3,3,,,,,,,,0.6911286115646362,0.3108222484588623,0.47345900535583496,,,
7052,1,1,,,,,,,,0.47131454944610596,0.2801116704940796,0.12820789217948914,,,
7053,1,1,,,,,,,,0.40232330560684204,0.2834013104438782,0.149261936545372,,,
7054,2,2,,,,,,,,0.46902263164520264,0.3165756165981293,0.3582605719566345,,,
7055,8,8,,,,,,,,0.25351768732070923,0.09670539200305939,0.12548449635505676,,,
7056,2,2,,,,,,,,0.5188422799110413,0.08599264174699783,0.36550024151802063,,,
7057,6,6,,,,,,,,0.5527149438858032,0.7717342376708984,0.7354037165641785,,,
7058,9,9,,,,,,,,0.5204030275344849,0.4325854480266571,0.3057466745376587,,,
7059,4,3,,,,,,,,0.1945582926273346,0.08327755331993103,0.028563177213072777,,,
7060,8,8,,,,,,,,0.3992365300655365,0.25274449586868286,0.26642125844955444,,,
7061,4,4,4,0.7435897435897436,0.5692307692307692,0.4166666666666667,0.974230170249939,0.8842693567276001,0.6832741498947144,0.12949804961681366,0.2031158059835434,0.12645864486694336,0.1203811764717102,0.18782708048820496,0.04490598663687706
7062,4,4,,,,,,,,0.08499021828174591,0.0600753054022789,0.11557663232088089,,,
7063,1,1,,,,,,,,0.34349310398101807,0.17087168991565704,0.5722867846488953,,,
7064,5,5,,,,,,,,0.3848455846309662,0.11464867740869522,0.24427761137485504,,,
7065,2,2,2,0.5,0.6859504132231405,0.3076923076923077,0.9316215515136719,0.9338786602020264,0.6165944933891296,0.27086570858955383,0.14819319546222687,0.43087464570999146,0.1457749754190445,0.19991590082645416,0.21131689846515656
7066,6,6,,,,,,,,0.498936265707016,0.6292625069618225,0.18949811160564423,,,
7067,9,9,,,,,,,,0.3245907425880432,0.19145704805850983,0.34211301803588867,,,
7068,2,2,2,0.5813953488372093,0.44680851063829785,0.3972602739726027,0.920374870300293,0.8559204339981079,0.8287771940231323,0.05200545862317085,0.07393968850374222,0.023692067712545395,0.0691327452659607,0.1290813386440277,0.027189258486032486
7069,0,0,,,,,,,,0.41807320713996887,0.35641875863075256,0.9282358288764954,,,
7070,7,7,,,,,,,,0.38726285099983215,0.20634551346302032,0.2182176262140274,,,
7071,1,1,,,,,,,,0.19960439205169678,0.17826120555400848,0.20837382972240448,,,
7072,8,8,,,,,,,,0.7582983374595642,0.13816402852535248,0.181015744805336,,,
7073,9,9,,,,,,,,0.3673408031463623,0.21012933552265167,0.27932843565940857,,,
7074,3,3,3,0.7,0.3783783783783784,0.0851063829787234,0.966865062713623,0.7471150755882263,-0.07736551761627197,0.2720282971858978,0.4031241238117218,0.2130216658115387,0.18215346336364746,0.30696430802345276,0.2700188159942627
7075,9,9,,,,,,,,0.2596262991428375,0.4749007821083069,0.4142232835292816,,,
7076,9,9,,,,,,,,0.31585413217544556,0.25222378969192505,0.07914286851882935,,,
7077,0,0,0,0.8715596330275229,0.6062992125984252,0.2215568862275449,0.9876841306686401,0.9261587858200073,0.41121920943260193,0.34034937620162964,0.28920888900756836,0.8543710708618164,0.34373748302459717,0.2750161290168762,0.8544092774391174
7078,7,7,,,,,,,,0.3436259925365448,0.16090822219848633,0.2432631105184555,,,
7079,7,7,,,,,,,,0.21129512786865234,0.20622926950454712,0.13211143016815186,,,
7080,5,5,5,0.5891472868217055,0.7,0.6859504132231405,0.9565497636795044,0.9211678504943848,0.7158319354057312,0.2504550814628601,0.24896401166915894,0.041726004332304,0.236018106341362,0.27344977855682373,0.04345790296792984
7081,4,4,3,0.1791907514450867,0.5572519083969466,0.24390243902439024,0.7879303693771362,0.7765815854072571,0.38112103939056396,0.08771835267543793,0.052317529916763306,0.08077236264944077,0.04284489527344704,0.005286878906190395,0.0008492666529491544
7082,2,0,,,,,,,,0.19374623894691467,0.2543594539165497,0.06762753427028656,,,
7083,6,6,,,,,,,,0.1815834641456604,0.6633663773536682,0.0934077799320221,,,
7084,4,4,,,,,,,,0.1064806878566742,0.08151495456695557,0.07569792121648788,,,
7085,5,5,,,,,,,,0.21087314188480377,0.15996305644512177,0.10921980440616608,,,
7086,7,7,,,,,,,,0.3662700951099396,0.36519527435302734,0.1353645622730255,,,
7087,7,7,5,0.0,0.3076923076923077,0.18604651162790697,0.2320331335067749,0.779262900352478,0.40041619539260864,0.08239857852458954,0.02713465318083763,0.04607491195201874,0.004441926721483469,0.010580379515886307,0.010098543018102646
7088,8,8,,,,,,,,0.29218584299087524,0.0759897381067276,0.21984907984733582,,,
7089,7,7,,,,,,,,0.3389679491519928,0.10607396811246872,0.22678010165691376,,,
7090,2,2,2,0.7739130434782608,0.43661971830985913,0.3972602739726027,0.9632761478424072,0.8387536406517029,0.49485135078430176,0.297920823097229,0.09435586631298065,0.127144455909729,0.2921653389930725,0.053712278604507446,0.13939714431762695
7091,6,6,,,,,,,,0.1411086916923523,0.3008396029472351,0.3176097869873047,,,
7092,2,2,,,,,,,,0.33335909247398376,0.23669284582138062,0.19986248016357422,,,
7093,2,2,,,,,,,,0.7528592944145203,0.37728169560432434,0.7894154191017151,,,
7094,4,4,,,,,,,,0.19084689021110535,0.3199392557144165,0.301859587430954,,,
7095,4,4,2,0.3333333333333333,0.6859504132231405,0.6062992125984252,0.9015311598777771,0.896003007888794,0.4879952669143677,0.25844767689704895,0.06957987695932388,0.02416677586734295,0.12034694105386734,0.12997707724571228,0.003697608597576618
7096,0,0,,,,,,,,0.5418206453323364,0.7218555212020874,0.8634251356124878,,,
7097,7,7,5,0.0967741935483871,0.43661971830985913,0.18604651162790697,0.6419408321380615,0.8539990186691284,0.48748376965522766,0.14102578163146973,0.029239237308502197,0.06966302543878555,0.08801749348640442,0.0062505342066287994,0.0005914293578825891
7098,1,1,,,,,,,,0.5742807984352112,0.40570592880249023,0.37018340826034546,,,
7099,3,5,,,,,,,,0.40512508153915405,0.09807617217302322,0.07686056941747665,,,
7100,9,9,,,,,,,,0.12411468476057053,0.034544687718153,0.20956021547317505,,,
7101,6,6,,,,,,,,0.23334327340126038,0.5930486917495728,0.09108039736747742,,,
7102,0,0,,,,,,,,0.5268250107765198,0.5432936549186707,0.8436319828033447,,,
7103,0,0,,,,,,,,0.26218441128730774,0.21006479859352112,0.4307953715324402,,,
7104,2,2,,,,,,,,0.3672032356262207,0.13253508508205414,0.06528531759977341,,,
7105,3,3,,,,,,,,0.11386183649301529,0.3151361346244812,0.15247668325901031,,,
7106,8,8,0,0.3076923076923077,0.4782608695652174,0.48905109489051096,0.6746560335159302,0.8528227806091309,0.559560239315033,0.25397592782974243,0.11693093180656433,0.0793585330247879,0.024954546242952347,0.020431360229849815,0.002824329538270831
7107,2,6,,,,,,,,0.3862346112728119,0.5696157813072205,0.17138753831386566,,,
7108,2,2,,,,,,,,0.5588928461074829,0.036371901631355286,0.5238669514656067,,,
7109,4,4,,,,,,,,0.09839240461587906,0.13223859667778015,0.1135539710521698,,,
7110,3,3,,,,,,,,0.13885557651519775,0.32434767484664917,0.33525270223617554,,,
7111,5,5,,,,,,,,0.4988650977611542,0.07578861713409424,0.23925353586673737,,,
7112,2,2,,,,,,,,0.38791435956954956,0.028878826647996902,0.2567739486694336,,,
7113,9,9,,,,,,,,0.29395443201065063,0.09428720921278,0.05238644778728485,,,
7114,1,1,,,,,,,,0.38014131784439087,0.27231621742248535,0.25328534841537476,,,
7115,0,0,,,,,,,,0.5511807799339294,0.45078355073928833,0.6601418256759644,,,
7116,0,0,,,,,,,,0.8603787422180176,0.5770202279090881,0.48001235723495483,,,
7117,6,6,,,,,,,,0.024329280480742455,0.3363574743270874,0.04949298873543739,,,
7118,5,5,,,,,,,,0.3416585326194763,0.059759169816970825,0.13734234869480133,,,
7119,5,0,,,,,,,,0.4195619225502014,0.6167754530906677,0.2931196689605713,,,
7120,7,7,,,,,,,,0.2513621747493744,0.10735826194286346,0.32236599922180176,,,
7121,9,9,,,,,,,,0.3949391841888428,0.3732318580150604,0.14203821122646332,,,
7122,9,9,,,,,,,,0.3913502097129822,0.28154832124710083,0.17829203605651855,,,
7123,6,6,,,,,,,,0.17437440156936646,0.4890000522136688,0.12862710654735565,,,
7124,5,5,,,,,,,,0.14851348102092743,0.15627728402614594,0.03506986051797867,,,
7125,5,5,,,,,,,,0.07513505965471268,0.09937838464975357,0.08885366469621658,,,
7126,0,0,,,,,,,,0.8435367941856384,0.4178037643432617,0.8770581483840942,,,
7127,5,5,5,0.8214285714285714,0.9065420560747663,0.5,0.9948246479034424,0.9922784566879272,0.45566368103027344,0.4640824794769287,0.09643444418907166,0.1491166204214096,0.4230005145072937,0.07431942224502563,0.19510018825531006
7128,7,7,,,,,,,,0.04659661278128624,0.029199371114373207,0.09501731395721436,,,
7129,1,1,,,,,,,,0.29105472564697266,0.2846740782260895,0.21222379803657532,,,
7130,6,6,,,,,,,,0.4133496880531311,0.580925703048706,0.24676091969013214,,,
7131,6,6,,,,,,,,0.2055765688419342,0.5545672178268433,0.18021301925182343,,,
7132,4,4,,,,,,,,0.22825992107391357,0.12465646117925644,0.24116192758083344,,,
7133,1,1,,,,,,,,0.3852446675300598,0.13063347339630127,0.230945885181427,,,
7134,4,2,,,,,,,,0.5871564149856567,0.25948649644851685,0.4256543517112732,,,
7135,4,4,,,,,,,,0.11599553376436234,0.177425816655159,0.10478116571903229,,,
7136,1,1,,,,,,,,0.29404664039611816,0.4066656529903412,0.3805871605873108,,,
7137,5,5,2,0.1724137931034483,0.4166666666666667,0.34210526315789475,0.6974287033081055,0.8616308569908142,0.37921589612960815,0.20881953835487366,0.14988119900226593,0.1616113930940628,0.026421038433909416,0.1388547569513321,0.015849506482481956
7138,0,0,,,,,,,,0.4010518789291382,0.5894600749015808,0.7246617674827576,,,
7139,0,0,,,,,,,,0.32631102204322815,0.6741188168525696,0.9422716498374939,,,
7140,4,4,,,,,,,,0.13829955458641052,0.13636048138141632,0.19421690702438354,,,
7141,5,5,5,0.2830188679245283,0.59375,0.12087912087912088,0.915016770362854,0.8845690488815308,0.2651611566543579,0.2440154105424881,0.05376822128891945,0.14390282332897186,0.16431237757205963,0.03240453451871872,0.04111982136964798
7142,8,8,,,,,,,,0.5184437036514282,0.4153028428554535,0.1205194890499115,,,
7143,4,2,,,,,,,,0.3209310472011566,0.16857725381851196,0.22116738557815552,,,
7144,8,8,,,,,,,,0.4228164851665497,0.05276428163051605,0.348869264125824,,,
7145,3,3,5,0.4782608695652174,0.5223880597014925,0.05699481865284974,0.6661419868469238,0.8400576710700989,0.21876615285873413,0.1032785028219223,0.22580449283123016,0.4585255980491638,0.10211531072854996,0.1479722410440445,0.029887454584240913
7146,0,0,,,,,,,,0.3440127968788147,0.6130410432815552,0.6835331916809082,,,
7147,5,5,,,,,,,,0.06597203761339188,0.13358724117279053,0.1740419715642929,,,
7148,0,0,,,,,,,,0.5059877038002014,0.2911011874675751,0.8982285857200623,,,
7149,5,5,,,,,,,,0.2513476312160492,0.1277170181274414,0.20483508706092834,,,
7150,3,3,7,0.3877551020408163,0.42657342657342656,0.3972602739726027,0.9044065475463867,0.8154287338256836,0.6149164438247681,0.03837026655673981,0.14442282915115356,0.04320698603987694,0.036854300647974014,0.09451562166213989,0.038419343531131744
7151,1,1,,,,,,,,0.4135662615299225,0.15631459653377533,0.12734417617321014,,,
7152,6,6,6,0.632,0.5692307692307692,0.45714285714285713,0.8235518932342529,0.9174525737762451,0.5842081904411316,0.16441795229911804,0.26839855313301086,0.2805005609989166,0.031021982431411743,0.343829482793808,0.021494681015610695
7153,7,7,,,,,,,,0.3084709048271179,0.23887291550636292,0.35858768224716187,,,
7154,0,0,,,,,,,,0.5776037573814392,0.4460117518901825,0.9229727387428284,,,
7155,9,9,,,,,,,,0.1049758568406105,0.16653306782245636,0.1058841422200203,,,
7156,1,1,,,,,,,,0.49778056144714355,0.15593475103378296,0.24381926655769348,,,
7157,5,5,,,,,,,,0.20657788217067719,0.07872706651687622,0.2621692419052124,,,
7158,7,7,,,,,,,,0.3799324631690979,0.22786729037761688,0.3287528157234192,,,
7159,6,2,,,,,,,,0.5093995332717896,0.22570209205150604,0.2302606701850891,,,
7160,5,5,,,,,,,,0.4526096284389496,0.10057802498340607,0.18700119853019714,,,
7161,5,5,,,,,,,,0.2497122585773468,0.06486524641513824,0.09598056226968765,,,
7162,5,5,5,0.7894736842105263,0.5223880597014925,0.3246753246753247,0.9950311779975891,0.8852605819702148,0.5498669743537903,0.2065231055021286,0.049912650138139725,0.03620697185397148,0.1721670776605606,0.0682181566953659,0.03159355744719505
7163,6,6,,,,,,,,0.3073399066925049,0.39293771982192993,0.08666718006134033,,,
7164,0,0,,,,,,,,0.4473039209842682,0.5342977643013,0.8379305005073547,,,
7165,0,0,,,,,,,,0.6179202795028687,0.4831070601940155,0.7964084148406982,,,
7166,1,1,,,,,,,,0.4375130236148834,0.26649922132492065,0.12697404623031616,,,
7167,7,7,,,,,,,,0.30940935015678406,0.30171999335289,0.33633023500442505,,,
7168,5,3,,,,,,,,0.2055359184741974,0.3486643135547638,0.357758492231369,,,
7169,1,1,,,,,,,,0.3621978163719177,0.04189176857471466,0.029057146981358528,,,
7170,9,9,,,,,,,,0.17750096321105957,0.07470028102397919,0.11771134287118912,,,
7171,2,2,,,,,,,,0.2954970896244049,0.17002546787261963,0.2819027900695801,,,
7172,4,4,,,,,,,,0.07749209553003311,0.13627712428569794,0.23047399520874023,,,
7173,1,1,,,,,,,,0.2287409007549286,0.2528747022151947,0.19241124391555786,,,
7174,3,3,3,0.7521367521367521,0.7894736842105263,0.1791907514450867,0.9941338896751404,0.9650806188583374,0.39286279678344727,0.18896308541297913,0.12129055708646774,0.11567351222038269,0.21806466579437256,0.15674197673797607,0.21448898315429688
7175,7,7,,,,,,,,0.3932323753833771,0.23685218393802643,0.1745925396680832,,,
7176,8,8,,,,,,,,0.2309490591287613,0.033952172845602036,0.13184460997581482,,,
7177,2,2,0,0.2911392405063291,0.6859504132231405,0.5692307692307692,0.6887342929840088,0.8967552185058594,0.6940926313400269,0.4949968159198761,0.196932852268219,0.2413244992494583,0.4181322753429413,0.20203278958797455,0.017342977225780487
7178,0,0,,,,,,,,0.28739890456199646,0.4879966080188751,0.7275925278663635,,,
7179,9,9,,,,,,,,0.22576947510242462,0.1719270944595337,0.14293189346790314,,,
7180,6,6,,,,,,,,0.19453008472919464,0.6863170266151428,0.11291754990816116,,,
7181,6,6,,,,,,,,0.31399568915367126,0.3401908278465271,0.09183710068464279,,,
7182,0,0,,,,,,,,0.3099149167537689,0.4521576762199402,0.7904197573661804,,,
7183,6,6,6,0.59375,0.44680851063829785,0.4166666666666667,0.9582281708717346,0.8291136622428894,0.48700571060180664,0.1554493010044098,0.09157072007656097,0.054185107350349426,0.07846780866384506,0.25792571902275085,0.07556252181529999
7184,5,5,6,0.275,0.5111111111111111,0.10270270270270271,0.723273754119873,0.9116581082344055,0.5365485548973083,0.2611415386199951,0.15587995946407318,0.04360691085457802,0.05220716446638107,0.1275365948677063,0.020887963473796844
7185,8,8,,,,,,,,0.5475584864616394,0.10947272926568985,0.18638159334659576,,,
7186,2,2,,,,,,,,0.7111985683441162,0.46335116028785706,0.2344861775636673,,,
7187,7,7,,,,,,,,0.12600165605545044,0.09102541953325272,0.46414440870285034,,,
7188,4,4,4,0.8053097345132744,0.6859504132231405,0.07368421052631578,0.9833644032478333,0.9294781684875488,0.38045012950897217,0.3905967175960541,0.180397167801857,0.1308211386203766,0.38168883323669434,0.19667889177799225,0.2319343090057373
7189,0,0,,,,,,,,0.5440692901611328,0.4584152400493622,0.5752682089805603,,,
7190,2,2,,,,,,,,0.36889997124671936,0.5073590278625488,0.5050368905067444,,,
7191,7,7,,,,,,,,0.16150356829166412,0.1859981119632721,0.20864593982696533,,,
7192,7,7,,,,,,,,0.03975981846451759,0.27500441670417786,0.1242261677980423,,,
7193,8,8,,,,,,,,0.3743578791618347,0.04799318313598633,0.11163656413555145,,,
7194,8,8,,,,,,,,0.5350716710090637,0.5111236572265625,0.2517094910144806,,,
7195,7,7,,,,,,,,0.27201196551322937,0.09126917272806168,0.32423287630081177,,,
7196,0,0,,,,,,,,0.528784453868866,0.529803454875946,0.5173354744911194,,,
7197,4,4,,,,,,,,0.09101451188325882,0.04682379588484764,0.10744218528270721,,,
7198,9,9,,,,,,,,0.24029190838336945,0.24986927211284637,0.15383540093898773,,,
7199,1,1,,,,,,,,0.12292249500751495,0.2700684070587158,0.08874350041151047,,,
7200,4,4,4,0.7288135593220338,0.59375,0.3161290322580645,0.9754226207733154,0.9324755668640137,0.5775882005691528,0.03366772457957268,0.12675900757312775,0.1427159160375595,0.02955605834722519,0.05432182922959328,0.14760136604309082
7201,4,4,,,,,,,,0.11465241760015488,0.10905808210372925,0.12093869596719742,,,
7202,3,5,,,,,,,,0.19665277004241943,0.03515462949872017,0.2395031601190567,,,
7203,5,5,,,,,,,,0.09907042980194092,0.05008336529135704,0.039395686239004135,,,
7204,4,4,,,,,,,,0.5653977394104004,0.5361970067024231,0.47813892364501953,,,
7205,6,6,,,,,,,,0.1519870012998581,0.6990239024162292,0.13213907182216644,,,
7206,2,2,,,,,,,,0.6036965250968933,0.35889893770217896,0.2645382285118103,,,
7207,3,3,,,,,,,,0.34812283515930176,0.3312302529811859,0.2020401954650879,,,
7208,1,1,,,,,,,,0.40020862221717834,0.2158743143081665,0.4455333948135376,,,
7209,0,0,,,,,,,,0.4695182740688324,0.6880452632904053,0.8384208083152771,,,
7210,3,3,,,,,,,,0.2391357272863388,0.2752693295478821,0.1858293116092682,,,
7211,3,3,,,,,,,,0.10084263235330582,0.4914240539073944,0.11937660723924637,,,
7212,3,3,,,,,,,,0.23866429924964905,0.2952041029930115,0.20269815623760223,,,
7213,6,6,,,,,,,,0.14546288549900055,0.16331028938293457,0.03994860127568245,,,
7214,3,5,,,,,,,,0.11754407733678818,0.11120442301034927,0.25707581639289856,,,
7215,1,1,,,,,,,,0.5798180103302002,0.356834352016449,0.5156567096710205,,,
7216,2,2,,,,,,,,0.3933270275592804,0.4316718876361847,0.843855082988739,,,
7217,8,0,,,,,,,,0.355130136013031,0.43097957968711853,0.88060462474823,,,
7218,9,0,,,,,,,,0.824985921382904,0.7936840653419495,0.9356566667556763,,,
7219,7,7,,,,,,,,0.23133999109268188,0.13505162298679352,0.2609456181526184,,,
7220,9,9,,,,,,,,0.15349645912647247,0.09244274348020554,0.09512203186750412,,,
7221,3,3,,,,,,,,0.41479241847991943,0.09179955720901489,0.31762227416038513,,,
7222,8,8,,,,,,,,0.7205305695533752,0.16172143816947937,0.32029232382774353,,,
7223,7,7,,,,,,,,0.1933291107416153,0.22571800649166107,0.10817917436361313,,,
7224,3,3,,,,,,,,0.3311820924282074,0.4139755964279175,0.07675480842590332,,,
7225,1,1,,,,,,,,0.38690900802612305,0.1642216593027115,0.2530110478401184,,,
7226,7,7,,,,,,,,0.25635528564453125,0.12843576073646545,0.21787507832050323,,,
7227,7,7,,,,,,,,0.22190995514392853,0.14319251477718353,0.04837927594780922,,,
7228,3,3,6,0.7435897435897436,0.7435897435897436,0.13966480446927373,0.8888289928436279,0.9174730777740479,0.5429529547691345,0.16390109062194824,0.08309784531593323,0.06155211478471756,0.060907673090696335,0.16639140248298645,0.08783861249685287
7229,2,2,,,,,,,,0.551798939704895,0.38821399211883545,0.3403048515319824,,,
7230,2,2,,,,,,,,0.740862250328064,0.20022447407245636,0.19245463609695435,,,
7231,8,8,8,0.9805825242718447,0.7586206896551724,0.7,0.9468730092048645,0.9371542930603027,0.7824486494064331,0.08042784035205841,0.03911367803812027,0.02455342933535576,0.03342977538704872,0.03540877625346184,0.018766304478049278
7232,9,9,,,,,,,,0.3037145137786865,0.35044237971305847,0.21791736781597137,,,
7233,5,5,,,,,,,,0.11325660347938538,0.04137235879898071,0.12802648544311523,,,
7234,9,9,,,,,,,,0.4467921853065491,0.2759685814380646,0.3040708601474762,,,
7235,2,2,,,,,,,,0.3738068640232086,0.056347332894802094,0.1626228541135788,,,
7236,1,1,,,,,,,,0.2364778071641922,0.09735290706157684,0.03175731748342514,,,
7237,7,7,,,,,,,,0.24140077829360962,0.1709899753332138,0.2518314719200134,,,
7238,4,4,,,,,,,,0.13008198142051697,0.1037331223487854,0.15922710299491882,,,
7239,4,4,,,,,,,,0.2879664897918701,0.28471148014068604,0.28246158361434937,,,
7240,0,0,,,,,,,,0.2648163437843323,0.40434062480926514,0.7345700263977051,,,
7241,5,5,,,,,,,,0.052074287086725235,0.039031580090522766,0.038334980607032776,,,
7242,7,5,,,,,,,,0.12566019594669342,0.026958147063851357,0.07682424038648605,,,
7243,1,1,,,,,,,,0.23295611143112183,0.09318192303180695,0.3607245683670044,,,
7244,5,5,5,0.5338345864661654,0.3246753246753247,0.5572519083969466,0.8939394950866699,0.8582587838172913,0.375866174697876,0.10721540451049805,0.03831220045685768,0.0716346800327301,0.07420369237661362,0.03665266931056976,0.09420730173587799
7245,4,4,4,0.7288135593220338,0.4676258992805755,0.13966480446927373,0.9876081347465515,0.7292400598526001,0.4090690314769745,0.1501004844903946,0.5710276961326599,0.22958219051361084,0.0806846171617508,0.6181980967521667,0.09093955904245377
7246,0,2,,,,,,,,0.47227761149406433,0.31438761949539185,0.3981626033782959,,,
7247,8,8,,,,,,,,0.7388951182365417,0.1300686001777649,0.02940751425921917,,,
7248,4,4,,,,,,,,0.05042019486427307,0.041504476219415665,0.05766481161117554,,,
7249,9,9,,,,,,,,0.17508146166801453,0.10710027813911438,0.025557883083820343,,,
7250,8,8,,,,,,,,0.36552694439888,0.16134892404079437,0.17511144280433655,,,
7251,7,7,,,,,,,,0.13769853115081787,0.13171949982643127,0.1422094702720642,,,
7252,8,8,,,,,,,,0.7321604490280151,0.2759270668029785,0.14862747490406036,,,
7253,4,4,,,,,,,,0.19488190114498138,0.11995385587215424,0.28453654050827026,,,
7254,2,2,,,,,,,,0.6574884653091431,0.20745795965194702,0.5241951942443848,,,
7255,3,3,0,0.2289156626506024,0.5223880597014925,0.046153846153846156,0.9030548334121704,0.8296164274215698,-0.062406767159700394,0.25639715790748596,0.41183236241340637,0.31758224964141846,0.2287333458662033,0.403766006231308,0.024288496002554893
7256,4,4,,,,,,,,0.49622252583503723,0.47976014018058777,0.4940266013145447,,,
7257,0,0,,,,,,,,0.7408573627471924,0.33757755160331726,0.7468379139900208,,,
7258,5,5,,,,,,,,0.18781778216362,0.14673157036304474,0.29711446166038513,,,
7259,4,4,,,,,,,,0.16170130670070648,0.4797852039337158,0.11530759185552597,,,
7260,1,1,,,,,,,,0.38259533047676086,0.12083364278078079,0.21682903170585632,,,
7261,8,8,,,,,,,,0.6659719347953796,0.25913411378860474,0.13248983025550842,,,
7262,2,2,,,,,,,,0.7509105205535889,0.27690935134887695,0.16029030084609985,,,
7263,5,5,,,,,,,,0.26311007142066956,0.06022195145487785,0.05807368457317352,,,
7264,4,4,,,,,,,,0.19698025286197662,0.34812089800834656,0.3747928738594055,,,
7265,5,5,3,0.4166666666666667,0.5223880597014925,0.48905109489051096,0.7992649078369141,0.8783098459243774,0.6778478026390076,0.1413610279560089,0.026676733046770096,0.046182189136743546,0.05003433674573898,0.05859608203172684,0.0006243216921575367
7266,2,2,,,,,,,,0.4383394122123718,0.2339911311864853,0.1999073624610901,,,
7267,5,5,3,0.21428571428571427,0.6062992125984252,0.3509933774834437,0.6749101877212524,0.9136706590652466,0.5893840193748474,0.14852511882781982,0.05334151163697243,0.03208528086543083,0.22094488143920898,0.010897267609834671,0.022895021364092827
7268,3,3,,,,,,,,0.40751489996910095,0.25084689259529114,0.13496826589107513,,,
7269,7,7,,,,,,,,0.35648295283317566,0.11286647617816925,0.2234090119600296,,,
7270,9,9,,,,,,,,0.3610617518424988,0.13802926242351532,0.12890765070915222,,,
7271,7,7,7,0.7,0.7,0.4166666666666667,0.9614219665527344,0.9353978633880615,0.7119356393814087,0.0804845467209816,0.029166297987103462,0.029294252395629883,0.08049530535936356,0.028234802186489105,0.1529655009508133
7272,1,1,,,,,,,,0.39283013343811035,0.2416170984506607,0.23762409389019012,,,
7273,4,4,,,,,,,,0.23875653743743896,0.2846086025238037,0.3739490509033203,,,
7274,1,1,9,0.632,0.5338345864661654,0.5813953488372093,0.9285464286804199,0.9165161848068237,0.6500656008720398,0.029397018253803253,0.08068247139453888,0.039190903306007385,0.012770199216902256,0.10922237485647202,0.013665438629686832
7275,3,3,,,,,,,,0.1376420259475708,0.31731876730918884,0.14826351404190063,,,
7276,1,1,,,,,,,,0.33676382899284363,0.39338040351867676,0.3937908113002777,,,
7277,4,4,,,,,,,,0.22182826697826385,0.060798924416303635,0.424073189496994,,,
7278,5,5,,,,,,,,0.12339448928833008,0.06595716625452042,0.060590144246816635,,,
7279,5,5,,,,,,,,0.6128485202789307,0.1757202446460724,0.4895147383213043,,,
7280,1,1,,,,,,,,0.3009491562843323,0.08600804209709167,0.27247461676597595,,,
7281,7,7,,,,,,,,0.12582634389400482,0.03765193745493889,0.04405774548649788,,,
7282,1,1,,,,,,,,0.20532254874706268,0.37580063939094543,0.49475133419036865,,,
7283,3,3,3,0.8053097345132744,0.7739130434782608,0.44680851063829785,0.9887828826904297,0.936281144618988,0.26753437519073486,0.053642917424440384,0.07238291949033737,0.18902331590652466,0.057634178549051285,0.05442124232649803,0.05377282574772835
7284,0,0,,,,,,,,0.5772324204444885,0.5824460387229919,0.5715196132659912,,,
7285,1,1,0,0.5111111111111111,0.7142857142857143,0.59375,0.706056535243988,0.9574588537216187,0.5641989707946777,0.13434359431266785,0.10864531993865967,0.027724483981728554,0.007296714466065168,0.053859639912843704,0.020447811111807823
7286,2,2,,,,,,,,0.3930603265762329,0.31990280747413635,0.5813345909118652,,,
7287,5,3,,,,,,,,0.14436975121498108,0.38416433334350586,0.05083021521568298,,,
7288,7,7,,,,,,,,0.316751629114151,0.1266108751296997,0.2363339513540268,,,
7289,0,0,,,,,,,,0.6025024652481079,0.4715462327003479,0.49516791105270386,,,
7290,6,6,,,,,,,,0.3345188796520233,0.49702921509742737,0.3907549977302551,,,
7291,3,3,,,,,,,,0.2884036898612976,0.35794395208358765,0.6228575706481934,,,
7292,5,5,,,,,,,,0.0550663024187088,0.0947873666882515,0.06363200396299362,,,
7293,7,7,,,,,,,,0.29410767555236816,0.1809467226266861,0.27112555503845215,,,
7294,5,5,,,,,,,,0.23239310085773468,0.09903600811958313,0.08332985639572144,,,
7295,5,5,,,,,,,,0.23978710174560547,0.11526448279619217,0.24801602959632874,,,
7296,8,8,,,,,,,,0.7144367098808289,0.031582124531269073,0.31728291511535645,,,
7297,9,9,,,,,,,,0.3554534316062927,0.1603447049856186,0.22282980382442474,,,
7298,4,4,,,,,,,,0.3283054828643799,0.233707457780838,0.13827185332775116,,,
7299,6,6,,,,,,,,0.35024815797805786,0.7134562730789185,0.1513044685125351,,,
7300,3,3,,,,,,,,0.39576002955436707,0.3082413077354431,0.2577855885028839,,,
7301,6,6,,,,,,,,0.28931814432144165,0.5691832900047302,0.13183683156967163,,,
7302,6,6,,,,,,,,0.23774853348731995,0.4777469038963318,0.13787998259067535,,,
7303,8,8,,,,,,,,0.1658666580915451,0.13762517273426056,0.08751101046800613,,,
7304,2,2,,,,,,,,0.8223356604576111,0.15936073660850525,0.480204701423645,,,
7305,6,6,,,,,,,,0.17483772337436676,0.5756770372390747,0.09790991991758347,,,
7306,4,4,4,0.5692307692307692,0.6190476190476191,0.3783783783783784,0.97309410572052,0.8185493350028992,0.40740349888801575,0.10805707424879074,0.4038149416446686,0.05438613146543503,0.06188593804836273,0.386747807264328,0.032751984894275665
7307,8,8,,,,,,,,0.5450512766838074,0.20723895728588104,0.17977212369441986,,,
7308,4,4,,,,,,,,0.27168023586273193,0.2061985582113266,0.5417903661727905,,,
7309,1,1,,,,,,,,0.4302715063095093,0.1917024850845337,0.3393092751502991,,,
7310,3,3,,,,,,,,0.3926469087600708,0.28752562403678894,0.24934683740139008,,,
7311,1,9,,,,,,,,0.08734596520662308,0.13919366896152496,0.05910926312208176,,,
7312,2,2,2,0.8378378378378378,0.5572519083969466,0.45714285714285713,0.9882485866546631,0.9051342606544495,0.5231575965881348,0.30873027443885803,0.27346959710121155,0.25454768538475037,0.24097760021686554,0.24151621758937836,0.19006672501564026
7313,3,3,,,,,,,,0.18082104623317719,0.46765613555908203,0.1785302758216858,,,
7314,3,3,2,0.7142857142857143,0.6585365853658537,0.3783783783783784,0.9665163159370422,0.8987020254135132,0.45030921697616577,0.09766538441181183,0.1949002891778946,0.15305763483047485,0.10867352038621902,0.19191132485866547,0.053798142820596695
7315,0,0,,,,,,,,0.2611578404903412,0.3974764347076416,0.6834617257118225,,,
7316,1,1,,,,,,,,0.26086899638175964,0.3337213397026062,0.3737446665763855,,,
7317,6,6,6,0.5572519083969466,0.4676258992805755,0.20710059171597633,0.9482818245887756,0.8113452196121216,0.5606496334075928,0.25049343705177307,0.33023801445961,0.03226984292268753,0.12205957621335983,0.4565841853618622,0.11381217837333679
7318,4,4,,,,,,,,0.02973700314760208,0.20761846005916595,0.20652160048484802,,,
7319,2,2,,,,,,,,0.3933457136154175,0.44150084257125854,0.2627122104167938,,,
7320,8,8,,,,,,,,0.12250538915395737,0.04277335852384567,0.0442950502038002,,,
7321,2,2,2,0.6859504132231405,0.6190476190476191,0.3783783783783784,0.9662390947341919,0.8705544471740723,0.6082359552383423,0.5882842540740967,0.503541111946106,0.04347966983914375,0.5577888488769531,0.40731194615364075,0.15895074605941772
7322,4,4,,,,,,,,0.330395370721817,0.11841017007827759,0.2859855890274048,,,
7323,3,3,,,,,,,,0.41608601808547974,0.3675694763660431,0.26259464025497437,,,
7324,1,1,,,,,,,,0.09762480109930038,0.20182618498802185,0.1278500258922577,,,
7325,4,4,,,,,,,,0.1421591341495514,0.275248646736145,0.33192357420921326,,,
7326,4,4,,,,,,,,0.4102116823196411,0.3734067976474762,0.37680888175964355,,,
7327,4,4,,,,,,,,0.23951825499534607,0.31738045811653137,0.1776660680770874,,,
7328,4,4,,,,,,,,0.18703891336917877,0.25688812136650085,0.18935005366802216,,,
7329,1,1,0,0.7894736842105263,0.7288135593220338,0.25153374233128833,0.9093649387359619,0.9451703429222107,0.680463433265686,0.04285244271159172,0.03956044837832451,0.029487354680895805,0.03293333202600479,0.03885367140173912,0.005365211982280016
7330,5,5,,,,,,,,0.19446738064289093,0.0887298583984375,0.06816872209310532,,,
7331,5,5,,,,,,,,0.41095614433288574,0.10666860640048981,0.4052101969718933,,,
7332,7,7,,,,,,,,0.13435162603855133,0.05076994374394417,0.14971254765987396,,,
7333,6,6,,,,,,,,0.11431112885475159,0.2992832660675049,0.18918578326702118,,,
7334,5,5,,,,,,,,0.17036670446395874,0.09010742604732513,0.11828134208917618,,,
7335,4,4,,,,,,,,0.1546688973903656,0.16606369614601135,0.09505912661552429,,,
7336,5,5,,,,,,,,0.39772912859916687,0.06373843550682068,0.2780147194862366,,,
7337,6,6,,,,,,,,0.2937583029270172,0.33505281805992126,0.08203363418579102,,,
7338,5,5,,,,,,,,0.34421178698539734,0.13536299765110016,0.08067215979099274,,,
7339,6,6,,,,,,,,0.17241519689559937,0.6010773181915283,0.11668159067630768,,,
7340,2,2,,,,,,,,0.3361726403236389,0.3898724317550659,0.11203105002641678,,,
7341,4,5,,,,,,,,0.10054183751344681,0.0787201002240181,0.022922534495592117,,,
7342,7,7,,,,,,,,0.19087257981300354,0.27387258410453796,0.21070653200149536,,,
7343,7,2,,,,,,,,0.5923838019371033,0.2580287456512451,0.5950027108192444,,,
7344,4,4,,,,,,,,0.11232253909111023,0.07143561542034149,0.13937295973300934,,,
7345,6,6,,,,,,,,0.23610873520374298,0.42766308784484863,0.10621649026870728,,,
7346,5,5,,,,,,,,0.29898402094841003,0.03309299424290657,0.10931496322154999,,,
7347,0,0,,,,,,,,0.19985628128051758,0.6126854419708252,0.5789607763290405,,,
7348,2,2,,,,,,,,0.6638481020927429,0.05363219231367111,0.24348944425582886,,,
7349,3,3,,,,,,,,0.3960288166999817,0.45690685510635376,0.2448929250240326,,,
7350,9,9,,,,,,,,0.5094577074050903,0.2103593349456787,0.1767718642950058,,,
7351,2,2,,,,,,,,0.8219108581542969,0.10217560827732086,0.21553924679756165,,,
7352,3,3,,,,,,,,0.4106074869632721,0.39101332426071167,0.3147736191749573,,,
7353,8,8,,,,,,,,0.5705075263977051,0.08970136940479279,0.2254420667886734,,,
7354,0,0,,,,,,,,0.5143672227859497,0.2379600703716278,0.8293315768241882,,,
7355,7,7,,,,,,,,0.33194470405578613,0.3143511712551117,0.3000076115131378,,,
7356,0,0,2,0.6190476190476191,0.5454545454545454,0.13333333333333333,0.9532484412193298,0.8455606698989868,0.16670623421669006,0.1642926186323166,0.1503281146287918,0.6026455163955688,0.29461780190467834,0.16847428679466248,0.4338128864765167
7357,6,6,,,,,,,,0.2374071478843689,0.42909136414527893,0.20528189837932587,,,
7358,8,8,,,,,,,,0.4692610800266266,0.05869064852595329,0.10908922553062439,,,
7359,1,1,,,,,,,,0.34740757942199707,0.5717905163764954,0.6122103333473206,,,
7360,2,2,,,,,,,,0.6583337187767029,0.09514002501964569,0.06310418248176575,,,
7361,8,8,,,,,,,,0.3073648512363434,0.08117356151342392,0.16494120657444,,,
7362,9,9,,,,,,,,0.36243706941604614,0.2754685580730438,0.49912217259407043,,,
7363,1,1,,,,,,,,0.43261706829071045,0.17726339399814606,0.18967455625534058,,,
7364,5,5,,,,,,,,0.4235944151878357,0.26361918449401855,0.11793644726276398,,,
7365,4,4,,,,,,,,0.35098275542259216,0.26008349657058716,0.28087788820266724,,,
7366,2,2,,,,,,,,0.6069105863571167,0.11304081976413727,0.44221118092536926,,,
7367,3,3,5,0.25925925925925924,0.5,0.4068965517241379,0.7335928678512573,0.8680642247200012,0.6685951948165894,0.2637259066104889,0.3528277277946472,0.1387905478477478,0.22962063550949097,0.1862134486436844,0.06731916218996048
7368,5,5,,,,,,,,0.3457655906677246,0.09599488228559494,0.2511523962020874,,,
7369,5,5,,,,,,,,0.2574291229248047,0.06857457011938095,0.0958012118935585,,,
7370,3,3,,,,,,,,0.03937492147088051,0.41785505414009094,0.02688070759177208,,,
7371,6,6,,,,,,,,0.11994471400976181,0.4662681519985199,0.1875537931919098,,,
7372,5,5,,,,,,,,0.2969054579734802,0.09634961932897568,0.15697146952152252,,,
7373,0,0,,,,,,,,0.6607141494750977,0.5486022233963013,0.6993532776832581,,,
7374,3,3,,,,,,,,0.2735224962234497,0.24268394708633423,0.3779604434967041,,,
7375,2,2,2,0.7586206896551724,0.6721311475409836,0.6585365853658537,0.9931711554527283,0.9740086793899536,0.7657552361488342,0.09091515094041824,0.11507104337215424,0.3183300197124481,0.07746923714876175,0.11484820395708084,0.19717884063720703
7376,1,1,,,,,,,,0.5546871423721313,0.2583604156970978,0.2699865996837616,,,
7377,3,3,,,,,,,,0.3012744188308716,0.4169260859489441,0.3858923017978668,,,
7378,3,3,3,0.8888888888888888,0.8545454545454545,0.030303030303030304,0.9960526823997498,0.9882787466049194,-0.08984307944774628,0.10877484083175659,0.3051159381866455,0.24606415629386902,0.09320216625928879,0.40617644786834717,0.22358375787734985
7379,7,7,,,,,,,,0.4693380296230316,0.18127034604549408,0.11814308166503906,,,
7380,7,7,,,,,,,,0.31682565808296204,0.29017916321754456,0.17484991252422333,,,
7381,4,4,,,,,,,,0.25585371255874634,0.35685598850250244,0.34153231978416443,,,
7382,9,9,,,,,,,,0.26256003975868225,0.179053395986557,0.026561828330159187,,,
7383,4,4,,,,,,,,0.07528027892112732,0.3160906434059143,0.13131697475910187,,,
7384,3,3,3,0.44680851063829785,0.5338345864661654,0.3783783783783784,0.9369769096374512,0.8837988376617432,0.558182418346405,0.1359608769416809,0.2978780269622803,0.07581637054681778,0.06615462899208069,0.22201116383075714,0.03172803297638893
7385,9,9,,,,,,,,0.3136005699634552,0.20247487723827362,0.3262929320335388,,,
7386,5,5,3,0.44680851063829785,0.3877551020408163,0.632,0.9164711236953735,0.8205143809318542,0.7171372175216675,0.18249523639678955,0.037965208292007446,0.04447850212454796,0.16305696964263916,0.019902009516954422,0.013501050882041454
7387,1,1,,,,,,,,0.0793013796210289,0.16103899478912354,0.06616532802581787,,,
7388,7,7,,,,,,,,0.26660409569740295,0.22400060296058655,0.206919327378273,,,
7389,6,6,,,,,,,,0.05376696214079857,0.4585031270980835,0.08367345482110977,,,
7390,6,6,,,,,,,,0.3012753427028656,0.6241768002510071,0.3530237078666687,,,
7391,4,4,,,,,,,,0.11260292679071426,0.5486679673194885,0.33017462491989136,,,
7392,8,8,,,,,,,,0.4440248906612396,0.03376351669430733,0.23637810349464417,,,
7393,5,5,,,,,,,,0.19038471579551697,0.07004495710134506,0.11599737405776978,,,
7394,1,1,,,,,,,,0.05352386459708214,0.02909259684383869,0.1220795065164566,,,
7395,2,3,,,,,,,,0.4828275144100189,0.5550347566604614,0.2005281150341034,,,
7396,8,8,,,,,,,,0.35772719979286194,0.15363571047782898,0.08649896830320358,,,
7397,4,6,,,,,,,,0.03559190779924393,0.4908681809902191,0.022738344967365265,,,
7398,5,2,,,,,,,,0.6776209473609924,0.12676557898521423,0.18174681067466736,,,
7399,3,3,5,0.3783783783783784,0.5,0.5111111111111111,0.6942942142486572,0.9067888259887695,0.5057097673416138,0.49354586005210876,0.525339663028717,0.17955300211906433,0.34211090207099915,0.5627576112747192,0.1963168978691101
7400,3,5,,,,,,,,0.06413039565086365,0.06494317203760147,0.08664801716804504,,,
7401,3,3,,,,,,,,0.33908799290657043,0.5184926986694336,0.38101720809936523,,,
7402,0,0,,,,,,,,0.583844780921936,0.4997139275074005,0.45943254232406616,,,
7403,4,4,,,,,,,,0.11945761740207672,0.10205649584531784,0.07773075997829437,,,
7404,8,8,,,,,,,,0.37482988834381104,0.3244110643863678,0.19167345762252808,,,
7405,7,7,,,,,,,,0.3531399071216583,0.15705245733261108,0.3094991147518158,,,
7406,7,7,,,,,,,,0.1646265685558319,0.06334041059017181,0.0370463952422142,,,
7407,9,9,,,,,,,,0.23364992439746857,0.17243915796279907,0.10667416453361511,,,
7408,4,3,,,,,,,,0.5225314497947693,0.3745180666446686,0.1046142652630806,,,
7409,8,8,,,,,,,,0.4119603633880615,0.4264070689678192,0.21068671345710754,,,
7410,4,4,4,0.632,0.4782608695652174,0.44680851063829785,0.9738587737083435,0.8328560590744019,0.5214621424674988,0.04865620657801628,0.10966809093952179,0.24052318930625916,0.06722298264503479,0.08665992319583893,0.18800421059131622
7411,5,3,,,,,,,,0.03570682927966118,0.22411102056503296,0.031876660883426666,,,
7412,9,9,,,,,,,,0.3569144010543823,0.058447618037462234,0.11674272269010544,,,
7413,1,1,,,,,,,,0.09014780819416046,0.2423115223646164,0.13890871405601501,,,
7414,8,8,0,0.5223880597014925,0.4782608695652174,0.14606741573033707,0.974524736404419,0.8807917833328247,0.5341851711273193,0.08076697587966919,0.04358215257525444,0.029520759359002113,0.08607520163059235,0.01576068252325058,0.12495660781860352
7415,3,3,,,,,,,,0.10796726495027542,0.1187848299741745,0.09129093587398529,,,
7416,1,1,,,,,,,,0.06826329231262207,0.1219865158200264,0.08036994189023972,,,
7417,3,3,,,,,,,,0.38399749994277954,0.26244208216667175,0.296191543340683,,,
7418,8,8,,,,,,,,0.6912121176719666,0.07167532294988632,0.1300106793642044,,,
7419,0,0,,,,,,,,0.20943403244018555,0.20075291395187378,0.8443500995635986,,,
7420,3,3,3,0.9065420560747663,0.6451612903225806,0.45714285714285713,0.9966312646865845,0.9286029934883118,0.41832274198532104,0.06750201433897018,0.44980505108833313,0.20464056730270386,0.0954379141330719,0.2764676511287689,0.10253290086984634
7421,5,5,,,,,,,,0.10684466361999512,0.06282259523868561,0.12237238883972168,,,
7422,4,4,,,,,,,,0.13388606905937195,0.23422306776046753,0.02722603641450405,,,
7423,6,6,,,,,,,,0.09006212651729584,0.6512550711631775,0.09096960723400116,,,
7424,9,9,,,,,,,,0.30351221561431885,0.21277466416358948,0.17535780370235443,,,
7425,2,2,,,,,,,,0.7345113754272461,0.1868535280227661,0.33201318979263306,,,
7426,7,7,,,,,,,,0.28740429878234863,0.32391810417175293,0.3631007671356201,,,
7427,2,2,,,,,,,,0.6697434186935425,0.08453616499900818,0.6775817275047302,,,
7428,0,0,,,,,,,,0.5872947573661804,0.4110812842845917,0.8584111928939819,,,
7429,5,5,5,0.7,0.6859504132231405,0.6190476190476191,0.9913719296455383,0.941243052482605,0.5586838722229004,0.18249832093715668,0.08320368826389313,0.16437456011772156,0.17844027280807495,0.10530122369527817,0.033410828560590744
7430,2,2,2,0.9065420560747663,0.5338345864661654,0.3333333333333333,0.9675546884536743,0.9055880308151245,0.7156739234924316,0.6887493133544922,0.21758228540420532,0.2219536304473877,0.6171330213546753,0.17414480447769165,0.19490541517734528
7431,9,9,,,,,,,,0.0935729369521141,0.08385773748159409,0.1599513441324234,,,
7432,7,7,,,,,,,,0.39513540267944336,0.28882139921188354,0.17224568128585815,,,
7433,5,5,,,,,,,,0.3229879140853882,0.1104012206196785,0.38661664724349976,,,
7434,0,0,,,,,,,,0.3144891560077667,0.5007264018058777,0.8940209150314331,,,
7435,7,7,,,,,,,,0.2053157091140747,0.1126122772693634,0.1476002186536789,,,
7436,0,0,0,0.4676258992805755,0.5338345864661654,0.2670807453416149,0.547682523727417,0.8436360359191895,0.4743674099445343,0.2194591760635376,0.781649649143219,0.8694581389427185,0.23356811702251434,0.6196931600570679,0.9094091653823853
7437,3,3,,,,,,,,0.5144098997116089,0.19688020646572113,0.18597954511642456,,,
7438,5,5,,,,,,,,0.10699539631605148,0.03189494088292122,0.1601179987192154,,,
7439,5,3,,,,,,,,0.22095054388046265,0.5042511224746704,0.07389412820339203,,,
7440,3,3,,,,,,,,0.1363399773836136,0.20736932754516602,0.1558728814125061,,,
7441,8,8,,,,,,,,0.7976582646369934,0.20992989838123322,0.39253586530685425,,,
7442,7,7,,,,,,,,0.1876404583454132,0.05104847997426987,0.08599819988012314,,,
7443,7,7,,,,,,,,0.0742199569940567,0.04500684142112732,0.10504640638828278,,,
7444,9,9,,,,,,,,0.19612205028533936,0.5147082209587097,0.04808857664465904,,,
7445,6,6,,,,,,,,0.13420207798480988,0.2742224335670471,0.18986736238002777,,,
7446,5,5,,,,,,,,0.11023220419883728,0.06141809746623039,0.06241154298186302,,,
7447,8,8,,,,,,,,0.6116749048233032,0.11749476939439774,0.17082884907722473,,,
7448,9,9,,,,,,,,0.2900104820728302,0.5228294134140015,0.3176683485507965,,,
7449,0,0,,,,,,,,0.5799874067306519,0.1350058615207672,0.16059233248233795,,,
7450,1,1,,,,,,,,0.4722146689891815,0.4159931540489197,0.21390478312969208,,,
7451,9,1,,,,,,,,0.02030450664460659,0.09073559194803238,0.01780196651816368,,,
7452,4,4,,,,,,,,0.2981266975402832,0.14144134521484375,0.12166456133127213,,,
7453,0,0,,,,,,,,0.5378862023353577,0.5363369584083557,0.8381806015968323,,,
7454,0,0,,,,,,,,0.5703727602958679,0.6628807187080383,0.7249623537063599,,,
7455,1,1,,,,,,,,0.2293778508901596,0.12213089317083359,0.11283402889966965,,,
7456,7,7,,,,,,,,0.09324882924556732,0.14777666330337524,0.04632096365094185,,,
7457,2,2,,,,,,,,0.3342861831188202,0.12717683613300323,0.3131786584854126,,,
7458,2,2,,,,,,,,0.5584995150566101,0.23112472891807556,0.27699774503707886,,,
7459,8,8,,,,,,,,0.6794521808624268,0.042075157165527344,0.19502699375152588,,,
7460,5,5,,,,,,,,0.06287133693695068,0.05715204402804375,0.09063628315925598,,,
7461,9,9,,,,,,,,0.16558659076690674,0.027089638635516167,0.2310982048511505,,,
7462,8,8,,,,,,,,0.47592881321907043,0.11410772055387497,0.12398332357406616,,,
7463,2,2,,,,,,,,0.40301513671875,0.1838192343711853,0.6625024080276489,,,
7464,8,8,,,,,,,,0.43541061878204346,0.0491231232881546,0.24390652775764465,,,
7465,0,0,,,,,,,,0.43020522594451904,0.3582559823989868,0.5866512060165405,,,
7466,6,6,,,,,,,,0.31386780738830566,0.7464073300361633,0.10678117722272873,,,
7467,6,6,,,,,,,,0.5117268562316895,0.7210909128189087,0.1263628602027893,,,
7468,8,8,,,,,,,,0.4379332661628723,0.2682042419910431,0.21380473673343658,,,
7469,6,6,,,,,,,,0.18167731165885925,0.46867769956588745,0.26376694440841675,,,
7470,9,9,,,,,,,,0.14974984526634216,0.15212446451187134,0.21790432929992676,,,
7471,6,5,,,,,,,,0.12044285237789154,0.03054574690759182,0.04266918823122978,,,
7472,1,1,,,,,,,,0.32129138708114624,0.04576234519481659,0.1118667870759964,,,
7473,1,1,,,,,,,,0.324963241815567,0.12191953510046005,0.2105943262577057,,,
7474,5,5,,,,,,,,0.10762347280979156,0.034714777022600174,0.062491197139024734,,,
7475,3,3,,,,,,,,0.34004437923431396,0.4860745966434479,0.3518355190753937,,,
7476,5,5,,,,,,,,0.29708629846572876,0.12750916182994843,0.05745873227715492,,,
7477,0,0,,,,,,,,0.5875672698020935,0.42370983958244324,0.6950569152832031,,,
7478,7,7,,,,,,,,0.5737926959991455,0.14176782965660095,0.2611624598503113,,,
7479,6,6,,,,,,,,0.16254442930221558,0.6997873783111572,0.2338222712278366,,,
7480,1,1,,,,,,,,0.2756655812263489,0.16742919385433197,0.154117614030838,,,
7481,4,4,,,,,,,,0.1335429847240448,0.2829994559288025,0.13185669481754303,,,
7482,4,4,,,,,,,,0.10602753609418869,0.09651092439889908,0.22254690527915955,,,
7483,1,1,,,,,,,,0.42159706354141235,0.26195961236953735,0.6815835237503052,,,
7484,1,1,,,,,,,,0.48200640082359314,0.2674958109855652,0.3528454303741455,,,
7485,8,8,,,,,,,,0.7085704803466797,0.10728611052036285,0.03771540895104408,,,
7486,1,1,,,,,,,,0.2439219206571579,0.2439269870519638,0.08372670412063599,,,
7487,1,1,,,,,,,,0.5083088278770447,0.29036661982536316,0.24833442270755768,,,
7488,2,2,,,,,,,,0.27452799677848816,0.20832011103630066,0.31960785388946533,,,
7489,3,2,,,,,,,,0.5012964010238647,0.04671617969870567,0.3295067548751831,,,
7490,4,4,,,,,,,,0.1585289090871811,0.27458491921424866,0.1974499672651291,,,
7491,9,9,,,,,,,,0.03475092351436615,0.06800063699483871,0.13518454134464264,,,
7492,9,9,,,,,,,,0.07876704633235931,0.4356594383716583,0.3647003769874573,,,
7493,5,3,,,,,,,,0.2397747039794922,0.4439989924430847,0.22192630171775818,,,
7494,2,2,,,,,,,,0.5730922818183899,0.4648585915565491,0.9150617718696594,,,
7495,7,7,,,,,,,,0.1494283676147461,0.05157027021050453,0.030722469091415405,,,
7496,3,4,,,,,,,,0.3442257046699524,0.08038076013326645,0.15259447693824768,,,
7497,3,3,5,0.4676258992805755,0.4782608695652174,0.3161290322580645,0.8350939750671387,0.8778576254844666,0.5348556041717529,0.07121998816728592,0.1543084979057312,0.06735587120056152,0.11977480351924896,0.20544180274009705,0.007788369897753
7498,6,6,,,,,,,,0.21836422383785248,0.5006825923919678,0.10958076268434525,,,
7499,9,9,,,,,,,,0.036742255091667175,0.14477677643299103,0.18883557617664337,,,
7500,6,6,,,,,,,,0.30753496289253235,0.4806772768497467,0.13726627826690674,,,
7501,9,9,,,,,,,,0.31721535325050354,0.18675582110881805,0.2400543987751007,,,
7502,8,8,,,,,,,,0.16705456376075745,0.10574255883693695,0.08538081496953964,,,
7503,8,8,8,0.7435897435897436,0.6451612903225806,0.5692307692307692,0.9394447803497314,0.87571120262146,0.7404863238334656,0.351087749004364,0.033597346395254135,0.025492025539278984,0.24071241915225983,0.033809300512075424,0.02570851892232895
7504,6,6,,,,,,,,0.06003008037805557,0.343057245016098,0.11132827401161194,,,
7505,7,7,,,,,,,,0.2567359209060669,0.09029105305671692,0.2753303647041321,,,
7506,4,4,,,,,,,,0.1826784461736679,0.2624584138393402,0.26695019006729126,,,
7507,7,7,,,,,,,,0.11881407350301743,0.0964898094534874,0.163117915391922,,,
7508,2,2,,,,,,,,0.6358159780502319,0.22588667273521423,0.6783788204193115,,,
7509,3,3,3,0.6859504132231405,0.6585365853658537,0.3972602739726027,0.976404070854187,0.9513158798217773,0.543157696723938,0.11342162638902664,0.5611197352409363,0.07329750061035156,0.111373171210289,0.36964917182922363,0.05277857556939125
7510,8,8,,,,,,,,0.1360388845205307,0.08933425694704056,0.21808533370494843,,,
7511,0,2,,,,,,,,0.4864893853664398,0.34372371435165405,0.254617303609848,,,
7512,9,9,,,,,,,,0.30630403757095337,0.20586809515953064,0.32323339581489563,,,
7513,0,9,,,,,,,,0.042868342250585556,0.03422582149505615,0.024004917591810226,,,
7514,7,7,,,,,,,,0.4310136139392853,0.22366397082805634,0.38875114917755127,,,
7515,8,8,,,,,,,,0.3421097695827484,0.15599222481250763,0.39322203397750854,,,
7516,1,1,,,,,,,,0.6590977311134338,0.15396806597709656,0.5595226883888245,,,
7517,2,2,3,0.1781609195402299,0.5223880597014925,0.13333333333333333,0.7893592119216919,0.9034420847892761,0.634308934211731,0.25900644063949585,0.17459405958652496,0.3827871084213257,0.3553355932235718,0.17525361478328705,0.021407797932624817
7518,3,3,,,,,,,,0.17832359671592712,0.22016555070877075,0.202244371175766,,,
7519,2,2,2,0.4782608695652174,0.4068965517241379,0.07936507936507936,0.9211052656173706,0.7673425674438477,0.46446719765663147,0.3431488573551178,0.2193082869052887,0.3263992667198181,0.4413236677646637,0.19144602119922638,0.07889842987060547
7520,4,4,2,0.5338345864661654,0.34210526315789475,0.632,0.8398072123527527,0.7307817935943604,0.6881680488586426,0.22631871700286865,0.13067542016506195,0.1695168912410736,0.06684739887714386,0.23209768533706665,0.03357129544019699
7521,2,2,,,,,,,,0.7641412019729614,0.2114737331867218,0.20485925674438477,,,
7522,9,9,,,,,,,,0.3496323525905609,0.14654920995235443,0.5050169825553894,,,
7523,0,0,,,,,,,,0.7940869331359863,0.6486541032791138,0.7906802892684937,,,
7524,3,8,,,,,,,,0.020283201709389687,0.05851481854915619,0.027034595608711243,,,
7525,8,8,,,,,,,,0.3963219225406647,0.41072583198547363,0.11777084320783615,,,
7526,9,9,,,,,,,,0.04902385547757149,0.13372507691383362,0.09518402814865112,,,
7527,6,6,,,,,,,,0.13048982620239258,0.42125824093818665,0.10206325352191925,,,
7528,5,5,,,,,,,,0.6078049540519714,0.1636955440044403,0.502368152141571,,,
7529,5,5,,,,,,,,0.18207882344722748,0.09140699356794357,0.23567983508110046,,,
7530,2,2,,,,,,,,0.28542837500572205,0.18057574331760406,0.1863320767879486,,,
7531,4,4,3,0.4782608695652174,0.4782608695652174,0.6585365853658537,0.8356270790100098,0.8271918296813965,0.4759432077407837,0.18478773534297943,0.08563845604658127,0.08138914406299591,0.07897505909204483,0.07797037065029144,0.029017087072134018
7532,1,1,,,,,,,,0.41116246581077576,0.22766631841659546,0.39702850580215454,,,
7533,0,0,,,,,,,,0.4349276125431061,0.5196731686592102,0.9200546741485596,,,
7534,6,6,,,,,,,,0.32176434993743896,0.3213467001914978,0.1338944286108017,,,
7535,1,1,,,,,,,,0.3709084093570709,0.07966139167547226,0.2084164321422577,,,
7536,8,8,,,,,,,,0.3881775438785553,0.03616129606962204,0.08853240311145782,,,
7537,4,4,4,0.7,0.44680851063829785,0.14606741573033707,0.9463061094284058,0.8097953796386719,0.22633200883865356,0.0977010428905487,0.27520057559013367,0.18320432305335999,0.08610964566469193,0.19340190291404724,0.216363325715065
7538,5,5,,,,,,,,0.6679065823554993,0.10632659494876862,0.08171168714761734,,,
7539,5,5,,,,,,,,0.10274790227413177,0.04555026814341545,0.044856250286102295,,,
7540,5,5,,,,,,,,0.5500110983848572,0.08248361200094223,0.2318388819694519,,,
7541,0,0,,,,,,,,0.2267356663942337,0.30930453538894653,0.5626055598258972,,,
7542,8,8,,,,,,,,0.35171279311180115,0.0753026083111763,0.09577522426843643,,,
7543,9,9,,,,,,,,0.38796988129615784,0.46010658144950867,0.415489137172699,,,
7544,0,0,,,,,,,,0.5299577713012695,0.6211162209510803,0.7381460666656494,,,
7545,5,3,,,,,,,,0.19148346781730652,0.07086300104856491,0.04004216194152832,,,
7546,7,7,,,,,,,,0.07996966689825058,0.24750056862831116,0.25728175044059753,,,
7547,9,9,,,,,,,,0.26575055718421936,0.17341241240501404,0.2048475444316864,,,
7548,6,6,,,,,,,,0.22595401108264923,0.437305748462677,0.09724841266870499,,,
7549,3,3,3,0.5813953488372093,0.6190476190476191,0.24390243902439024,0.9236810207366943,0.7606426477432251,0.5803428888320923,0.2101021409034729,0.33644136786460876,0.05968863144516945,0.25748756527900696,0.1924760937690735,0.02189091593027115
7550,4,4,,,,,,,,0.18192730844020844,0.28234192728996277,0.23370209336280823,,,
7551,6,6,,,,,,,,0.17283566296100616,0.26562368869781494,0.16383497416973114,,,
7552,4,4,,,,,,,,0.1402023583650589,0.23753203451633453,0.10190634429454803,,,
7553,9,9,,,,,,,,0.11329148709774017,0.08447112888097763,0.1040385290980339,,,
7554,7,4,,,,,,,,0.2753298878669739,0.27177122235298157,0.2792840898036957,,,
7555,1,1,,,,,,,,0.42811310291290283,0.27638763189315796,0.4743568003177643,,,
7556,2,2,0,0.5454545454545454,0.5813953488372093,0.7435897435897436,0.955620527267456,0.8847618699073792,0.6741355657577515,0.6311593651771545,0.038713596761226654,0.23807036876678467,0.49768251180648804,0.04498419165611267,0.08535527437925339
7557,5,5,2,0.17142857142857143,0.4068965517241379,0.20710059171597633,0.7874864339828491,0.7890777587890625,0.4436078667640686,0.1232721358537674,0.04120635241270065,0.03115861304104328,0.037936460226774216,0.10988353192806244,0.007262239698320627
7558,2,2,,,,,,,,0.5040735006332397,0.10504221171140671,0.12190239131450653,,,
7559,8,1,,,,,,,,0.23527447879314423,0.2891133725643158,0.17354804277420044,,,
7560,0,0,,,,,,,,0.29824021458625793,0.3810504376888275,0.7161324620246887,,,
7561,2,8,,,,,,,,0.018303241580724716,0.023425176739692688,0.05447688698768616,,,
7562,2,3,,,,,,,,0.23361068964004517,0.11056309938430786,0.027463817968964577,,,
7563,9,9,,,,,,,,0.29408419132232666,0.3744216561317444,0.19114865362644196,,,
7564,8,8,,,,,,,,0.6435808539390564,0.37205490469932556,0.14349547028541565,,,
7565,1,1,,,,,,,,0.4368021488189697,0.1987912654876709,0.22687596082687378,,,
7566,9,9,,,,,,,,0.13343432545661926,0.15927188098430634,0.10900173336267471,,,
7567,7,7,,,,,,,,0.30048221349716187,0.24245719611644745,0.10659360140562057,,,
7568,7,7,,,,,,,,0.12869912385940552,0.11335387080907822,0.11070574074983597,,,
7569,3,3,,,,,,,,0.1823694407939911,0.40316063165664673,0.2150222510099411,,,
7570,1,1,,,,,,,,0.43189287185668945,0.09284044057130814,0.18454109132289886,,,
7571,4,4,4,0.8214285714285714,0.8888888888888888,0.29936305732484075,0.997775673866272,0.9839006662368774,0.7119698524475098,0.05509898066520691,0.12122321873903275,0.08221506327390671,0.036300163716077805,0.08910098671913147,0.048319634050130844
7572,1,1,,,,,,,,0.1133829653263092,0.1605754941701889,0.15771619975566864,,,
7573,1,1,0,0.6190476190476191,0.5813953488372093,0.10869565217391304,0.9579583406448364,0.9048181772232056,0.24610352516174316,0.014626100659370422,0.0569600872695446,0.03326140344142914,0.0006087926449254155,0.002440870041027665,0.04138658940792084
7574,3,3,,,,,,,,0.1462797075510025,0.42889001965522766,0.14360055327415466,,,
7575,8,8,,,,,,,,0.576334536075592,0.3402348756790161,0.25449666380882263,,,
7576,8,8,,,,,,,,0.7078453302383423,0.3782351315021515,0.3439561724662781,,,
7577,1,1,,,,,,,,0.32584041357040405,0.3637055456638336,0.2803457975387573,,,
7578,9,9,,,,,,,,0.2038361132144928,0.05720680579543114,0.17770235240459442,,,
7579,3,3,,,,,,,,0.27187633514404297,0.4362737834453583,0.287116676568985,,,
7580,8,8,,,,,,,,0.5559053421020508,0.2659122943878174,0.12991756200790405,,,
7581,9,9,,,,,,,,0.353588730096817,0.12805752456188202,0.13306766748428345,,,
7582,5,5,,,,,,,,0.036733776330947876,0.031171223148703575,0.09236151725053787,,,
7583,1,1,,,,,,,,0.263741672039032,0.02884301356971264,0.2737020254135132,,,
7584,1,1,,,,,,,,0.6229590773582458,0.20508062839508057,0.4580819308757782,,,
7585,6,6,,,,,,,,0.4528326690196991,0.6401070952415466,0.1691867709159851,,,
7586,2,2,,,,,,,,0.32091718912124634,0.2604864835739136,0.2289397418498993,,,
7587,7,7,,,,,,,,0.08657430857419968,0.09235885739326477,0.07576042413711548,,,
7588,2,2,,,,,,,,0.1372026652097702,0.04475775361061096,0.21393737196922302,,,
7589,6,6,5,0.5813953488372093,0.6062992125984252,0.3246753246753247,0.7776585817337036,0.8916612863540649,0.6086746454238892,0.4674299955368042,0.535206139087677,0.18757659196853638,0.34721219539642334,0.6127351522445679,0.12547169625759125
7590,2,4,,,,,,,,0.3906717300415039,0.6004683375358582,0.1276492178440094,,,
7591,6,6,,,,,,,,0.23486965894699097,0.29379522800445557,0.3461192846298218,,,
7592,9,9,,,,,,,,0.5228224396705627,0.4523416757583618,0.38581812381744385,,,
7593,6,6,,,,,,,,0.10713719576597214,0.41501328349113464,0.23865170776844025,,,
7594,0,0,,,,,,,,0.5551935434341431,0.6012040376663208,0.7722429633140564,,,
7595,1,1,,,,,,,,0.32872921228408813,0.285256028175354,0.3764389753341675,,,
7596,3,3,,,,,,,,0.3626682758331299,0.3490644693374634,0.22789707779884338,,,
7597,9,9,,,,,,,,0.24178503453731537,0.22989095747470856,0.30066242814064026,,,
7598,3,3,,,,,,,,0.2056673914194107,0.16484342515468597,0.07044591754674911,,,
7599,8,8,,,,,,,,0.49793651700019836,0.17769967019557953,0.09728171676397324,,,
7600,8,8,9,0.7586206896551724,0.48905109489051096,0.6451612903225806,0.9502592086791992,0.8380882740020752,0.6585018038749695,0.2631569802761078,0.02029789611697197,0.036415450274944305,0.07691524922847748,0.008090661838650703,0.01498072873800993
7601,8,8,,,,,,,,0.19750812649726868,0.04022059962153435,0.07752083986997604,,,
7602,2,2,,,,,,,,0.7004419565200806,0.5056601166725159,0.6260523200035095,,,
7603,9,9,,,,,,,,0.1873157024383545,0.2037712037563324,0.14942583441734314,,,
7604,1,1,,,,,,,,0.29908108711242676,0.19226673245429993,0.35040682554244995,,,
7605,2,4,,,,,,,,0.18133993446826935,0.04831768944859505,0.0957283079624176,,,
7606,6,6,,,,,,,,0.20346683263778687,0.7642031311988831,0.3129774332046509,,,
7607,0,0,,,,,,,,0.5530084371566772,0.6294583678245544,0.34820690751075745,,,
7608,5,5,,,,,,,,0.2459661066532135,0.23378707468509674,0.11893732100725174,,,
7609,0,1,,,,,,,,0.024795355275273323,0.07024788856506348,0.06793957948684692,,,
7610,7,7,,,,,,,,0.3017135262489319,0.044569939374923706,0.2002505511045456,,,
7611,7,4,,,,,,,,0.15937042236328125,0.47510188817977905,0.1411462128162384,,,
7612,7,7,,,,,,,,0.10559844970703125,0.1388011872768402,0.3023180365562439,,,
7613,9,9,,,,,,,,0.2632887065410614,0.28765666484832764,0.28396156430244446,,,
7614,4,4,,,,,,,,0.23709678649902344,0.4053008258342743,0.3646247982978821,,,
7615,5,5,,,,,,,,0.25538912415504456,0.06389397382736206,0.07889296114444733,,,
7616,0,0,,,,,,,,0.12123683094978333,0.42521244287490845,0.5262682437896729,,,
7617,2,0,,,,,,,,0.4484763443470001,0.19342616200447083,0.22510908544063568,,,
7618,3,3,,,,,,,,0.3403361737728119,0.38508281111717224,0.46373188495635986,,,
7619,5,5,,,,,,,,0.11464331299066544,0.08226504921913147,0.10304118692874908,,,
7620,5,5,3,0.8053097345132744,0.6721311475409836,0.7288135593220338,0.9601329565048218,0.9503430128097534,0.7638193368911743,0.04849236086010933,0.06438828259706497,0.024706576019525528,0.039887890219688416,0.023051463067531586,0.0015429272316396236
7621,8,8,,,,,,,,0.7519006133079529,0.17901329696178436,0.274004727602005,,,
7622,9,9,,,,,,,,0.23219366371631622,0.17380864918231964,0.1064983382821083,,,
7623,1,1,,,,,,,,0.10193587094545364,0.11605371534824371,0.2435183823108673,,,
7624,2,2,,,,,,,,0.28615155816078186,0.08831430971622467,0.47982165217399597,,,
7625,7,0,,,,,,,,0.2367185801267624,0.33836033940315247,0.5221975445747375,,,
7626,1,1,,,,,,,,0.22640785574913025,0.15484778583049774,0.3680502772331238,,,
7627,3,3,,,,,,,,0.2547397017478943,0.5801629424095154,0.2738858759403229,,,
7628,4,4,3,0.030303030303030304,0.5111111111111111,0.5223880597014925,0.03941308706998825,0.8600555062294006,0.3952537178993225,0.07194056361913681,0.1570194810628891,0.0287112295627594,0.003075307235121727,0.30185186862945557,0.002096442971378565
7629,6,6,3,0.4166666666666667,0.36,0.3161290322580645,0.7396475672721863,0.803053617477417,0.4646076261997223,0.14075341820716858,0.558219313621521,0.09441252052783966,0.25287294387817383,0.624653160572052,0.0031787175685167313
7630,9,9,,,,,,,,0.2785443365573883,0.13537070155143738,0.06992121785879135,,,
7631,1,1,,,,,,,,0.2715887725353241,0.40489038825035095,0.15769432485103607,,,
7632,0,9,,,,,,,,0.017451753839850426,0.010234663262963295,0.010604036040604115,,,
7633,7,7,,,,,,,,0.17308607697486877,0.1408531814813614,0.15865366160869598,,,
7634,1,1,,,,,,,,0.24820968508720398,0.4608900845050812,0.22217699885368347,,,
7635,9,9,,,,,,,,0.298782080411911,0.19832709431648254,0.19622786343097687,,,
7636,5,5,,,,,,,,0.3953361213207245,0.05461563169956207,0.14599312841892242,,,
7637,8,8,,,,,,,,0.11073017120361328,0.03979598730802536,0.08501110970973969,,,
7638,1,1,8,0.6721311475409836,0.4676258992805755,0.3972602739726027,0.9360828995704651,0.9119442701339722,0.7686333656311035,0.023768199607729912,0.08310787379741669,0.16211935877799988,0.006531799212098122,0.06365226954221725,0.15939417481422424
7639,9,9,,,,,,,,0.2512122094631195,0.102638840675354,0.17799800634384155,,,
7640,9,9,,,,,,,,0.12266536056995392,0.23984582722187042,0.04469328373670578,,,
7641,7,7,,,,,,,,0.19861385226249695,0.04555470868945122,0.08251235634088516,,,
7642,9,9,,,,,,,,0.25293806195259094,0.23154740035533905,0.3088597059249878,,,
7643,8,8,,,,,,,,0.3482856750488281,0.05946389585733414,0.19372326135635376,,,
7644,3,3,5,0.3246753246753247,0.5111111111111111,0.2911392405063291,0.770967423915863,0.9030966758728027,0.5064300298690796,0.22171221673488617,0.39147618412971497,0.18040208518505096,0.0692041888833046,0.3659029006958008,0.20657958090305328
7645,0,0,,,,,,,,0.3132287561893463,0.48808255791664124,0.7068353891372681,,,
7646,2,2,,,,,,,,0.7862180471420288,0.3367990255355835,0.5292357206344604,,,
7647,6,6,,,,,,,,0.3216799795627594,0.32401371002197266,0.17113801836967468,,,
7648,0,2,,,,,,,,0.08698302507400513,0.14065787196159363,0.2088717520236969,,,
7649,2,2,,,,,,,,0.8035969138145447,0.34287795424461365,0.5296834707260132,,,
7650,2,2,2,0.8214285714285714,0.632,0.7435897435897436,0.984535813331604,0.9408245086669922,0.7099184989929199,0.5354878306388855,0.442024290561676,0.2414543181657791,0.5554179549217224,0.342104971408844,0.5852197408676147
7651,4,4,,,,,,,,0.21202526986598969,0.5209404230117798,0.22039546072483063,,,
7652,0,0,,,,,,,,0.3597645163536072,0.6233147978782654,0.9603602886199951,,,
7653,8,8,,,,,,,,0.7004827260971069,0.3174736201763153,0.26386937499046326,,,
7654,4,4,,,,,,,,0.1914955973625183,0.16340745985507965,0.3072158992290497,,,
7655,8,8,8,0.3509933774834437,0.59375,0.3972602739726027,0.8700721859931946,0.8630833625793457,0.6510429978370667,0.2965989112854004,0.30045777559280396,0.04920603334903717,0.1704252064228058,0.451095312833786,0.023425009101629257
7656,1,1,,,,,,,,0.4698683023452759,0.1975577026605606,0.12486442178487778,,,
7657,2,5,,,,,,,,0.07508887350559235,0.04871757701039314,0.04945027083158493,,,
7658,7,7,,,,,,,,0.291239470243454,0.08634961396455765,0.30186691880226135,,,
7659,2,2,,,,,,,,0.31595009565353394,0.1996762752532959,0.38358697295188904,,,
7660,7,7,,,,,,,,0.17079167068004608,0.2851697504520416,0.20129135251045227,,,
7661,9,9,,,,,,,,0.31120696663856506,0.15832315385341644,0.39800041913986206,,,
7662,5,5,,,,,,,,0.20652619004249573,0.07879675179719925,0.22794900834560394,,,
7663,2,2,,,,,,,,0.5545576810836792,0.05187195539474487,0.6385173201560974,,,
7664,2,2,,,,,,,,0.7562485933303833,0.18847279250621796,0.6067010164260864,,,
7665,9,9,,,,,,,,0.1708325892686844,0.6370020508766174,0.17057250440120697,,,
7666,2,2,2,0.7,0.5338345864661654,0.3246753246753247,0.9746717810630798,0.8296259641647339,0.6374327540397644,0.7055991291999817,0.249079167842865,0.2576791048049927,0.721800684928894,0.38653817772865295,0.17130795121192932
7667,6,6,6,0.7586206896551724,0.44680851063829785,0.25925925925925924,0.9620615243911743,0.8657392263412476,0.6534324288368225,0.2744848132133484,0.3583434224128723,0.09767121821641922,0.3542080521583557,0.1861484795808792,0.10911241173744202
7668,5,5,,,,,,,,0.42647433280944824,0.1564539521932602,0.0540362112224102,,,
7669,7,7,,,,,,,,0.15956085920333862,0.02637750282883644,0.028276029974222183,,,
7670,2,6,,,,,,,,0.03790177032351494,0.09900283813476562,0.01537353079766035,,,
7671,5,5,5,0.5223880597014925,0.5454545454545454,0.6451612903225806,0.916195273399353,0.8924567699432373,0.5111179351806641,0.2383865863084793,0.23341362178325653,0.06711401045322418,0.10419358313083649,0.13783331215381622,0.07027878612279892
7672,6,6,,,,,,,,0.3214559257030487,0.7202838659286499,0.24644504487514496,,,
7673,5,5,3,0.4782608695652174,0.3972602739726027,0.42657342657342656,0.7959541082382202,0.8469017148017883,0.5858880281448364,0.04386170580983162,0.12704427540302277,0.0363900326192379,0.055621303617954254,0.04380304738879204,0.007497792597860098
7674,1,1,,,,,,,,0.143844872713089,0.15550795197486877,0.11664454638957977,,,
7675,8,8,,,,,,,,0.3830568492412567,0.059842273592948914,0.10875467956066132,,,
7676,2,2,,,,,,,,0.7530717253684998,0.443380743265152,0.3283395767211914,,,
7677,6,6,,,,,,,,0.17765896022319794,0.43260911107063293,0.12667667865753174,,,
7678,8,8,,,,,,,,0.37985020875930786,0.3605418801307678,0.2070644199848175,,,
7679,6,6,6,0.4676258992805755,0.59375,0.42657342657342656,0.9713654518127441,0.9102731347084045,0.6915884017944336,0.19610238075256348,0.7280306816101074,0.07132568955421448,0.07163486629724503,0.7707493901252747,0.08635114133358002
7680,3,5,,,,,,,,0.12172476202249527,0.10309306532144547,0.08603812009096146,,,
7681,0,0,,,,,,,,0.4390510320663452,0.5978583097457886,0.6202174425125122,,,
7682,8,8,,,,,,,,0.4348265528678894,0.1123754158616066,0.12104715406894684,,,
7683,0,0,,,,,,,,0.2802382707595825,0.5718952417373657,0.7905136346817017,,,
7684,0,0,,,,,,,,0.31941816210746765,0.5900759696960449,0.6182485222816467,,,
7685,9,1,,,,,,,,0.05805108696222305,0.019372593611478806,0.07443927228450775,,,
7686,9,9,,,,,,,,0.06799324601888657,0.29042187333106995,0.13095608353614807,,,
7687,6,6,,,,,,,,0.198237806558609,0.49438101053237915,0.029210969805717468,,,
7688,8,8,,,,,,,,0.32612869143486023,0.050256602466106415,0.39934203028678894,,,
7689,0,8,,,,,,,,0.03435637429356575,0.035551708191633224,0.016888754442334175,,,
7690,6,6,,,,,,,,0.19150272011756897,0.6197797060012817,0.14103728532791138,,,
7691,6,6,,,,,,,,0.42078039050102234,0.5828865766525269,0.2590407729148865,,,
7692,0,0,,,,,,,,0.7095773220062256,0.7021294832229614,0.7936728596687317,,,
7693,7,7,,,,,,,,0.3413037955760956,0.12356922775506973,0.21031440794467926,,,
7694,9,9,,,,,,,,0.413781076669693,0.13366073369979858,0.12536713480949402,,,
7695,8,8,,,,,,,,0.6227580308914185,0.0533638559281826,0.11976423859596252,,,
7696,0,0,,,,,,,,0.4648858308792114,0.3467842936515808,0.9005343914031982,,,
7697,5,5,,,,,,,,0.20430870354175568,0.10538031905889511,0.039557766169309616,,,
7698,0,0,,,,,,,,0.6960598826408386,0.5221977233886719,0.945634663105011,,,
7699,9,9,,,,,,,,0.09158911556005478,0.1684868335723877,0.2366597205400467,,,
7700,6,6,,,,,,,,0.1941206157207489,0.6747956275939941,0.14748547971248627,,,
7701,0,0,,,,,,,,0.5104614496231079,0.49385184049606323,0.7875351905822754,,,
7702,4,4,,,,,,,,0.27575528621673584,0.11371983587741852,0.2816793620586395,,,
7703,7,7,,,,,,,,0.33450478315353394,0.4021924138069153,0.4660795331001282,,,
7704,1,1,,,,,,,,0.7307518720626831,0.48688387870788574,0.3936786353588104,,,
7705,7,7,,,,,,,,0.10646984726190567,0.26290369033813477,0.060672275722026825,,,
7706,8,8,,,,,,,,0.4188186526298523,0.05744491145014763,0.23848719894886017,,,
7707,8,8,,,,,,,,0.1304008960723877,0.04566015675663948,0.11800659447908401,,,
7708,2,2,2,0.9065420560747663,0.5813953488372093,0.3783783783783784,0.9966187477111816,0.9034355878829956,0.5723391771316528,0.38628342747688293,0.13622954487800598,0.2760002017021179,0.48557424545288086,0.05760001763701439,0.23524592816829681
7709,3,3,3,0.7435897435897436,0.7288135593220338,0.5454545454545454,0.9796868562698364,0.9506044387817383,0.6821154952049255,0.43042075634002686,0.2908491790294647,0.2110898494720459,0.4603555202484131,0.20865049958229065,0.17076237499713898
7710,9,9,,,,,,,,0.2018084079027176,0.30706536769866943,0.32060882449150085,,,
7711,6,3,,,,,,,,0.40373095870018005,0.160712331533432,0.06876460462808609,,,
7712,5,5,,,,,,,,0.3385566473007202,0.06690596044063568,0.07719457894563675,,,
7713,5,5,3,0.2215568862275449,0.4782608695652174,0.34210526315789475,0.5926474332809448,0.8266393542289734,0.3868148624897003,0.12853573262691498,0.08456511795520782,0.05716786906123161,0.021980606019496918,0.09248362481594086,0.004033902194350958
7714,3,3,5,0.046153846153846156,0.3972602739726027,0.02512562814070352,0.14133915305137634,0.8220575451850891,0.13097348809242249,0.30401360988616943,0.2963964343070984,0.2043287307024002,0.38235312700271606,0.1800851672887802,0.3373848795890808
7715,1,1,,,,,,,,0.5895889401435852,0.20883731544017792,0.4196442663669586,,,
7716,5,5,,,,,,,,0.1768406182527542,0.09051477909088135,0.08760933578014374,,,
7717,3,3,,,,,,,,0.3505004644393921,0.4933592677116394,0.3740505576133728,,,
7718,0,0,,,,,,,,0.5253857970237732,0.47903499007225037,0.8521997332572937,,,
7719,2,2,,,,,,,,0.39831072092056274,0.2927379012107849,0.29972192645072937,,,
7720,5,5,,,,,,,,0.34185442328453064,0.12996894121170044,0.06600737571716309,,,
7721,2,2,,,,,,,,0.6519458889961243,0.39370667934417725,0.35413825511932373,,,
7722,7,7,,,,,,,,0.02692590281367302,0.08117859065532684,0.026110246777534485,,,
7723,3,3,,,,,,,,0.07285413146018982,0.11739587038755417,0.3882972002029419,,,
7724,8,8,,,,,,,,0.36273643374443054,0.14917698502540588,0.29974982142448425,,,
7725,4,4,,,,,,,,0.30376750230789185,0.16325005888938904,0.4484759271144867,,,
7726,4,4,,,,,,,,0.19873982667922974,0.14409933984279633,0.23554891347885132,,,
7727,6,6,,,,,,,,0.23603442311286926,0.4472733438014984,0.08172573149204254,,,
7728,1,1,,,,,,,,0.18715988099575043,0.05052528902888298,0.09986992180347443,,,
7729,9,9,,,,,,,,0.3621101379394531,0.04318172484636307,0.1749022901058197,,,
7730,4,4,5,0.5692307692307692,0.4782608695652174,0.2215568862275449,0.9164861440658569,0.8290079832077026,0.43823903799057007,0.20162467658519745,0.2791641354560852,0.3708937466144562,0.03098820149898529,0.17550188302993774,0.014595909975469112
7731,1,1,,,,,,,,0.5577472448348999,0.3670540153980255,0.32855603098869324,,,
7732,7,7,,,,,,,,0.18768075108528137,0.11281641572713852,0.23199068009853363,,,
7733,0,0,,,,,,,,0.3889991343021393,0.5339630246162415,0.6551561951637268,,,
7734,1,1,,,,,,,,0.19368723034858704,0.048652347177267075,0.23070095479488373,,,
7735,4,4,,,,,,,,0.03609088808298111,0.03897842764854431,0.19578132033348083,,,
7736,3,3,3,0.8053097345132744,0.7435897435897436,0.2670807453416149,0.9933027029037476,0.903601348400116,0.3233243227005005,0.3065754175186157,0.2725212275981903,0.22396281361579895,0.2549841105937958,0.26516205072402954,0.1781199425458908
7737,0,0,,,,,,,,0.5358272790908813,0.5702481865882874,0.9605312347412109,,,
7738,2,2,,,,,,,,0.19867338240146637,0.24774344265460968,0.40799927711486816,,,
7739,9,9,,,,,,,,0.3771558403968811,0.12128910422325134,0.21883675456047058,,,
7740,4,4,,,,,,,,0.3181012272834778,0.16248966753482819,0.2227420061826706,,,
7741,5,5,5,0.2911392405063291,0.4068965517241379,0.7288135593220338,0.8903442025184631,0.8596987724304199,0.5636520385742188,0.2936345040798187,0.06570906937122345,0.18046852946281433,0.38212138414382935,0.10561250895261765,0.0910257026553154
7742,0,0,,,,,,,,0.4464757442474365,0.41320472955703735,0.6954118609428406,,,
7743,3,3,,,,,,,,0.2561914324760437,0.17319943010807037,0.08014044910669327,,,
7744,4,4,,,,,,,,0.1164582222700119,0.04547713324427605,0.1845344454050064,,,
7745,7,7,,,,,,,,0.11542187631130219,0.09277696907520294,0.15563490986824036,,,
7746,2,2,,,,,,,,0.8193137049674988,0.1336381435394287,0.2909649610519409,,,
7747,3,3,,,,,,,,0.17478634417057037,0.11870881915092468,0.0693637877702713,,,
7748,0,0,,,,,,,,0.6257567405700684,0.3680281639099121,0.9087811708450317,,,
7749,1,1,,,,,,,,0.19383439421653748,0.15259353816509247,0.13050836324691772,,,
7750,3,3,4,0.2670807453416149,0.5813953488372093,0.59375,0.7928871512413025,0.87825608253479,0.4925236701965332,0.1445637196302414,0.1768106073141098,0.026904331520199776,0.05029284954071045,0.045138169080019,0.004891696386039257
7751,7,7,,,,,,,,0.22500331699848175,0.0554518848657608,0.255067378282547,,,
7752,9,9,,,,,,,,0.3287491798400879,0.1693323403596878,0.28349071741104126,,,
7753,9,9,,,,,,,,0.4066928029060364,0.12918151915073395,0.16010040044784546,,,
7754,0,0,,,,,,,,0.3313457667827606,0.2270365059375763,0.29768291115760803,,,
7755,7,7,,,,,,,,0.440142959356308,0.3405054807662964,0.16503554582595825,,,
7756,5,5,,,,,,,,0.2111743688583374,0.050014838576316833,0.05088045820593834,,,
7757,6,6,,,,,,,,0.14614059031009674,0.5008800029754639,0.25512972474098206,,,
7758,7,7,,,,,,,,0.31970760226249695,0.2352035939693451,0.3448939621448517,,,
7759,1,1,,,,,,,,0.4576735496520996,0.3872675597667694,0.3134933412075043,,,
7760,2,2,,,,,,,,0.2157415747642517,0.22675421833992004,0.21940790116786957,,,
7761,2,6,,,,,,,,0.14257284998893738,0.4234928488731384,0.03289794921875,,,
7762,7,7,,,,,,,,0.2368592768907547,0.2290641963481903,0.22540439665317535,,,
7763,4,2,,,,,,,,0.32409176230430603,0.04172002896666527,0.5065835118293762,,,
7764,6,6,,,,,,,,0.08218435943126678,0.15736672282218933,0.14443567395210266,,,
7765,8,8,,,,,,,,0.47499778866767883,0.09583890438079834,0.3040665090084076,,,
7766,4,4,,,,,,,,0.14966996014118195,0.16224278509616852,0.07971886545419693,,,
7767,9,9,,,,,,,,0.22403021156787872,0.14922524988651276,0.14361943304538727,,,
7768,8,8,,,,,,,,0.6413018703460693,0.04383976757526398,0.24560986459255219,,,
7769,4,4,,,,,,,,0.4388970732688904,0.43637943267822266,0.1561969369649887,,,
7770,9,9,,,,,,,,0.3084750473499298,0.2600342333316803,0.2530533969402313,,,
7771,2,2,,,,,,,,0.2680806517601013,0.15963754057884216,0.3198521137237549,,,
7772,3,3,,,,,,,,0.10765907913446426,0.35696613788604736,0.24613159894943237,,,
7773,4,4,,,,,,,,0.17885194718837738,0.1303497552871704,0.12161093205213547,,,
7774,0,0,,,,,,,,0.5988868474960327,0.5553217530250549,0.8721933960914612,,,
7775,2,2,,,,,,,,0.3036928176879883,0.3962944447994232,0.3389749526977539,,,
7776,5,5,,,,,,,,0.37396830320358276,0.08147873729467392,0.28230735659599304,,,
7777,6,6,,,,,,,,0.10299094766378403,0.27910149097442627,0.26052892208099365,,,
7778,0,3,,,,,,,,0.0799921527504921,0.10884318500757217,0.01919245906174183,,,
7779,5,5,,,,,,,,0.12247905880212784,0.055564723908901215,0.12208697199821472,,,
7780,3,3,,,,,,,,0.29933610558509827,0.47965070605278015,0.08921174705028534,,,
7781,5,5,,,,,,,,0.29157862067222595,0.09021122008562088,0.21094416081905365,,,
7782,8,8,,,,,,,,0.7427976131439209,0.08782461285591125,0.2403251975774765,,,
7783,3,3,3,0.632,0.4676258992805755,0.5572519083969466,0.981261670589447,0.8427675366401672,0.4518711268901825,0.33409491181373596,0.5131903886795044,0.0653727650642395,0.3355001211166382,0.33837899565696716,0.07537801563739777
7784,7,4,,,,,,,,0.08759505301713943,0.06982706487178802,0.18899182975292206,,,
7785,4,4,5,0.7,0.6859504132231405,0.5692307692307692,0.9770843386650085,0.928931474685669,0.7262881994247437,0.020489459857344627,0.08713056892156601,0.014389751479029655,0.015525568276643753,0.17704223096370697,0.01207907497882843
7786,9,9,,,,,,,,0.36213040351867676,0.20722240209579468,0.07597554475069046,,,
7787,5,5,3,0.9615384615384616,0.7894736842105263,0.0967741935483871,0.9974992275238037,0.9517523050308228,0.52379310131073,0.3405938744544983,0.06207481771707535,0.02435971610248089,0.12465500831604004,0.17544695734977722,0.045774225145578384
7788,6,6,,,,,,,,0.18724749982357025,0.6163457036018372,0.15873463451862335,,,
7789,3,3,,,,,,,,0.27937713265419006,0.4548841416835785,0.14760667085647583,,,
7790,8,8,,,,,,,,0.05846089497208595,0.18131424486637115,0.17029626667499542,,,
7791,6,6,,,,,,,,0.18400941789150238,0.43672698736190796,0.1752777397632599,,,
7792,9,1,,,,,,,,0.2838526964187622,0.15697573125362396,0.018428055569529533,,,
7793,8,8,,,,,,,,0.46112337708473206,0.11739934980869293,0.2698069214820862,,,
7794,5,5,5,0.8378378378378378,0.7894736842105263,0.59375,0.9863237142562866,0.9441088438034058,0.29229772090911865,0.07087907195091248,0.032598480582237244,0.05685581639409065,0.08647655695676804,0.030169621109962463,0.038461990654468536
7795,5,5,,,,,,,,0.12089021503925323,0.11439056694507599,0.031744878739118576,,,
7796,8,8,8,0.36,0.34210526315789475,0.36,0.2722448706626892,0.82889723777771,0.5911983847618103,0.6288533210754395,0.06920812278985977,0.1684195101261139,0.10173529386520386,0.02737746760249138,0.08977848291397095
7797,3,6,,,,,,,,0.074881412088871,0.45185840129852295,0.06884364783763885,,,
7798,5,5,,,,,,,,0.1787198781967163,0.032179608941078186,0.11144547909498215,,,
7799,9,9,,,,,,,,0.2785071134567261,0.12935210764408112,0.20822738111019135,,,
7800,0,0,,,,,,,,0.17440715432167053,0.36387455463409424,0.3587416708469391,,,
7801,4,4,,,,,,,,0.10035652667284012,0.11129424721002579,0.18095457553863525,,,
7802,2,2,2,0.4068965517241379,0.48905109489051096,0.3972602739726027,0.8838307857513428,0.8094677925109863,0.7368514537811279,0.3075519800186157,0.21111483871936798,0.22807054221630096,0.3494527339935303,0.11529609560966492,0.6056132316589355
7803,0,0,,,,,,,,0.4562907814979553,0.8038651943206787,0.6382501125335693,,,
7804,5,5,,,,,,,,0.5034468173980713,0.18509234488010406,0.3019643723964691,,,
7805,9,9,,,,,,,,0.41199058294296265,0.13411852717399597,0.26269233226776123,,,
7806,9,9,,,,,,,,0.282434344291687,0.2580157518386841,0.3172558844089508,,,
7807,3,3,,,,,,,,0.25081759691238403,0.4829545319080353,0.34627535939216614,,,
7808,8,8,,,,,,,,0.6883445978164673,0.1627545803785324,0.47571784257888794,,,
7809,0,0,,,,,,,,0.3838074207305908,0.42361465096473694,0.5882146954536438,,,
7810,6,6,,,,,,,,0.14361655712127686,0.3087388277053833,0.08103790879249573,,,
7811,0,0,,,,,,,,0.8217074871063232,0.5536152124404907,0.9928370714187622,,,
7812,2,2,,,,,,,,0.07374303042888641,0.04857565462589264,0.02948886714875698,,,
7813,3,3,3,0.5692307692307692,0.2911392405063291,0.12087912087912088,0.9554707407951355,0.7800252437591553,0.3561807870864868,0.1385609209537506,0.31174030900001526,0.05051065608859062,0.09928279370069504,0.31579065322875977,0.08750779926776886
7814,7,7,,,,,,,,0.20643644034862518,0.10738750547170639,0.23043803870677948,,,
7815,0,0,0,0.25766871165644173,0.5223880597014925,0.18604651162790697,0.8052818179130554,0.9104048013687134,0.496513694524765,0.7230461239814758,0.2616502344608307,0.6314350962638855,0.7338777184486389,0.35780054330825806,0.45161280035972595
7816,0,4,,,,,,,,0.06756280362606049,0.03189236670732498,0.11046091467142105,,,
7817,6,6,,,,,,,,0.34850573539733887,0.6270148158073425,0.2342599779367447,,,
7818,9,9,,,,,,,,0.3710780739784241,0.08184205740690231,0.3582412600517273,,,
7819,1,1,,,,,,,,0.3856240212917328,0.2287571281194687,0.24104216694831848,,,
7820,5,5,,,,,,,,0.16611412167549133,0.05386402830481529,0.09697847813367844,,,
7821,2,2,,,,,,,,0.43608760833740234,0.35145843029022217,0.13986460864543915,,,
7822,2,2,2,0.8214285714285714,0.7739130434782608,0.24390243902439024,0.982961893081665,0.9452954530715942,0.6107432246208191,0.49800288677215576,0.07841645181179047,0.2488091140985489,0.5941286087036133,0.16976964473724365,0.10970472544431686
7823,7,7,4,0.45714285714285713,0.45714285714285713,0.3691275167785235,0.8156856298446655,0.8430709838867188,0.6386549472808838,0.21008822321891785,0.047700900584459305,0.0727754682302475,0.09065014868974686,0.010487019084393978,0.0104684978723526
7824,9,9,,,,,,,,0.15640529990196228,0.08996466547250748,0.16181156039237976,,,
7825,3,3,,,,,,,,0.3265819549560547,0.31522247195243835,0.3176588714122772,,,
7826,9,9,,,,,,,,0.15040309727191925,0.09796407073736191,0.106120765209198,,,
7827,3,5,,,,,,,,0.19242353737354279,0.060365233570337296,0.06172357127070427,,,
7828,5,5,,,,,,,,0.20206937193870544,0.1375703662633896,0.06530383229255676,,,
7829,2,2,,,,,,,,0.5226684808731079,0.03256220370531082,0.11796419322490692,,,
7830,2,2,,,,,,,,0.4156004786491394,0.21013875305652618,0.11309436708688736,,,
7831,2,2,4,0.4166666666666667,0.4166666666666667,0.6585365853658537,0.941107988357544,0.7808300256729126,0.6612151861190796,0.08450236171483994,0.14012359082698822,0.27570870518684387,0.012145520187914371,0.1034909337759018,0.15231996774673462
7832,8,8,,,,,,,,0.5352349877357483,0.5940655469894409,0.3621271550655365,,,
7833,8,8,8,0.3161290322580645,0.42657342657342656,0.05699481865284974,0.14976012706756592,0.8185537457466125,0.13916015625,0.2898702323436737,0.03978012129664421,0.24852722883224487,0.04073227569460869,0.05109061300754547,0.11842753738164902
7834,5,5,,,,,,,,0.4889242947101593,0.16689741611480713,0.05868574604392052,,,
7835,0,0,,,,,,,,0.6650866270065308,0.7993012070655823,0.9466626048088074,,,
7836,0,0,,,,,,,,0.5855615735054016,0.6687176823616028,0.7282162308692932,,,
7837,7,7,,,,,,,,0.6162651181221008,0.29671820998191833,0.4577501714229584,,,
7838,0,0,,,,,,,,0.8119484186172485,0.26344120502471924,0.6465985774993896,,,
7839,3,4,,,,,,,,0.07596014440059662,0.05789375305175781,0.163335382938385,,,
7840,1,1,,,,,,,,0.334371954202652,0.24562034010887146,0.1483970433473587,,,
7841,6,6,,,,,,,,0.1587076038122177,0.4106742739677429,0.23728033900260925,,,
7842,5,3,,,,,,,,0.07081496715545654,0.32581719756126404,0.03718741610646248,,,
7843,0,0,,,,,,,,0.3472716212272644,0.4341818392276764,0.29514050483703613,,,
7844,9,9,,,,,,,,0.2933070659637451,0.21695499122142792,0.40838488936424255,,,
7845,2,2,,,,,,,,0.2544834613800049,0.2285546213388443,0.3782042860984802,,,
7846,6,6,6,0.8888888888888888,0.5454545454545454,0.2,0.9383761882781982,0.8441371321678162,0.3631593585014343,0.04181510582566261,0.41810962557792664,0.03176809474825859,0.043285880237817764,0.419316828250885,0.05664806813001633
7847,7,7,4,0.13966480446927373,0.44680851063829785,0.3877551020408163,0.6762335300445557,0.925376296043396,0.5474572777748108,0.07822242379188538,0.03676148131489754,0.03603137284517288,0.10105612874031067,0.007580911740660667,0.0677366629242897
7848,4,4,4,0.5111111111111111,0.7288135593220338,0.3246753246753247,0.952160120010376,0.9649391174316406,0.6555603742599487,0.12601082026958466,0.15473131835460663,0.0911540687084198,0.10721753537654877,0.3566173017024994,0.1460355669260025
7849,2,2,,,,,,,,0.2826455533504486,0.10805002599954605,0.30005279183387756,,,
7850,0,0,,,,,,,,0.36165013909339905,0.3548390567302704,0.8206385374069214,,,
7851,0,0,,,,,,,,0.6430255770683289,0.6937807202339172,0.9484431743621826,,,
7852,5,5,7,0.0,0.36,0.3509933774834437,0.39467519521713257,0.867114782333374,0.6869458556175232,0.07654682546854019,0.05646037682890892,0.21742530167102814,0.010108357295393944,0.14850302040576935,0.006145738065242767
7853,3,5,,,,,,,,0.05516469478607178,0.035424839705228806,0.026866866275668144,,,
7854,3,3,,,,,,,,0.3138062655925751,0.6544115543365479,0.2813338041305542,,,
7855,2,4,,,,,,,,0.055323898792266846,0.09903330355882645,0.16565729677677155,,,
7856,6,6,,,,,,,,0.3977237939834595,0.37746357917785645,0.10030509531497955,,,
7857,4,4,,,,,,,,0.22995691001415253,0.08882724493741989,0.19865559041500092,,,
7858,2,2,,,,,,,,0.39789682626724243,0.03710797429084778,0.2980530261993408,,,
7859,7,7,,,,,,,,0.35743242502212524,0.14625754952430725,0.39184099435806274,,,
7860,8,8,,,,,,,,0.47356539964675903,0.12912531197071075,0.39434105157852173,,,
7861,0,0,,,,,,,,0.2728740870952606,0.5285557508468628,0.6063281893730164,,,
7862,1,1,,,,,,,,0.3850362300872803,0.15503890812397003,0.37500274181365967,,,
7863,0,0,,,,,,,,0.5174151062965393,0.36086270213127136,0.807282567024231,,,
7864,1,1,,,,,,,,0.24046945571899414,0.3707476854324341,0.23311153054237366,,,
7865,3,3,,,,,,,,0.5044624209403992,0.4632686376571655,0.15126438438892365,,,
7866,6,6,,,,,,,,0.18875984847545624,0.4245435893535614,0.18343061208724976,,,
7867,4,4,,,,,,,,0.11719757318496704,0.4821024537086487,0.17840830981731415,,,
7868,8,8,8,0.1657142857142857,0.44680851063829785,0.3972602739726027,0.8272902369499207,0.8954103589057922,0.5386244654655457,0.5908602476119995,0.15825065970420837,0.1534746289253235,0.14540447294712067,0.10725963860750198,0.10775412619113922
7869,0,0,,,,,,,,0.4760787785053253,0.6952637434005737,0.7689463496208191,,,
7870,6,6,,,,,,,,0.08980375528335571,0.5562827587127686,0.2426995187997818,,,
7871,0,0,,,,,,,,0.7417947053909302,0.5324086546897888,0.7845844626426697,,,
7872,9,9,,,,,,,,0.17427553236484528,0.1254352182149887,0.16649997234344482,,,
7873,1,1,,,,,,,,0.07915675640106201,0.3183014988899231,0.616976797580719,,,
7874,6,6,,,,,,,,0.15045027434825897,0.5447772741317749,0.09288233518600464,,,
7875,2,2,,,,,,,,0.618533730506897,0.06912347674369812,0.08519741892814636,,,
7876,1,1,,,,,,,,0.47720909118652344,0.25248947739601135,0.483602911233902,,,
7877,0,0,,,,,,,,0.3203832507133484,0.23681354522705078,0.5126018524169922,,,
7878,1,1,,,,,,,,0.4256325960159302,0.41740837693214417,0.18661992251873016,,,
7879,3,3,,,,,,,,0.36501261591911316,0.4902971684932709,0.3264833390712738,,,
7880,0,0,,,,,,,,0.34337395429611206,0.5323464274406433,0.8428078293800354,,,
7881,3,3,4,0.0851063829787234,0.5,0.09090909090909091,0.5709128379821777,0.8651963472366333,0.4605768322944641,0.14990122616291046,0.06104071065783501,0.2013387531042099,0.043911226093769073,0.061883505433797836,0.016287250444293022
7882,7,7,,,,,,,,0.15081648528575897,0.23318961262702942,0.17157697677612305,,,
7883,9,9,,,,,,,,0.1262444108724594,0.14558729529380798,0.09310764074325562,,,
7884,9,9,,,,,,,,0.12057390809059143,0.13651756942272186,0.09970735013484955,,,
7885,3,3,,,,,,,,0.17757871747016907,0.35409843921661377,0.19075974822044373,,,
7886,7,7,,,,,,,,0.42303526401519775,0.34258466958999634,0.5021840333938599,,,
7887,5,5,,,,,,,,0.3212029039859772,0.07730630785226822,0.10151489078998566,,,
7888,7,7,,,,,,,,0.5496752858161926,0.23588484525680542,0.36462172865867615,,,
7889,1,1,,,,,,,,0.336131751537323,0.27446871995925903,0.3756313920021057,,,
7890,6,6,,,,,,,,0.2729162275791168,0.5849875211715698,0.18489332497119904,,,
7891,6,6,,,,,,,,0.3289036750793457,0.629686713218689,0.37745538353919983,,,
7892,1,9,,,,,,,,0.26226893067359924,0.3527250289916992,0.049901656806468964,,,
7893,1,1,,,,,,,,0.1537289321422577,0.18018090724945068,0.09648320078849792,,,
7894,1,1,,,,,,,,0.5050265192985535,0.18710929155349731,0.4787340760231018,,,
7895,4,4,,,,,,,,0.30182209610939026,0.1935337781906128,0.4337562322616577,,,
7896,4,4,,,,,,,,0.03649406507611275,0.07903148978948593,0.15963993966579437,,,
7897,2,2,,,,,,,,0.5566564798355103,0.1507609635591507,0.10215216130018234,,,
7898,1,1,,,,,,,,0.42959851026535034,0.21152423322200775,0.38406920433044434,,,
7899,7,7,,,,,,,,0.09155972301959991,0.0949149876832962,0.169183611869812,,,
7900,0,0,,,,,,,,0.3963790535926819,0.33230215311050415,0.720635712146759,,,
7901,1,1,,,,,,,,0.2064419984817505,0.05509789288043976,0.26909273862838745,,,
7902,2,2,,,,,,,,0.5909136533737183,0.24717389047145844,0.4612791836261749,,,
7903,1,1,,,,,,,,0.2643168568611145,0.10328426212072372,0.21887992322444916,,,
7904,1,1,,,,,,,,0.0674542486667633,0.34349608421325684,0.3318372368812561,,,
7905,3,3,,,,,,,,0.24651871621608734,0.11741318553686142,0.13970324397087097,,,
7906,2,2,0,0.5692307692307692,0.45714285714285713,0.10270270270270271,0.7711024284362793,0.8197020292282104,0.43010514974594116,0.25366687774658203,0.07951384782791138,0.33434563875198364,0.3620387315750122,0.042262833565473557,0.09181520342826843
7907,6,6,,,,,,,,0.2909654378890991,0.500295877456665,0.17451240122318268,,,
7908,9,9,,,,,,,,0.3068266808986664,0.21203504502773285,0.06844279170036316,,,
7909,1,1,9,0.4676258992805755,0.4068965517241379,0.0967741935483871,0.9190180897712708,0.8759260773658752,0.6289000511169434,0.03243767470121384,0.08811172097921371,0.04613778740167618,0.0036163523327559233,0.07182532548904419,0.0012893829261884093
7910,3,3,3,0.9615384615384616,0.7288135593220338,0.11475409836065574,0.9409120678901672,0.9236413240432739,0.25891172885894775,0.33549368381500244,0.3809836208820343,0.2621277868747711,0.08977978676557541,0.4334552586078644,0.09918596595525742
7911,2,2,,,,,,,,0.8358269333839417,0.14797987043857574,0.32326269149780273,,,
7912,0,0,,,,,,,,0.22622008621692657,0.5706486701965332,0.7965086102485657,,,
7913,8,8,8,0.42657342657342656,0.7,0.2830188679245283,0.6864222884178162,0.9305886030197144,0.6557437181472778,0.30801281332969666,0.10962561517953873,0.28234541416168213,0.21489113569259644,0.12406038492918015,0.2278449684381485
7914,7,7,,,,,,,,0.18402336537837982,0.17969825863838196,0.16704003512859344,,,
7915,3,3,,,,,,,,0.39426568150520325,0.5561534762382507,0.37981581687927246,,,
7916,4,4,,,,,,,,0.06083778291940689,0.15536323189735413,0.046990882605314255,,,
7917,6,6,,,,,,,,0.3124372959136963,0.5801959037780762,0.27228641510009766,,,
7918,4,4,5,0.7142857142857143,0.44680851063829785,0.1724137931034483,0.9569330215454102,0.8705565929412842,0.5261595249176025,0.09762497246265411,0.07650954276323318,0.0810418352484703,0.021138394251465797,0.20613864064216614,0.08366114646196365
7919,6,6,,,,,,,,0.1867855191230774,0.3474012017250061,0.2300337851047516,,,
7920,9,9,,,,,,,,0.24999572336673737,0.253547728061676,0.12880803644657135,,,
7921,4,4,3,0.13966480446927373,0.3509933774834437,0.2289156626506024,0.3193144202232361,0.8248847723007202,0.593910813331604,0.21142242848873138,0.25305259227752686,0.20477579534053802,0.1934872269630432,0.2820888161659241,0.09757840633392334
7922,8,8,,,,,,,,0.6638351678848267,0.2866600751876831,0.1841115653514862,,,
7923,9,9,,,,,,,,0.2662099301815033,0.12081824988126755,0.13896486163139343,,,
7924,3,3,5,0.07936507936507936,0.4782608695652174,0.02512562814070352,0.608784019947052,0.8753552436828613,0.08928371965885162,0.26115408539772034,0.4390563368797302,0.2338346540927887,0.0673503503203392,0.38374796509742737,0.057042889297008514
7925,0,0,,,,,,,,0.5035654306411743,0.5610291361808777,0.4586067795753479,,,
7926,5,5,,,,,,,,0.2742893099784851,0.040514104068279266,0.1443183720111847,,,
7927,7,7,,,,,,,,0.26346978545188904,0.1472398340702057,0.21593181788921356,,,
7928,2,2,,,,,,,,0.15808559954166412,0.21763427555561066,0.21364237368106842,,,
7929,0,0,,,,,,,,0.3551555871963501,0.5984456539154053,0.717184841632843,,,
7930,2,2,,,,,,,,0.11491115391254425,0.03614906594157219,0.2079189270734787,,,
7931,9,9,,,,,,,,0.02056567557156086,0.10126707702875137,0.017240792512893677,,,
7932,9,9,,,,,,,,0.07340911030769348,0.07944204658269882,0.03248284012079239,,,
7933,3,2,,,,,,,,0.32385170459747314,0.3078378736972809,0.4127820134162903,,,
7934,8,8,,,,,,,,0.4458909332752228,0.04792584851384163,0.27693673968315125,,,
7935,7,7,2,0.5454545454545454,0.5338345864661654,0.5813953488372093,0.9376107454299927,0.8729859590530396,0.7340786457061768,0.08082929998636246,0.06305516511201859,0.11632336676120758,0.010487917810678482,0.05030408129096031,0.031523291021585464
7936,1,1,,,,,,,,0.4441167414188385,0.16374437510967255,0.25460898876190186,,,
7937,1,1,,,,,,,,0.5092453360557556,0.37959009408950806,0.4445461928844452,,,
7938,2,2,,,,,,,,0.20534160733222961,0.2142133265733719,0.19204719364643097,,,
7939,2,2,,,,,,,,0.5243537425994873,0.30035680532455444,0.38362985849380493,,,
7940,2,2,2,0.7739130434782608,0.44680851063829785,0.5338345864661654,0.9848337173461914,0.83534836769104,0.30977368354797363,0.4603827893733978,0.08662042766809464,0.6822516918182373,0.4444564878940582,0.14810889959335327,0.30253562331199646
7941,5,2,,,,,,,,0.7099560499191284,0.14204463362693787,0.3083670139312744,,,
7942,9,9,,,,,,,,0.11823888123035431,0.21651919186115265,0.08594828099012375,,,
7943,1,1,,,,,,,,0.4227319657802582,0.1866096556186676,0.1868041455745697,,,
7944,2,2,,,,,,,,0.5912836194038391,0.41740357875823975,0.48171964287757874,,,
7945,6,6,,,,,,,,0.306724488735199,0.5169283151626587,0.16174104809761047,,,
7946,1,1,,,,,,,,0.22555731236934662,0.02732815220952034,0.0252899881452322,,,
7947,2,2,,,,,,,,0.5582936406135559,0.20314958691596985,0.4577774405479431,,,
7948,1,1,,,,,,,,0.47781795263290405,0.11433253437280655,0.11779550462961197,,,
7949,8,8,,,,,,,,0.30361053347587585,0.19934339821338654,0.20847858488559723,,,
7950,9,9,,,,,,,,0.12443631887435913,0.17705093324184418,0.12554718554019928,,,
7951,2,2,,,,,,,,0.8014507293701172,0.22889500856399536,0.532971203327179,,,
7952,3,8,,,,,,,,0.1571924090385437,0.06836391985416412,0.014810767956078053,,,
7953,1,1,,,,,,,,0.45539408922195435,0.13467085361480713,0.3182066082954407,,,
7954,9,9,,,,,,,,0.4766775369644165,0.2516997456550598,0.2898716926574707,,,
7955,9,9,,,,,,,,0.4424933195114136,0.33128097653388977,0.2341988980770111,,,
7956,4,3,,,,,,,,0.04463021457195282,0.28598880767822266,0.045228783041238785,,,
7957,4,4,,,,,,,,0.13395251333713531,0.11709568649530411,0.20272089540958405,,,
7958,5,5,5,0.8378378378378378,0.632,0.2,0.9913113117218018,0.9034384489059448,0.6590759754180908,0.050605181604623795,0.07804655283689499,0.075148805975914,0.04000379890203476,0.10887183994054794,0.03740221634507179
7959,5,5,,,,,,,,0.1602330058813095,0.0424887090921402,0.031065337359905243,,,
7960,0,0,,,,,,,,0.4044942855834961,0.3666965663433075,0.7663536667823792,,,
7961,3,3,,,,,,,,0.2860257625579834,0.416912704706192,0.284932941198349,,,
7962,3,5,,,,,,,,0.1454179733991623,0.07220713049173355,0.08607678860425949,,,
7963,7,7,,,,,,,,0.1694551557302475,0.1767576038837433,0.1943178027868271,,,
7964,1,1,,,,,,,,0.14389602839946747,0.16409817337989807,0.025745926424860954,,,
7965,7,7,,,,,,,,0.5522025227546692,0.27355802059173584,0.46644327044487,,,
7966,7,7,,,,,,,,0.26355236768722534,0.1752474009990692,0.24352839589118958,,,
7967,9,1,,,,,,,,0.18633553385734558,0.1838994324207306,0.21092118322849274,,,
7968,8,8,,,,,,,,0.3361511826515198,0.43799078464508057,0.08282029628753662,,,
7969,6,6,,,,,,,,0.4037279784679413,0.6189172863960266,0.12047209590673447,,,
7970,3,3,,,,,,,,0.23382441699504852,0.4797371029853821,0.41457515954971313,,,
7971,5,5,,,,,,,,0.4205433130264282,0.050507981330156326,0.09271275252103806,,,
7972,5,5,,,,,,,,0.4971936345100403,0.06041978672146797,0.03786846622824669,,,
7973,1,1,,,,,,,,0.40066009759902954,0.223689004778862,0.21856316924095154,,,
7974,6,6,3,0.1590909090909091,0.3509933774834437,0.5572519083969466,0.6976053714752197,0.804476797580719,0.7961925268173218,0.10803472250699997,0.45131951570510864,0.07520882040262222,0.03594604879617691,0.4113485813140869,0.0210520438849926
7975,2,2,,,,,,,,0.5477185249328613,0.3247857391834259,0.7132425308227539,,,
7976,7,7,,,,,,,,0.25209856033325195,0.06267616897821426,0.05886873975396156,,,
7977,8,8,,,,,,,,0.2994445860385895,0.16171294450759888,0.03046656772494316,,,
7978,4,4,,,,,,,,0.0810103788971901,0.10126123577356339,0.038236167281866074,,,
7979,3,3,,,,,,,,0.26712244749069214,0.30494096875190735,0.27832937240600586,,,
7980,3,3,,,,,,,,0.48466408252716064,0.49041157960891724,0.12661463022232056,,,
7981,5,5,,,,,,,,0.20247918367385864,0.2651626467704773,0.14402517676353455,,,
7982,9,9,,,,,,,,0.2556317448616028,0.08219859004020691,0.08127645403146744,,,
7983,6,8,,,,,,,,0.3996884822845459,0.20224998891353607,0.06138095632195473,,,
7984,8,8,,,,,,,,0.2976189851760864,0.07016543298959732,0.08865463733673096,,,
7985,5,5,,,,,,,,0.06271959841251373,0.031015826389193535,0.08176574110984802,,,
7986,1,1,,,,,,,,0.4840545952320099,0.3308558464050293,0.14716187119483948,,,
7987,0,0,,,,,,,,0.31703394651412964,0.5724732875823975,0.880883514881134,,,
7988,6,6,,,,,,,,0.4021880328655243,0.6735302209854126,0.06934798508882523,,,
7989,7,7,7,0.6859504132231405,0.4782608695652174,0.3333333333333333,0.9085876941680908,0.8854564428329468,0.6894819736480713,0.026866720989346504,0.028277847915887833,0.03162039443850517,0.014366041868925095,0.05479981005191803,0.01254240982234478
7990,0,0,,,,,,,,0.1637018322944641,0.5113838315010071,0.36558404564857483,,,
7991,9,9,,,,,,,,0.3710358440876007,0.06410269439220428,0.15075838565826416,,,
7992,6,6,,,,,,,,0.4868701696395874,0.5775918364524841,0.19793164730072021,,,
7993,2,0,,,,,,,,0.5038988590240479,0.5098482370376587,0.5822904706001282,,,
7994,0,0,,,,,,,,0.6736184358596802,0.5056437253952026,0.7177903056144714,,,
7995,8,8,,,,,,,,0.6323468089103699,0.12474489957094193,0.09628003090620041,,,
7996,7,7,,,,,,,,0.3091927766799927,0.14840953052043915,0.32557687163352966,,,
7997,1,1,,,,,,,,0.252513587474823,0.20671497285366058,0.0822780579328537,,,
7998,2,2,,,,,,,,0.8094576001167297,0.19278539717197418,0.30759456753730774,,,
7999,6,6,3,0.6721311475409836,0.7,0.20710059171597633,0.919556200504303,0.9532888531684875,0.762551486492157,0.2990863621234894,0.7323198318481445,0.03189757093787193,0.45508912205696106,0.6515944004058838,0.031618259847164154
8000,9,9,,,,,,,,0.08860327303409576,0.1503240466117859,0.0829673483967781,,,
8001,1,1,,,,,,,,0.46053245663642883,0.5423802137374878,0.23040445148944855,,,
8002,6,6,2,0.6859504132231405,0.5111111111111111,0.5,0.9510585069656372,0.862686038017273,0.6635726690292358,0.06860451400279999,0.5455376505851746,0.03821113705635071,0.028300417587161064,0.6233335137367249,0.014126947149634361
8003,4,4,,,,,,,,0.10523950308561325,0.034408725798130035,0.06352094560861588,,,
8004,7,7,,,,,,,,0.142894446849823,0.11926566809415817,0.2460462749004364,,,
8005,1,1,,,,,,,,0.5112886428833008,0.34290599822998047,0.341837614774704,,,
8006,9,9,,,,,,,,0.11354085803031921,0.12634775042533875,0.17743393778800964,,,
8007,0,0,,,,,,,,0.361564964056015,0.3147244453430176,0.2897871136665344,,,
8008,0,0,,,,,,,,0.5034294724464417,0.5964412093162537,0.6625915169715881,,,
8009,5,3,,,,,,,,0.3143055737018585,0.23790057003498077,0.13397973775863647,,,
8010,2,2,,,,,,,,0.5741141438484192,0.4260596036911011,0.3338649570941925,,,
8011,8,8,,,,,,,,0.14289319515228271,0.18124890327453613,0.11730680614709854,,,
8012,3,3,,,,,,,,0.4402763247489929,0.2496221661567688,0.3446570932865143,,,
8013,8,8,,,,,,,,0.38783708214759827,0.22273974120616913,0.137416809797287,,,
8014,2,4,,,,,,,,0.22827032208442688,0.4999873638153076,0.07219525426626205,,,
8015,8,8,8,0.1657142857142857,0.7,0.7435897435897436,0.9335353374481201,0.8624666929244995,0.7680451273918152,0.6178361177444458,0.028898468241095543,0.0268049668520689,0.6178895235061646,0.026184173300862312,0.02133088931441307
8016,4,4,,,,,,,,0.33593347668647766,0.27259477972984314,0.2658033072948456,,,
8017,0,0,,,,,,,,0.5445588231086731,0.7310829758644104,0.8958598375320435,,,
8018,8,8,,,,,,,,0.6103862524032593,0.3147650957107544,0.3608506917953491,,,
8019,3,3,,,,,,,,0.34187209606170654,0.26798775792121887,0.42485615611076355,,,
8020,6,6,3,0.5413533834586466,0.2911392405063291,0.3691275167785235,0.9545173645019531,0.6724291443824768,0.5717763304710388,0.07867661863565445,0.0917227640748024,0.030159512534737587,0.014021686278283596,0.17087703943252563,0.007389306090772152
8021,1,1,,,,,,,,0.4327506721019745,0.13810639083385468,0.24979354441165924,,,
8022,2,3,,,,,,,,0.03465762361884117,0.3698916435241699,0.18910086154937744,,,
8023,3,3,,,,,,,,0.47555896639823914,0.5112366676330566,0.4444415271282196,,,
8024,0,0,,,,,,,,0.5232166051864624,0.3780714273452759,0.8901844620704651,,,
8025,5,5,,,,,,,,0.13257481157779694,0.08215760439634323,0.08889050036668777,,,
8026,0,0,,,,,,,,0.33910462260246277,0.6025586128234863,0.772077202796936,,,
8027,4,4,,,,,,,,0.2556948959827423,0.3599500060081482,0.3243046998977661,,,
8028,1,1,,,,,,,,0.49811798334121704,0.08743622899055481,0.49501967430114746,,,
8029,7,7,,,,,,,,0.16657879948616028,0.14954940974712372,0.14299482107162476,,,
8030,2,2,0,0.43661971830985913,0.3333333333333333,0.2215568862275449,0.6392989754676819,0.786948561668396,0.5885970592498779,0.6026237607002258,0.032731231302022934,0.22416064143180847,0.5145300030708313,0.10589250922203064,0.013599875383079052
8031,0,0,,,,,,,,0.43057581782341003,0.5571852326393127,0.9427142143249512,,,
8032,1,1,,,,,,,,0.07130198925733566,0.13834679126739502,0.1355864256620407,,,
8033,3,5,,,,,,,,0.18839584290981293,0.0620146207511425,0.04894024133682251,,,
8034,9,9,,,,,,,,0.08799050748348236,0.07112428545951843,0.12843173742294312,,,
8035,1,1,,,,,,,,0.19989342987537384,0.1260622888803482,0.24287165701389313,,,
8036,6,6,6,0.8378378378378378,0.5338345864661654,0.8545454545454545,0.9931427836418152,0.8769245147705078,0.6867803335189819,0.030629662796854973,0.10579073429107666,0.05015981197357178,0.029717711731791496,0.10640598833560944,0.031098878011107445
8037,1,1,,,,,,,,0.2558443546295166,0.1297166347503662,0.2292550951242447,,,
8038,6,6,,,,,,,,0.20714737474918365,0.6079233288764954,0.1794348657131195,,,
8039,1,1,,,,,,,,0.1942017674446106,0.19270138442516327,0.10682136565446854,,,
8040,2,2,,,,,,,,0.5893528461456299,0.35491666197776794,0.3173673450946808,,,
8041,8,8,8,0.030303030303030304,0.8053097345132744,0.1657142857142857,0.8549680709838867,0.9631266593933105,0.529421865940094,0.4524245858192444,0.10273944586515427,0.22167478501796722,0.4272472858428955,0.10594639927148819,0.2769230008125305
8042,7,7,,,,,,,,0.2699827551841736,0.11955835670232773,0.40799087285995483,,,
8043,0,0,,,,,,,,0.07454194873571396,0.12560786306858063,0.2274588644504547,,,
8044,9,9,,,,,,,,0.10799267888069153,0.20473049581050873,0.10708167403936386,,,
8045,5,5,,,,,,,,0.2555447220802307,0.07382375001907349,0.18448735773563385,,,
8046,8,8,8,0.9065420560747663,0.4676258992805755,0.275,0.801870584487915,0.8898872137069702,0.5607205033302307,0.12642206251621246,0.01907215267419815,0.05924137309193611,0.12669691443443298,0.03192175179719925,0.12559229135513306
8047,0,0,,,,,,,,0.3484055995941162,0.7031376361846924,0.6657212972640991,,,
8048,0,0,,,,,,,,0.542421817779541,0.2415413111448288,0.7986992001533508,,,
8049,1,1,,,,,,,,0.5859938263893127,0.13380198180675507,0.5064771175384521,,,
8050,7,7,7,0.7739130434782608,0.7894736842105263,0.7,0.9921561479568481,0.9008439183235168,0.5239551067352295,0.1411101222038269,0.08474963158369064,0.05471944063901901,0.062030259519815445,0.033746764063835144,0.044302891939878464
8051,9,9,,,,,,,,0.13291813433170319,0.035348135977983475,0.07573685795068741,,,
8052,7,7,,,,,,,,0.25248152017593384,0.1644384264945984,0.2891066074371338,,,
8053,1,1,,,,,,,,0.5641318559646606,0.3165683150291443,0.48982346057891846,,,
8054,9,9,,,,,,,,0.17399641871452332,0.2533755600452423,0.2203657627105713,,,
8055,2,2,,,,,,,,0.485840767621994,0.03930968791246414,0.5171030759811401,,,
8056,1,1,,,,,,,,0.19983860850334167,0.17099629342556,0.06622032821178436,,,
8057,9,9,,,,,,,,0.14002469182014465,0.07888908684253693,0.11758960783481598,,,
8058,4,0,,,,,,,,0.29238656163215637,0.4428196847438812,0.4530857801437378,,,
8059,3,3,,,,,,,,0.3319183886051178,0.4120520353317261,0.28102949261665344,,,
8060,6,6,,,,,,,,0.17344926297664642,0.5449283123016357,0.2053055465221405,,,
8061,0,0,,,,,,,,0.5430713295936584,0.5693303942680359,0.6895191669464111,,,
8062,2,2,,,,,,,,0.6897611021995544,0.4132639765739441,0.36017847061157227,,,
8063,0,0,,,,,,,,0.42160317301750183,0.5539504885673523,0.6645897626876831,,,
8064,0,0,,,,,,,,0.4201955199241638,0.37271642684936523,0.7192420959472656,,,
8065,9,9,,,,,,,,0.2048696130514145,0.17891663312911987,0.18181906640529633,,,
8066,9,9,,,,,,,,0.07825081795454025,0.09194427728652954,0.014939271844923496,,,
8067,8,8,,,,,,,,0.6353568434715271,0.13601447641849518,0.15378513932228088,,,
8068,9,9,,,,,,,,0.3173539936542511,0.20801278948783875,0.18874101340770721,,,
8069,4,4,2,0.0,0.3783783783783784,0.36,0.2459745705127716,0.7693970799446106,0.5280269384384155,0.0428275391459465,0.13767313957214355,0.07650624215602875,0.00025419972371309996,0.06286440789699554,0.0005331705906428397
8070,5,5,,,,,,,,0.09826105833053589,0.13391156494617462,0.03803107887506485,,,
8071,4,4,4,0.3783783783783784,0.42657342657342656,0.7288135593220338,0.9680533409118652,0.8212878704071045,0.5617636442184448,0.02954576164484024,0.10060080140829086,0.05729374289512634,0.02430717460811138,0.15293492376804352,0.016879800707101822
8072,3,3,,,,,,,,0.35665053129196167,0.27310052514076233,0.2007509469985962,,,
8073,0,0,,,,,,,,0.6072239875793457,0.8876543045043945,0.7943652868270874,,,
8074,7,7,,,,,,,,0.20449063181877136,0.08776507526636124,0.2532685697078705,,,
8075,8,8,,,,,,,,0.7821940779685974,0.06359995901584625,0.08643606305122375,,,
8076,7,7,,,,,,,,0.4725702702999115,0.15342669188976288,0.32867059111595154,,,
8077,3,3,,,,,,,,0.21492166817188263,0.1340676099061966,0.1584046632051468,,,
8078,7,7,,,,,,,,0.2415395975112915,0.06654417514801025,0.07770584523677826,,,
8079,5,5,,,,,,,,0.34748101234436035,0.04947873577475548,0.07720023393630981,,,
8080,4,4,,,,,,,,0.24734896421432495,0.18621313571929932,0.20285247266292572,,,
8081,6,6,,,,,,,,0.2266431599855423,0.7298476099967957,0.15400007367134094,,,
8082,5,5,,,,,,,,0.4208041727542877,0.10712001472711563,0.13051912188529968,,,
8083,9,9,,,,,,,,0.5125115513801575,0.18211601674556732,0.14372609555721283,,,
8084,5,3,,,,,,,,0.2625293433666229,0.49216318130493164,0.44725462794303894,,,
8085,2,2,0,0.44680851063829785,0.4068965517241379,0.3783783783783784,0.877689778804779,0.8087283372879028,0.5719822645187378,0.5442004203796387,0.35794249176979065,0.41429221630096436,0.20588113367557526,0.13212907314300537,0.021749407052993774
8086,4,3,,,,,,,,0.09944531321525574,0.2716244161128998,0.027189647778868675,,,
8087,2,2,2,0.8888888888888888,0.8715596330275229,0.43661971830985913,0.9978863000869751,0.9828472137451172,0.5325697660446167,0.5901141166687012,0.28535428643226624,0.5321246385574341,0.5374194979667664,0.38219648599624634,0.19881410896778107
8088,7,7,,,,,,,,0.36085668206214905,0.13601718842983246,0.3374010920524597,,,
8089,9,9,,,,,,,,0.40380921959877014,0.30724838376045227,0.1562664806842804,,,
8090,6,6,,,,,,,,0.17808374762535095,0.5251748561859131,0.12099757790565491,,,
8091,7,7,,,,,,,,0.04467277228832245,0.13841512799263,0.04002470523118973,,,
8092,4,4,,,,,,,,0.1873975694179535,0.07623448222875595,0.15145893394947052,,,
8093,7,7,,,,,,,,0.12213221937417984,0.07699260115623474,0.06076150760054588,,,
8094,1,1,,,,,,,,0.6600509285926819,0.35309597849845886,0.4989898204803467,,,
8095,2,2,,,,,,,,0.4195513129234314,0.10312053561210632,0.48549386858940125,,,
8096,3,3,,,,,,,,0.49726590514183044,0.3181173503398895,0.5298129916191101,,,
8097,1,1,,,,,,,,0.4761940538883209,0.41719886660575867,0.3850758671760559,,,
8098,1,1,,,,,,,,0.37661242485046387,0.29040810465812683,0.2846962809562683,,,
8099,3,3,,,,,,,,0.48446130752563477,0.38132473826408386,0.2931063771247864,,,
8100,6,6,,,,,,,,0.4219989776611328,0.6957112550735474,0.1286955624818802,,,
8101,8,8,,,,,,,,0.4018855392932892,0.22490368783473969,0.3173104226589203,,,
8102,3,3,,,,,,,,0.1318182796239853,0.19968581199645996,0.23497268557548523,,,
8103,7,7,,,,,,,,0.13913585245609283,0.10124658048152924,0.1371280401945114,,,
8104,7,7,,,,,,,,0.21128661930561066,0.06829289346933365,0.14316394925117493,,,
8105,0,0,,,,,,,,0.8410062193870544,0.6376993656158447,0.4988958537578583,,,
8106,8,8,,,,,,,,0.784192681312561,0.05005229264497757,0.1444951593875885,,,
8107,1,1,,,,,,,,0.4028787910938263,0.23596978187561035,0.6903308629989624,,,
8108,5,5,,,,,,,,0.5016477704048157,0.061859261244535446,0.13275080919265747,,,
8109,2,2,,,,,,,,0.7254051566123962,0.034151580184698105,0.16285213828086853,,,
8110,5,5,3,0.5,0.5813953488372093,0.5454545454545454,0.8120110034942627,0.927673876285553,0.5748002529144287,0.2695409953594208,0.17868691682815552,0.030034329742193222,0.06952287256717682,0.09703245013952255,0.0052565899677574635
8111,5,5,,,,,,,,0.23029731214046478,0.07874157279729843,0.09934549033641815,,,
8112,3,3,,,,,,,,0.20533643662929535,0.29504722356796265,0.18281973898410797,,,
8113,6,6,,,,,,,,0.26449885964393616,0.6821712851524353,0.16667738556861877,,,
8114,3,3,,,,,,,,0.2181919664144516,0.1554868221282959,0.13757434487342834,,,
8115,5,5,2,0.2,0.5223880597014925,0.2830188679245283,0.4656383991241455,0.9028027653694153,0.47033023834228516,0.20947308838367462,0.2234409749507904,0.22411338984966278,0.14424538612365723,0.12343182414770126,0.026069214567542076
8116,9,9,,,,,,,,0.14876466989517212,0.19133815169334412,0.13936260342597961,,,
8117,8,8,,,,,,,,0.3205258846282959,0.28039616346359253,0.07867119461297989,,,
8118,4,4,6,0.24390243902439024,0.5,0.5223880597014925,0.749444842338562,0.8320639133453369,0.3836195766925812,0.025613879784941673,0.027197973802685738,0.02636054903268814,0.013464599847793579,0.01547554787248373,0.001249105203896761
8119,6,6,2,0.3246753246753247,0.5111111111111111,0.3509933774834437,0.5893093943595886,0.8508510589599609,0.5157147645950317,0.11525647342205048,0.2907751798629761,0.025682751089334488,0.008907807990908623,0.33994823694229126,0.0051813311874866486
8120,8,8,,,,,,,,0.2961374521255493,0.03776751458644867,0.07748120278120041,,,
8121,0,0,,,,,,,,0.4361145496368408,0.33383604884147644,0.6150203347206116,,,
8122,4,4,,,,,,,,0.44933459162712097,0.2585636377334595,0.17874117195606232,,,
8123,1,1,,,,,,,,0.028640277683734894,0.0817435011267662,0.038696110248565674,,,
8124,7,7,,,,,,,,0.47635409235954285,0.25533875823020935,0.41076648235321045,,,
8125,8,8,1,0.11475409836065574,0.48905109489051096,0.2,0.42211341857910156,0.7761805057525635,0.28727611899375916,0.08452485501766205,0.030542070046067238,0.08521005511283875,0.007149519398808479,0.007123945746570826,0.005075250752270222
8126,4,4,3,0.7739130434782608,0.8214285714285714,0.6062992125984252,0.9128702878952026,0.8936064839363098,0.7648802995681763,0.25130486488342285,0.19554995000362396,0.05593929439783096,0.015116076916456223,0.1414875090122223,0.030609767884016037
8127,9,9,,,,,,,,0.21602904796600342,0.14308343827724457,0.3690197765827179,,,
8128,7,4,,,,,,,,0.17368000745773315,0.3817339837551117,0.04117775335907936,,,
8129,2,2,,,,,,,,0.7503910064697266,0.08811665326356888,0.2854001820087433,,,
8130,6,6,,,,,,,,0.34873253107070923,0.6254051923751831,0.2046843022108078,,,
8131,3,6,,,,,,,,0.07996893674135208,0.1135987788438797,0.02786380983889103,,,
8132,8,8,,,,,,,,0.6732766628265381,0.1537477821111679,0.21865825355052948,,,
8133,8,8,,,,,,,,0.52023845911026,0.10698981583118439,0.3855936527252197,,,
8134,6,6,,,,,,,,0.09586599469184875,0.18728579580783844,0.11018519103527069,,,
8135,7,3,,,,,,,,0.03002227284014225,0.22288869321346283,0.08045323938131332,,,
8136,3,3,,,,,,,,0.10203961282968521,0.40341538190841675,0.07818934321403503,,,
8137,8,8,,,,,,,,0.37983590364456177,0.09850058704614639,0.07159309834241867,,,
8138,1,1,,,,,,,,0.17000864446163177,0.23497092723846436,0.026028303429484367,,,
8139,1,1,,,,,,,,0.19166719913482666,0.08278101682662964,0.09555545449256897,,,
8140,5,5,,,,,,,,0.20063097774982452,0.10976190865039825,0.26211172342300415,,,
8141,3,3,,,,,,,,0.16738379001617432,0.22460079193115234,0.22809289395809174,,,
8142,7,7,8,0.3877551020408163,0.5692307692307692,0.3076923076923077,0.8369663953781128,0.911686897277832,0.6688118577003479,0.017340727150440216,0.046454913914203644,0.02222347818315029,0.05081021785736084,0.01294004637748003,0.040260303765535355
8143,9,9,,,,,,,,0.09256717562675476,0.10744647681713104,0.11222272366285324,,,
8144,9,9,,,,,,,,0.2023622691631317,0.12237855046987534,0.24364705383777618,,,
8145,9,9,,,,,,,,0.1874389946460724,0.2065158486366272,0.07479449361562729,,,
8146,8,8,,,,,,,,0.24066424369812012,0.04518354311585426,0.12390372902154922,,,
8147,5,5,,,,,,,,0.2131655216217041,0.08147282898426056,0.328303724527359,,,
8148,9,9,,,,,,,,0.13007813692092896,0.10699547082185745,0.17222772538661957,,,
8149,9,9,,,,,,,,0.3812699317932129,0.11677783727645874,0.21314288675785065,,,
8150,6,6,,,,,,,,0.31795528531074524,0.6544834971427917,0.28128111362457275,,,
8151,8,8,,,,,,,,0.49266067147254944,0.1142520159482956,0.13633853197097778,,,
8152,8,8,,,,,,,,0.287777304649353,0.24473537504673004,0.18963086605072021,,,
8153,4,4,4,0.7435897435897436,0.48905109489051096,0.11475409836065574,0.9772354364395142,0.8863101601600647,0.08397126942873001,0.02957198955118656,0.06942423433065414,0.18154184520244598,0.03433321416378021,0.11163227260112762,0.16467995941638947
8154,8,8,,,,,,,,0.3236694931983948,0.05773869901895523,0.10735399276018143,,,
8155,1,1,,,,,,,,0.38381630182266235,0.3423578143119812,0.48809462785720825,,,
8156,0,0,,,,,,,,0.13452565670013428,0.8781855702400208,0.5988522171974182,,,
8157,1,1,,,,,,,,0.5489623546600342,0.3099117577075958,0.3765142261981964,,,
8158,8,8,,,,,,,,0.5340538620948792,0.2132485806941986,0.23661422729492188,,,
8159,8,8,,,,,,,,0.4099649488925934,0.2788679003715515,0.2752046585083008,,,
8160,6,6,,,,,,,,0.14146271347999573,0.6657319664955139,0.1473674327135086,,,
8161,5,5,3,0.046153846153846156,0.34210526315789475,0.48905109489051096,0.400168240070343,0.7508861422538757,0.7097197771072388,0.10422740131616592,0.033151205629110336,0.140452578663826,0.14165982604026794,0.006880585569888353,0.012651395983994007
8162,9,9,,,,,,,,0.24798054993152618,0.12924839556217194,0.1871405839920044,,,
8163,0,0,,,,,,,,0.694552481174469,0.6775417923927307,0.8139140009880066,,,
8164,6,6,,,,,,,,0.40855035185813904,0.529358446598053,0.14629261195659637,,,
8165,1,1,,,,,,,,0.07649686187505722,0.05394190922379494,0.05914124846458435,,,
8166,2,6,,,,,,,,0.04532565176486969,0.29161906242370605,0.06270822882652283,,,
8167,6,6,,,,,,,,0.5084312558174133,0.5623138546943665,0.3254842758178711,,,
8168,6,6,3,0.29936305732484075,0.6585365853658537,0.4068965517241379,0.399211585521698,0.8936430215835571,0.8188230395317078,0.1575198620557785,0.6052314043045044,0.08426613360643387,0.024899009615182877,0.5680031776428223,0.00937020406126976
8169,3,3,,,,,,,,0.27179038524627686,0.4128749966621399,0.11279693990945816,,,
8170,5,5,,,,,,,,0.3176495134830475,0.071638323366642,0.2564026117324829,,,
8171,6,6,,,,,,,,0.05938049405813217,0.36610040068626404,0.0320611447095871,,,
8172,5,5,3,0.2911392405063291,0.36,0.0851063829787234,0.7357972860336304,0.8803807497024536,0.3531144857406616,0.04384440928697586,0.15306134521961212,0.03387831524014473,0.000218632398173213,0.25473397970199585,0.00331221055239439
8173,5,5,3,0.1590909090909091,0.43661971830985913,0.3783783783783784,0.4464288353919983,0.8861809968948364,0.46383553743362427,0.2719617486000061,0.04771175980567932,0.1033763736486435,0.06083991006016731,0.08558322489261627,0.0055346256121993065
8174,3,3,5,0.29936305732484075,0.5338345864661654,0.29936305732484075,0.8433554768562317,0.9379844665527344,0.2941994071006775,0.200029194355011,0.2393820881843567,0.07993405312299728,0.10050484538078308,0.12964335083961487,0.03363216668367386
8175,3,3,,,,,,,,0.15259408950805664,0.17009562253952026,0.2257414609193802,,,
8176,6,6,,,,,,,,0.29734471440315247,0.4639012813568115,0.17096641659736633,,,
8177,8,8,,,,,,,,0.3385852873325348,0.03451170027256012,0.07123728841543198,,,
8178,9,9,,,,,,,,0.36097952723503113,0.2516390383243561,0.16275615990161896,,,
8179,4,4,,,,,,,,0.3997575640678406,0.1814476102590561,0.20610184967517853,,,
8180,4,4,,,,,,,,0.2004287838935852,0.28269049525260925,0.23267365992069244,,,
8181,3,3,,,,,,,,0.47906139492988586,0.5621716976165771,0.34285441040992737,,,
8182,8,8,,,,,,,,0.7265244722366333,0.03297817334532738,0.4256835877895355,,,
8183,3,3,,,,,,,,0.46811121702194214,0.5529407858848572,0.3795730471611023,,,
8184,6,6,,,,,,,,0.12477529048919678,0.406402051448822,0.539980947971344,,,
8185,0,0,,,,,,,,0.4352755546569824,0.6423211693763733,0.6909614205360413,,,
8186,8,8,,,,,,,,0.6674379110336304,0.03214559331536293,0.32971712946891785,,,
8187,5,5,,,,,,,,0.5607308745384216,0.12060850858688354,0.20444917678833008,,,
8188,7,7,,,,,,,,0.33861181139945984,0.21459710597991943,0.23755520582199097,,,
8189,8,8,,,,,,,,0.46641406416893005,0.38668516278266907,0.15247394144535065,,,
8190,4,4,,,,,,,,0.21303576231002808,0.1589944213628769,0.20904354751110077,,,
8191,6,2,,,,,,,,0.31705737113952637,0.03588761016726494,0.23118317127227783,,,
8192,5,5,,,,,,,,0.48161864280700684,0.057189952582120895,0.08202487230300903,,,
8193,3,3,5,0.1590909090909091,0.44680851063829785,0.10869565217391304,0.6676706671714783,0.8545189499855042,0.3780781626701355,0.4835541844367981,0.5081965923309326,0.15221327543258667,0.023915918543934822,0.3770157992839813,0.019318128004670143
8194,1,1,,,,,,,,0.43135780096054077,0.10890736430883408,0.3280515968799591,,,
8195,8,8,,,,,,,,0.6601648926734924,0.08002876490354538,0.15557999908924103,,,
8196,3,3,0,0.44680851063829785,0.3161290322580645,0.43661971830985913,0.8635265827178955,0.7670838832855225,0.5155202150344849,0.06984417885541916,0.13605272769927979,0.07853339612483978,0.0400710366666317,0.22152800858020782,0.04666285216808319
8197,0,0,,,,,,,,0.6567651033401489,0.5852227807044983,0.9204375743865967,,,
8198,4,0,,,,,,,,0.24167500436306,0.28379401564598083,0.4097679853439331,,,
8199,4,4,,,,,,,,0.19392845034599304,0.23094694316387177,0.08305354416370392,,,
8200,3,3,,,,,,,,0.4451424777507782,0.4088035821914673,0.12438107281923294,,,
8201,3,3,,,,,,,,0.1383841335773468,0.32183244824409485,0.07827922701835632,,,
8202,5,5,,,,,,,,0.30961155891418457,0.11168497055768967,0.12396269291639328,,,
8203,3,3,,,,,,,,0.4649266302585602,0.4412366449832916,0.19324147701263428,,,
8204,3,3,,,,,,,,0.289657324552536,0.49572405219078064,0.6788835525512695,,,
8205,2,2,,,,,,,,0.3723088204860687,0.09526655077934265,0.17624065279960632,,,
8206,7,7,,,,,,,,0.13879603147506714,0.08812997490167618,0.34446775913238525,,,
8207,7,7,,,,,,,,0.3323710858821869,0.10308358073234558,0.41196608543395996,,,
8208,8,8,,,,,,,,0.6244361400604248,0.02929687686264515,0.10587716847658157,,,
8209,2,2,,,,,,,,0.2458830177783966,0.1226903572678566,0.16712531447410583,,,
8210,0,0,,,,,,,,0.8776019215583801,0.7147797346115112,0.9659109115600586,,,
8211,5,5,,,,,,,,0.39734748005867004,0.1682007759809494,0.2071963995695114,,,
8212,5,3,,,,,,,,0.23656941950321198,0.12163694202899933,0.11589077115058899,,,
8213,6,6,,,,,,,,0.12672559916973114,0.42584604024887085,0.06821571290493011,,,
8214,1,1,,,,,,,,0.1997489035129547,0.23313352465629578,0.12101992219686508,,,
8215,1,1,,,,,,,,0.27107465267181396,0.16484366357326508,0.3622778058052063,,,
8216,3,3,,,,,,,,0.32602760195732117,0.3731548488140106,0.5433346033096313,,,
8217,9,9,,,,,,,,0.18383069336414337,0.15538734197616577,0.17595699429512024,,,
8218,9,9,,,,,,,,0.0723971277475357,0.0899503156542778,0.16175593435764313,,,
8219,3,3,2,0.1791907514450867,0.3509933774834437,0.0967741935483871,0.35725992918014526,0.7803884148597717,0.29279500246047974,0.28325432538986206,0.5487200021743774,0.34162160754203796,0.17631830275058746,0.25716131925582886,0.08905737847089767
8220,6,6,,,,,,,,0.09901365637779236,0.4945651888847351,0.09172991663217545,,,
8221,7,7,,,,,,,,0.45704108476638794,0.23478680849075317,0.18940486013889313,,,
8222,1,1,,,,,,,,0.026050224900245667,0.08596956729888916,0.03534917160868645,,,
8223,8,8,0,0.3076923076923077,0.3691275167785235,0.25925925925925924,0.3163837194442749,0.7884395122528076,0.3736497163772583,0.6483855843544006,0.0711926519870758,0.15973424911499023,0.37062495946884155,0.03878767788410187,0.006654541939496994
8224,3,3,3,0.8053097345132744,0.5572519083969466,0.3161290322580645,0.9788656830787659,0.8876498341560364,0.46236127614974976,0.4504598379135132,0.27397990226745605,0.13732832670211792,0.40728098154067993,0.35463476181030273,0.2259669154882431
8225,9,9,,,,,,,,0.11753492802381516,0.05346836894750595,0.06042879447340965,,,
8226,8,3,,,,,,,,0.17422886192798615,0.4751599431037903,0.03609740361571312,,,
8227,7,7,,,,,,,,0.24315090477466583,0.24141454696655273,0.1502905637025833,,,
8228,8,8,,,,,,,,0.293443500995636,0.45120859146118164,0.3167218565940857,,,
8229,8,8,,,,,,,,0.15395395457744598,0.03330772742629051,0.13717542588710785,,,
8230,0,0,,,,,,,,0.33825626969337463,0.6542894244194031,0.8594250082969666,,,
8231,3,3,,,,,,,,0.19706596434116364,0.31270474195480347,0.07087650895118713,,,
8232,2,2,,,,,,,,0.5571600794792175,0.37383872270584106,0.5310435891151428,,,
8233,4,4,,,,,,,,0.34019550681114197,0.39646777510643005,0.13997004926204681,,,
8234,8,8,,,,,,,,0.30318325757980347,0.17180535197257996,0.13908876478672028,,,
8235,7,7,,,,,,,,0.346870094537735,0.44866040349006653,0.32576784491539,,,
8236,5,3,,,,,,,,0.18099892139434814,0.3718390464782715,0.16242453455924988,,,
8237,7,7,,,,,,,,0.3465486466884613,0.22367292642593384,0.31585967540740967,,,
8238,1,1,,,,,,,,0.5001874566078186,0.32644784450531006,0.1541122943162918,,,
8239,8,8,,,,,,,,0.5652311444282532,0.1166296973824501,0.17972959578037262,,,
8240,7,7,,,,,,,,0.28780215978622437,0.14597256481647491,0.2645018398761749,,,
8241,3,3,,,,,,,,0.0802103579044342,0.45065370202064514,0.17949101328849792,,,
8242,5,5,,,,,,,,0.11267568916082382,0.03065204806625843,0.07657819986343384,,,
8243,4,4,,,,,,,,0.41476738452911377,0.5298024415969849,0.3717977702617645,,,
8244,4,4,4,0.5813953488372093,0.4068965517241379,0.12087912087912088,0.9595406651496887,0.8198341131210327,0.5425902605056763,0.10541009902954102,0.16966469585895538,0.08806151151657104,0.08102286607027054,0.08711408823728561,0.09056400507688522
8245,3,3,,,,,,,,0.27344846725463867,0.42237478494644165,0.2767099142074585,,,
8246,8,8,,,,,,,,0.6897488832473755,0.19801050424575806,0.3131614923477173,,,
8247,6,6,,,,,,,,0.6220683455467224,0.5260040760040283,0.3558792471885681,,,
8248,1,1,1,0.6190476190476191,0.7,0.59375,0.992341935634613,0.9781032800674438,0.6322574615478516,0.026653796434402466,0.02466491609811783,0.1704949140548706,0.018372761085629463,0.018062390387058258,0.01861448399722576
8249,1,1,,,,,,,,0.165090873837471,0.08936250954866409,0.205233633518219,,,
8250,6,6,,,,,,,,0.32796043157577515,0.5430571436882019,0.24103963375091553,,,
8251,3,3,,,,,,,,0.39204883575439453,0.43719831109046936,0.42392152547836304,,,
8252,2,2,,,,,,,,0.2303868979215622,0.04483555257320404,0.19466212391853333,,,
8253,2,2,,,,,,,,0.5725747346878052,0.11285171657800674,0.4274125397205353,,,
8254,8,8,,,,,,,,0.593132495880127,0.06297063082456589,0.09014925360679626,,,
8255,9,9,,,,,,,,0.3354388177394867,0.1931890994310379,0.23703759908676147,,,
8256,8,8,,,,,,,,0.519008994102478,0.17480945587158203,0.2252817004919052,,,
8257,3,3,,,,,,,,0.13047130405902863,0.25687289237976074,0.11028776317834854,,,
8258,3,3,,,,,,,,0.11510242521762848,0.3034578859806061,0.08165737986564636,,,
8259,8,8,,,,,,,,0.18709437549114227,0.09895654767751694,0.22071081399917603,,,
8260,1,1,,,,,,,,0.4226694107055664,0.028729291632771492,0.25453391671180725,,,
8261,1,1,,,,,,,,0.09121447056531906,0.30779361724853516,0.08317837119102478,,,
8262,0,0,2,0.36666666666666664,0.7435897435897436,0.2911392405063291,0.937229573726654,0.9331826567649841,0.5143884420394897,0.3627896308898926,0.28085392713546753,0.3931574821472168,0.39455193281173706,0.28741511702537537,0.2597740888595581
8263,5,5,,,,,,,,0.33300724625587463,0.10783002525568008,0.20014923810958862,,,
8264,2,2,,,,,,,,0.5835682153701782,0.3803669512271881,0.534534215927124,,,
8265,0,0,,,,,,,,0.41295090317726135,0.656771719455719,0.721015453338623,,,
8266,5,5,5,0.9428571428571428,0.8053097345132744,0.3783783783783784,0.9966417551040649,0.9783742427825928,0.5937197208404541,0.12434741109609604,0.03798931837081909,0.11416260153055191,0.13580499589443207,0.0311268400400877,0.05920567363500595
8267,0,0,,,,,,,,0.528045654296875,0.4763292670249939,0.5092575550079346,,,
8268,5,4,,,,,,,,0.17763184010982513,0.2825647294521332,0.42025047540664673,,,
8269,8,0,,,,,,,,0.4002837538719177,0.06501496583223343,0.29341721534729004,,,
8270,6,6,,,,,,,,0.344776451587677,0.5502811074256897,0.28004881739616394,,,
8271,3,3,,,,,,,,0.30522212386131287,0.781096339225769,0.2960755228996277,,,
8272,9,9,,,,,,,,0.12547114491462708,0.1583879142999649,0.1387195587158203,,,
8273,6,6,,,,,,,,0.2852970361709595,0.5901151299476624,0.3041214048862457,,,
8274,6,6,,,,,,,,0.11516289412975311,0.25724199414253235,0.0765487402677536,,,
8275,3,3,,,,,,,,0.16620007157325745,0.30239251255989075,0.21359175443649292,,,
8276,9,9,,,,,,,,0.08210495114326477,0.17967914044857025,0.07396984100341797,,,
8277,4,4,,,,,,,,0.053185950964689255,0.051822662353515625,0.07537367194890976,,,
8278,8,8,,,,,,,,0.3723740577697754,0.21537287533283234,0.09118729084730148,,,
8279,3,3,,,,,,,,0.4002414047718048,0.13711421191692352,0.09977351129055023,,,
8280,4,4,,,,,,,,0.16539756953716278,0.09588329493999481,0.1379816234111786,,,
8281,3,3,3,0.632,0.3783783783783784,0.03553299492385787,0.9850541353225708,0.8908078670501709,0.07822034507989883,0.17650654911994934,0.34833481907844543,0.2070540189743042,0.17701198160648346,0.33352968096733093,0.159303680062294
8282,1,1,,,,,,,,0.27801409363746643,0.10633804649114609,0.29125723242759705,,,
8283,1,1,,,,,,,,0.08442560583353043,0.21328048408031464,0.1382656693458557,,,
8284,2,2,,,,,,,,0.49389010667800903,0.2831117510795593,0.20789441466331482,,,
8285,9,9,,,,,,,,0.37620604038238525,0.14037878811359406,0.2359977662563324,,,
8286,7,7,,,,,,,,0.0314117968082428,0.05205964669585228,0.04241523891687393,,,
8287,8,8,,,,,,,,0.5006864666938782,0.27101004123687744,0.16836325824260712,,,
8288,5,5,,,,,,,,0.6638595461845398,0.08309657126665115,0.18581436574459076,,,
8289,5,5,,,,,,,,0.2156643271446228,0.15352413058280945,0.13797926902770996,,,
8290,8,8,8,0.6585365853658537,1.0,0.6859504132231405,0.9980745315551758,0.9716246128082275,0.7804509401321411,0.2764532268047333,0.03148201107978821,0.08808913081884384,0.39831623435020447,0.04170425236225128,0.0543830431997776
8291,6,6,,,,,,,,0.37742093205451965,0.416481077671051,0.026054786518216133,,,
8292,9,9,,,,,,,,0.21488933265209198,0.10724298655986786,0.33029648661613464,,,
8293,0,0,,,,,,,,0.2658587694168091,0.5969344973564148,0.49221399426460266,,,
8294,8,8,,,,,,,,0.6069958209991455,0.2890549302101135,0.2393941581249237,,,
8295,3,0,,,,,,,,0.4492495357990265,0.3672643005847931,0.5042580366134644,,,
8296,5,3,,,,,,,,0.22321730852127075,0.41508373618125916,0.15722359716892242,,,
8297,1,1,,,,,,,,0.2247176170349121,0.11147294193506241,0.346373975276947,,,
8298,3,3,3,0.9615384615384616,0.8715596330275229,0.5223880597014925,0.9991258382797241,0.959013819694519,0.39500123262405396,0.08926932513713837,0.16344475746154785,0.05619116127490997,0.08770409971475601,0.12145628035068512,0.045287057757377625
8299,3,3,,,,,,,,0.2100539654493332,0.23486807942390442,0.30527350306510925,,,
8300,5,7,,,,,,,,0.20161448419094086,0.012927180156111717,0.011073713190853596,,,
8301,5,5,,,,,,,,0.19567084312438965,0.16574522852897644,0.1716935634613037,,,
8302,3,3,,,,,,,,0.3520987033843994,0.40732312202453613,0.32528868317604065,,,
8303,8,8,,,,,,,,0.06821788102388382,0.06352394819259644,0.15751118957996368,,,
8304,1,1,1,0.8214285714285714,0.5338345864661654,0.2670807453416149,0.952643871307373,0.8496382236480713,0.667076587677002,0.15942026674747467,0.08842744678258896,0.09203260391950607,0.15220586955547333,0.10219313949346542,0.11624378710985184
8305,4,4,3,0.5454545454545454,0.4782608695652174,0.21428571428571427,0.6845896244049072,0.8533965945243835,0.3912609815597534,0.09011615812778473,0.3305152952671051,0.45709681510925293,0.0014595573302358389,0.18591029942035675,0.10060013830661774
8306,6,6,2,0.5572519083969466,0.5223880597014925,0.275,0.9543038606643677,0.873149037361145,0.590067982673645,0.11364975571632385,0.6526222229003906,0.08970622718334198,0.09727029502391815,0.4039459824562073,0.022053401917219162
8307,4,4,,,,,,,,0.4750232696533203,0.43603843450546265,0.5917059779167175,,,
8308,2,2,,,,,,,,0.522760272026062,0.3278834819793701,0.3866006135940552,,,
8309,4,4,,,,,,,,0.4606628715991974,0.6026085019111633,0.1265430450439453,,,
8310,3,3,,,,,,,,0.359254390001297,0.2946435213088989,0.23274153470993042,,,
8311,8,8,,,,,,,,0.3545573055744171,0.17534422874450684,0.31479567289352417,,,
8312,9,1,,,,,,,,0.02441069670021534,0.030652105808258057,0.04326964169740677,,,
8313,6,6,,,,,,,,0.1222584918141365,0.4515661299228668,0.1183420717716217,,,
8314,6,2,,,,,,,,0.5008178949356079,0.12478672713041306,0.09467534720897675,,,
8315,6,6,6,0.34210526315789475,0.4068965517241379,0.44680851063829785,0.9567766189575195,0.8108901381492615,0.5278356075286865,0.08559774607419968,0.4262593984603882,0.05712705850601196,0.058877356350421906,0.48504018783569336,0.028840502724051476
8316,5,5,5,0.8378378378378378,0.7288135593220338,0.7,0.993686318397522,0.9375478625297546,0.49708911776542664,0.12753795087337494,0.18060006201267242,0.07034680992364883,0.16756734251976013,0.18898315727710724,0.03744532912969589
8317,5,5,3,0.030303030303030304,0.3161290322580645,0.6190476190476191,0.10657598078250885,0.783116340637207,0.4025605618953705,0.11587191373109818,0.10599316656589508,0.04889198765158653,0.025749031454324722,0.021128036081790924,0.013945256359875202
8318,2,2,,,,,,,,0.42790699005126953,0.17817646265029907,0.1252290904521942,,,
8319,7,7,,,,,,,,0.38569962978363037,0.3096824884414673,0.411457359790802,,,
8320,7,7,,,,,,,,0.09415362775325775,0.04328203573822975,0.12025658786296844,,,
8321,4,4,,,,,,,,0.18913595378398895,0.15605071187019348,0.16916348040103912,,,
8322,4,4,,,,,,,,0.11465350538492203,0.2529579997062683,0.3601591885089874,,,
8323,9,9,,,,,,,,0.07161161303520203,0.16897763311862946,0.16169871389865875,,,
8324,3,5,,,,,,,,0.15409763157367706,0.07096891850233078,0.19712749123573303,,,
8325,8,8,,,,,,,,0.09482046961784363,0.11479587852954865,0.12642692029476166,,,
8326,3,3,3,0.9245283018867925,0.7288135593220338,0.7,0.9991925954818726,0.964400053024292,0.43764275312423706,0.1108267530798912,0.19396565854549408,0.07934094965457916,0.10635772347450256,0.34624800086021423,0.033880122005939484
8327,7,7,,,,,,,,0.13103553652763367,0.2238328605890274,0.22252163290977478,,,
8328,7,7,,,,,,,,0.13863319158554077,0.031095631420612335,0.07950389385223389,,,
8329,8,8,,,,,,,,0.5443401336669922,0.05588070675730705,0.11230745911598206,,,
8330,5,5,,,,,,,,0.2572178840637207,0.06543979793787003,0.052812300622463226,,,
8331,3,3,,,,,,,,0.12318315356969833,0.13766825199127197,0.15072456002235413,,,
8332,9,9,,,,,,,,0.20734800398349762,0.12584933638572693,0.2682079076766968,,,
8333,1,1,,,,,,,,0.1929408758878708,0.2171885371208191,0.1162603348493576,,,
8334,6,6,,,,,,,,0.3488542139530182,0.4960496723651886,0.1817048043012619,,,
8335,7,7,3,0.13966480446927373,0.45714285714285713,0.25925925925925924,0.7349746227264404,0.7973746061325073,0.43424874544143677,0.029276970773935318,0.015330157242715359,0.04044350981712341,0.010596975684165955,0.005903381388634443,0.07651109248399734
8336,3,3,,,,,,,,0.7782508134841919,0.5814552903175354,0.4296814203262329,,,
8337,3,3,3,0.5111111111111111,0.3972602739726027,0.0851063829787234,0.9665035009384155,0.8209334015846252,0.32472464442253113,0.5050133466720581,0.5915170907974243,0.2292950600385666,0.4583307206630707,0.5299195051193237,0.37999698519706726
8338,3,3,,,,,,,,0.1662418097257614,0.14722716808319092,0.20603014528751373,,,
8339,8,8,8,0.2289156626506024,0.4166666666666667,0.3691275167785235,0.26206159591674805,0.8048739433288574,0.441860556602478,0.6693411469459534,0.09397529065608978,0.040460169315338135,0.03728313371539116,0.1059071272611618,0.024981407448649406
8340,5,5,5,0.8715596330275229,0.6859504132231405,0.59375,0.9889776706695557,0.9284731149673462,0.7278947830200195,0.06348610669374466,0.045739561319351196,0.03116466850042343,0.12071959674358368,0.05518569052219391,0.036991581320762634
8341,6,6,6,0.8545454545454545,0.7,0.5111111111111111,0.996347963809967,0.9581375122070312,0.7330336570739746,0.11965084075927734,0.604785680770874,0.06295634061098099,0.11958138644695282,0.574416995048523,0.06842535734176636
8342,1,1,,,,,,,,0.05714736133813858,0.16764116287231445,0.11702948808670044,,,
8343,3,3,,,,,,,,0.21740619838237762,0.2910959720611572,0.41065332293510437,,,
8344,7,7,,,,,,,,0.3034169375896454,0.14261558651924133,0.22153179347515106,,,
8345,9,9,,,,,,,,0.06300101429224014,0.16697245836257935,0.06147921830415726,,,
8346,6,6,,,,,,,,0.08822374790906906,0.2838122546672821,0.11659633368253708,,,
8347,1,1,,,,,,,,0.22879785299301147,0.404427707195282,0.37078481912612915,,,
8348,6,6,,,,,,,,0.177269846200943,0.4922682046890259,0.02458389289677143,,,
8349,4,4,,,,,,,,0.3094468116760254,0.4166133999824524,0.2680758535861969,,,
8350,9,9,,,,,,,,0.13998034596443176,0.14681142568588257,0.024684997275471687,,,
8351,0,0,,,,,,,,0.6065998077392578,0.6665359735488892,0.5465922355651855,,,
8352,5,5,,,,,,,,0.34549468755722046,0.10124142467975616,0.08038144558668137,,,
8353,7,7,,,,,,,,0.34241175651550293,0.15109333395957947,0.2174096554517746,,,
8354,4,4,,,,,,,,0.19017697870731354,0.4074019193649292,0.21442647278308868,,,
8355,9,9,,,,,,,,0.5251607298851013,0.21349091827869415,0.21408432722091675,,,
8356,1,1,,,,,,,,0.29509055614471436,0.19014078378677368,0.11121752858161926,,,
8357,0,0,3,0.3691275167785235,0.5813953488372093,0.29936305732484075,0.9204586744308472,0.9092308878898621,0.3278605043888092,0.5310169458389282,0.4181239902973175,0.9474890232086182,0.74925297498703,0.35188937187194824,0.7337349653244019
8358,0,0,,,,,,,,0.4259294867515564,0.5934481024742126,0.5821986198425293,,,
8359,2,2,,,,,,,,0.7723133563995361,0.3435210883617401,0.22146908938884735,,,
8360,7,7,,,,,,,,0.1454477161169052,0.4438728988170624,0.16675978899002075,,,
8361,8,8,,,,,,,,0.4099620282649994,0.03605939820408821,0.040999382734298706,,,
8362,3,5,,,,,,,,0.05047211796045303,0.11341448873281479,0.08826225996017456,,,
8363,2,5,,,,,,,,0.08088482171297073,0.05815036594867706,0.027158325538039207,,,
8364,7,2,,,,,,,,0.7089190483093262,0.06884564459323883,0.05497921258211136,,,
8365,6,6,,,,,,,,0.3047979772090912,0.6146262288093567,0.20297406613826752,,,
8366,1,1,,,,,,,,0.44616803526878357,0.31216707825660706,0.40709587931632996,,,
8367,6,6,,,,,,,,0.3970051109790802,0.5675802230834961,0.14319276809692383,,,
8368,6,6,,,,,,,,0.2634887993335724,0.8075050711631775,0.24107076227664948,,,
8369,4,4,,,,,,,,0.22991882264614105,0.24411723017692566,0.2289852797985077,,,
8370,4,4,,,,,,,,0.24649186432361603,0.3647097945213318,0.30377861857414246,,,
8371,2,2,,,,,,,,0.34840136766433716,0.20389507710933685,0.1927008479833603,,,
8372,1,1,,,,,,,,0.35238775610923767,0.19926415383815765,0.24739418923854828,,,
8373,8,8,,,,,,,,0.5863525867462158,0.2826528549194336,0.27235639095306396,,,
8374,4,4,2,0.046153846153846156,0.4782608695652174,0.18604651162790697,0.6441583037376404,0.7969205379486084,0.5199044942855835,0.25140994787216187,0.1554405242204666,0.26152175664901733,0.2544320225715637,0.19979439675807953,0.03503331542015076
8375,4,4,,,,,,,,0.14575538039207458,0.24169950187206268,0.21810801327228546,,,
8376,7,7,,,,,,,,0.16195297241210938,0.18744927644729614,0.09386979788541794,,,
8377,8,8,,,,,,,,0.5273319482803345,0.1905888020992279,0.22297142446041107,,,
8378,5,5,5,0.6062992125984252,0.5572519083969466,0.4676258992805755,0.9621797800064087,0.8848994374275208,0.509618878364563,0.2657926678657532,0.22408470511436462,0.022219981998205185,0.25717368721961975,0.16385285556316376,0.036882176995277405
8379,8,8,,,,,,,,0.6505542993545532,0.043243080377578735,0.3533678948879242,,,
8380,9,9,,,,,,,,0.2017643302679062,0.23331937193870544,0.3635404109954834,,,
8381,4,4,3,0.3509933774834437,0.29936305732484075,0.2289156626506024,0.7605587840080261,0.7567009329795837,0.7566018104553223,0.17942944169044495,0.028911001980304718,0.09549407660961151,0.2933317720890045,0.02341150864958763,0.06647774577140808
8382,3,3,,,,,,,,0.3063882291316986,0.502180814743042,0.39161309599876404,,,
8383,2,2,,,,,,,,0.36757567524909973,0.19417771697044373,0.3374563157558441,,,
8384,2,2,2,0.7142857142857143,0.42657342657342656,0.10270270270270271,0.8684080243110657,0.8375277519226074,0.4354652762413025,0.11452589184045792,0.12064605206251144,0.22353138029575348,0.10162226855754852,0.06886608898639679,0.2950226366519928
8385,9,9,,,,,,,,0.09228107333183289,0.18656183779239655,0.13656920194625854,,,
8386,3,3,,,,,,,,0.1421525478363037,0.5294657945632935,0.03940369933843613,,,
8387,0,0,,,,,,,,0.32523664832115173,0.4826865494251251,0.8677331209182739,,,
8388,1,1,,,,,,,,0.11847949773073196,0.03187590464949608,0.06866845488548279,,,
8389,1,1,,,,,,,,0.03307640925049782,0.07026869803667068,0.05292463302612305,,,
8390,1,1,,,,,,,,0.09828177094459534,0.03185117617249489,0.03213328868150711,,,
8391,1,1,,,,,,,,0.34351128339767456,0.21911457180976868,0.2776891589164734,,,
8392,6,6,,,,,,,,0.4333135783672333,0.5047737956047058,0.22785674035549164,,,
8393,8,8,,,,,,,,0.32148224115371704,0.35943537950515747,0.06758569180965424,,,
8394,7,7,3,0.0625,0.4676258992805755,0.43661971830985913,0.5501338243484497,0.7836214303970337,0.6103578805923462,0.13054323196411133,0.04316946491599083,0.158006951212883,0.19461557269096375,0.013533108867704868,0.10901554673910141
8395,1,1,,,,,,,,0.3873250484466553,0.21628132462501526,0.3844963014125824,,,
8396,3,3,5,0.23636363636363636,0.6451612903225806,0.2670807453416149,0.8746464252471924,0.9031199812889099,0.6159120798110962,0.2768433392047882,0.3373583257198334,0.08887976408004761,0.11030048131942749,0.3235946297645569,0.005612230859696865
8397,0,0,,,,,,,,0.09792961180210114,0.6720470786094666,0.6710922718048096,,,
8398,4,4,,,,,,,,0.22946572303771973,0.21711453795433044,0.09409414231777191,,,
8399,5,5,,,,,,,,0.09723803400993347,0.034174609929323196,0.11826830357313156,,,
8400,0,0,,,,,,,,0.2661653757095337,0.7582749128341675,0.8657292723655701,,,
8401,3,5,,,,,,,,0.08406476676464081,0.03295060247182846,0.03240084648132324,,,
8402,0,2,,,,,,,,0.16789747774600983,0.12264689803123474,0.4326862692832947,,,
8403,6,6,,,,,,,,0.36596980690956116,0.6834688186645508,0.2693154811859131,,,
8404,2,2,,,,,,,,0.3800206780433655,0.12807951867580414,0.10000152885913849,,,
8405,0,0,,,,,,,,0.21120823919773102,0.3375833034515381,0.24393907189369202,,,
8406,9,9,,,,,,,,0.271744966506958,0.15237407386302948,0.43585819005966187,,,
8407,8,8,8,0.8888888888888888,0.7142857142857143,0.45714285714285713,0.9992746114730835,0.967223048210144,0.581477165222168,0.6399592757225037,0.26340532302856445,0.14678232371807098,0.6342024803161621,0.27180609107017517,0.17843039333820343
8408,6,6,6,0.7,0.7739130434782608,0.6062992125984252,0.9898370504379272,0.929455578327179,0.7293605804443359,0.22534020245075226,0.5169682502746582,0.153895765542984,0.2310355007648468,0.5477766394615173,0.1629960983991623
8409,8,8,,,,,,,,0.13820548355579376,0.085854172706604,0.05624980479478836,,,
8410,5,3,,,,,,,,0.0746719017624855,0.30401453375816345,0.1614515334367752,,,
8411,8,8,,,,,,,,0.32690393924713135,0.09112459421157837,0.10263773798942566,,,
8412,2,2,,,,,,,,0.5498430728912354,0.29797056317329407,0.32646840810775757,,,
8413,9,0,2,0.3246753246753247,0.7739130434782608,0.12087912087912088,0.9611791372299194,0.9531893730163574,0.6104488372802734,0.5316241979598999,0.43160635232925415,0.2671177089214325,0.5483753681182861,0.34446197748184204,0.3625984787940979
8414,6,6,,,,,,,,0.32512184977531433,0.6528983116149902,0.17984701693058014,,,
8415,0,0,,,,,,,,0.4363587498664856,0.6577838063240051,0.9540247321128845,,,
8416,6,6,,,,,,,,0.14473086595535278,0.5213537216186523,0.12303611636161804,,,
8417,1,1,,,,,,,,0.4493897557258606,0.22859421372413635,0.21348366141319275,,,
8418,8,8,,,,,,,,0.773551344871521,0.2645162343978882,0.21498017013072968,,,
8419,7,7,7,0.42657342657342656,0.45714285714285713,0.7435897435897436,0.8231528997421265,0.8319872617721558,0.7647122144699097,0.029535368084907532,0.03429950401186943,0.09547947347164154,0.011602533049881458,0.01734541729092598,0.00995301641523838
8420,3,3,,,,,,,,0.5192066431045532,0.48905208706855774,0.09601356834173203,,,
8421,2,2,,,,,,,,0.6304980516433716,0.3465779721736908,0.8129269480705261,,,
8422,2,2,,,,,,,,0.5787577629089355,0.5477216243743896,0.1951872855424881,,,
8423,6,6,,,,,,,,0.1462959349155426,0.7904554605484009,0.1257287561893463,,,
8424,5,5,,,,,,,,0.26772433519363403,0.08115578442811966,0.10694394260644913,,,
8425,6,2,,,,,,,,0.47458428144454956,0.05556624382734299,0.07190638035535812,,,
8426,9,9,,,,,,,,0.3969157934188843,0.1052531972527504,0.20274530351161957,,,
8427,2,2,,,,,,,,0.23727558553218842,0.17906464636325836,0.20484206080436707,,,
8428,5,4,,,,,,,,0.07781309634447098,0.12901879847049713,0.08059070259332657,,,
8429,4,4,,,,,,,,0.25289198756217957,0.34098148345947266,0.25047555565834045,,,
8430,9,9,,,,,,,,0.15802079439163208,0.13141611218452454,0.21642421185970306,,,
8431,8,8,8,0.7288135593220338,0.6451612903225806,0.3076923076923077,0.918185293674469,0.844377338886261,0.5286957025527954,0.41668567061424255,0.0598219633102417,0.02293979935348034,0.24157992005348206,0.02679954282939434,0.018842915073037148
8432,5,3,,,,,,,,0.09460639953613281,0.15675894916057587,0.02894538827240467,,,
8433,3,3,,,,,,,,0.148301362991333,0.2928064465522766,0.3301718533039093,,,
8434,9,9,,,,,,,,0.2679544687271118,0.15883296728134155,0.19960461556911469,,,
8435,3,3,,,,,,,,0.13721100986003876,0.21982692182064056,0.04510323703289032,,,
8436,5,5,,,,,,,,0.18697838485240936,0.08139267563819885,0.2411767542362213,,,
8437,7,7,,,,,,,,0.14426927268505096,0.26651644706726074,0.2212320864200592,,,
8438,1,1,,,,,,,,0.28414836525917053,0.12278363853693008,0.09505056589841843,,,
8439,8,8,,,,,,,,0.573273241519928,0.029870836064219475,0.24748146533966064,,,
8440,5,5,3,0.5572519083969466,0.4166666666666667,0.2830188679245283,0.9650781154632568,0.8016387224197388,0.5505863428115845,0.13346906006336212,0.05465840548276901,0.16146084666252136,0.1562063843011856,0.016145257279276848,0.04491153731942177
8441,8,8,,,,,,,,0.5462203621864319,0.0843929573893547,0.29180094599723816,,,
8442,6,6,,,,,,,,0.28390470147132874,0.46545732021331787,0.24279174208641052,,,
8443,2,2,,,,,,,,0.36935529112815857,0.08296234160661697,0.18654625117778778,,,
8444,5,5,,,,,,,,0.12386540323495865,0.10932788252830505,0.08284730464220047,,,
8445,1,1,,,,,,,,0.28217992186546326,0.31095659732818604,0.3361526429653168,,,
8446,3,3,3,0.4782608695652174,0.44680851063829785,0.1590909090909091,0.9777722358703613,0.9098701477050781,0.05208578705787659,0.14595305919647217,0.09629900008440018,0.24307352304458618,0.18080152571201324,0.1952878087759018,0.07992484420537949
8447,0,0,,,,,,,,0.43949419260025024,0.6056488156318665,0.8624626398086548,,,
8448,4,4,,,,,,,,0.1238396018743515,0.33964893221855164,0.08346675336360931,,,
8449,1,1,,,,,,,,0.08235878497362137,0.39011964201927185,0.07708562165498734,,,
8450,9,1,,,,,,,,0.1389198899269104,0.06372008472681046,0.02454211190342903,,,
8451,5,7,,,,,,,,0.035146135836839676,0.018804123625159264,0.08890026807785034,,,
8452,4,4,,,,,,,,0.353296160697937,0.2009396106004715,0.3513399064540863,,,
8453,9,9,,,,,,,,0.3286578059196472,0.15883640944957733,0.08982548862695694,,,
8454,2,2,,,,,,,,0.7055148482322693,0.03645171597599983,0.28215017914772034,,,
8455,1,1,,,,,,,,0.48723435401916504,0.3446570038795471,0.5438582301139832,,,
8456,4,4,,,,,,,,0.0423128604888916,0.25727421045303345,0.07765088230371475,,,
8457,2,2,4,0.009852216748768473,0.4676258992805755,0.3076923076923077,0.6941758990287781,0.8415315747261047,0.4887762665748596,0.33777156472206116,0.07960182428359985,0.05058189854025841,0.022491825744509697,0.06702055782079697,0.03861808404326439
8458,5,5,,,,,,,,0.27614009380340576,0.03935931995511055,0.07164409011602402,,,
8459,9,9,,,,,,,,0.2569478452205658,0.17861062288284302,0.30350691080093384,,,
8460,8,8,,,,,,,,0.5350778102874756,0.07373994588851929,0.031783174723386765,,,
8461,7,7,,,,,,,,0.1525985598564148,0.03056064248085022,0.1855781525373459,,,
8462,2,2,,,,,,,,0.26022452116012573,0.05445393547415733,0.47559189796447754,,,
8463,1,1,,,,,,,,0.09759050607681274,0.1573205292224884,0.1683564931154251,,,
8464,6,6,,,,,,,,0.11917088180780411,0.3562886714935303,0.08463265746831894,,,
8465,9,9,,,,,,,,0.3213730752468109,0.11188466101884842,0.07352150231599808,,,
8466,7,7,,,,,,,,0.20172728598117828,0.1897408813238144,0.19733871519565582,,,
8467,3,3,,,,,,,,0.35929587483406067,0.27881550788879395,0.35757043957710266,,,
8468,6,6,,,,,,,,0.14703330397605896,0.5366500020027161,0.12057816982269287,,,
8469,5,3,,,,,,,,0.23446176946163177,0.633163571357727,0.054846081882715225,,,
8470,8,8,,,,,,,,0.5826497077941895,0.05535325035452843,0.25327274203300476,,,
8471,0,0,,,,,,,,0.5208176970481873,0.7064452171325684,0.9168320894241333,,,
8472,2,2,,,,,,,,0.6119555830955505,0.23964683711528778,0.5645456910133362,,,
8473,2,2,2,0.8378378378378378,0.6451612903225806,0.5454545454545454,0.9802173972129822,0.9274466037750244,0.5739041566848755,0.3788486123085022,0.05104703828692436,0.3649481236934662,0.35873404145240784,0.049017228186130524,0.5001034736633301
8474,4,4,,,,,,,,0.24596953392028809,0.15200495719909668,0.15103071928024292,,,
8475,9,9,,,,,,,,0.1266523152589798,0.1458892971277237,0.0680803656578064,,,
8476,0,0,,,,,,,,0.22859489917755127,0.39942678809165955,0.437854528427124,,,
8477,5,5,,,,,,,,0.2634684145450592,0.05693846195936203,0.10812631994485855,,,
8478,5,5,,,,,,,,0.7158298492431641,0.09202217310667038,0.40671953558921814,,,
8479,4,4,,,,,,,,0.13162130117416382,0.21027632057666779,0.4088646471500397,,,
8480,2,2,,,,,,,,0.06270628422498703,0.154546320438385,0.16258558630943298,,,
8481,3,3,2,0.0,0.5111111111111111,0.046153846153846156,0.012693539261817932,0.8252833485603333,0.11798425018787384,0.041156668215990067,0.07451251149177551,0.144426167011261,0.04343123361468315,0.3024407923221588,0.019015006721019745
8482,1,1,,,,,,,,0.4183422327041626,0.1406116634607315,0.31126660108566284,,,
8483,0,0,,,,,,,,0.3780747652053833,0.7293215394020081,0.5239555835723877,,,
8484,3,3,0,0.2830188679245283,0.45714285714285713,0.1590909090909091,0.9517679214477539,0.8490289449691772,0.48167330026626587,0.04746449366211891,0.10709019750356674,0.026159681379795074,0.019721735268831253,0.15270854532718658,0.013580418191850185
8485,0,0,,,,,,,,0.6736001968383789,0.47281503677368164,0.9035075902938843,,,
8486,4,4,,,,,,,,0.23165124654769897,0.22020268440246582,0.1369161754846573,,,
8487,4,4,4,0.7,0.45714285714285713,0.42657342657342656,0.94202721118927,0.8636082410812378,0.6947987675666809,0.016455654054880142,0.09476016461849213,0.06824568659067154,0.015439854003489017,0.07635428011417389,0.1300993412733078
8488,9,0,,,,,,,,0.35965263843536377,0.4164224863052368,0.5183674097061157,,,
8489,1,1,,,,,,,,0.3219403922557831,0.1672779768705368,0.12392587959766388,,,
8490,3,5,,,,,,,,0.020862730219960213,0.017885690554976463,0.016965428367257118,,,
8491,3,8,,,,,,,,0.10470807552337646,0.0299791619181633,0.06539517641067505,,,
8492,0,0,,,,,,,,0.6940220594406128,0.3195454478263855,0.6314045190811157,,,
8493,2,2,,,,,,,,0.4575597047805786,0.40975072979927063,0.1732960343360901,,,
8494,1,1,,,,,,,,0.17443634569644928,0.07990282773971558,0.2123330980539322,,,
8495,1,1,,,,,,,,0.43904590606689453,0.2659631073474884,0.6669872403144836,,,
8496,0,0,,,,,,,,0.47747668623924255,0.5191693902015686,0.9454129934310913,,,
8497,4,4,,,,,,,,0.1954749971628189,0.44052472710609436,0.4259893298149109,,,
8498,1,1,,,,,,,,0.17270106077194214,0.11249803751707077,0.2150956392288208,,,
8499,9,9,,,,,,,,0.20569999516010284,0.13990361988544464,0.1892457902431488,,,
8500,4,4,,,,,,,,0.30631235241889954,0.5950276851654053,0.23406408727169037,,,
8501,8,8,,,,,,,,0.45840778946876526,0.12265598028898239,0.040449127554893494,,,
8502,1,1,,,,,,,,0.24119307100772858,0.28095608949661255,0.12314414232969284,,,
8503,1,1,,,,,,,,0.39402177929878235,0.5883097648620605,0.5794446468353271,,,
8504,1,1,,,,,,,,0.09374332427978516,0.23040956258773804,0.11785908043384552,,,
8505,5,5,,,,,,,,0.570296585559845,0.10395617038011551,0.5615319013595581,,,
8506,9,9,,,,,,,,0.12586195766925812,0.13121284544467926,0.22204641997814178,,,
8507,8,0,,,,,,,,0.24532610177993774,0.5379961729049683,0.8270870447158813,,,
8508,1,1,,,,,,,,0.2949727177619934,0.051077768206596375,0.06839688867330551,,,
8509,6,6,,,,,,,,0.24237143993377686,0.5569256544113159,0.12106873095035553,,,
8510,7,7,,,,,,,,0.3952494263648987,0.25858068466186523,0.3986593782901764,,,
8511,2,2,,,,,,,,0.3115169405937195,0.27479979395866394,0.39569994807243347,,,
8512,9,9,,,,,,,,0.4850398898124695,0.3018453121185303,0.2170725166797638,,,
8513,9,9,,,,,,,,0.31982770562171936,0.04385577142238617,0.08474782109260559,,,
8514,7,7,7,0.8378378378378378,0.7142857142857143,0.2670807453416149,0.9747899174690247,0.9487093091011047,0.6850205659866333,0.1241631954908371,0.02687232568860054,0.0771671012043953,0.10158385336399078,0.024552447721362114,0.07341106235980988
8515,8,8,,,,,,,,0.3202023506164551,0.18877746164798737,0.18250516057014465,,,
8516,8,8,,,,,,,,0.19748257100582123,0.09108150005340576,0.054167769849300385,,,
8517,1,1,,,,,,,,0.26030460000038147,0.13888762891292572,0.21060128509998322,,,
8518,9,8,,,,,,,,0.0485670380294323,0.04360874742269516,0.07541542500257492,,,
8519,7,7,,,,,,,,0.24943630397319794,0.09459489583969116,0.23618187010288239,,,
8520,8,8,,,,,,,,0.16222700476646423,0.17097051441669464,0.3720628023147583,,,
8521,9,8,,,,,,,,0.5945428013801575,0.03036586567759514,0.12705779075622559,,,
8522,1,1,,,,,,,,0.5369442105293274,0.41483062505722046,0.2169422060251236,,,
8523,6,6,,,,,,,,0.3257170617580414,0.6613352298736572,0.11924795806407928,,,
8524,6,6,,,,,,,,0.14284004271030426,0.6511461734771729,0.10273455083370209,,,
8525,3,3,3,0.7435897435897436,0.6859504132231405,0.59375,0.9788116812705994,0.9349602460861206,0.6668790578842163,0.13751474022865295,0.05218540504574776,0.04775454103946686,0.14937439560890198,0.05859041213989258,0.03280254453420639
8526,3,3,,,,,,,,0.22337444126605988,0.12485617399215698,0.31493842601776123,,,
8527,1,1,,,,,,,,0.1753372699022293,0.0673350840806961,0.05118059739470482,,,
8528,3,3,,,,,,,,0.24715588986873627,0.2828120291233063,0.287871778011322,,,
8529,0,0,,,,,,,,0.5048624277114868,0.21994346380233765,0.6355822682380676,,,
8530,8,8,,,,,,,,0.3277754485607147,0.05911186337471008,0.4379172623157501,,,
8531,8,8,,,,,,,,0.6252355575561523,0.33495911955833435,0.17528954148292542,,,
8532,3,3,,,,,,,,0.08084838837385178,0.2446342259645462,0.029883835464715958,,,
8533,6,6,2,0.0,0.5454545454545454,0.5,0.37612801790237427,0.8887449502944946,0.5066691637039185,0.031907837837934494,0.4673939645290375,0.08020235598087311,0.02574494294822216,0.32046258449554443,0.03613903373479843
8534,6,6,,,,,,,,0.19509083032608032,0.59125816822052,0.2606498599052429,,,
8535,7,7,5,0.9158878504672897,0.8053097345132744,0.25925925925925924,0.9603208899497986,0.945499062538147,0.7696701884269714,0.031013520434498787,0.10747933387756348,0.05559254810214043,0.013848628848791122,0.07881447672843933,0.16421309113502502
8536,1,1,0,0.6859504132231405,0.6721311475409836,0.8378378378378378,0.967658281326294,0.8498243093490601,0.5371209979057312,0.022809168323874474,0.02879265882074833,0.01913529820740223,0.03330285847187042,0.03413261100649834,0.006322524975985289
8537,0,0,,,,,,,,0.8658413887023926,0.9210115671157837,0.8806537389755249,,,
8538,7,7,,,,,,,,0.15715080499649048,0.0674133151769638,0.134056955575943,,,
8539,6,6,,,,,,,,0.0850297287106514,0.3090194761753082,0.2078307569026947,,,
8540,4,4,,,,,,,,0.18212410807609558,0.2679345905780792,0.03535257652401924,,,
8541,8,8,,,,,,,,0.4998381435871124,0.08694422990083694,0.14736656844615936,,,
8542,2,2,2,0.59375,0.5338345864661654,0.4782608695652174,0.9780173897743225,0.8699401021003723,0.5698977708816528,0.3205518126487732,0.22956185042858124,0.17990726232528687,0.39665836095809937,0.1622067242860794,0.13927672803401947
8543,0,0,,,,,,,,0.46000146865844727,0.5149355530738831,0.636050820350647,,,
8544,6,6,,,,,,,,0.2754060924053192,0.5390945076942444,0.26972517371177673,,,
8545,6,3,,,,,,,,0.06928449124097824,0.0814993605017662,0.18783076107501984,,,
8546,8,8,0,0.1791907514450867,0.3783783783783784,0.2289156626506024,0.5681431889533997,0.7766887545585632,0.3588370978832245,0.03716430813074112,0.08558937162160873,0.021389970555901527,0.005474358797073364,0.007898190058767796,0.000556462851818651
8547,6,2,,,,,,,,0.2794160842895508,0.07479703426361084,0.18333430588245392,,,
8548,3,3,3,0.6451612903225806,0.6585365853658537,0.3076923076923077,0.9595341682434082,0.9313603639602661,0.4804491400718689,0.03447237238287926,0.4937715530395508,0.06283833086490631,0.027367472648620605,0.5059943199157715,0.06504406034946442
8549,1,1,,,,,,,,0.2739305794239044,0.084080770611763,0.1507892608642578,,,
8550,1,1,,,,,,,,0.281017005443573,0.07575272768735886,0.14744476974010468,,,
8551,8,8,0,0.5338345864661654,0.45714285714285713,0.632,0.7335363030433655,0.8568863868713379,0.7427366971969604,0.3872324526309967,0.03489717096090317,0.08000118285417557,0.048036638647317886,0.03904642164707184,0.006907510105520487
8552,6,6,6,0.6062992125984252,0.6859504132231405,0.44680851063829785,0.9778334498405457,0.9027228951454163,0.7309005260467529,0.2600281536579132,0.304831862449646,0.13451820611953735,0.18011200428009033,0.24654324352741241,0.13135330379009247
8553,7,7,,,,,,,,0.10995621234178543,0.0339907668530941,0.13713164627552032,,,
8554,0,0,,,,,,,,0.6360112428665161,0.7209904193878174,0.8913214802742004,,,
8555,5,5,,,,,,,,0.204452246427536,0.11737781763076782,0.12136141955852509,,,
8556,4,4,,,,,,,,0.1836647093296051,0.11574096977710724,0.13555896282196045,,,
8557,3,3,,,,,,,,0.12988720834255219,0.21324248611927032,0.14661157131195068,,,
8558,2,2,,,,,,,,0.5246930122375488,0.1725066602230072,0.21366803348064423,,,
8559,1,1,,,,,,,,0.27089157700538635,0.2525140345096588,0.28871455788612366,,,
8560,7,7,,,,,,,,0.1440027505159378,0.1536107063293457,0.11232540756464005,,,
8561,8,8,,,,,,,,0.4044819474220276,0.028532657772302628,0.22156253457069397,,,
8562,2,2,,,,,,,,0.5276054739952087,0.7662290930747986,0.3432519733905792,,,
8563,0,0,0,0.7586206896551724,0.7288135593220338,0.45714285714285713,0.9929770231246948,0.9348930716514587,0.7704384326934814,0.12168282270431519,0.23756136000156403,0.3599071502685547,0.16110098361968994,0.20963355898857117,0.08259369432926178
8564,1,1,,,,,,,,0.20666936039924622,0.09948050230741501,0.09973576664924622,,,
8565,7,7,,,,,,,,0.16344709694385529,0.3401234745979309,0.3157741129398346,,,
8566,4,4,,,,,,,,0.06354440003633499,0.1477613002061844,0.028129324316978455,,,
8567,8,8,,,,,,,,0.5308632850646973,0.07977790385484695,0.22645212709903717,,,
8568,7,7,,,,,,,,0.2952607572078705,0.20153769850730896,0.38342875242233276,,,
8569,6,6,,,,,,,,0.12556283175945282,0.6275026798248291,0.036284737288951874,,,
8570,6,6,,,,,,,,0.30165180563926697,0.4470270574092865,0.22681298851966858,,,
8571,7,7,,,,,,,,0.2486734688282013,0.12640762329101562,0.20804280042648315,,,
8572,0,0,,,,,,,,0.65224289894104,0.6645537614822388,0.8773157596588135,,,
8573,6,0,,,,,,,,0.3445604741573334,0.2844735383987427,0.4212253987789154,,,
8574,4,4,,,,,,,,0.4331815838813782,0.1785612553358078,0.4028797149658203,,,
8575,9,9,,,,,,,,0.37702926993370056,0.41378408670425415,0.332933247089386,,,
8576,2,0,,,,,,,,0.691535472869873,0.29839497804641724,0.5878026485443115,,,
8577,3,6,,,,,,,,0.11918875575065613,0.581314206123352,0.13766486942768097,,,
8578,2,3,,,,,,,,0.12717662751674652,0.20931579172611237,0.12244293838739395,,,
8579,1,1,,,,,,,,0.4983089566230774,0.265802264213562,0.3455156087875366,,,
8580,3,5,,,,,,,,0.10714829713106155,0.039936363697052,0.040446214377880096,,,
8581,8,8,,,,,,,,0.14349573850631714,0.058719877153635025,0.14848217368125916,,,
8582,6,6,,,,,,,,0.4280843436717987,0.42679277062416077,0.18316978216171265,,,
8583,8,8,,,,,,,,0.44434940814971924,0.17380504310131073,0.2577802538871765,,,
8584,1,1,,,,,,,,0.26195353269577026,0.21435701847076416,0.0939716100692749,,,
8585,9,9,,,,,,,,0.3562052547931671,0.21163497865200043,0.14906978607177734,,,
8586,6,2,,,,,,,,0.24475106596946716,0.0935443565249443,0.3603411316871643,,,
8587,7,7,,,,,,,,0.3088178336620331,0.3452322483062744,0.49766793847084045,,,
8588,6,6,,,,,,,,0.29495105147361755,0.6679988503456116,0.21984684467315674,,,
8589,5,7,,,,,,,,0.2138257622718811,0.028231743723154068,0.23366095125675201,,,
8590,0,0,,,,,,,,0.38647347688674927,0.47164756059646606,0.7970474362373352,,,
8591,6,6,,,,,,,,0.2154213935136795,0.4032922089099884,0.10467635095119476,,,
8592,0,0,,,,,,,,0.5107192993164062,0.5921669602394104,0.838555634021759,,,
8593,1,1,,,,,,,,0.18024002015590668,0.3200850784778595,0.20346853137016296,,,
8594,3,3,,,,,,,,0.45975297689437866,0.18976010382175446,0.4557594656944275,,,
8595,1,1,,,,,,,,0.39179080724716187,0.3428827226161957,0.2795262634754181,,,
8596,1,1,,,,,,,,0.09511315077543259,0.09700639545917511,0.06885309517383575,,,
8597,5,5,,,,,,,,0.05875963345170021,0.028113611042499542,0.23040030896663666,,,
8598,3,6,,,,,,,,0.0308147631585598,0.5514479279518127,0.07107527554035187,,,
8599,4,4,,,,,,,,0.08147604018449783,0.16621701419353485,0.2245461791753769,,,
8600,3,3,,,,,,,,0.32017016410827637,0.25437068939208984,0.22493600845336914,,,
8601,3,3,5,0.19298245614035087,0.3691275167785235,0.3246753246753247,0.8721189498901367,0.7542832493782043,0.38404563069343567,0.1331324726343155,0.18709930777549744,0.1884484738111496,0.12352727353572845,0.25518515706062317,0.033881865441799164
8602,8,8,,,,,,,,0.3524884283542633,0.1657482236623764,0.03421096131205559,,,
8603,1,1,,,,,,,,0.21634699404239655,0.09138788282871246,0.07254792749881744,,,
8604,6,6,6,0.43661971830985913,0.4068965517241379,0.1791907514450867,0.8626306056976318,0.8071864247322083,0.4160712957382202,0.04347788169980049,0.2664843797683716,0.03264692425727844,0.02067694626748562,0.09624287486076355,0.01003541611135006
8605,6,6,,,,,,,,0.4397478997707367,0.45073890686035156,0.25627782940864563,,,
8606,1,1,,,,,,,,0.19493822753429413,0.17370568215847015,0.1511545181274414,,,
8607,8,8,,,,,,,,0.27272695302963257,0.4831230640411377,0.1261499673128128,,,
8608,8,8,,,,,,,,0.40573376417160034,0.056004852056503296,0.10870810598134995,,,
8609,6,6,,,,,,,,0.2774944603443146,0.7503512501716614,0.16958211362361908,,,
8610,2,2,,,,,,,,0.14446309208869934,0.2282409369945526,0.10359493643045425,,,
8611,7,7,7,0.5223880597014925,0.5111111111111111,0.5572519083969466,0.910253643989563,0.8558151721954346,0.5661900043487549,0.30028119683265686,0.29009735584259033,0.0979878157377243,0.22437182068824768,0.15890561044216156,0.13009361922740936
8612,4,4,,,,,,,,0.09745263308286667,0.24473237991333008,0.20027132332324982,,,
8613,6,6,,,,,,,,0.38833802938461304,0.2924712896347046,0.2045777142047882,,,
8614,8,8,,,,,,,,0.2421717792749405,0.2594528794288635,0.17404957115650177,,,
8615,9,9,,,,,,,,0.24732285737991333,0.10797198861837387,0.41746997833251953,,,
8616,3,3,5,0.6062992125984252,0.4166666666666667,0.13333333333333333,0.8258914947509766,0.8506401181221008,0.4908973276615143,0.10354150831699371,0.07886306941509247,0.25603803992271423,0.07608591765165329,0.038378868252038956,0.20453594624996185
8617,3,3,4,0.3076923076923077,0.5111111111111111,0.4676258992805755,0.6622088551521301,0.8160953521728516,0.5723335146903992,0.17777922749519348,0.24216465651988983,0.11092271655797958,0.10188707709312439,0.14954426884651184,0.0018400741973891854
8618,5,5,,,,,,,,0.12940452992916107,0.03093920834362507,0.09291616082191467,,,
8619,5,5,,,,,,,,0.07557777315378189,0.033948302268981934,0.11993767321109772,,,
8620,3,3,2,0.7521367521367521,0.6190476190476191,0.3509933774834437,0.9187573194503784,0.9154197573661804,0.6888370513916016,0.396979957818985,0.24164137244224548,0.14900189638137817,0.35872340202331543,0.30980628728866577,0.1413206160068512
8621,1,1,,,,,,,,0.2611956000328064,0.1334046721458435,0.3231183588504791,,,
8622,4,4,,,,,,,,0.25140002369880676,0.2555070221424103,0.1912834793329239,,,
8623,1,1,,,,,,,,0.5139457583427429,0.1427178531885147,0.4546607434749603,,,
8624,9,9,,,,,,,,0.15073822438716888,0.02543131448328495,0.020274730399250984,,,
8625,5,5,5,0.6451612903225806,0.45714285714285713,0.6859504132231405,0.9599485397338867,0.8864150643348694,0.6251313090324402,0.09744548797607422,0.06647995859384537,0.06180880591273308,0.10041198134422302,0.07663580030202866,0.05574499070644379
8626,1,1,,,,,,,,0.11925221234560013,0.15397100150585175,0.21506868302822113,,,
8627,7,7,,,,,,,,0.3976559042930603,0.2582053244113922,0.466360479593277,,,
8628,7,7,,,,,,,,0.1873859316110611,0.1478470116853714,0.10997524857521057,,,
8629,7,7,5,0.8053097345132744,0.5572519083969466,0.45714285714285713,0.9502999782562256,0.9033078551292419,0.6457871198654175,0.22667774558067322,0.063895583152771,0.14267070591449738,0.07626496255397797,0.03398885950446129,0.1972702294588089
8630,5,5,,,,,,,,0.2296334207057953,0.1438113898038864,0.07785830646753311,,,
8631,2,2,,,,,,,,0.23676759004592896,0.22805415093898773,0.26856836676597595,,,
8632,3,8,,,,,,,,0.10649514943361282,0.039715513586997986,0.08581382036209106,,,
8633,3,3,,,,,,,,0.09529612213373184,0.4083263576030731,0.17875169217586517,,,
8634,6,6,,,,,,,,0.20814675092697144,0.14730168879032135,0.11221224814653397,,,
8635,6,6,2,0.6721311475409836,0.5813953488372093,0.5813953488372093,0.8808572292327881,0.9201639294624329,0.8761461973190308,0.23666061460971832,0.36842581629753113,0.036113109439611435,0.013337376527488232,0.29179060459136963,0.004453588277101517
8636,6,6,,,,,,,,0.12004674971103668,0.11719285696744919,0.054343074560165405,,,
8637,4,4,7,0.3161290322580645,0.59375,0.5454545454545454,0.8552160859107971,0.8569708466529846,0.7017564177513123,0.05843541398644447,0.2175326943397522,0.09662798792123795,0.006642241962254047,0.16721120476722717,0.009022383950650692
8638,0,0,,,,,,,,0.3398958146572113,0.5456394553184509,0.7159385085105896,,,
8639,7,7,,,,,,,,0.01761203072965145,0.054448358714580536,0.021991753950715065,,,
8640,1,1,,,,,,,,0.4108223021030426,0.15019893646240234,0.1405172348022461,,,
8641,7,7,,,,,,,,0.0369543693959713,0.06905688345432281,0.02904578484594822,,,
8642,3,6,,,,,,,,0.08809535950422287,0.7119565010070801,0.12766170501708984,,,
8643,0,0,,,,,,,,0.4830974340438843,0.7041836380958557,0.7384058237075806,,,
8644,8,8,0,0.5572519083969466,0.6585365853658537,0.2830188679245283,0.9318321943283081,0.8777803182601929,0.5691831707954407,0.23682068288326263,0.026819473132491112,0.020788606256246567,0.08015743643045425,0.020143404603004456,0.0018584509380161762
8645,1,1,,,,,,,,0.38778752088546753,0.38290873169898987,0.2195548713207245,,,
8646,2,2,2,0.8545454545454545,0.7739130434782608,0.275,0.9871037006378174,0.9376025199890137,0.6475821733474731,0.7429760694503784,0.2802776098251343,0.20113343000411987,0.6475217938423157,0.41323402523994446,0.31349852681159973
8647,4,4,,,,,,,,0.3163371682167053,0.4766315817832947,0.4766777455806732,,,
8648,1,1,,,,,,,,0.2365856170654297,0.12448737770318985,0.08617926388978958,,,
8649,2,2,,,,,,,,0.7522289156913757,0.3134843707084656,0.49302273988723755,,,
8650,2,2,,,,,,,,0.6096576452255249,0.054429758340120316,0.14208164811134338,,,
8651,4,2,,,,,,,,0.5379527807235718,0.42569464445114136,0.3806231617927551,,,
8652,9,9,,,,,,,,0.3908931612968445,0.15467555820941925,0.10322977602481842,,,
8653,8,8,,,,,,,,0.4808497726917267,0.06359235942363739,0.14054515957832336,,,
8654,2,2,,,,,,,,0.6328928470611572,0.15580572187900543,0.34660226106643677,,,
8655,8,8,,,,,,,,0.14685313403606415,0.25260597467422485,0.3678528070449829,,,
8656,7,4,,,,,,,,0.1082242876291275,0.34788885712623596,0.1626925766468048,,,
8657,6,6,,,,,,,,0.3397802710533142,0.5066161751747131,0.08209380507469177,,,
8658,3,3,,,,,,,,0.10277640074491501,0.335385262966156,0.08232349902391434,,,
8659,4,4,,,,,,,,0.05935366451740265,0.046181973069906235,0.06935440003871918,,,
8660,7,7,,,,,,,,0.3693614602088928,0.06718819588422775,0.12939049303531647,,,
8661,2,2,0,0.20710059171597633,0.43661971830985913,0.11475409836065574,0.6687700748443604,0.855577290058136,0.44701218605041504,0.3010042607784271,0.13854847848415375,0.1891116499900818,0.01556525006890297,0.02165292575955391,0.06543850153684616
8662,3,3,,,,,,,,0.3123786747455597,0.2224411517381668,0.3000101149082184,,,
8663,1,1,,,,,,,,0.4002322852611542,0.10395435988903046,0.2256709784269333,,,
8664,5,5,,,,,,,,0.18582050502300262,0.037876781076192856,0.11874019354581833,,,
8665,3,3,,,,,,,,0.334314227104187,0.12059982120990753,0.18910038471221924,,,
8666,0,0,,,,,,,,0.7998143434524536,0.8210450410842896,0.8784235119819641,,,
8667,4,4,4,0.7739130434782608,0.7435897435897436,0.5692307692307692,0.9758799076080322,0.9526212215423584,0.6753925085067749,0.08656737953424454,0.060654230415821075,0.03569605201482773,0.14343196153640747,0.08734092116355896,0.0856461301445961
8668,3,3,,,,,,,,0.19174514710903168,0.3029963970184326,0.37275049090385437,,,
8669,4,4,,,,,,,,0.2508014440536499,0.2936939597129822,0.13078424334526062,,,
8670,9,9,,,,,,,,0.19177035987377167,0.1359114944934845,0.19856441020965576,,,
8671,4,3,,,,,,,,0.17405541241168976,0.12131945788860321,0.18069440126419067,,,
8672,7,7,4,0.18604651162790697,0.42657342657342656,0.21428571428571427,0.8515348434448242,0.8501301407814026,0.6172614097595215,0.19207844138145447,0.027867507189512253,0.11250767856836319,0.3386792242527008,0.01586740091443062,0.22903276979923248
8673,9,9,,,,,,,,0.3003062903881073,0.09197108447551727,0.1982879936695099,,,
8674,1,1,,,,,,,,0.377927303314209,0.15043027698993683,0.3990883529186249,,,
8675,7,7,,,,,,,,0.36129945516586304,0.06882863491773605,0.4337836503982544,,,
8676,8,8,,,,,,,,0.3746434450149536,0.25545427203178406,0.0840587392449379,,,
8677,3,5,,,,,,,,0.06797385960817337,0.044005345553159714,0.1504642814397812,,,
8678,1,1,,,,,,,,0.18589520454406738,0.27723219990730286,0.07402564585208893,,,
8679,8,8,,,,,,,,0.415676474571228,0.11200597137212753,0.19057084619998932,,,
8680,3,3,,,,,,,,0.3210548460483551,0.4661054313182831,0.5645662546157837,,,
8681,2,2,,,,,,,,0.35833844542503357,0.10162291675806046,0.3239896595478058,,,
8682,5,5,,,,,,,,0.35799914598464966,0.18734565377235413,0.1336633414030075,,,
8683,7,7,,,,,,,,0.49497973918914795,0.1352398842573166,0.16961705684661865,,,
8684,2,2,,,,,,,,0.2141251266002655,0.027489254251122475,0.4049147963523865,,,
8685,7,7,,,,,,,,0.24270932376384735,0.16431021690368652,0.2969346046447754,,,
8686,9,9,,,,,,,,0.28608739376068115,0.03656186908483505,0.11305112391710281,,,
8687,6,6,,,,,,,,0.19621779024600983,0.13984106481075287,0.1038154661655426,,,
8688,8,8,,,,,,,,0.5713043808937073,0.062117643654346466,0.1882636845111847,,,
8689,6,6,,,,,,,,0.04247705265879631,0.6378282904624939,0.13064131140708923,,,
8690,8,8,0,0.06806282722513089,0.3509933774834437,0.2670807453416149,0.18384745717048645,0.728718638420105,0.4549175202846527,0.30601951479911804,0.029086364433169365,0.19120743870735168,0.01597033068537712,0.004260803107172251,0.00012495681585278362
8691,6,6,,,,,,,,0.04375653341412544,0.30373552441596985,0.031487032771110535,,,
8692,5,5,,,,,,,,0.17131511867046356,0.1146678626537323,0.1696006953716278,,,
8693,9,9,,,,,,,,0.39220255613327026,0.5092155337333679,0.3920244574546814,,,
8694,0,0,2,0.11475409836065574,0.48905109489051096,0.5572519083969466,0.8331303596496582,0.8652093410491943,0.4909893274307251,0.2688771188259125,0.508963942527771,0.697389543056488,0.17049965262413025,0.29020607471466064,0.569578230381012
8695,4,4,,,,,,,,0.35920724272727966,0.4408470690250397,0.5938369035720825,,,
8696,8,8,,,,,,,,0.5100403428077698,0.09211905300617218,0.2776244282722473,,,
8697,5,5,,,,,,,,0.14393702149391174,0.11015529185533524,0.05042310059070587,,,
8698,6,6,,,,,,,,0.20523963868618011,0.5292485356330872,0.14954598248004913,,,
8699,4,4,5,0.3972602739726027,0.45714285714285713,0.10270270270270271,0.47359222173690796,0.8556782007217407,0.45602160692214966,0.05164051428437233,0.060755740851163864,0.07519246637821198,0.010944168083369732,0.04866720363497734,0.01020080130547285
8700,3,3,,,,,,,,0.4759535491466522,0.4227130711078644,0.34424272179603577,,,
8701,8,8,,,,,,,,0.377214252948761,0.18746475875377655,0.1803240180015564,,,
8702,0,0,,,,,,,,0.3462212085723877,0.7355600595474243,0.8487364649772644,,,
8703,4,4,,,,,,,,0.19141249358654022,0.15474793314933777,0.07855170220136642,,,
8704,8,8,,,,,,,,0.48844435811042786,0.09407498687505722,0.2605774402618408,,,
8705,6,6,,,,,,,,0.3052467405796051,0.5510705709457397,0.23019284009933472,,,
8706,7,7,,,,,,,,0.3151796758174896,0.10337953269481659,0.24875405430793762,,,
8707,2,2,,,,,,,,0.7521262764930725,0.5566661357879639,0.4812242388725281,,,
8708,7,7,7,0.7142857142857143,0.6190476190476191,0.2,0.9426270127296448,0.8973813056945801,0.5786876678466797,0.04325968399643898,0.11091364920139313,0.03080282360315323,0.03271346166729927,0.05087805166840553,0.03478110581636429
8709,1,1,,,,,,,,0.3355877995491028,0.22995617985725403,0.10853315889835358,,,
8710,7,7,,,,,,,,0.18417030572891235,0.18271049857139587,0.1334172934293747,,,
8711,4,4,,,,,,,,0.17857183516025543,0.13376550376415253,0.37809908390045166,,,
8712,1,1,,,,,,,,0.6010337471961975,0.2203206866979599,0.13129685819149017,,,
8713,2,2,,,,,,,,0.32803696393966675,0.4311010241508484,0.5014263987541199,,,
8714,4,4,,,,,,,,0.2213447391986847,0.4578475058078766,0.0831722691655159,,,
8715,2,2,,,,,,,,0.2984592318534851,0.15443046391010284,0.20526659488677979,,,
8716,2,2,,,,,,,,0.473640501499176,0.16202926635742188,0.5487684607505798,,,
8717,8,8,,,,,,,,0.424397736787796,0.1688053458929062,0.3653298318386078,,,
8718,7,7,,,,,,,,0.39066600799560547,0.10028311610221863,0.2859952747821808,,,
8719,2,2,2,0.2911392405063291,0.4166666666666667,0.44680851063829785,0.8619610071182251,0.8180732727050781,0.6471213698387146,0.35298386216163635,0.41986310482025146,0.6385614275932312,0.29059886932373047,0.3948996067047119,0.19251953065395355
8720,2,2,2,0.8888888888888888,0.7894736842105263,0.42657342657342656,0.9971613883972168,0.9663099646568298,0.6083531975746155,0.42001062631607056,0.08804633468389511,0.33720576763153076,0.34815478324890137,0.08805964887142181,0.05090058222413063
8721,6,6,3,0.6190476190476191,0.5223880597014925,0.6062992125984252,0.734164297580719,0.8818763494491577,0.5432168841362,0.18054349720478058,0.41573184728622437,0.3776707053184509,0.013890459202229977,0.2038172483444214,0.018380405381321907
8722,7,7,7,0.7894736842105263,0.5692307692307692,0.5223880597014925,0.9938054084777832,0.9277210831642151,0.6930295825004578,0.3124749958515167,0.10039164125919342,0.24814054369926453,0.30924585461616516,0.13779008388519287,0.05209934711456299
8723,5,7,,,,,,,,0.22614070773124695,0.3173324167728424,0.06369389593601227,,,
8724,6,6,,,,,,,,0.06702727824449539,0.40442490577697754,0.12580199539661407,,,
8725,8,8,,,,,,,,0.525723934173584,0.13915422558784485,0.21399341523647308,,,
8726,9,9,,,,,,,,0.20682325959205627,0.16623598337173462,0.27792519330978394,,,
8727,9,0,,,,,,,,0.1938517689704895,0.3641384243965149,0.37619104981422424,,,
8728,6,3,,,,,,,,0.1316828578710556,0.22020745277404785,0.18691986799240112,,,
8729,5,5,,,,,,,,0.3366982340812683,0.06060925871133804,0.15463770925998688,,,
8730,2,2,,,,,,,,0.48229679465293884,0.24870949983596802,0.20195269584655762,,,
8731,9,9,,,,,,,,0.2874818742275238,0.2856549918651581,0.19916898012161255,,,
8732,8,8,,,,,,,,0.21897871792316437,0.030776003375649452,0.25831708312034607,,,
8733,7,7,,,,,,,,0.3402867019176483,0.1156320720911026,0.15620240569114685,,,
8734,2,2,,,,,,,,0.5736861824989319,0.46915555000305176,0.4410349726676941,,,
8735,3,3,,,,,,,,0.17971336841583252,0.20556432008743286,0.30958640575408936,,,
8736,3,3,,,,,,,,0.29515156149864197,0.25136011838912964,0.192014679312706,,,
8737,7,7,,,,,,,,0.3350141942501068,0.25808316469192505,0.36621928215026855,,,
8738,4,4,,,,,,,,0.08022473752498627,0.0795411467552185,0.07903480529785156,,,
8739,3,3,,,,,,,,0.15344233810901642,0.18055057525634766,0.11718057841062546,,,
8740,2,2,,,,,,,,0.5474562644958496,0.21337102353572845,0.16652674973011017,,,
8741,1,1,,,,,,,,0.0286848321557045,0.12421038001775742,0.038342125713825226,,,
8742,9,9,,,,,,,,0.061385802924633026,0.09088897705078125,0.026862993836402893,,,
8743,0,1,,,,,,,,0.02161158248782158,0.11922940611839294,0.03612266480922699,,,
8744,1,1,,,,,,,,0.66158127784729,0.2090771496295929,0.1735139936208725,,,
8745,5,5,,,,,,,,0.3435688018798828,0.035814836621284485,0.3964308202266693,,,
8746,3,3,,,,,,,,0.14067088067531586,0.29087427258491516,0.0798155665397644,,,
8747,2,2,,,,,,,,0.7256787419319153,0.26361820101737976,0.4220828413963318,,,
8748,6,6,,,,,,,,0.3848099410533905,0.6171214580535889,0.340237557888031,,,
8749,5,5,,,,,,,,0.15903502702713013,0.04602714627981186,0.04967372119426727,,,
8750,9,9,,,,,,,,0.18804001808166504,0.12845660746097565,0.2898719906806946,,,
8751,1,1,,,,,,,,0.10710594058036804,0.29603710770606995,0.06028222292661667,,,
8752,5,5,5,0.48905109489051096,0.4676258992805755,0.59375,0.8911005258560181,0.8468507528305054,0.4812932312488556,0.24691392481327057,0.10488096624612808,0.04317479953169823,0.10106372088193893,0.07703876495361328,0.0453030988574028
8753,4,4,,,,,,,,0.3720592260360718,0.39378103613853455,0.17271456122398376,,,
8754,3,3,,,,,,,,0.6220628023147583,0.43264368176460266,0.577312707901001,,,
8755,6,6,,,,,,,,0.17861928045749664,0.5890277028083801,0.16527199745178223,,,
8756,2,2,,,,,,,,0.08208797127008438,0.1277911365032196,0.1322760432958603,,,
8757,8,6,,,,,,,,0.039862506091594696,0.46953076124191284,0.02799575962126255,,,
8758,9,9,,,,,,,,0.16380035877227783,0.17693176865577698,0.10122703015804291,,,
8759,7,5,,,,,,,,0.20060685276985168,0.031253501772880554,0.09144904464483261,,,
8760,8,8,,,,,,,,0.358884334564209,0.11247972398996353,0.18669827282428741,,,
8761,0,0,,,,,,,,0.32792505621910095,0.6401156187057495,0.7739075422286987,,,
8762,8,8,,,,,,,,0.7318967580795288,0.3980536162853241,0.44847193360328674,,,
8763,9,9,,,,,,,,0.23383159935474396,0.3320273756980896,0.30182018876075745,,,
8764,1,1,,,,,,,,0.2644018232822418,0.3221409022808075,0.26327985525131226,,,
8765,2,2,,,,,,,,0.114520363509655,0.23042039573192596,0.19103462994098663,,,
8766,5,5,,,,,,,,0.5410083532333374,0.07567264884710312,0.35966336727142334,,,
8767,7,7,,,,,,,,0.09562070667743683,0.13403214514255524,0.2639777362346649,,,
8768,2,2,,,,,,,,0.2780188024044037,0.2262440174818039,0.6459857225418091,,,
8769,0,0,,,,,,,,0.2793501913547516,0.49140089750289917,0.8293591737747192,,,
8770,6,6,,,,,,,,0.3077661395072937,0.3072698414325714,0.20012477040290833,,,
8771,6,6,,,,,,,,0.20733503997325897,0.6259528398513794,0.1777922362089157,,,
8772,1,1,,,,,,,,0.509453296661377,0.2790308892726898,0.41097021102905273,,,
8773,6,6,2,0.6062992125984252,0.5338345864661654,0.6585365853658537,0.8338025808334351,0.8791126012802124,0.5829360485076904,0.15158045291900635,0.6046794056892395,0.07675441354513168,0.020429076626896858,0.49121713638305664,0.0002175839908886701
8774,3,3,3,0.3783783783783784,0.3691275167785235,0.2670807453416149,0.8011147975921631,0.7468293905258179,0.4168075919151306,0.046210166066884995,0.17505097389221191,0.2360340654850006,0.05273846164345741,0.3976150155067444,0.5726124048233032
8775,1,1,1,0.7894736842105263,0.43661971830985913,0.6859504132231405,0.9840961694717407,0.8752611875534058,0.6324308514595032,0.019715819507837296,0.04641053080558777,0.02993868850171566,0.02566082961857319,0.10091757029294968,0.21180978417396545
8776,5,5,2,0.06806282722513089,0.4782608695652174,0.29936305732484075,0.3215157985687256,0.8736625909805298,0.4130053222179413,0.09806229174137115,0.07027269154787064,0.0853150263428688,0.4202122688293457,0.019792964681982994,0.01285497099161148
8777,0,0,,,,,,,,0.44866856932640076,0.49051815271377563,0.6857377886772156,,,
8778,3,3,3,0.8545454545454545,0.7435897435897436,0.5338345864661654,0.9970202445983887,0.9544646739959717,0.4027615487575531,0.0365634560585022,0.3017945885658264,0.037252385169267654,0.03709769994020462,0.46808356046676636,0.06681918352842331
8779,7,4,,,,,,,,0.023185808211565018,0.05471572279930115,0.02880597859621048,,,
8780,4,4,2,0.3076923076923077,0.5223880597014925,0.8888888888888888,0.6609187722206116,0.8815395832061768,0.4790703356266022,0.0553189180791378,0.31588152050971985,0.07961782068014145,0.002470282604917884,0.35656028985977173,0.00036072259536013007
8781,6,6,6,0.632,0.6721311475409836,0.3877551020408163,0.9687312841415405,0.9377061128616333,0.7421295642852783,0.10171368718147278,0.5776418447494507,0.1698850840330124,0.11266659945249557,0.6619588732719421,0.14973542094230652
8782,5,5,,,,,,,,0.5394681096076965,0.041472043842077255,0.09075932949781418,,,
8783,6,4,,,,,,,,0.03227319195866585,0.08330246806144714,0.3139079809188843,,,
8784,4,4,,,,,,,,0.3669028580188751,0.683347225189209,0.34624871611595154,,,
8785,8,8,,,,,,,,0.1277620643377304,0.32877784967422485,0.10903126001358032,,,
8786,3,3,4,0.3783783783783784,0.3246753246753247,0.13966480446927373,0.7512189149856567,0.7693915963172913,0.23202037811279297,0.6087626814842224,0.3638652265071869,0.13207502663135529,0.11745588481426239,0.30298295617103577,0.053823839873075485
8787,4,4,,,,,,,,0.3500578999519348,0.40596890449523926,0.08851894736289978,,,
8788,5,5,,,,,,,,0.12739373743534088,0.053855277597904205,0.4550202786922455,,,
8789,5,5,,,,,,,,0.4449116587638855,0.11145678162574768,0.08389606326818466,,,
8790,0,0,,,,,,,,0.20233853161334991,0.33948782086372375,0.7879126667976379,,,
8791,6,6,4,0.0,0.3161290322580645,0.25925925925925924,0.14437878131866455,0.6669266223907471,0.6806840896606445,0.20328480005264282,0.29445934295654297,0.04782605543732643,0.017389249056577682,0.3679318130016327,0.20992082357406616
8792,6,6,6,0.6190476190476191,0.8545454545454545,0.36,0.9895997643470764,0.973645806312561,0.721768319606781,0.11551462858915329,0.504720151424408,0.07101111859083176,0.1264001727104187,0.4528820812702179,0.14306311309337616
8793,7,7,,,,,,,,0.22594252228736877,0.11145786195993423,0.24763000011444092,,,
8794,5,3,,,,,,,,0.27160346508026123,0.4160178601741791,0.02612985484302044,,,
8795,0,0,,,,,,,,0.4990851879119873,0.2997894287109375,0.5088347792625427,,,
8796,9,9,,,,,,,,0.10695210844278336,0.24801167845726013,0.23523542284965515,,,
8797,9,9,,,,,,,,0.11350566148757935,0.22735188901424408,0.15311816334724426,,,
8798,6,6,,,,,,,,0.12670184671878815,0.35289350152015686,0.03177116811275482,,,
8799,1,1,,,,,,,,0.20963706076145172,0.1949707567691803,0.1588207334280014,,,
8800,0,0,,,,,,,,0.5243255496025085,0.5990111827850342,0.6031586527824402,,,
8801,4,4,,,,,,,,0.17241735756397247,0.1359730064868927,0.22155600786209106,,,
8802,6,6,,,,,,,,0.1331903636455536,0.5790006518363953,0.08165149390697479,,,
8803,3,5,,,,,,,,0.05088961496949196,0.04989888519048691,0.047053512185811996,,,
8804,6,6,6,0.3576158940397351,0.3972602739726027,0.29936305732484075,0.6741909980773926,0.7426576614379883,0.5745342969894409,0.034549664705991745,0.3676019310951233,0.11436773091554642,0.021013924852013588,0.31312012672424316,0.021249623969197273
8805,9,9,,,,,,,,0.31265005469322205,0.26872310042381287,0.23127739131450653,,,
8806,3,2,,,,,,,,0.28671157360076904,0.16458825767040253,0.1744314432144165,,,
8807,6,6,,,,,,,,0.31867554783821106,0.34975695610046387,0.09706038981676102,,,
8808,6,6,,,,,,,,0.22395338118076324,0.6029527187347412,0.1627034693956375,,,
8809,8,3,,,,,,,,0.033734019845724106,0.3268774151802063,0.03434792906045914,,,
8810,2,2,,,,,,,,0.2967049181461334,0.071342334151268,0.42896831035614014,,,
8811,1,1,,,,,,,,0.08021823316812515,0.19643430411815643,0.18805243074893951,,,
8812,0,0,,,,,,,,0.7275137305259705,0.6377881169319153,0.7333964109420776,,,
8813,1,1,,,,,,,,0.2682074010372162,0.2743074595928192,0.3791007101535797,,,
8814,9,9,,,,,,,,0.20155952870845795,0.1756301373243332,0.21560926735401154,,,
8815,3,3,,,,,,,,0.126424178481102,0.1981993019580841,0.0720265582203865,,,
8816,7,7,,,,,,,,0.2940414547920227,0.03288322314620018,0.17895418405532837,,,
8817,4,4,,,,,,,,0.0690196231007576,0.14444087445735931,0.12165166437625885,,,
8818,3,3,,,,,,,,0.17388975620269775,0.39214929938316345,0.1588987112045288,,,
8819,0,0,,,,,,,,0.790878415107727,0.5105642676353455,0.967437744140625,,,
8820,2,2,,,,,,,,0.7100774645805359,0.3371923863887787,0.33818867802619934,,,
8821,7,7,,,,,,,,0.23005297780036926,0.09492442011833191,0.06271335482597351,,,
8822,6,6,,,,,,,,0.10949456691741943,0.6497768759727478,0.13055433332920074,,,
8823,4,4,,,,,,,,0.14543861150741577,0.23379334807395935,0.12309008091688156,,,
8824,3,3,,,,,,,,0.10162578523159027,0.5490963459014893,0.07818930596113205,,,
8825,0,1,,,,,,,,0.11133242398500443,0.0706169530749321,0.025104081258177757,,,
8826,8,8,,,,,,,,0.5168525576591492,0.44658124446868896,0.3016617000102997,,,
8827,2,3,,,,,,,,0.1926342248916626,0.07356493920087814,0.0907043069601059,,,
8828,0,0,,,,,,,,0.7999938726425171,0.3868166208267212,0.2895696461200714,,,
8829,0,0,,,,,,,,0.4687564969062805,0.6319485902786255,0.810886561870575,,,
8830,9,9,,,,,,,,0.274730920791626,0.21792668104171753,0.21993590891361237,,,
8831,6,6,,,,,,,,0.21430744230747223,0.2006373405456543,0.12074407935142517,,,
8832,6,6,,,,,,,,0.07055903226137161,0.30424001812934875,0.03352126106619835,,,
8833,6,6,,,,,,,,0.3975108563899994,0.5445466041564941,0.16650092601776123,,,
8834,8,8,,,,,,,,0.6178751587867737,0.056255992501974106,0.08399586379528046,,,
8835,7,7,,,,,,,,0.06272885203361511,0.14442214369773865,0.23512615263462067,,,
8836,4,4,2,0.25153374233128833,0.3076923076923077,0.2670807453416149,0.6998637914657593,0.8150582313537598,0.47484713792800903,0.07208696752786636,0.09379132091999054,0.08833495527505875,0.08691762387752533,0.13108912110328674,0.21029594540596008
8837,1,1,,,,,,,,0.3068252503871918,0.31421762704849243,0.19042403995990753,,,
8838,8,8,,,,,,,,0.7765025496482849,0.21428324282169342,0.316551148891449,,,
8839,1,1,,,,,,,,0.6598513722419739,0.3362654149532318,0.5871980786323547,,,
8840,2,4,,,,,,,,0.020955320447683334,0.1723979264497757,0.05635237321257591,,,
8841,2,2,,,,,,,,0.19252705574035645,0.033007290214300156,0.40173935890197754,,,
8842,4,4,,,,,,,,0.07706155627965927,0.1598031222820282,0.07862851023674011,,,
8843,8,8,,,,,,,,0.7694178819656372,0.046406712383031845,0.3310261070728302,,,
8844,5,5,,,,,,,,0.049957066774368286,0.11050514876842499,0.11457590013742447,,,
8845,2,2,,,,,,,,0.7062904834747314,0.39793848991394043,0.6490275859832764,,,
8846,6,6,,,,,,,,0.39279812574386597,0.6640661954879761,0.19732780754566193,,,
8847,5,5,,,,,,,,0.29590994119644165,0.11351087689399719,0.07514800876379013,,,
8848,3,3,3,0.9245283018867925,0.8545454545454545,0.19298245614035087,0.998399019241333,0.989302396774292,0.4602191746234894,0.2580028474330902,0.4140455424785614,0.19370098412036896,0.22427737712860107,0.4115219712257385,0.3823898732662201
8849,9,9,,,,,,,,0.4185497462749481,0.08424396067857742,0.13380159437656403,,,
8850,1,1,,,,,,,,0.3537776470184326,0.18754740059375763,0.34237155318260193,,,
8851,0,0,,,,,,,,0.5675616264343262,0.8012531995773315,0.5674663782119751,,,
8852,7,7,,,,,,,,0.5358444452285767,0.14959409832954407,0.3697693645954132,,,
8853,2,2,,,,,,,,0.48298749327659607,0.2285190224647522,0.5499738454818726,,,
8854,4,4,,,,,,,,0.08975347131490707,0.04009779170155525,0.08587110787630081,,,
8855,4,4,,,,,,,,0.11136557906866074,0.04739408940076828,0.09495486319065094,,,
8856,0,0,,,,,,,,0.6123045086860657,0.5171623229980469,0.8178719878196716,,,
8857,0,0,,,,,,,,0.10469688475131989,0.6991128921508789,0.8081436157226562,,,
8858,6,4,,,,,,,,0.05454834923148155,0.10842924565076828,0.09894729405641556,,,
8859,2,2,,,,,,,,0.791527509689331,0.28403139114379883,0.14166398346424103,,,
8860,2,2,,,,,,,,0.31717973947525024,0.12546232342720032,0.222800150513649,,,
8861,4,4,3,0.8545454545454545,0.5572519083969466,0.6585365853658537,0.9738577604293823,0.8791210651397705,0.6940102577209473,0.11433220654726028,0.09374766051769257,0.05785352364182472,0.07220223546028137,0.07096690684556961,0.024692034348845482
8862,0,0,,,,,,,,0.601651668548584,0.4492432475090027,0.44180452823638916,,,
8863,5,5,,,,,,,,0.5365567207336426,0.1797436773777008,0.06978894025087357,,,
8864,9,9,,,,,,,,0.633165180683136,0.19019703567028046,0.17028485238552094,,,
8865,7,4,,,,,,,,0.20098334550857544,0.588545024394989,0.11008434742689133,,,
8866,1,1,,,,,,,,0.22953541576862335,0.30276739597320557,0.13831308484077454,,,
8867,8,8,,,,,,,,0.42873042821884155,0.08428290486335754,0.15899956226348877,,,
8868,4,4,5,0.03535353535353535,0.36,0.2215568862275449,0.5698816776275635,0.7823394536972046,0.3266178369522095,0.16643670201301575,0.26770785450935364,0.14771999418735504,0.09769950062036514,0.09222941100597382,0.006266240030527115
8869,5,5,3,0.3246753246753247,0.4166666666666667,0.48905109489051096,0.6056345105171204,0.8505643606185913,0.7454260587692261,0.08623446524143219,0.1817064732313156,0.03067534975707531,0.09976329654455185,0.15989327430725098,0.008911492303013802
8870,5,5,,,,,,,,0.10354184359312057,0.06659375131130219,0.06082687899470329,,,
8871,9,9,,,,,,,,0.30024394392967224,0.1677323430776596,0.20835255086421967,,,
8872,8,8,,,,,,,,0.2117069661617279,0.12107636779546738,0.26944494247436523,,,
8873,5,5,,,,,,,,0.23462681472301483,0.04747328907251358,0.4483432173728943,,,
8874,7,7,,,,,,,,0.07779382169246674,0.12673793733119965,0.1300249993801117,,,
8875,8,8,,,,,,,,0.2678779363632202,0.139918714761734,0.17946073412895203,,,
8876,0,0,,,,,,,,0.44791093468666077,0.4136171340942383,0.8776721358299255,,,
8877,9,9,,,,,,,,0.29151415824890137,0.3571738600730896,0.27814605832099915,,,
8878,8,8,,,,,,,,0.27098599076271057,0.055683963000774384,0.18354162573814392,,,
8879,9,9,,,,,,,,0.27240070700645447,0.05195753276348114,0.07371965795755386,,,
8880,1,1,,,,,,,,0.5564863681793213,0.10336063802242279,0.45520538091659546,,,
8881,6,6,,,,,,,,0.1303061544895172,0.5622568130493164,0.189016655087471,,,
8882,3,3,2,0.3057324840764331,0.34210526315789475,0.2830188679245283,0.6503926515579224,0.7922735214233398,0.552865207195282,0.2681257426738739,0.3659820556640625,0.1688745766878128,0.05634840205311775,0.1806974560022354,0.09403687715530396
8883,8,8,,,,,,,,0.34097111225128174,0.09979496896266937,0.1636057049036026,,,
8884,0,0,,,,,,,,0.5198957920074463,0.6913867592811584,0.7651768922805786,,,
8885,3,3,,,,,,,,0.2709738612174988,0.42360371351242065,0.2990400791168213,,,
8886,4,4,,,,,,,,0.29354342818260193,0.3490663468837738,0.2628345787525177,,,
8887,4,4,4,0.25925925925925924,0.4676258992805755,0.3076923076923077,0.6805440187454224,0.780296802520752,0.39778631925582886,0.29862990975379944,0.27087780833244324,0.4765035808086395,0.38934245705604553,0.2865438759326935,0.12955506145954132
8888,8,8,,,,,,,,0.7138471603393555,0.3323500156402588,0.3777015805244446,,,
8889,4,4,,,,,,,,0.20419539511203766,0.37261226773262024,0.17765192687511444,,,
8890,8,8,,,,,,,,0.716676652431488,0.35773277282714844,0.3657087981700897,,,
8891,9,9,,,,,,,,0.27884727716445923,0.43297120928764343,0.16562879085540771,,,
8892,8,8,,,,,,,,0.3820541799068451,0.06773722916841507,0.08305224031209946,,,
8893,6,6,,,,,,,,0.3006385862827301,0.4250849783420563,0.1448386013507843,,,
8894,0,0,,,,,,,,0.771533727645874,0.32870250940322876,0.7168773412704468,,,
8895,0,0,,,,,,,,0.46885359287261963,0.5667633414268494,0.92896968126297,,,
8896,8,8,,,,,,,,0.6525607705116272,0.07193411886692047,0.0850597694516182,,,
8897,2,2,,,,,,,,0.323567271232605,0.06256979703903198,0.22744107246398926,,,
8898,7,0,,,,,,,,0.6110624074935913,0.6469311118125916,0.5991953015327454,,,
8899,4,4,,,,,,,,0.29052597284317017,0.5227574110031128,0.44151589274406433,,,
8900,2,2,,,,,,,,0.2608542740345001,0.3151393234729767,0.30906978249549866,,,
8901,5,7,,,,,,,,0.24686168134212494,0.11964567750692368,0.23087230324745178,,,
8902,6,6,,,,,,,,0.2120865434408188,0.5360581874847412,0.12665092945098877,,,
8903,0,0,,,,,,,,0.2865034341812134,0.7247183918952942,0.8017095923423767,,,
8904,5,5,,,,,,,,0.5378477573394775,0.17443153262138367,0.40903374552726746,,,
8905,8,8,,,,,,,,0.5440945029258728,0.2305738478899002,0.30482161045074463,,,
8906,4,4,,,,,,,,0.27890005707740784,0.33390799164772034,0.18374758958816528,,,
8907,1,1,,,,,,,,0.23775890469551086,0.2114357352256775,0.4159790575504303,,,
8908,9,9,,,,,,,,0.2822720408439636,0.1944892406463623,0.14119066298007965,,,
8909,0,0,,,,,,,,0.7486587762832642,0.609825074672699,0.8721548914909363,,,
8910,1,1,,,,,,,,0.5146484375,0.1440049558877945,0.6343241333961487,,,
8911,4,4,,,,,,,,0.12273044884204865,0.2110225409269333,0.19637298583984375,,,
8912,4,4,,,,,,,,0.2049969732761383,0.17746920883655548,0.17652666568756104,,,
8913,8,8,,,,,,,,0.7693620324134827,0.11723344027996063,0.3115174174308777,,,
8914,4,4,,,,,,,,0.5697996616363525,0.21875186264514923,0.39416414499282837,,,
8915,9,9,,,,,,,,0.30198046565055847,0.16066502034664154,0.19218994677066803,,,
8916,6,6,,,,,,,,0.0684744268655777,0.11519919335842133,0.05432015284895897,,,
8917,0,0,,,,,,,,0.27986934781074524,0.5006745457649231,0.7194027900695801,,,
8918,7,7,,,,,,,,0.12221717834472656,0.04330916702747345,0.035561855882406235,,,
8919,7,7,7,0.6190476190476191,0.5223880597014925,0.6451612903225806,0.9502396583557129,0.8236230611801147,0.6086775064468384,0.09107370674610138,0.0890280231833458,0.03382914885878563,0.14022205770015717,0.08878705650568008,0.017858436331152916
8920,6,6,,,,,,,,0.6203085780143738,0.5874896049499512,0.10782581567764282,,,
8921,8,8,0,0.0,0.43661971830985913,0.1270718232044199,-0.17706964910030365,0.866159200668335,0.33989059925079346,0.5021365284919739,0.27015790343284607,0.027886541560292244,0.004631666466593742,0.3214718997478485,0.0012858471600338817
8922,9,9,,,,,,,,0.1923273503780365,0.20481333136558533,0.24584846198558807,,,
8923,6,6,,,,,,,,0.10382591187953949,0.26627108454704285,0.14734399318695068,,,
8924,2,2,,,,,,,,0.38109853863716125,0.12062225490808487,0.6951348185539246,,,
8925,0,0,,,,,,,,0.3497413396835327,0.45428550243377686,0.9613336324691772,,,
8926,4,4,,,,,,,,0.32487115263938904,0.5553629994392395,0.4760420322418213,,,
8927,9,9,,,,,,,,0.354463666677475,0.3423229157924652,0.212749183177948,,,
8928,4,4,4,0.8888888888888888,0.6859504132231405,0.43661971830985913,0.9927489757537842,0.9114880561828613,0.5029768943786621,0.0783059298992157,0.2547808885574341,0.26928436756134033,0.08332650363445282,0.4214804768562317,0.19786326587200165
8929,9,9,,,,,,,,0.42888307571411133,0.30130115151405334,0.3007146716117859,,,
8930,3,2,,,,,,,,0.08439268916845322,0.18076397478580475,0.13185109198093414,,,
8931,9,9,,,,,,,,0.5744974613189697,0.4814282953739166,0.36363860964775085,,,
8932,6,6,2,0.7226890756302521,0.3783783783783784,0.5223880597014925,0.6838375926017761,0.7794662714004517,0.6348247528076172,0.029360266402363777,0.24339261651039124,0.03196806460618973,0.04005972295999527,0.1261702924966812,0.003053967608138919
8933,6,6,,,,,,,,0.07846322655677795,0.10647033154964447,0.07293316721916199,,,
8934,7,7,,,,,,,,0.062137819826602936,0.030513210222125053,0.07734739035367966,,,
8935,0,0,0,0.9065420560747663,0.6062992125984252,0.02512562814070352,0.9936490654945374,0.9036364555358887,0.05642412230372429,0.8351868987083435,0.8040497303009033,0.9475688338279724,0.8924072980880737,0.7433024644851685,0.7071354985237122
8936,9,9,,,,,,,,0.1442500799894333,0.1447151005268097,0.1844407320022583,,,
8937,7,7,,,,,,,,0.086326003074646,0.14987637102603912,0.12957072257995605,,,
8938,1,8,,,,,,,,0.28592851758003235,0.03545830771327019,0.031636644154787064,,,
8939,8,8,,,,,,,,0.4445926547050476,0.10580256581306458,0.11405697464942932,,,
8940,6,6,,,,,,,,0.09478135406970978,0.39683857560157776,0.04208832234144211,,,
8941,0,0,,,,,,,,0.7128657102584839,0.528452455997467,0.6679149866104126,,,
8942,6,6,,,,,,,,0.16365395486354828,0.4808386266231537,0.21351858973503113,,,
8943,7,4,,,,,,,,0.2024947851896286,0.2712847888469696,0.2021293193101883,,,
8944,4,4,,,,,,,,0.08040880411863327,0.07830902934074402,0.15829817950725555,,,
8945,1,1,,,,,,,,0.5190341472625732,0.2793595790863037,0.2818145155906677,,,
8946,9,9,,,,,,,,0.25692078471183777,0.08677941560745239,0.2308862805366516,,,
8947,4,4,2,0.16477272727272727,0.5338345864661654,0.2,0.8731346130371094,0.8546886444091797,0.43240222334861755,0.11410537362098694,0.11746226996183395,0.19851768016815186,0.13702604174613953,0.37585926055908203,0.04204283654689789
8948,6,6,,,,,,,,0.19864389300346375,0.5324928760528564,0.07266022264957428,,,
8949,7,7,,,,,,,,0.3497137129306793,0.09866558760404587,0.19695380330085754,,,
8950,9,9,,,,,,,,0.5230180621147156,0.1048424243927002,0.2900736927986145,,,
8951,8,8,,,,,,,,0.2593725621700287,0.28776824474334717,0.16644950211048126,,,
8952,3,3,,,,,,,,0.11253120750188828,0.2724945843219757,0.22101929783821106,,,
8953,9,9,,,,,,,,0.2983185052871704,0.1909017413854599,0.0395599901676178,,,
8954,2,2,,,,,,,,0.3669464588165283,0.3701426088809967,0.335380882024765,,,
8955,1,1,,,,,,,,0.4341251850128174,0.15399903059005737,0.31300586462020874,,,
8956,2,2,,,,,,,,0.5126113891601562,0.15128105878829956,0.42925962805747986,,,
8957,7,7,,,,,,,,0.08846123516559601,0.04208291694521904,0.09790900349617004,,,
8958,6,6,6,0.8545454545454545,0.7142857142857143,0.6721311475409836,0.9718772172927856,0.8277007341384888,0.667833685874939,0.0498519167304039,0.2945743799209595,0.10890309512615204,0.08532165735960007,0.34918493032455444,0.040522247552871704
8959,1,1,,,,,,,,0.29811492562294006,0.31806430220603943,0.05993909388780594,,,
8960,0,0,2,0.7739130434782608,0.3691275167785235,0.13333333333333333,0.9656798839569092,0.7576757073402405,0.6032876372337341,0.13275443017482758,0.665611743927002,0.5552278161048889,0.14292843639850616,0.45600152015686035,0.7039045691490173
8961,0,0,,,,,,,,0.3689345121383667,0.690436840057373,0.8466129302978516,,,
8962,5,5,,,,,,,,0.2563740313053131,0.06338769942522049,0.13036566972732544,,,
8963,6,6,,,,,,,,0.4179558753967285,0.6280207633972168,0.1814655214548111,,,
8964,0,0,,,,,,,,0.7707135081291199,0.8305420875549316,0.9558860063552856,,,
8965,4,4,4,0.7288135593220338,0.43661971830985913,0.7288135593220338,0.9886536598205566,0.7563272714614868,0.42309823632240295,0.15368995070457458,0.09029804170131683,0.10410723835229874,0.16932156682014465,0.19986377656459808,0.38851630687713623
8966,3,3,5,0.046153846153846156,0.18604651162790697,0.0851063829787234,0.49582237005233765,0.6355326771736145,0.14015507698059082,0.12335871905088425,0.14768028259277344,0.029217783361673355,0.04009673371911049,0.4463789761066437,0.007025845814496279
8967,2,2,,,,,,,,0.2508462369441986,0.36933091282844543,0.5087634921073914,,,
8968,8,8,,,,,,,,0.18173545598983765,0.035345472395420074,0.2447730302810669,,,
8969,8,8,,,,,,,,0.5463772416114807,0.3953864574432373,0.336436003446579,,,
8970,0,0,,,,,,,,0.6552694439888,0.7718349695205688,0.8340451717376709,,,
8971,6,6,,,,,,,,0.41810205578804016,0.454813152551651,0.16216470301151276,,,
8972,9,9,,,,,,,,0.18913954496383667,0.05743633210659027,0.11459758132696152,,,
8973,5,5,,,,,,,,0.12743768095970154,0.03738188371062279,0.17405149340629578,,,
8974,2,2,,,,,,,,0.5665534734725952,0.18241722881793976,0.3681841194629669,,,
8975,8,8,,,,,,,,0.5676777362823486,0.36058861017227173,0.3668632209300995,,,
8976,7,7,2,0.12087912087912088,0.36,0.34210526315789475,0.4222713112831116,0.8740301132202148,0.6702677607536316,0.04620957374572754,0.053365327417850494,0.04822816327214241,0.03788174316287041,0.0693860575556755,0.035361189395189285
8977,0,0,,,,,,,,0.3818890452384949,0.2921193540096283,0.14403483271598816,,,
8978,6,6,,,,,,,,0.5833235383033752,0.7512654662132263,0.3206971287727356,,,
8979,5,5,,,,,,,,0.28892722725868225,0.1129714772105217,0.1823902130126953,,,
8980,9,9,,,,,,,,0.4617381989955902,0.34762436151504517,0.3415745198726654,,,
8981,7,4,,,,,,,,0.49211373925209045,0.3681006133556366,0.13806313276290894,,,
8982,2,2,,,,,,,,0.5531973242759705,0.09716927260160446,0.3932737708091736,,,
8983,3,4,,,,,,,,0.144361212849617,0.5204618573188782,0.0582331120967865,,,
8984,6,6,,,,,,,,0.10568089783191681,0.5220705270767212,0.08355475962162018,,,
8985,9,9,9,0.8545454545454545,0.5111111111111111,0.4166666666666667,0.9978069067001343,0.9373269081115723,0.5480417013168335,0.21944524347782135,0.025015130639076233,0.04458293691277504,0.1050734668970108,0.038709454238414764,0.06146698817610741
8986,6,6,,,,,,,,0.4248775541782379,0.4303053021430969,0.33606067299842834,,,
8987,2,2,,,,,,,,0.31866455078125,0.12460670620203018,0.29278114438056946,,,
8988,2,2,,,,,,,,0.6211249828338623,0.0958624929189682,0.5331236720085144,,,
8989,4,4,4,0.9805825242718447,0.7894736842105263,0.5813953488372093,0.9979020357131958,0.9390021562576294,0.7738535404205322,0.24686208367347717,0.038069069385528564,0.18974384665489197,0.3449307978153229,0.05373050644993782,0.17317259311676025
8990,1,1,,,,,,,,0.528299868106842,0.25045332312583923,0.2621181309223175,,,
8991,0,0,,,,,,,,0.3890346884727478,0.641435444355011,0.9143652319908142,,,
8992,5,5,,,,,,,,0.371349960565567,0.04143744707107544,0.4507405459880829,,,
8993,0,9,,,,,,,,0.15649405121803284,0.22476454079151154,0.027777383103966713,,,
8994,8,8,,,,,,,,0.6627872586250305,0.17871271073818207,0.12510104477405548,,,
8995,9,9,,,,,,,,0.1951022893190384,0.14636458456516266,0.12162962555885315,,,
8996,3,3,,,,,,,,0.09228978306055069,0.2903672754764557,0.07078762352466583,,,
8997,5,5,,,,,,,,0.18443050980567932,0.08077066391706467,0.10044223070144653,,,
8998,9,9,,,,,,,,0.38153505325317383,0.15671704709529877,0.3811403512954712,,,
8999,3,3,,,,,,,,0.4018940329551697,0.4950348138809204,0.5656923651695251,,,
9000,8,8,,,,,,,,0.5787993669509888,0.3034575283527374,0.5001387000083923,,,
9001,1,1,,,,,,,,0.3537048101425171,0.3248746395111084,0.541287362575531,,,
9002,6,4,,,,,,,,0.06122283264994621,0.05627219378948212,0.028497491031885147,,,
9003,3,3,,,,,,,,0.48233938217163086,0.40579721331596375,0.21849200129508972,,,
9004,7,7,,,,,,,,0.17834632098674774,0.253669410943985,0.20809306204319,,,
9005,5,5,,,,,,,,0.4536498785018921,0.03764130920171738,0.1747530698776245,,,
9006,6,6,,,,,,,,0.32925811409950256,0.5008432865142822,0.2996475100517273,,,
9007,2,2,,,,,,,,0.1956237256526947,0.113075852394104,0.1332980990409851,,,
9008,0,0,0,0.23636363636363636,0.5,0.07368421052631578,0.8641030788421631,0.7738641500473022,0.1196541041135788,0.3549685478210449,0.8363386392593384,0.7986747622489929,0.23745690286159515,0.6313270330429077,0.7090960741043091
9009,2,2,,,,,,,,0.6265739798545837,0.1831047385931015,0.11309318989515305,,,
9010,8,8,,,,,,,,0.2930944263935089,0.1986093670129776,0.11236962676048279,,,
9011,2,2,,,,,,,,0.7605482339859009,0.29876509308815,0.7806783318519592,,,
9012,8,8,,,,,,,,0.1452498733997345,0.06844169646501541,0.1162029579281807,,,
9013,7,7,7,0.5,0.3509933774834437,0.3972602739726027,0.9470094442367554,0.8564491271972656,0.719664454460144,0.05267152562737465,0.03925858810544014,0.08910240232944489,0.025370825082063675,0.06399089843034744,0.11601252853870392
9014,7,7,,,,,,,,0.32144564390182495,0.11476851254701614,0.2923319637775421,,,
9015,8,8,,,,,,,,0.20411589741706848,0.16722024977207184,0.17101241648197174,,,
9016,1,1,,,,,,,,0.35498300194740295,0.07968279719352722,0.12410926073789597,,,
9017,0,0,,,,,,,,0.46758732199668884,0.7416978478431702,0.4483256936073303,,,
9018,8,8,,,,,,,,0.33746418356895447,0.03200359269976616,0.2596118152141571,,,
9019,9,9,,,,,,,,0.11938995122909546,0.18193849921226501,0.13011391460895538,,,
9020,7,7,,,,,,,,0.17311853170394897,0.08821303397417068,0.25253069400787354,,,
9021,0,0,,,,,,,,0.3208460509777069,0.640843391418457,0.3263389766216278,,,
9022,3,3,,,,,,,,0.4817871153354645,0.5157825350761414,0.32837241888046265,,,
9023,8,8,,,,,,,,0.4013287127017975,0.08796586096286774,0.08709497004747391,,,
9024,0,0,,,,,,,,0.569071888923645,0.4471563994884491,0.5376511812210083,,,
9025,5,5,,,,,,,,0.1116112768650055,0.05855702981352806,0.027821438387036324,,,
9026,9,9,,,,,,,,0.030473537743091583,0.07698123902082443,0.1602115035057068,,,
9027,5,5,,,,,,,,0.20206578075885773,0.025335639715194702,0.03198694810271263,,,
9028,8,8,,,,,,,,0.698922336101532,0.20224101841449738,0.22887203097343445,,,
9029,4,4,,,,,,,,0.0712195485830307,0.14758837223052979,0.19513925909996033,,,
9030,2,2,,,,,,,,0.5501081347465515,0.06612751632928848,0.16387970745563507,,,
9031,0,8,,,,,,,,0.11066943407058716,0.032344356179237366,0.01932288333773613,,,
9032,9,9,,,,,,,,0.19597852230072021,0.14470505714416504,0.124833844602108,,,
9033,2,2,,,,,,,,0.72103351354599,0.39340123534202576,0.18106874823570251,,,
9034,2,2,4,0.7586206896551724,0.6585365853658537,0.3246753246753247,0.9088019728660583,0.8570821285247803,0.6235790848731995,0.27786168456077576,0.11931727081537247,0.03900578245520592,0.19921793043613434,0.060167424380779266,0.03270627558231354
9035,4,4,,,,,,,,0.17042142152786255,0.34221401810646057,0.12585914134979248,,,
9036,4,4,4,0.7435897435897436,0.48905109489051096,0.6451612903225806,0.9903119802474976,0.8474701642990112,0.7055672407150269,0.13682714104652405,0.39962834119796753,0.15109965205192566,0.17507433891296387,0.3174283504486084,0.09524105489253998
9037,9,9,,,,,,,,0.35925689339637756,0.1286265105009079,0.22710910439491272,,,
9038,2,2,,,,,,,,0.3301301598548889,0.15832871198654175,0.3276440501213074,,,
9039,2,6,,,,,,,,0.1028231754899025,0.6138333678245544,0.06770265102386475,,,
9040,2,5,,,,,,,,0.16125576198101044,0.029441218823194504,0.03078846074640751,,,
9041,5,3,,,,,,,,0.3281703591346741,0.3123983144760132,0.23752275109291077,,,
9042,1,1,,,,,,,,0.33438509702682495,0.20739002525806427,0.030510447919368744,,,
9043,3,3,,,,,,,,0.0904366672039032,0.26805639266967773,0.1739749014377594,,,
9044,2,2,,,,,,,,0.5380746722221375,0.49098944664001465,0.539306104183197,,,
9045,0,0,,,,,,,,0.5844476819038391,0.4031452238559723,0.8363196849822998,,,
9046,0,0,,,,,,,,0.7592151761054993,0.5963946580886841,0.9782745838165283,,,
9047,4,4,,,,,,,,0.1704820692539215,0.2507355213165283,0.25330865383148193,,,
9048,0,0,,,,,,,,0.7706543207168579,0.6532422304153442,0.7784132957458496,,,
9049,6,6,6,0.6062992125984252,0.44680851063829785,0.5111111111111111,0.9748760461807251,0.8716861009597778,0.8114579916000366,0.2433091402053833,0.6726566553115845,0.4224744439125061,0.1886235624551773,0.5156441926956177,0.18964849412441254
9050,5,3,,,,,,,,0.15301840007305145,0.5455305576324463,0.16820712387561798,,,
9051,8,8,,,,,,,,0.33787405490875244,0.15450936555862427,0.37646913528442383,,,
9052,0,0,,,,,,,,0.31102728843688965,0.7697804570198059,0.7208236455917358,,,
9053,5,5,,,,,,,,0.1925993412733078,0.07731730490922928,0.1478237807750702,,,
9054,8,8,,,,,,,,0.14667053520679474,0.21516147255897522,0.13370613753795624,,,
9055,6,6,,,,,,,,0.3375695049762726,0.7267206907272339,0.42191368341445923,,,
9056,4,4,,,,,,,,0.3662669062614441,0.17707733809947968,0.1826263964176178,,,
9057,8,8,,,,,,,,0.6226991415023804,0.19078509509563446,0.1801263839006424,,,
9058,5,5,,,,,,,,0.13969768583774567,0.08862409740686417,0.03147200122475624,,,
9059,2,2,,,,,,,,0.3677867352962494,0.258108913898468,0.24728527665138245,,,
9060,9,9,,,,,,,,0.36250603199005127,0.07731926441192627,0.28919240832328796,,,
9061,7,7,,,,,,,,0.3827984631061554,0.08287554979324341,0.12282056361436844,,,
9062,9,9,,,,,,,,0.3957458734512329,0.3504972755908966,0.2033604234457016,,,
9063,7,7,,,,,,,,0.3555046617984772,0.35514822602272034,0.3640075922012329,,,
9064,1,1,,,,,,,,0.4694218635559082,0.17178408801555634,0.15946362912654877,,,
9065,0,0,,,,,,,,0.8146622180938721,0.20404580235481262,0.3527776002883911,,,
9066,1,1,,,,,,,,0.4413488805294037,0.24729406833648682,0.24417130649089813,,,
9067,9,9,,,,,,,,0.039598047733306885,0.2510775327682495,0.04416906088590622,,,
9068,6,6,,,,,,,,0.060080476105213165,0.5651035904884338,0.052121080458164215,,,
9069,9,9,,,,,,,,0.28476279973983765,0.17173288762569427,0.16110219061374664,,,
9070,2,2,,,,,,,,0.2888321578502655,0.1538204848766327,0.4254671633243561,,,
9071,7,7,,,,,,,,0.19948585331439972,0.10317412763834,0.16908515989780426,,,
9072,9,9,,,,,,,,0.41776242852211,0.2738454043865204,0.18344326317310333,,,
9073,4,4,,,,,,,,0.11837812513113022,0.23899897933006287,0.13330896198749542,,,
9074,4,4,,,,,,,,0.14120538532733917,0.21920545399188995,0.05210002139210701,,,
9075,0,0,,,,,,,,0.5242888331413269,0.6752389669418335,0.5103148221969604,,,
9076,6,6,,,,,,,,0.46779879927635193,0.7062477469444275,0.44320279359817505,,,
9077,2,2,,,,,,,,0.6377441883087158,0.3655761182308197,0.4232860505580902,,,
9078,4,4,,,,,,,,0.33703023195266724,0.05440507456660271,0.29429787397384644,,,
9079,1,1,,,,,,,,0.19373373687267303,0.16111159324645996,0.08996957540512085,,,
9080,3,5,,,,,,,,0.19808964431285858,0.04485196992754936,0.025433283299207687,,,
9081,7,7,,,,,,,,0.22856950759887695,0.08891652524471283,0.13118784129619598,,,
9082,2,2,2,0.6190476190476191,0.3509933774834437,0.2289156626506024,0.9682512283325195,0.7834024429321289,0.4629654586315155,0.39335933327674866,0.05840350687503815,0.23691587150096893,0.3259284794330597,0.15974657237529755,0.2792060673236847
9083,8,8,8,0.3161290322580645,0.59375,0.44680851063829785,0.880640983581543,0.9007226228713989,0.698660135269165,0.49425944685935974,0.027769628912210464,0.08487430959939957,0.49519944190979004,0.028621448203921318,0.1079496294260025
9084,5,5,,,,,,,,0.2717033326625824,0.08049749583005905,0.42591047286987305,,,
9085,9,9,,,,,,,,0.11915502697229385,0.02677924558520317,0.07541454583406448,,,
9086,0,0,,,,,,,,0.5472456812858582,0.47607874870300293,0.8412442803382874,,,
9087,3,3,,,,,,,,0.21272093057632446,0.22411207854747772,0.5641639828681946,,,
9088,2,2,,,,,,,,0.20728160440921783,0.3948289155960083,0.17584797739982605,,,
9089,3,3,,,,,,,,0.5636845827102661,0.47650080919265747,0.4475608468055725,,,
9090,2,2,,,,,,,,0.6324995756149292,0.39229121804237366,0.19552230834960938,,,
9091,7,7,,,,,,,,0.4644572138786316,0.17832441627979279,0.3525548577308655,,,
9092,6,6,,,,,,,,0.28205209970474243,0.38305118680000305,0.24193312227725983,,,
9093,3,3,3,0.5813953488372093,0.5454545454545454,0.3972602739726027,0.9620449542999268,0.8474156260490417,0.5862200260162354,0.13025565445423126,0.2587413191795349,0.0548858679831028,0.1688409447669983,0.21827785670757294,0.028319915756583214
9094,2,2,,,,,,,,0.5588275194168091,0.17167051136493683,0.24917468428611755,,,
9095,5,5,,,,,,,,0.1999686360359192,0.04036734253168106,0.15646110475063324,,,
9096,9,9,,,,,,,,0.126986563205719,0.13241370022296906,0.10774931311607361,,,
9097,0,0,,,,,,,,0.5972269773483276,0.5673090815544128,0.5046523213386536,,,
9098,5,5,,,,,,,,0.46767985820770264,0.10061648488044739,0.12822504341602325,,,
9099,9,1,,,,,,,,0.029425187036395073,0.05665799230337143,0.02379046007990837,,,
9100,9,9,,,,,,,,0.2642063498497009,0.25428760051727295,0.3349994421005249,,,
9101,8,8,,,,,,,,0.43504849076271057,0.1753976047039032,0.21374285221099854,,,
9102,7,7,7,0.7226890756302521,0.6451612903225806,0.48905109489051096,0.9897220134735107,0.9529876708984375,0.7733418345451355,0.03523331135511398,0.03501155227422714,0.06388872861862183,0.03086320497095585,0.09342042356729507,0.08101046830415726
9103,7,5,,,,,,,,0.34764203429222107,0.1257786750793457,0.12503686547279358,,,
9104,4,4,,,,,,,,0.08275538682937622,0.35745424032211304,0.13408386707305908,,,
9105,8,8,8,0.8545454545454545,0.5338345864661654,0.10270270270270271,0.9950636625289917,0.8583159446716309,0.6455459594726562,0.14056265354156494,0.11667944490909576,0.02369171567261219,0.21641676127910614,0.03356916457414627,0.016820529475808144
9106,6,6,,,,,,,,0.25678279995918274,0.6414132118225098,0.0580778643488884,,,
9107,5,2,,,,,,,,0.36729294061660767,0.17352195084095,0.17518921196460724,,,
9108,2,2,,,,,,,,0.8020811080932617,0.18383410573005676,0.6158692836761475,,,
9109,3,3,,,,,,,,0.48226121068000793,0.3009994328022003,0.3813045918941498,,,
9110,1,1,,,,,,,,0.17949233949184418,0.23266743123531342,0.11012504994869232,,,
9111,0,0,,,,,,,,0.5663860440254211,0.6422603130340576,0.929476261138916,,,
9112,4,4,,,,,,,,0.28702443838119507,0.3300708830356598,0.5299771428108215,,,
9113,1,1,,,,,,,,0.07584226876497269,0.13167867064476013,0.11581768095493317,,,
9114,8,8,0,0.29936305732484075,0.5572519083969466,0.2911392405063291,0.27895039319992065,0.8291059732437134,0.4881063997745514,0.5326208472251892,0.033575743436813354,0.03757261484861374,0.008290515281260014,0.015488923527300358,0.001342966454103589
9115,8,8,,,,,,,,0.5228773355484009,0.253799170255661,0.33822739124298096,,,
9116,4,4,,,,,,,,0.1462957113981247,0.11466389149427414,0.038980867713689804,,,
9117,9,9,,,,,,,,0.42381981015205383,0.25260576605796814,0.22038891911506653,,,
9118,4,4,,,,,,,,0.08095074445009232,0.20158088207244873,0.070174440741539,,,
9119,4,4,,,,,,,,0.2550269067287445,0.13809525966644287,0.1511179804801941,,,
9120,3,5,,,,,,,,0.10474474728107452,0.015178871341049671,0.058909881860017776,,,
9121,3,3,,,,,,,,0.44285738468170166,0.5858234167098999,0.11561530828475952,,,
9122,9,9,,,,,,,,0.1436527669429779,0.1798705756664276,0.18064257502555847,,,
9123,2,2,5,0.10869565217391304,0.3972602739726027,0.23636363636363636,0.8101827502250671,0.8117907047271729,0.508251428604126,0.5899941921234131,0.3335556983947754,0.5562048554420471,0.15775224566459656,0.1398158073425293,0.13499389588832855
9124,0,0,,,,,,,,0.3662256598472595,0.38344046473503113,0.9689772725105286,,,
9125,1,1,,,,,,,,0.5001063942909241,0.23704016208648682,0.18512935936450958,,,
9126,1,1,,,,,,,,0.08589571714401245,0.03327522426843643,0.034758105874061584,,,
9127,8,8,,,,,,,,0.3486675024032593,0.03410745784640312,0.030348943546414375,,,
9128,4,4,4,0.34210526315789475,0.3877551020408163,0.13966480446927373,0.9244621396064758,0.8543403148651123,0.3736514151096344,0.0261542871594429,0.105966717004776,0.10736235231161118,0.0265726987272501,0.13831448554992676,0.07080197334289551
9129,4,4,,,,,,,,0.22515767812728882,0.3451123833656311,0.1839696764945984,,,
9130,8,8,,,,,,,,0.34934234619140625,0.2414606362581253,0.12440016120672226,,,
9131,3,3,,,,,,,,0.20103412866592407,0.49529391527175903,0.05182547867298126,,,
9132,2,6,,,,,,,,0.03652874752879143,0.40448588132858276,0.12847350537776947,,,
9133,9,9,,,,,,,,0.10574465245008469,0.08338585495948792,0.09322455525398254,,,
9134,5,5,,,,,,,,0.38940539956092834,0.12602850794792175,0.24427835643291473,,,
9135,7,7,,,,,,,,0.23591376841068268,0.15083187818527222,0.27305954694747925,,,
9136,6,6,,,,,,,,0.2609020471572876,0.5079115033149719,0.14938382804393768,,,
9137,2,2,,,,,,,,0.5178322196006775,0.12728019058704376,0.1263803243637085,,,
9138,5,5,,,,,,,,0.44824841618537903,0.04094278812408447,0.4152950942516327,,,
9139,4,4,,,,,,,,0.16448679566383362,0.07040619850158691,0.14897622168064117,,,
9140,7,7,,,,,,,,0.12680818140506744,0.030234714969992638,0.19224265217781067,,,
9141,3,3,,,,,,,,0.4790811836719513,0.5375527739524841,0.3350643217563629,,,
9142,3,3,,,,,,,,0.1857723742723465,0.4127100706100464,0.18590153753757477,,,
9143,9,9,9,0.4676258992805755,0.4166666666666667,0.43661971830985913,0.9594030976295471,0.8594671487808228,0.5646505355834961,0.08595991879701614,0.07137280702590942,0.06496842950582504,0.06140417233109474,0.1519353836774826,0.02612612023949623
9144,0,0,,,,,,,,0.48585325479507446,0.5062857270240784,0.7882993817329407,,,
9145,1,1,,,,,,,,0.11869125068187714,0.08179590106010437,0.12565301358699799,,,
9146,5,5,,,,,,,,0.5686225891113281,0.08554571121931076,0.18348926305770874,,,
9147,9,9,1,0.5111111111111111,0.4166666666666667,0.6451612903225806,0.9681599140167236,0.8173401355743408,0.5351066589355469,0.10915455967187881,0.021554287523031235,0.07981377094984055,0.06264681369066238,0.004244157578796148,0.06153880059719086
9148,3,3,3,0.5454545454545454,0.4782608695652174,0.5111111111111111,0.9666274189949036,0.8688098192214966,0.5556830167770386,0.3472435772418976,0.2344079315662384,0.15023571252822876,0.2965027093887329,0.20527119934558868,0.09053099900484085
9149,7,7,,,,,,,,0.08520541340112686,0.03884340822696686,0.07418850064277649,,,
9150,6,6,,,,,,,,0.20320576429367065,0.7600622773170471,0.17089083790779114,,,
9151,0,0,,,,,,,,0.7156461477279663,0.5575807094573975,0.5848941206932068,,,
9152,4,4,,,,,,,,0.42438510060310364,0.13679338991641998,0.37131190299987793,,,
9153,2,2,,,,,,,,0.838533878326416,0.12558647990226746,0.24312308430671692,,,
9154,2,2,,,,,,,,0.4293195903301239,0.2510334253311157,0.26128414273262024,,,
9155,5,5,,,,,,,,0.4184300899505615,0.09729743003845215,0.48773837089538574,,,
9156,6,6,,,,,,,,0.34516051411628723,0.6368348598480225,0.22098353505134583,,,
9157,3,3,,,,,,,,0.15097682178020477,0.678206205368042,0.7834351062774658,,,
9158,8,8,8,0.3076923076923077,0.6062992125984252,0.6062992125984252,0.8311351537704468,0.9162368774414062,0.6932345032691956,0.34273239970207214,0.08277790248394012,0.03379237651824951,0.08318691700696945,0.043411944061517715,0.025558091700077057
9159,9,9,,,,,,,,0.18410557508468628,0.02754734456539154,0.09268569946289062,,,
9160,5,5,5,0.7739130434782608,0.59375,0.7435897435897436,0.9895738363265991,0.9188644886016846,0.7217226028442383,0.09407613426446915,0.0546744242310524,0.03192255645990372,0.11397119611501694,0.06713009625673294,0.23232050240039825
9161,6,6,,,,,,,,0.32167690992355347,0.6351736187934875,0.25363585352897644,,,
9162,1,1,,,,,,,,0.17243324220180511,0.12426751106977463,0.03494054451584816,,,
9163,4,4,,,,,,,,0.4569421410560608,0.47881054878234863,0.41995158791542053,,,
9164,5,5,,,,,,,,0.24901607632637024,0.06136525794863701,0.22496959567070007,,,
9165,4,4,,,,,,,,0.4959293305873871,0.22717814147472382,0.17594239115715027,,,
9166,6,6,,,,,,,,0.08780282735824585,0.32145971059799194,0.028800586238503456,,,
9167,7,7,,,,,,,,0.16233326494693756,0.21684275567531586,0.5080477595329285,,,
9168,2,2,,,,,,,,0.4455464780330658,0.09651292115449905,0.4966716468334198,,,
9169,1,1,,,,,,,,0.10022328794002533,0.19250911474227905,0.03963098302483559,,,
9170,0,0,,,,,,,,0.38816556334495544,0.393268346786499,0.8411719799041748,,,
9171,2,2,,,,,,,,0.5346801280975342,0.21049031615257263,0.3699386715888977,,,
9172,0,0,,,,,,,,0.49505409598350525,0.6450685858726501,0.9265483021736145,,,
9173,4,4,,,,,,,,0.19329138100147247,0.27046120166778564,0.1604650616645813,,,
9174,9,9,,,,,,,,0.09532704204320908,0.12944775819778442,0.036801185458898544,,,
9175,8,8,,,,,,,,0.10079199075698853,0.22137296199798584,0.06534215807914734,,,
9176,8,3,,,,,,,,0.16753290593624115,0.4129164218902588,0.029899252578616142,,,
9177,9,9,,,,,,,,0.31042519211769104,0.11036220192909241,0.14019626379013062,,,
9178,1,1,,,,,,,,0.543976902961731,0.2092156559228897,0.5022883415222168,,,
9179,1,1,,,,,,,,0.4881059229373932,0.18445315957069397,0.657111406326294,,,
9180,5,5,,,,,,,,0.28095361590385437,0.11915585398674011,0.12350218743085861,,,
9181,0,0,,,,,,,,0.6396210193634033,0.7672522664070129,0.7657860517501831,,,
9182,0,0,,,,,,,,0.5033286213874817,0.6307482719421387,0.7746833562850952,,,
9183,8,8,,,,,,,,0.5294902324676514,0.030735958367586136,0.08791758865118027,,,
9184,7,7,,,,,,,,0.05255051329731941,0.0279697235673666,0.13417793810367584,,,
9185,1,9,,,,,,,,0.018351221457123756,0.019899116829037666,0.01736302860081196,,,
9186,7,7,,,,,,,,0.08432921022176743,0.19174832105636597,0.08328622579574585,,,
9187,4,4,,,,,,,,0.12791843712329865,0.4381326735019684,0.38029390573501587,,,
9188,5,5,,,,,,,,0.2971283793449402,0.09674648195505142,0.03207431733608246,,,
9189,4,4,4,0.6859504132231405,0.5813953488372093,0.4166666666666667,0.9076807498931885,0.8998901844024658,0.5229475498199463,0.027974484488368034,0.04621647298336029,0.07943223416805267,0.05295107513666153,0.05809566006064415,0.18353118002414703
9190,3,4,,,,,,,,0.07044200599193573,0.203278049826622,0.19243407249450684,,,
9191,3,3,,,,,,,,0.12777388095855713,0.15801918506622314,0.21512210369110107,,,
9192,2,2,,,,,,,,0.5327158570289612,0.10229745507240295,0.27431541681289673,,,
9193,0,0,,,,,,,,0.13249918818473816,0.1311527043581009,0.2035425454378128,,,
9194,6,6,,,,,,,,0.2036982625722885,0.7139463424682617,0.2625591456890106,,,
9195,6,6,,,,,,,,0.2729584574699402,0.6145081520080566,0.12497252225875854,,,
9196,0,0,,,,,,,,0.659951388835907,0.46752703189849854,0.5950497984886169,,,
9197,1,1,,,,,,,,0.5350431203842163,0.19676797091960907,0.13749606907367706,,,
9198,3,3,,,,,,,,0.3532411754131317,0.3861328959465027,0.24448223412036896,,,
9199,9,9,,,,,,,,0.2866051197052002,0.23876363039016724,0.20666135847568512,,,
9200,8,8,,,,,,,,0.35241878032684326,0.027175424620509148,0.2886146306991577,,,
9201,3,3,3,0.632,0.7435897435897436,0.5572519083969466,0.9884527325630188,0.9476532340049744,0.6050955057144165,0.24647361040115356,0.4269654452800751,0.1323346048593521,0.22855690121650696,0.47969353199005127,0.051941584795713425
9202,7,7,,,,,,,,0.4425659477710724,0.24190300703048706,0.17302089929580688,,,
9203,8,8,,,,,,,,0.4083760380744934,0.08273819088935852,0.05368844419717789,,,
9204,9,9,9,0.8214285714285714,0.6721311475409836,0.4068965517241379,0.9956613779067993,0.9641755819320679,0.4064377248287201,0.059246547520160675,0.027281545102596283,0.035594239830970764,0.03985799849033356,0.0692194253206253,0.07015908509492874
9205,4,4,,,,,,,,0.1952279508113861,0.4450962245464325,0.276175856590271,,,
9206,8,8,,,,,,,,0.4468806982040405,0.18357253074645996,0.1495901495218277,,,
9207,9,9,,,,,,,,0.19325530529022217,0.1460464745759964,0.1018022820353508,,,
9208,0,0,,,,,,,,0.3677346706390381,0.36960527300834656,0.6438776850700378,,,
9209,9,9,,,,,,,,0.03845043480396271,0.11288667470216751,0.19546526670455933,,,
9210,7,7,,,,,,,,0.13400526344776154,0.30059635639190674,0.10994471609592438,,,
9211,1,1,,,,,,,,0.2538314759731293,0.2192896604537964,0.20714667439460754,,,
9212,6,6,,,,,,,,0.19237886369228363,0.5863900184631348,0.1325863152742386,,,
9213,2,2,,,,,,,,0.4304161071777344,0.30950531363487244,0.2953559160232544,,,
9214,9,9,,,,,,,,0.19613167643547058,0.17255139350891113,0.16285724937915802,,,
9215,5,5,,,,,,,,0.43763720989227295,0.0335393100976944,0.18483321368694305,,,
9216,6,3,,,,,,,,0.17785707116127014,0.3378344476222992,0.23500661551952362,,,
9217,9,9,,,,,,,,0.08099168539047241,0.32318997383117676,0.0783054381608963,,,
9218,3,5,,,,,,,,0.07351308315992355,0.02982056699693203,0.19978684186935425,,,
9219,9,9,,,,,,,,0.18625381588935852,0.04380015656352043,0.27282488346099854,,,
9220,8,8,,,,,,,,0.5318480134010315,0.20634888112545013,0.07797445356845856,,,
9221,7,7,,,,,,,,0.09304337948560715,0.05981012061238289,0.10896408557891846,,,
9222,7,7,,,,,,,,0.07038478553295135,0.08414094895124435,0.15065282583236694,,,
9223,1,1,,,,,,,,0.1929306834936142,0.20604409277439117,0.10064753144979477,,,
9224,6,6,,,,,,,,0.2522369623184204,0.5538256168365479,0.202432781457901,,,
9225,5,3,,,,,,,,0.055226221680641174,0.13254164159297943,0.08189856261014938,,,
9226,3,3,,,,,,,,0.14765964448451996,0.5026276111602783,0.08303593844175339,,,
9227,1,9,,,,,,,,0.14430110156536102,0.145274356007576,0.03312450274825096,,,
9228,3,3,4,0.43661971830985913,0.5692307692307692,0.15254237288135594,0.8547545671463013,0.85084068775177,0.3475322723388672,0.1546279639005661,0.35781988501548767,0.06101914122700691,0.10111808776855469,0.3645991086959839,0.07746192067861557
9229,1,1,1,0.8888888888888888,0.7586206896551724,0.3509933774834437,0.9725524187088013,0.9131264686584473,0.5221891403198242,0.1346263736486435,0.35863611102104187,0.3521766662597656,0.22344323992729187,0.2553902268409729,0.326617568731308
9230,2,3,,,,,,,,0.0317070446908474,0.11032433807849884,0.037030745297670364,,,
9231,7,7,7,0.15819209039548024,0.45714285714285713,0.18604651162790697,0.8250652551651001,0.8394335508346558,0.5362908840179443,0.11996552348136902,0.030749795958399773,0.21411612629890442,0.16893281042575836,0.03660975769162178,0.12455597519874573
9232,1,1,,,,,,,,0.17000269889831543,0.1446850448846817,0.2881736755371094,,,
9233,8,8,,,,,,,,0.47456300258636475,0.1825006753206253,0.09895021468400955,,,
9234,2,2,,,,,,,,0.7842679619789124,0.14244191348552704,0.5325167179107666,,,
9235,0,0,,,,,,,,0.7225196361541748,0.3285890519618988,0.52013099193573,,,
9236,9,9,,,,,,,,0.19051258265972137,0.377533882856369,0.2231157124042511,,,
9237,7,3,,,,,,,,0.03455011174082756,0.17502747476100922,0.07182455062866211,,,
9238,9,9,,,,,,,,0.1316460222005844,0.15542657673358917,0.12162048369646072,,,
9239,8,8,,,,,,,,0.4749948978424072,0.04242357239127159,0.305232435464859,,,
9240,8,8,,,,,,,,0.5101650953292847,0.055118486285209656,0.09732704609632492,,,
9241,6,6,,,,,,,,0.394939124584198,0.8177985548973083,0.44124191999435425,,,
9242,7,7,,,,,,,,0.4691540002822876,0.16520562767982483,0.35591942071914673,,,
9243,3,3,,,,,,,,0.3614012897014618,0.4933992028236389,0.36563533544540405,,,
9244,7,7,,,,,,,,0.35254794359207153,0.2750835120677948,0.30387502908706665,,,
9245,1,1,,,,,,,,0.40177980065345764,0.15086784958839417,0.30995646119117737,,,
9246,3,0,,,,,,,,0.47287559509277344,0.2839621603488922,0.28716009855270386,,,
9247,9,9,,,,,,,,0.356782466173172,0.34775644540786743,0.40036022663116455,,,
9248,0,0,0,0.6062992125984252,0.4166666666666667,0.1791907514450867,0.9520999789237976,0.8429323434829712,0.3704308271408081,0.23818202316761017,0.40457701683044434,0.5599937438964844,0.30168697237968445,0.5503671169281006,0.5657685995101929
9249,9,9,,,,,,,,0.3700767755508423,0.2023886889219284,0.18186622858047485,,,
9250,3,3,,,,,,,,0.20205751061439514,0.3299575448036194,0.3045393228530884,,,
9251,6,6,6,0.22023809523809523,0.5111111111111111,0.5692307692307692,0.9156057238578796,0.8242844343185425,0.5447622537612915,0.117043636739254,0.20206701755523682,0.07420530170202255,0.24829138815402985,0.25568342208862305,0.03817613050341606
9252,7,7,,,,,,,,0.23469945788383484,0.09945359826087952,0.07380834966897964,,,
9253,2,2,,,,,,,,0.6827362179756165,0.1586911380290985,0.3998573124408722,,,
9254,7,5,,,,,,,,0.07543034106492996,0.02979155257344246,0.053750377148389816,,,
9255,3,3,3,0.5454545454545454,0.6190476190476191,0.1270718232044199,0.9128924608230591,0.8974140286445618,-0.00018273480236530304,0.13796284794807434,0.2950911223888397,0.10212109982967377,0.21363741159439087,0.25321948528289795,0.2857498526573181
9256,0,0,,,,,,,,0.6711720824241638,0.6045868992805481,0.5440678000450134,,,
9257,5,5,,,,,,,,0.22393374145030975,0.07536852359771729,0.08800783008337021,,,
9258,9,9,,,,,,,,0.17681364715099335,0.1577049344778061,0.09056620299816132,,,
9259,7,7,,,,,,,,0.448971152305603,0.13637202978134155,0.19544675946235657,,,
9260,5,3,,,,,,,,0.16018390655517578,0.47854506969451904,0.07869099825620651,,,
9261,5,5,,,,,,,,0.3924354612827301,0.13598750531673431,0.46232569217681885,,,
9262,0,0,,,,,,,,0.42355185747146606,0.32585492730140686,0.6662545204162598,,,
9263,6,6,,,,,,,,0.16470956802368164,0.7578514814376831,0.09111099690198898,,,
9264,5,5,,,,,,,,0.10302992165088654,0.0621236152946949,0.050520557910203934,,,
9265,1,1,,,,,,,,0.28248530626296997,0.2225092351436615,0.5237990617752075,,,
9266,8,8,,,,,,,,0.47060835361480713,0.11771916598081589,0.16405075788497925,,,
9267,2,2,,,,,,,,0.4143907129764557,0.29382628202438354,0.15190599858760834,,,
9268,7,7,,,,,,,,0.252713680267334,0.13460421562194824,0.2759023606777191,,,
9269,5,6,,,,,,,,0.03710061311721802,0.04905370622873306,0.025481896474957466,,,
9270,9,9,,,,,,,,0.3719227910041809,0.31938639283180237,0.36842891573905945,,,
9271,0,0,,,,,,,,0.36717596650123596,0.36418411135673523,0.8876392841339111,,,
9272,0,0,,,,,,,,0.5908071994781494,0.2578045427799225,0.7363528609275818,,,
9273,0,0,,,,,,,,0.3286319673061371,0.2128220796585083,0.28869229555130005,,,
9274,8,0,,,,,,,,0.6413984298706055,0.3003554940223694,0.4728279709815979,,,
9275,8,8,8,0.7894736842105263,0.6451612903225806,0.1270718232044199,0.996643602848053,0.9549111127853394,0.6055217981338501,0.4930703639984131,0.044541068375110626,0.1155414879322052,0.5030097365379333,0.06452114880084991,0.2112642079591751
9276,7,7,,,,,,,,0.3611622750759125,0.1970481127500534,0.2629238963127136,,,
9277,3,3,,,,,,,,0.15058811008930206,0.24159130454063416,0.16682595014572144,,,
9278,7,7,,,,,,,,0.3073248267173767,0.10378522425889969,0.5135617852210999,,,
9279,8,8,,,,,,,,0.6344723701477051,0.09255196899175644,0.2220720648765564,,,
9280,9,9,,,,,,,,0.29502159357070923,0.06929099559783936,0.11046604812145233,,,
9281,3,3,,,,,,,,0.12548372149467468,0.07490858435630798,0.09691756963729858,,,
9282,7,7,,,,,,,,0.198591411113739,0.08871831744909286,0.30387231707572937,,,
9283,9,9,,,,,,,,0.10064452141523361,0.14552898705005646,0.08773034065961838,,,
9284,7,7,,,,,,,,0.2547796964645386,0.22665095329284668,0.38509318232536316,,,
9285,8,8,,,,,,,,0.35964271426200867,0.2229173630475998,0.2524188756942749,,,
9286,7,7,,,,,,,,0.23156297206878662,0.06620506197214127,0.17314720153808594,,,
9287,9,9,,,,,,,,0.566051185131073,0.04177241027355194,0.0626174584031105,,,
9288,8,8,,,,,,,,0.14615744352340698,0.07655051350593567,0.2265205830335617,,,
9289,5,5,3,0.2830188679245283,0.5454545454545454,0.45714285714285713,0.6673978567123413,0.8964971899986267,0.5538656711578369,0.06587856262922287,0.07793526351451874,0.03479599580168724,0.0245845727622509,0.024012858048081398,0.027189573273062706
9290,4,4,,,,,,,,0.16977213323116302,0.18096114695072174,0.3521175682544708,,,
9291,8,8,8,0.9065420560747663,0.6859504132231405,0.6062992125984252,0.9840514659881592,0.9436285495758057,0.7413840293884277,0.23813098669052124,0.1764514297246933,0.05540115013718605,0.2576042115688324,0.20547252893447876,0.0473376028239727
9292,3,4,,,,,,,,0.016522856429219246,0.020595664158463478,0.016191495582461357,,,
9293,7,7,,,,,,,,0.2176114171743393,0.20102639496326447,0.2552748918533325,,,
9294,6,6,3,0.45390070921985815,0.4676258992805755,0.42657342657342656,0.6674889326095581,0.838752269744873,0.6377375721931458,0.14857158064842224,0.49076011776924133,0.02736346423625946,0.017145100980997086,0.44542860984802246,0.004612819291651249
9295,3,3,3,0.09090909090909091,0.3246753246753247,0.15254237288135594,0.8386633396148682,0.8145560622215271,0.45762544870376587,0.1725597083568573,0.41780340671539307,0.221539705991745,0.12848353385925293,0.40815284848213196,0.509653627872467
9296,8,8,,,,,,,,0.3345946669578552,0.04400194063782692,0.10933814197778702,,,
9297,2,2,,,,,,,,0.6521485447883606,0.12303242832422256,0.23576202988624573,,,
9298,1,1,,,,,,,,0.23327496647834778,0.3179914653301239,0.27552857995033264,,,
9299,9,9,,,,,,,,0.295265793800354,0.27388885617256165,0.4767669141292572,,,
9300,5,5,,,,,,,,0.2819712460041046,0.0962325930595398,0.04266746714711189,,,
9301,7,5,,,,,,,,0.06890548020601273,0.02972615696489811,0.02136257290840149,,,
9302,3,3,,,,,,,,0.09888026863336563,0.5299720764160156,0.02829827181994915,,,
9303,9,9,,,,,,,,0.21990567445755005,0.16605032980442047,0.08281279355287552,,,
9304,5,5,,,,,,,,0.08125780522823334,0.043030258268117905,0.02515116147696972,,,
9305,5,5,,,,,,,,0.4307273328304291,0.30203428864479065,0.08254516124725342,,,
9306,8,8,,,,,,,,0.5636950731277466,0.2554604411125183,0.4080502986907959,,,
9307,7,7,,,,,,,,0.34313344955444336,0.09542794525623322,0.41782715916633606,,,
9308,3,3,,,,,,,,0.42636367678642273,0.5207419395446777,0.7694014310836792,,,
9309,5,5,5,0.632,0.632,0.1724137931034483,0.9786605834960938,0.9473809003829956,0.44202473759651184,0.4104264974594116,0.18103531002998352,0.20961980521678925,0.3207497000694275,0.15263237059116364,0.20934857428073883
9310,3,3,,,,,,,,0.5207595229148865,0.132237046957016,0.14154012501239777,,,
9311,5,5,,,,,,,,0.37954553961753845,0.09455796331167221,0.1724347025156021,,,
9312,9,9,,,,,,,,0.17691251635551453,0.13487508893013,0.2942495048046112,,,
9313,7,7,,,,,,,,0.23568911850452423,0.02997385524213314,0.2721353769302368,,,
9314,6,6,,,,,,,,0.18368273973464966,0.46454793214797974,0.16801001131534576,,,
9315,7,7,7,0.6585365853658537,0.45714285714285713,0.2911392405063291,0.9618875980377197,0.8894989490509033,0.7447552680969238,0.08580140769481659,0.1223720833659172,0.040508151054382324,0.07999175786972046,0.12252527475357056,0.06113620847463608
9316,3,4,,,,,,,,0.08499562740325928,0.47553935647010803,0.118824303150177,,,
9317,6,6,,,,,,,,0.15925264358520508,0.5537568926811218,0.14478538930416107,,,
9318,4,4,,,,,,,,0.08555414527654648,0.45120111107826233,0.21665215492248535,,,
9319,3,3,,,,,,,,0.5297204256057739,0.47458916902542114,0.1517479568719864,,,
9320,9,9,,,,,,,,0.15965424478054047,0.13558970391750336,0.13293857872486115,,,
9321,4,4,,,,,,,,0.08283259719610214,0.6376597285270691,0.143876314163208,,,
9322,2,2,,,,,,,,0.26129525899887085,0.16320519149303436,0.13500860333442688,,,
9323,1,1,,,,,,,,0.5365387201309204,0.4482971727848053,0.4073500633239746,,,
9324,9,9,,,,,,,,0.5417871475219727,0.14455628395080566,0.17214328050613403,,,
9325,6,6,,,,,,,,0.1897089034318924,0.33843615651130676,0.20999141037464142,,,
9326,0,0,,,,,,,,0.3919360041618347,0.36833271384239197,0.9692704081535339,,,
9327,2,2,2,0.6585365853658537,0.5813953488372093,0.36,0.9587287902832031,0.8373855352401733,0.5274163484573364,0.44842422008514404,0.07080787420272827,0.6995961666107178,0.643332839012146,0.07141249626874924,0.2540733516216278
9328,6,6,6,0.5223880597014925,0.5111111111111111,0.43661971830985913,0.9296071529388428,0.8281352519989014,0.5515034198760986,0.0382215715944767,0.5671115517616272,0.11673437058925629,0.07803471386432648,0.4891066253185272,0.07321867346763611
9329,7,7,,,,,,,,0.3507191240787506,0.058822982013225555,0.023806331679224968,,,
9330,4,4,,,,,,,,0.18796560168266296,0.5145635604858398,0.26496464014053345,,,
9331,7,7,,,,,,,,0.1881849616765976,0.2586384415626526,0.18472659587860107,,,
9332,9,9,,,,,,,,0.5366334319114685,0.12245240062475204,0.46278494596481323,,,
9333,0,0,,,,,,,,0.5176023244857788,0.8667157292366028,0.9219977259635925,,,
9334,7,7,,,,,,,,0.24053531885147095,0.07798721641302109,0.10646557807922363,,,
9335,4,4,,,,,,,,0.22578607499599457,0.19720342755317688,0.1531345248222351,,,
9336,3,3,3,0.42657342657342656,0.3972602739726027,0.4166666666666667,0.88518226146698,0.8768596649169922,0.5050820112228394,0.14458078145980835,0.37339988350868225,0.07970111072063446,0.1719660460948944,0.3462628126144409,0.07004547119140625
9337,5,5,,,,,,,,0.15548668801784515,0.04280059412121773,0.10295212268829346,,,
9338,3,3,,,,,,,,0.13212235271930695,0.18322919309139252,0.13242490589618683,,,
9339,1,1,,,,,,,,0.37655162811279297,0.04603463411331177,0.3656732141971588,,,
9340,1,1,,,,,,,,0.5920052528381348,0.35623061656951904,0.3730167746543884,,,
9341,2,2,,,,,,,,0.621764063835144,0.03491032123565674,0.4821840524673462,,,
9342,6,6,,,,,,,,0.2613716423511505,0.46512371301651,0.17997236549854279,,,
9343,8,8,,,,,,,,0.3780047595500946,0.10276883095502853,0.07646482437849045,,,
9344,2,2,,,,,,,,0.30127444863319397,0.08651662617921829,0.18321692943572998,,,
9345,1,1,,,,,,,,0.40489301085472107,0.35284191370010376,0.3029867708683014,,,
9346,7,7,3,0.8303571428571429,0.9245283018867925,0.5338345864661654,0.9984705448150635,0.9864046573638916,0.5676418542861938,0.04971788823604584,0.018292857334017754,0.04040457308292389,0.04520067200064659,0.013700553216040134,0.014075761660933495
9347,8,8,,,,,,,,0.3768679201602936,0.03851979225873947,0.07713545858860016,,,
9348,5,5,,,,,,,,0.1302051842212677,0.06581196933984756,0.14402084052562714,,,
9349,9,9,,,,,,,,0.03262939676642418,0.12621276080608368,0.03258185833692551,,,
9350,6,6,,,,,,,,0.19809333980083466,0.2659512758255005,0.16852417588233948,,,
9351,1,1,,,,,,,,0.1687874048948288,0.11653684824705124,0.06760503351688385,,,
9352,1,8,,,,,,,,0.14641684293746948,0.07560588419437408,0.1367754340171814,,,
9353,5,5,,,,,,,,0.154953271150589,0.080863818526268,0.11022922396659851,,,
9354,0,0,,,,,,,,0.7418847680091858,0.5456365346908569,0.9079129099845886,,,
9355,6,6,,,,,,,,0.12202725559473038,0.4984259605407715,0.07353273779153824,,,
9356,0,0,,,,,,,,0.43958547711372375,0.5616921782493591,0.6759006977081299,,,
9357,9,9,,,,,,,,0.4670150876045227,0.13756337761878967,0.2688535749912262,,,
9358,2,2,,,,,,,,0.5941447019577026,0.15318627655506134,0.1426849067211151,,,
9359,6,6,,,,,,,,0.19400441646575928,0.36775949597358704,0.20339928567409515,,,
9360,5,5,3,0.8053097345132744,0.6190476190476191,0.5338345864661654,0.984930694103241,0.9539441466331482,0.6954348087310791,0.07687395811080933,0.10326074063777924,0.03988155722618103,0.05463184043765068,0.09866403788328171,0.015375361777842045
9361,8,8,8,0.6721311475409836,0.5,0.5111111111111111,0.9523022174835205,0.9022315740585327,0.593555212020874,0.17879830300807953,0.1384148746728897,0.11953286081552505,0.20824678242206573,0.03236621618270874,0.12688983976840973
9362,9,9,,,,,,,,0.08037710189819336,0.09888876974582672,0.030259717255830765,,,
9363,5,5,3,0.02,0.4068965517241379,0.21428571428571427,0.5826647877693176,0.8033061027526855,0.3550782799720764,0.07034920156002045,0.06172749772667885,0.03433038666844368,0.06843233853578568,0.031589753925800323,0.0035866533871740103
9364,5,5,,,,,,,,0.5003297924995422,0.058249082416296005,0.17570947110652924,,,
9365,6,6,,,,,,,,0.19067125022411346,0.645000696182251,0.08812223374843597,,,
9366,2,2,2,0.6859504132231405,0.3509933774834437,0.42657342657342656,0.8832933306694031,0.7545456290245056,0.5301206111907959,0.5975014567375183,0.12875178456306458,0.26969876885414124,0.34723979234695435,0.1925850808620453,0.10524260252714157
9367,9,9,,,,,,,,0.2702508866786957,0.2800523340702057,0.1786271184682846,,,
9368,1,1,,,,,,,,0.2151011824607849,0.3147448003292084,0.12562930583953857,,,
9369,5,4,,,,,,,,0.04313347488641739,0.17157664895057678,0.06597203761339188,,,
9370,8,8,,,,,,,,0.11078518629074097,0.03955584019422531,0.23608092963695526,,,
9371,8,8,8,0.8545454545454545,0.5572519083969466,0.6062992125984252,0.9867022037506104,0.8416649699211121,0.5477666258811951,0.44512999057769775,0.3523322343826294,0.1426008641719818,0.5854659080505371,0.2744206488132477,0.028557930141687393
9372,7,7,,,,,,,,0.24338498711585999,0.06878823041915894,0.2708739936351776,,,
9373,1,1,,,,,,,,0.21742594242095947,0.12055204808712006,0.21045616269111633,,,
9374,7,7,,,,,,,,0.3160770833492279,0.18366742134094238,0.2961699962615967,,,
9375,3,3,4,0.7142857142857143,0.5572519083969466,0.2289156626506024,0.9094585180282593,0.9351680874824524,0.6151748895645142,0.07380080223083496,0.14582405984401703,0.14828625321388245,0.10416550189256668,0.12864269316196442,0.28189313411712646
9376,5,3,,,,,,,,0.22449004650115967,0.2501671314239502,0.037442609667778015,,,
9377,4,4,7,0.6721311475409836,0.6190476190476191,0.1270718232044199,0.9377982020378113,0.8972680568695068,0.5543913841247559,0.2657727301120758,0.583039402961731,0.17983344197273254,0.2883276045322418,0.36641016602516174,0.15725365281105042
9378,9,9,,,,,,,,0.2586422860622406,0.3414469361305237,0.18517258763313293,,,
9379,7,7,,,,,,,,0.27378079295158386,0.21315674483776093,0.2417067140340805,,,
9380,5,5,5,0.8888888888888888,0.59375,0.3877551020408163,0.9833201169967651,0.9460855722427368,0.6256596446037292,0.032558079808950424,0.050739750266075134,0.03395061194896698,0.02977374568581581,0.0658196285367012,0.06143299490213394
9381,2,2,,,,,,,,0.48362573981285095,0.17621125280857086,0.27430933713912964,,,
9382,9,9,,,,,,,,0.17983822524547577,0.2349146455526352,0.2881695330142975,,,
9383,9,9,,,,,,,,0.18324215710163116,0.16401168704032898,0.14997932314872742,,,
9384,4,4,,,,,,,,0.12529414892196655,0.06780492514371872,0.14747583866119385,,,
9385,7,7,3,0.23636363636363636,0.7894736842105263,0.5813953488372093,0.8833484649658203,0.9119632244110107,0.676878035068512,0.06458346545696259,0.07187548279762268,0.17369042336940765,0.11396568268537521,0.08985323458909988,0.18037524819374084
9386,4,2,,,,,,,,0.307794451713562,0.13716235756874084,0.23704971373081207,,,
9387,1,1,,,,,,,,0.5351932644844055,0.2040562927722931,0.2174721360206604,,,
9388,3,3,,,,,,,,0.21336708962917328,0.32787713408470154,0.4630262851715088,,,
9389,8,8,,,,,,,,0.5137449502944946,0.302757203578949,0.19016636908054352,,,
9390,7,7,,,,,,,,0.3772988021373749,0.20232991874217987,0.35884061455726624,,,
9391,9,9,,,,,,,,0.3147699534893036,0.2277437299489975,0.3746105134487152,,,
9392,0,0,,,,,,,,0.3188358545303345,0.49134361743927,0.5350521206855774,,,
9393,4,4,,,,,,,,0.05575357377529144,0.06480574607849121,0.29923561215400696,,,
9394,5,5,,,,,,,,0.12784309685230255,0.036856234073638916,0.03331480175256729,,,
9395,7,7,,,,,,,,0.21369969844818115,0.22245830297470093,0.42410391569137573,,,
9396,5,5,,,,,,,,0.19059714674949646,0.04210079833865166,0.2036336362361908,,,
9397,2,2,,,,,,,,0.6543570160865784,0.0772942304611206,0.3343616724014282,,,
9398,8,8,,,,,,,,0.35423511266708374,0.22151969373226166,0.2823217809200287,,,
9399,7,7,,,,,,,,0.13388003408908844,0.37511441111564636,0.3130882680416107,,,
9400,6,6,,,,,,,,0.41470810770988464,0.5489261746406555,0.169885516166687,,,
9401,9,9,,,,,,,,0.11443138122558594,0.14597705006599426,0.09352272003889084,,,
9402,6,6,,,,,,,,0.24074740707874298,0.5726467967033386,0.10734490305185318,,,
9403,9,9,,,,,,,,0.09855170547962189,0.12368079274892807,0.08236876130104065,,,
9404,3,3,3,0.7739130434782608,0.3783783783783784,0.5572519083969466,0.9899725914001465,0.8264693021774292,0.5974811911582947,0.151100754737854,0.0967167317867279,0.05237184837460518,0.11915075033903122,0.0840042382478714,0.08222279697656631
9405,8,8,,,,,,,,0.22856448590755463,0.08547806739807129,0.119477279484272,,,
9406,5,5,,,,,,,,0.19896498322486877,0.0766056627035141,0.041094787418842316,,,
9407,6,6,6,0.6062992125984252,0.3783783783783784,0.6062992125984252,0.9672422409057617,0.8700039386749268,0.7393186092376709,0.09966976195573807,0.5200910568237305,0.0934024378657341,0.0812879353761673,0.4266575276851654,0.048508550971746445
9408,6,6,,,,,,,,0.32065078616142273,0.6560543179512024,0.1667402982711792,,,
9409,9,9,,,,,,,,0.11060524731874466,0.4919443130493164,0.20862072706222534,,,
9410,5,5,,,,,,,,0.19789668917655945,0.11807073652744293,0.20515434443950653,,,
9411,7,7,,,,,,,,0.15843674540519714,0.03332873806357384,0.044791173189878464,,,
9412,8,8,,,,,,,,0.4505497217178345,0.08403075486421585,0.27764856815338135,,,
9413,0,0,,,,,,,,0.5341196060180664,0.4312221109867096,0.7964515089988708,,,
9414,5,3,,,,,,,,0.32367464900016785,0.5731334686279297,0.3005194664001465,,,
9415,0,0,,,,,,,,0.3624512851238251,0.4783885180950165,0.3109842538833618,,,
9416,7,7,,,,,,,,0.26719218492507935,0.1259167641401291,0.32532578706741333,,,
9417,4,4,0,0.4405594405594406,0.7,0.7739130434782608,0.8246312737464905,0.8934080600738525,0.6730160713195801,0.04324164614081383,0.0794515460729599,0.02737106941640377,0.001466431189328432,0.09193168580532074,0.000583888788241893
9418,8,8,,,,,,,,0.3997083306312561,0.06421628594398499,0.15224884450435638,,,
9419,2,2,2,0.8214285714285714,0.7586206896551724,0.6721311475409836,0.9903932809829712,0.9507616758346558,0.6567553281784058,0.4694238305091858,0.04554270580410957,0.13157446682453156,0.31453078985214233,0.03243657574057579,0.0578802116215229
9420,5,5,,,,,,,,0.433594673871994,0.0786086767911911,0.24523597955703735,,,
9421,1,1,,,,,,,,0.4342864751815796,0.18047894537448883,0.18504798412322998,,,
9422,3,3,5,0.0,0.3877551020408163,0.2911392405063291,0.5470237135887146,0.8192323446273804,0.6945202946662903,0.38442593812942505,0.34258174896240234,0.019267041236162186,0.2660064697265625,0.22359983623027802,0.005270943511277437
9423,2,2,,,,,,,,0.16297030448913574,0.07178536057472229,0.12774719297885895,,,
9424,2,2,,,,,,,,0.35374149680137634,0.16916437447071075,0.31764522194862366,,,
9425,6,6,,,,,,,,0.16719301044940948,0.7483207583427429,0.13954520225524902,,,
9426,2,2,,,,,,,,0.6857956647872925,0.1797206997871399,0.3872303366661072,,,
9427,1,1,,,,,,,,0.34830281138420105,0.1923709362745285,0.253597617149353,,,
9428,7,7,,,,,,,,0.09328306466341019,0.11103280633687973,0.18033309280872345,,,
9429,4,4,4,0.7142857142857143,0.48905109489051096,0.3783783783783784,0.940214991569519,0.9034486413002014,0.6865501403808594,0.04004007577896118,0.12854072451591492,0.10537296533584595,0.046418290585279465,0.12430742383003235,0.032332781702280045
9430,6,6,,,,,,,,0.23969580233097076,0.5090512037277222,0.16013222932815552,,,
9431,3,5,,,,,,,,0.1815158575773239,0.035072747617959976,0.21581099927425385,,,
9432,1,1,,,,,,,,0.44348445534706116,0.34700706601142883,0.4034683108329773,,,
9433,3,3,3,0.4676258992805755,0.7435897435897436,0.3246753246753247,0.9690133333206177,0.917317271232605,0.4679965376853943,0.13771924376487732,0.35523414611816406,0.16559572517871857,0.11775221675634384,0.47113925218582153,0.12204530090093613
9434,7,7,,,,,,,,0.2655112147331238,0.18864497542381287,0.5056838989257812,,,
9435,2,2,2,0.6141732283464567,0.6721311475409836,0.44680851063829785,0.9740909337997437,0.8377793431282043,0.551689863204956,0.11249390244483948,0.22585341334342957,0.22173359990119934,0.06834255158901215,0.16658303141593933,0.09045973420143127
9436,1,1,,,,,,,,0.026039358228445053,0.024535154923796654,0.041865743696689606,,,
9437,3,3,,,,,,,,0.16609272360801697,0.401161789894104,0.14721709489822388,,,
9438,7,7,,,,,,,,0.36180436611175537,0.15309274196624756,0.3308444321155548,,,
9439,0,0,,,,,,,,0.25437721610069275,0.7994539141654968,0.8190204501152039,,,
9440,8,8,,,,,,,,0.3560287058353424,0.214329332113266,0.22075258195400238,,,
9441,4,4,,,,,,,,0.13123838603496552,0.16519999504089355,0.05219448357820511,,,
9442,4,4,,,,,,,,0.3767548203468323,0.3148949444293976,0.28946736454963684,,,
9443,5,5,3,0.25153374233128833,0.48905109489051096,0.3509933774834437,0.6823490858078003,0.7966421246528625,0.4803810119628906,0.051316119730472565,0.05676909536123276,0.03177854046225548,0.011872410774230957,0.014838386327028275,0.004768070764839649
9444,7,7,,,,,,,,0.4958878457546234,0.1419641524553299,0.3217247724533081,,,
9445,9,9,,,,,,,,0.0544293075799942,0.11586127430200577,0.030421430245041847,,,
9446,5,5,,,,,,,,0.08930147439241409,0.11070682853460312,0.051286183297634125,,,
9447,4,4,,,,,,,,0.43963170051574707,0.2538738250732422,0.5608047246932983,,,
9448,3,3,,,,,,,,0.07613871991634369,0.15491163730621338,0.1252364218235016,,,
9449,9,9,,,,,,,,0.047565996646881104,0.149633526802063,0.041774943470954895,,,
9450,6,6,6,0.3783783783783784,0.36,0.5338345864661654,0.7711408734321594,0.8440367579460144,0.6256162524223328,0.11002159118652344,0.36599406599998474,0.05386164411902428,0.05772335082292557,0.2995438873767853,0.02456876076757908
9451,8,8,,,,,,,,0.4055424928665161,0.32529038190841675,0.18792667984962463,,,
9452,2,2,2,0.6859504132231405,0.6062992125984252,0.6859504132231405,0.9915949106216431,0.8812569379806519,0.7071645259857178,0.272248238325119,0.10893427580595016,0.15955916047096252,0.26020151376724243,0.16984038054943085,0.270358145236969
9453,3,3,,,,,,,,0.22186240553855896,0.22617755830287933,0.09463220089673996,,,
9454,3,3,,,,,,,,0.39953458309173584,0.40873274207115173,0.3709978759288788,,,
9455,1,1,,,,,,,,0.4249650239944458,0.43692833185195923,0.42898088693618774,,,
9456,6,6,,,,,,,,0.1322929412126541,0.5775249004364014,0.11414770036935806,,,
9457,1,1,,,,,,,,0.2514771819114685,0.11636488139629364,0.13401728868484497,,,
9458,7,7,,,,,,,,0.47301411628723145,0.28258928656578064,0.3319507837295532,,,
9459,0,0,,,,,,,,0.4798905551433563,0.5063279867172241,0.7744845747947693,,,
9460,3,3,,,,,,,,0.4143011271953583,0.40058082342147827,0.2424735426902771,,,
9461,4,4,,,,,,,,0.03998374193906784,0.1372278779745102,0.08687759190797806,,,
9462,2,2,0,0.11475409836065574,0.48905109489051096,0.3333333333333333,0.48833751678466797,0.8628705143928528,0.20593886077404022,0.22373086214065552,0.1092422679066658,0.04152096062898636,0.05164553225040436,0.06887609511613846,0.03143031522631645
9463,9,9,,,,,,,,0.129540354013443,0.23445187509059906,0.07309725880622864,,,
9464,4,4,,,,,,,,0.20241332054138184,0.05509088560938835,0.07599940896034241,,,
9465,5,4,,,,,,,,0.26020747423171997,0.37471505999565125,0.08054887503385544,,,
9466,8,8,,,,,,,,0.4948696494102478,0.4060589075088501,0.1856987029314041,,,
9467,2,4,,,,,,,,0.045432738959789276,0.3458560109138489,0.14200586080551147,,,
9468,7,7,7,0.7894736842105263,0.59375,0.5223880597014925,0.9936270713806152,0.9531508088111877,0.6842794418334961,0.1452353298664093,0.030966632068157196,0.17342950403690338,0.14965508878231049,0.08271680027246475,0.06595910340547562
9469,0,0,,,,,,,,0.333814799785614,0.5699893832206726,0.7071380615234375,,,
9470,9,9,,,,,,,,0.3086545467376709,0.2245223969221115,0.34146755933761597,,,
9471,6,6,,,,,,,,0.10558941960334778,0.2938351333141327,0.06589584052562714,,,
9472,8,8,,,,,,,,0.7608261108398438,0.07692813128232956,0.17476586997509003,,,
9473,0,0,,,,,,,,0.62347012758255,0.8684046864509583,0.9804519414901733,,,
9474,8,8,,,,,,,,0.5125149488449097,0.07602100074291229,0.0831250473856926,,,
9475,2,2,,,,,,,,0.5559306740760803,0.17160247266292572,0.5199427604675293,,,
9476,8,8,,,,,,,,0.30745774507522583,0.1185336485505104,0.32191234827041626,,,
9477,5,5,,,,,,,,0.2668781876564026,0.0901736244559288,0.07185491174459457,,,
9478,7,7,,,,,,,,0.4426491856575012,0.36167773604393005,0.3315849304199219,,,
9479,7,7,,,,,,,,0.32917121052742004,0.1260053515434265,0.10710851103067398,,,
9480,2,2,,,,,,,,0.6872078776359558,0.12984606623649597,0.32410934567451477,,,
9481,2,2,,,,,,,,0.5306231379508972,0.25866493582725525,0.4283456802368164,,,
9482,0,0,,,,,,,,0.5322375893592834,0.6689469814300537,0.5864927172660828,,,
9483,0,0,,,,,,,,0.4704412519931793,0.4604024887084961,0.8205906748771667,,,
9484,0,0,,,,,,,,0.36513644456863403,0.4551050364971161,0.5322248935699463,,,
9485,7,7,7,0.3783783783783784,0.5338345864661654,0.3333333333333333,0.9049335718154907,0.923065185546875,0.7704225778579712,0.021104421466588974,0.03096875734627247,0.030220888555049896,0.02491149865090847,0.034555044025182724,0.04389553889632225
9486,4,4,,,,,,,,0.085047148168087,0.1601724475622177,0.025197114795446396,,,
9487,1,1,,,,,,,,0.45461320877075195,0.08407845348119736,0.36688128113746643,,,
9488,6,6,,,,,,,,0.08762818574905396,0.29296401143074036,0.07779964059591293,,,
9489,6,6,,,,,,,,0.3261376917362213,0.57405686378479,0.13804545998573303,,,
9490,8,8,,,,,,,,0.634030282497406,0.03204058110713959,0.031170669943094254,,,
9491,8,8,,,,,,,,0.27750372886657715,0.03109954111278057,0.08235330134630203,,,
9492,9,9,,,,,,,,0.08317466825246811,0.0611627995967865,0.03146009519696236,,,
9493,0,0,,,,,,,,0.24408599734306335,0.48189622163772583,0.8087531328201294,,,
9494,9,9,,,,,,,,0.03908426687121391,0.0904991403222084,0.0473313145339489,,,
9495,0,0,,,,,,,,0.36504480242729187,0.3105242848396301,0.37775468826293945,,,
9496,1,1,,,,,,,,0.44009432196617126,0.2553614675998688,0.20962314307689667,,,
9497,3,3,4,0.4782608695652174,0.5338345864661654,0.4068965517241379,0.802971363067627,0.8993538618087769,0.5778689384460449,0.18404574692249298,0.05869395285844803,0.03379179909825325,0.06911677122116089,0.12150204926729202,0.012731584720313549
9498,3,3,,,,,,,,0.15516605973243713,0.1083945706486702,0.2770976126194,,,
9499,0,0,,,,,,,,0.37940502166748047,0.4296250343322754,0.8949631452560425,,,
9500,9,9,,,,,,,,0.2904192805290222,0.35373324155807495,0.2741488516330719,,,
9501,6,6,,,,,,,,0.10824711620807648,0.35101813077926636,0.028950635343790054,,,
9502,6,6,6,0.5223880597014925,0.7435897435897436,0.5223880597014925,0.981638491153717,0.9716664552688599,0.72544926404953,0.16998980939388275,0.5360775589942932,0.1013556569814682,0.2356472909450531,0.4863111674785614,0.10837073624134064
9503,2,4,,,,,,,,0.09469510614871979,0.14623981714248657,0.0766848549246788,,,
9504,6,6,,,,,,,,0.33371052145957947,0.635820746421814,0.12790384888648987,,,
9505,3,3,,,,,,,,0.44395288825035095,0.497911661863327,0.29271200299263,,,
9506,4,4,2,0.5,0.48905109489051096,0.5454545454545454,0.6877366304397583,0.8611090183258057,0.6490626335144043,0.05354917421936989,0.07821892946958542,0.05704427510499954,0.012471280992031097,0.13280734419822693,0.008968563750386238
9507,0,0,,,,,,,,0.5858319401741028,0.4987810552120209,0.8851605653762817,,,
9508,8,8,,,,,,,,0.4258648157119751,0.15491579473018646,0.15049788355827332,,,
9509,4,4,,,,,,,,0.25158193707466125,0.19678618013858795,0.2922312915325165,,,
9510,1,1,,,,,,,,0.40932947397232056,0.2292373925447464,0.10878919064998627,,,
9511,4,4,,,,,,,,0.17579063773155212,0.17413124442100525,0.35274428129196167,,,
9512,0,0,,,,,,,,0.20590272545814514,0.31247273087501526,0.7563918828964233,,,
9513,6,6,,,,,,,,0.14073297381401062,0.3071930408477783,0.10690373182296753,,,
9514,5,5,5,0.5572519083969466,0.5813953488372093,0.19298245614035087,0.9246141910552979,0.921314001083374,0.7384552955627441,0.22935613989830017,0.04482831060886383,0.05111699551343918,0.4509822726249695,0.11513613909482956,0.04105012118816376
9515,0,0,,,,,,,,0.39886340498924255,0.6342122554779053,0.9802584648132324,,,
9516,9,9,,,,,,,,0.4079020023345947,0.15899226069450378,0.29933610558509827,,,
9517,9,9,,,,,,,,0.14454087615013123,0.2081594616174698,0.3174079656600952,,,
9518,9,1,,,,,,,,0.18432199954986572,0.15781816840171814,0.18106110394001007,,,
9519,9,9,,,,,,,,0.44665205478668213,0.2726266086101532,0.4484197497367859,,,
9520,1,1,,,,,,,,0.39032894372940063,0.5394315719604492,0.45929789543151855,,,
9521,2,2,,,,,,,,0.34472566843032837,0.2916330099105835,0.19783012568950653,,,
9522,3,3,3,0.3783783783783784,0.5111111111111111,0.4068965517241379,0.8961764574050903,0.8359262943267822,0.6151906847953796,0.09140625596046448,0.4302511215209961,0.222874253988266,0.21652033925056458,0.4240204095840454,0.16592390835285187
9523,5,5,,,,,,,,0.2957223951816559,0.14603780210018158,0.3268234431743622,,,
9524,4,4,,,,,,,,0.4392866790294647,0.397444486618042,0.3895704746246338,,,
9525,2,2,,,,,,,,0.25560566782951355,0.37551599740982056,0.39220333099365234,,,
9526,9,9,,,,,,,,0.1135580986738205,0.042857419699430466,0.13590815663337708,,,
9527,6,6,6,0.0967741935483871,0.5338345864661654,0.046153846153846156,0.8942884206771851,0.8531209826469421,0.28714877367019653,0.02876093052327633,0.19707277417182922,0.08441030979156494,0.04018692299723625,0.32502710819244385,0.11820519715547562
9528,0,0,,,,,,,,0.2716658413410187,0.29374414682388306,0.5380696058273315,,,
9529,9,9,,,,,,,,0.29169514775276184,0.12355402112007141,0.219523087143898,,,
9530,6,6,,,,,,,,0.47213298082351685,0.6033662557601929,0.27470821142196655,,,
9531,6,6,,,,,,,,0.31523963809013367,0.4866573214530945,0.2082606554031372,,,
9532,8,8,,,,,,,,0.7945753335952759,0.0951894000172615,0.15846982598304749,,,
9533,0,0,,,,,,,,0.7940418124198914,0.8860878348350525,0.9522945880889893,,,
9534,6,6,6,0.4782608695652174,0.5454545454545454,0.275,0.947333037853241,0.8841317296028137,0.6399211287498474,0.1389707773923874,0.3394649624824524,0.08470451831817627,0.10403014719486237,0.166177436709404,0.08996566385030746
9535,1,9,,,,,,,,0.09299275279045105,0.06875666230916977,0.08741732686758041,,,
9536,4,4,3,0.18604651162790697,0.5454545454545454,0.5338345864661654,0.9031376838684082,0.8966522812843323,0.7890615463256836,0.06803786009550095,0.10530474036931992,0.08465941250324249,0.19659672677516937,0.11778493970632553,0.07826612144708633
9537,6,6,,,,,,,,0.2338663786649704,0.6909569501876831,0.15973688662052155,,,
9538,8,8,,,,,,,,0.3033519387245178,0.03918446600437164,0.22897891700267792,,,
9539,0,0,,,,,,,,0.5463793873786926,0.6020370125770569,0.9322758913040161,,,
9540,5,5,,,,,,,,0.17930342257022858,0.08168800175189972,0.0885336846113205,,,
9541,4,4,,,,,,,,0.2352680265903473,0.2582118511199951,0.2226661741733551,,,
9542,1,1,,,,,,,,0.1915176957845688,0.04520860314369202,0.14926749467849731,,,
9543,2,2,,,,,,,,0.5616971254348755,0.2365100383758545,0.3681793212890625,,,
9544,0,0,,,,,,,,0.5665296912193298,0.49038976430892944,0.3054197430610657,,,
9545,9,9,,,,,,,,0.23810894787311554,0.24212057888507843,0.25293228030204773,,,
9546,6,6,,,,,,,,0.24583998322486877,0.509696900844574,0.31920403242111206,,,
9547,4,4,,,,,,,,0.15930785238742828,0.27814605832099915,0.36344078183174133,,,
9548,2,2,,,,,,,,0.6320506930351257,0.12309204041957855,0.2037595808506012,,,
9549,4,4,,,,,,,,0.21395738422870636,0.10147441923618317,0.25232964754104614,,,
9550,6,6,,,,,,,,0.42159780859947205,0.6047572493553162,0.2728186249732971,,,
9551,5,5,3,0.21428571428571427,0.4676258992805755,0.4676258992805755,0.4334472417831421,0.8585163950920105,0.36065489053726196,0.05387319624423981,0.03459625691175461,0.036612216383218765,0.002085508545860648,0.034616194665431976,0.003794431686401367
9552,9,9,,,,,,,,0.5424821376800537,0.2739814519882202,0.403547078371048,,,
9553,7,7,,,,,,,,0.33945316076278687,0.16631518304347992,0.17637743055820465,,,
9554,7,7,,,,,,,,0.5003377795219421,0.32147085666656494,0.4130789637565613,,,
9555,4,4,3,0.23636363636363636,0.3333333333333333,0.43661971830985913,0.6859501600265503,0.7288214564323425,0.6590390801429749,0.12202844023704529,0.034089840948581696,0.40168052911758423,0.017594024538993835,0.08147542178630829,0.09866934269666672
9556,6,6,,,,,,,,0.17863894999027252,0.08443886041641235,0.0896335169672966,,,
9557,5,5,5,0.7,0.5813953488372093,0.5223880597014925,0.9689035415649414,0.861489474773407,0.5341169834136963,0.1802365481853485,0.06457524001598358,0.06399521231651306,0.24933792650699615,0.10186004638671875,0.04290585219860077
9558,0,0,,,,,,,,0.6029539108276367,0.8011223077774048,0.9160290956497192,,,
9559,1,1,,,,,,,,0.2859254777431488,0.14207515120506287,0.03598969057202339,,,
9560,9,9,0,0.3691275167785235,0.6859504132231405,0.6451612903225806,0.8872969150543213,0.9243802428245544,0.5462071895599365,0.024845018982887268,0.06932158768177032,0.023591862991452217,0.0008670259267091751,0.03252337500452995,0.0003385779564268887
9561,0,0,,,,,,,,0.3854806423187256,0.7474151849746704,0.8463353514671326,,,
9562,3,2,,,,,,,,0.19224096834659576,0.03071904368698597,0.033553414046764374,,,
9563,1,1,,,,,,,,0.037788137793540955,0.028005611151456833,0.020145904272794724,,,
9564,9,9,,,,,,,,0.11735963821411133,0.16549570858478546,0.10635367035865784,,,
9565,0,0,,,,,,,,0.46019139885902405,0.6756881475448608,0.4239485263824463,,,
9566,9,9,,,,,,,,0.3620535731315613,0.13172011077404022,0.25244778394699097,,,
9567,7,7,,,,,,,,0.22082528471946716,0.15402555465698242,0.19834166765213013,,,
9568,8,8,,,,,,,,0.5133496522903442,0.27729931473731995,0.07769599556922913,,,
9569,6,6,6,0.21428571428571427,0.5454545454545454,0.07368421052631578,0.6438456773757935,0.8732491731643677,0.44316890835762024,0.09151704609394073,0.4795781970024109,0.21317210793495178,0.07938537001609802,0.5302823781967163,0.06718527525663376
9570,7,7,,,,,,,,0.22598785161972046,0.26900532841682434,0.4337768852710724,,,
9571,6,6,,,,,,,,0.3897159695625305,0.5694847106933594,0.2838268578052521,,,
9572,8,8,,,,,,,,0.5543298721313477,0.31928589940071106,0.24023354053497314,,,
9573,2,2,,,,,,,,0.4130896329879761,0.19253532588481903,0.06511379778385162,,,
9574,4,4,,,,,,,,0.16578945517539978,0.2119133472442627,0.29238635301589966,,,
9575,5,5,,,,,,,,0.2275695949792862,0.15668678283691406,0.16070684790611267,,,
9576,3,3,,,,,,,,0.05420532077550888,0.7132101655006409,0.23451319336891174,,,
9577,0,0,,,,,,,,0.6118127107620239,0.337682843208313,0.4058988094329834,,,
9578,3,3,,,,,,,,0.13298898935317993,0.31583502888679504,0.25518038868904114,,,
9579,2,2,,,,,,,,0.7150006294250488,0.4355851411819458,0.4281665086746216,,,
9580,1,1,,,,,,,,0.4666442573070526,0.34048330783843994,0.2400205135345459,,,
9581,7,7,,,,,,,,0.3272722363471985,0.2711524963378906,0.48547422885894775,,,
9582,5,5,,,,,,,,0.328838974237442,0.12126697599887848,0.179326131939888,,,
9583,9,9,,,,,,,,0.2375459223985672,0.16321830451488495,0.1245671808719635,,,
9584,3,3,,,,,,,,0.17900195717811584,0.07137569040060043,0.35714948177337646,,,
9585,4,4,,,,,,,,0.445086270570755,0.18784458935260773,0.2054612934589386,,,
9586,5,5,3,0.25925925925925924,0.3972602739726027,0.10270270270270271,0.6395940780639648,0.8059139847755432,0.3781787157058716,0.29550784826278687,0.04090501368045807,0.25202062726020813,0.15135768055915833,0.037690237164497375,0.006179333198815584
9587,7,3,,,,,,,,0.09477750957012177,0.2973453104496002,0.03699179366230965,,,
9588,1,1,,,,,,,,0.5913599133491516,0.219151571393013,0.5843469500541687,,,
9589,5,5,,,,,,,,0.374046266078949,0.059680305421352386,0.22505418956279755,,,
9590,0,0,2,0.29936305732484075,0.3161290322580645,0.1590909090909091,0.8532703518867493,0.7109726667404175,0.27743449807167053,0.5639926195144653,0.6532800197601318,0.8725118637084961,0.60419100522995,0.7688524127006531,0.6584614515304565
9591,1,1,,,,,,,,0.4199591279029846,0.13534604012966156,0.08444630354642868,,,
9592,1,1,,,,,,,,0.6594574451446533,0.26835909485816956,0.4395754337310791,,,
9593,1,1,,,,,,,,0.10772739350795746,0.0859074592590332,0.12949572503566742,,,
9594,9,9,,,,,,,,0.07908164709806442,0.08259954303503036,0.09691938757896423,,,
9595,7,7,,,,,,,,0.12506000697612762,0.04387697950005531,0.23211653530597687,,,
9596,5,5,,,,,,,,0.14026430249214172,0.03544217348098755,0.13888554275035858,,,
9597,4,4,,,,,,,,0.23139098286628723,0.16565744578838348,0.18778353929519653,,,
9598,9,9,,,,,,,,0.3964836299419403,0.1821267306804657,0.39360374212265015,,,
9599,7,7,,,,,,,,0.3775574266910553,0.2702791690826416,0.5347190499305725,,,
9600,8,8,,,,,,,,0.4728536307811737,0.03476818650960922,0.028255172073841095,,,
9601,1,1,,,,,,,,0.40030136704444885,0.25902077555656433,0.27687203884124756,,,
9602,0,0,,,,,,,,0.872169554233551,0.53509521484375,0.528958797454834,,,
9603,2,2,,,,,,,,0.36862075328826904,0.18982915580272675,0.13452598452568054,,,
9604,8,8,,,,,,,,0.36814725399017334,0.1576577126979828,0.23961302638053894,,,
9605,5,5,,,,,,,,0.18623709678649902,0.04829155281186104,0.07551275193691254,,,
9606,6,6,,,,,,,,0.1484609842300415,0.3504042625427246,0.18251433968544006,,,
9607,7,7,,,,,,,,0.15135210752487183,0.03044666163623333,0.03003157675266266,,,
9608,0,0,2,0.3076923076923077,0.2670807453416149,0.2215568862275449,0.8878764510154724,0.8006011247634888,0.4893495440483093,0.3260660767555237,0.5191458463668823,0.6069998145103455,0.11280310899019241,0.41737034916877747,0.25939473509788513
9609,1,6,,,,,,,,0.03025275282561779,0.6453137993812561,0.0821303054690361,,,
9610,4,4,,,,,,,,0.4062148332595825,0.2657531797885895,0.3077322244644165,,,
9611,8,8,,,,,,,,0.30580568313598633,0.0360516756772995,0.166334867477417,,,
9612,4,4,,,,,,,,0.08133353292942047,0.12256208062171936,0.03818879649043083,,,
9613,4,4,4,0.5111111111111111,0.5223880597014925,0.7142857142857143,0.8880020976066589,0.8456588983535767,0.42976564168930054,0.32672709226608276,0.37090757489204407,0.5755704045295715,0.4039773941040039,0.39826512336730957,0.12933717668056488
9614,6,6,,,,,,,,0.2346917688846588,0.5960636138916016,0.13825824856758118,,,
9615,6,6,,,,,,,,0.28078126907348633,0.6129727363586426,0.19874827563762665,,,
9616,5,5,,,,,,,,0.09507057070732117,0.05198979377746582,0.1627083569765091,,,
9617,8,8,,,,,,,,0.6872114539146423,0.12579572200775146,0.35344398021698,,,
9618,1,1,,,,,,,,0.6433568000793457,0.2486632764339447,0.37439513206481934,,,
9619,8,8,,,,,,,,0.5404313802719116,0.3395186960697174,0.2024608701467514,,,
9620,4,4,,,,,,,,0.09572883695363998,0.3916078507900238,0.12751764059066772,,,
9621,6,6,,,,,,,,0.14727123081684113,0.6138888001441956,0.07852490991353989,,,
9622,5,5,,,,,,,,0.16203726828098297,0.03215537220239639,0.09255116432905197,,,
9623,9,9,,,,,,,,0.310046523809433,0.2883146405220032,0.17915986478328705,,,
9624,2,2,2,0.3161290322580645,0.3246753246753247,0.03553299492385787,0.7467905879020691,0.7757508754730225,0.31848037242889404,0.30449748039245605,0.08540603518486023,0.35254010558128357,0.38198739290237427,0.07467927783727646,0.24883508682250977
9625,2,2,2,0.4068965517241379,0.36,0.2911392405063291,0.9616838693618774,0.7917400598526001,0.5930129289627075,0.17326779663562775,0.0642184391617775,0.34665176272392273,0.18428859114646912,0.1137552559375763,0.23561805486679077
9626,1,1,,,,,,,,0.24731403589248657,0.1360347867012024,0.13110177218914032,,,
9627,4,4,,,,,,,,0.2133348286151886,0.5044757127761841,0.22232502698898315,,,
9628,9,9,,,,,,,,0.6679915189743042,0.12295511364936829,0.3824635446071625,,,
9629,1,1,,,,,,,,0.5692560076713562,0.07632282376289368,0.288256973028183,,,
9630,6,6,,,,,,,,0.24691276252269745,0.508040726184845,0.13460196554660797,,,
9631,7,7,,,,,,,,0.31802695989608765,0.25289809703826904,0.2787807881832123,,,
9632,2,2,,,,,,,,0.6958752274513245,0.39675694704055786,0.7397555708885193,,,
9633,0,3,,,,,,,,0.021212762221693993,0.3198552131652832,0.015060425736010075,,,
9634,1,1,,,,,,,,0.3125326931476593,0.23367848992347717,0.29329633712768555,,,
9635,7,6,,,,,,,,0.05690635368227959,0.18383008241653442,0.021834757179021835,,,
9636,6,6,,,,,,,,0.29714906215667725,0.440680593252182,0.08729197084903717,,,
9637,5,5,,,,,,,,0.2391372174024582,0.08835470676422119,0.10079794377088547,,,
9638,2,2,,,,,,,,0.4918462038040161,0.2672329246997833,0.6858432292938232,,,
9639,2,2,,,,,,,,0.26663753390312195,0.09511101990938187,0.18500860035419464,,,
9640,5,5,,,,,,,,0.2081315964460373,0.09816624969244003,0.21440918743610382,,,
9641,6,6,3,0.3333333333333333,0.3691275167785235,0.19298245614035087,0.7508365511894226,0.786592960357666,0.33836713433265686,0.02321106567978859,0.2770099937915802,0.02936413884162903,0.009922034107148647,0.3575194478034973,0.00542620150372386
9642,0,0,,,,,,,,0.4615919291973114,0.4794897735118866,0.7248159050941467,,,
9643,9,0,,,,,,,,0.3459303379058838,0.38918814063072205,0.7577998638153076,,,
9644,0,0,,,,,,,,0.15477237105369568,0.5141592621803284,0.7612989544868469,,,
9645,1,1,,,,,,,,0.5512341856956482,0.25077560544013977,0.2774823307991028,,,
9646,5,5,,,,,,,,0.12204726785421371,0.03772732987999916,0.07131201028823853,,,
9647,3,3,,,,,,,,0.105300672352314,0.30777406692504883,0.09790018200874329,,,
9648,3,3,,,,,,,,0.10797780752182007,0.3239689767360687,0.18973781168460846,,,
9649,5,5,,,,,,,,0.20167289674282074,0.032520782202482224,0.13061687350273132,,,
9650,8,8,,,,,,,,0.6565418243408203,0.02867761440575123,0.3389740288257599,,,
9651,7,7,,,,,,,,0.3213961720466614,0.2842225432395935,0.23258544504642487,,,
9652,5,5,,,,,,,,0.17448605597019196,0.03824232146143913,0.08365753293037415,,,
9653,6,6,,,,,,,,0.47104182839393616,0.7055529356002808,0.2846193015575409,,,
9654,5,5,3,0.34210526315789475,0.4782608695652174,0.0851063829787234,0.9132905006408691,0.8684408068656921,0.3067740201950073,0.1359364241361618,0.0999487116932869,0.03264133632183075,0.25064706802368164,0.06314392387866974,0.023197362199425697
9655,8,8,,,,,,,,0.4009898900985718,0.26485639810562134,0.2612864375114441,,,
9656,0,0,,,,,,,,0.2945566475391388,0.3072091341018677,0.46511995792388916,,,
9657,5,5,5,0.9065420560747663,0.6721311475409836,0.6062992125984252,0.9870661497116089,0.9024291038513184,0.652011513710022,0.062173664569854736,0.060810577124357224,0.03397741913795471,0.10036621987819672,0.07706640660762787,0.06474028527736664
9658,9,9,,,,,,,,0.3630915582180023,0.2193242907524109,0.2955401539802551,,,
9659,4,4,,,,,,,,0.22462019324302673,0.2863938808441162,0.04546023905277252,,,
9660,6,6,,,,,,,,0.13333582878112793,0.11129189282655716,0.20879289507865906,,,
9661,5,5,,,,,,,,0.11489322036504745,0.09133927524089813,0.24339550733566284,,,
9662,1,1,,,,,,,,0.6035258173942566,0.25384730100631714,0.2721921503543854,,,
9663,1,1,,,,,,,,0.35386893153190613,0.3039681613445282,0.17645694315433502,,,
9664,0,0,,,,,,,,0.25031110644340515,0.5610001683235168,0.9265919923782349,,,
9665,3,3,3,0.6062992125984252,0.6190476190476191,0.15254237288135594,0.9949319958686829,0.9535950422286987,0.4441142678260803,0.20330841839313507,0.20068931579589844,0.18181660771369934,0.15048298239707947,0.25143861770629883,0.10434883087873459
9666,3,3,,,,,,,,0.3137800991535187,0.43960481882095337,0.3166242241859436,,,
9667,9,9,,,,,,,,0.16465657949447632,0.20403997600078583,0.09634979814291,,,
9668,4,4,,,,,,,,0.3319093585014343,0.5845497846603394,0.18260465562343597,,,
9669,8,8,,,,,,,,0.6454113721847534,0.069359190762043,0.2505415380001068,,,
9670,1,1,,,,,,,,0.3283120393753052,0.14936858415603638,0.06888217478990555,,,
9671,7,7,,,,,,,,0.23243683576583862,0.030194943770766258,0.4579843580722809,,,
9672,7,7,,,,,,,,0.28364098072052,0.22062864899635315,0.19190946221351624,,,
9673,9,9,,,,,,,,0.31424465775489807,0.10083990544080734,0.08191851526498795,,,
9674,9,9,,,,,,,,0.3997552990913391,0.3683951199054718,0.4003441333770752,,,
9675,4,4,,,,,,,,0.44086408615112305,0.46454083919525146,0.3120964765548706,,,
9676,3,3,0,0.1724137931034483,0.42657342657342656,0.1724137931034483,0.7033044695854187,0.8249163627624512,0.224662184715271,0.08166204392910004,0.18417653441429138,0.05707838386297226,0.08958691358566284,0.1381489783525467,0.06925402581691742
9677,6,6,,,,,,,,0.3134908676147461,0.46931225061416626,0.14211881160736084,,,
9678,3,3,,,,,,,,0.16533967852592468,0.35839128494262695,0.35611414909362793,,,
9679,2,2,,,,,,,,0.6540088653564453,0.22636061906814575,0.04878193512558937,,,
9680,8,8,0,0.8378378378378378,0.5,0.5813953488372093,0.9544071555137634,0.8853686451911926,0.7932626008987427,0.15687286853790283,0.10635475069284439,0.18775859475135803,0.0396452471613884,0.1263979822397232,0.07131502777338028
9681,2,2,2,0.8053097345132744,0.7894736842105263,0.59375,0.9938251972198486,0.9373053908348083,0.7513548731803894,0.28033632040023804,0.04588010162115097,0.4042266309261322,0.3305559456348419,0.06621795147657394,0.37915486097335815
9682,7,7,,,,,,,,0.09627164900302887,0.036830466240644455,0.07582859694957733,,,
9683,6,6,,,,,,,,0.2517457604408264,0.6846513748168945,0.13851042091846466,,,
9684,7,7,,,,,,,,0.30214348435401917,0.15427231788635254,0.4419451355934143,,,
9685,0,0,,,,,,,,0.6652745604515076,0.30671826004981995,0.8306583166122437,,,
9686,2,2,,,,,,,,0.3085557520389557,0.10143891721963882,0.21519431471824646,,,
9687,1,1,,,,,,,,0.2924017310142517,0.06215312331914902,0.14706657826900482,,,
9688,2,2,,,,,,,,0.34190770983695984,0.3101780414581299,0.8896991014480591,,,
9689,9,9,,,,,,,,0.14442850649356842,0.22913481295108795,0.09893019497394562,,,
9690,4,4,4,0.4782608695652174,0.5572519083969466,0.59375,0.9588019251823425,0.8160748481750488,0.5245524644851685,0.02613619714975357,0.07692732661962509,0.08648669719696045,0.01943851262331009,0.05300629884004593,0.05766412615776062
9691,6,6,3,0.4782608695652174,0.3783783783783784,0.5813953488372093,0.847583532333374,0.840228796005249,0.5125190615653992,0.03380998969078064,0.4774170219898224,0.05408082157373428,0.004211383406072855,0.4835498631000519,0.0034009451046586037
9692,9,9,,,,,,,,0.09757009148597717,0.03408036008477211,0.07764890044927597,,,
9693,6,6,3,0.05154639175257732,0.5223880597014925,0.7,0.8754439353942871,0.7427548170089722,0.638577401638031,0.06701941043138504,0.17041508853435516,0.05615905672311783,0.013716625981032848,0.4143952429294586,0.007522993255406618
9694,1,1,,,,,,,,0.30774563550949097,0.11419420689344406,0.12798231840133667,,,
9695,0,0,,,,,,,,0.40496107935905457,0.44517484307289124,0.759114682674408,,,
9696,1,1,,,,,,,,0.2643811106681824,0.16976849734783173,0.07884624600410461,,,
9697,8,8,0,0.59375,0.5,0.04081632653061224,0.23563100397586823,0.8030071258544922,0.25445300340652466,0.16902555525302887,0.027703704312443733,0.02685246430337429,0.026889029890298843,0.010820610448718071,0.0033558576833456755
9698,7,7,,,,,,,,0.4149619936943054,0.2264249324798584,0.40169137716293335,,,
9699,0,0,0,0.8545454545454545,0.8888888888888888,0.3972602739726027,0.9883009791374207,0.9072741866111755,0.7259535193443298,0.7534972429275513,0.6632807850837708,0.8038503527641296,0.7464770078659058,0.6094491481781006,0.9041972160339355
9700,0,0,,,,,,,,0.371254026889801,0.35425737500190735,0.7725908756256104,,,
9701,4,4,,,,,,,,0.40502044558525085,0.3327198922634125,0.4924266040325165,,,
9702,7,7,,,,,,,,0.6343933939933777,0.13539108633995056,0.2635945975780487,,,
9703,4,4,,,,,,,,0.14690499007701874,0.22733063995838165,0.1561472862958908,,,
9704,2,3,,,,,,,,0.12707382440567017,0.5460315346717834,0.05127531290054321,,,
9705,6,6,,,,,,,,0.08004600554704666,0.22716432809829712,0.08671437203884125,,,
9706,9,9,,,,,,,,0.1549532413482666,0.1333644986152649,0.14313657581806183,,,
9707,5,5,,,,,,,,0.24052706360816956,0.08460862189531326,0.20541802048683167,,,
9708,9,9,,,,,,,,0.09149189293384552,0.05614223703742027,0.034120719879865646,,,
9709,0,0,,,,,,,,0.363837867975235,0.3587142527103424,0.8753378987312317,,,
9710,7,7,,,,,,,,0.30025506019592285,0.2772196829319,0.13159063458442688,,,
9711,4,4,,,,,,,,0.452810138463974,0.37818700075149536,0.29806146025657654,,,
9712,5,5,,,,,,,,0.14396114647388458,0.032086241990327835,0.036454398185014725,,,
9713,8,8,,,,,,,,0.47433772683143616,0.21144728362560272,0.3097729980945587,,,
9714,1,1,,,,,,,,0.6010097861289978,0.23299691081047058,0.1413443684577942,,,
9715,4,4,,,,,,,,0.3149845600128174,0.2538168430328369,0.2703374922275543,,,
9716,7,7,,,,,,,,0.060771215707063675,0.10143241286277771,0.14206825196743011,,,
9717,9,9,,,,,,,,0.5123682022094727,0.08404339849948883,0.12338284403085709,,,
9718,9,8,,,,,,,,0.037405967712402344,0.024149591103196144,0.04818443953990936,,,
9719,8,8,,,,,,,,0.34163570404052734,0.06982149183750153,0.047899480909109116,,,
9720,8,8,,,,,,,,0.7396882772445679,0.039388854056596756,0.21984286606311798,,,
9721,6,6,,,,,,,,0.16280409693717957,0.12737879157066345,0.23697641491889954,,,
9722,3,3,,,,,,,,0.11595551669597626,0.15402847528457642,0.07880697399377823,,,
9723,7,7,,,,,,,,0.4057605266571045,0.23617370426654816,0.4878878593444824,,,
9724,0,0,,,,,,,,0.38837629556655884,0.5172868371009827,0.9088114500045776,,,
9725,8,8,,,,,,,,0.13712431490421295,0.2304881364107132,0.10630188882350922,,,
9726,9,9,,,,,,,,0.07264570891857147,0.19309386610984802,0.13190586864948273,,,
9727,6,6,,,,,,,,0.1271120309829712,0.07340189814567566,0.09067345410585403,,,
9728,2,2,,,,,,,,0.31991297006607056,0.37120166420936584,0.3201555013656616,,,
9729,4,3,,,,,,,,0.35364872217178345,0.2574891448020935,0.0354313850402832,,,
9730,6,6,3,0.44680851063829785,0.5338345864661654,0.25925925925925924,0.831680953502655,0.8882440328598022,0.5979377031326294,0.1071685329079628,0.5415679216384888,0.038027409464120865,0.01124750915914774,0.45824548602104187,0.0012379569234326482
9731,2,2,,,,,,,,0.6848735213279724,0.1317625492811203,0.40303847193717957,,,
9732,9,9,,,,,,,,0.23283864557743073,0.15159763395786285,0.35657477378845215,,,
9733,7,7,,,,,,,,0.17694436013698578,0.23830874264240265,0.19267550110816956,,,
9734,4,4,7,0.45714285714285713,0.5692307692307692,0.3972602739726027,0.9264283180236816,0.8939065933227539,0.70088791847229,0.21053163707256317,0.13959625363349915,0.08404172956943512,0.1025102436542511,0.20433634519577026,0.002080701058730483
9735,6,6,,,,,,,,0.15615685284137726,0.380289763212204,0.04191455617547035,,,
9736,8,8,,,,,,,,0.3061709403991699,0.19758760929107666,0.28873109817504883,,,
9737,5,5,,,,,,,,0.15161077678203583,0.1475253850221634,0.09297780692577362,,,
9738,6,6,,,,,,,,0.30452632904052734,0.5745609998703003,0.09902724623680115,,,
9739,1,1,,,,,,,,0.6132391095161438,0.29618212580680847,0.2892242670059204,,,
9740,3,3,3,0.7739130434782608,0.6721311475409836,0.3691275167785235,0.988487184047699,0.9384381771087646,0.5929937362670898,0.09663357585668564,0.18196208775043488,0.09789419919252396,0.07051264494657516,0.15247559547424316,0.11656500399112701
9741,5,3,,,,,,,,0.24438822269439697,0.32793381810188293,0.14761552214622498,,,
9742,9,0,,,,,,,,0.730227530002594,0.7646332383155823,0.7611180543899536,,,
9743,9,9,,,,,,,,0.09754487127065659,0.13402052223682404,0.03869882598519325,,,
9744,1,1,,,,,,,,0.4646943211555481,0.29308292269706726,0.5146106481552124,,,
9745,3,3,,,,,,,,0.3037864863872528,0.30401262640953064,0.28302958607673645,,,
9746,2,2,,,,,,,,0.5693177580833435,0.058735813945531845,0.08248896151781082,,,
9747,0,0,,,,,,,,0.5993019342422485,0.7052791118621826,0.8407819867134094,,,
9748,3,3,,,,,,,,0.3548566401004791,0.5194992423057556,0.23551568388938904,,,
9749,0,0,,,,,,,,0.33189693093299866,0.797107994556427,0.9452645778656006,,,
9750,2,5,,,,,,,,0.0830947607755661,0.04018468037247658,0.03208199888467789,,,
9751,0,0,,,,,,,,0.5666225552558899,0.2838870584964752,0.8255066871643066,,,
9752,7,7,,,,,,,,0.09695364534854889,0.06836187839508057,0.08271095156669617,,,
9753,3,2,,,,,,,,0.2702566683292389,0.13940511643886566,0.3411388695240021,,,
9754,9,9,,,,,,,,0.3194085955619812,0.4190197288990021,0.36843758821487427,,,
9755,3,3,,,,,,,,0.5569851994514465,0.2595851719379425,0.3787950277328491,,,
9756,5,5,,,,,,,,0.3545152246952057,0.08691081404685974,0.06244916096329689,,,
9757,7,7,,,,,,,,0.17434756457805634,0.10956621915102005,0.1640971302986145,,,
9758,6,6,,,,,,,,0.1837649643421173,0.5761941075325012,0.17844904959201813,,,
9759,5,5,,,,,,,,0.055904701352119446,0.04323964565992355,0.07829094678163528,,,
9760,9,9,,,,,,,,0.1070246547460556,0.2461618036031723,0.10910098999738693,,,
9761,5,5,,,,,,,,0.30219173431396484,0.1550285667181015,0.3504689335823059,,,
9762,6,6,,,,,,,,0.19648025929927826,0.2753245532512665,0.17261359095573425,,,
9763,1,1,,,,,,,,0.2213372141122818,0.08996690809726715,0.24601592123508453,,,
9764,2,2,0,0.2670807453416149,0.36,0.4166666666666667,0.47992879152297974,0.797866702079773,0.39118701219558716,0.49830275774002075,0.4556463658809662,0.05077368766069412,0.12054654955863953,0.3342006504535675,0.058651093393564224
9765,4,4,,,,,,,,0.04331264644861221,0.07326500117778778,0.1273268610239029,,,
9766,0,0,,,,,,,,0.5378722548484802,0.7185860872268677,0.4752558469772339,,,
9767,2,2,,,,,,,,0.4979149401187897,0.11392711102962494,0.4397185742855072,,,
9768,7,7,,,,,,,,0.3426380157470703,0.1833973228931427,0.25658753514289856,,,
9769,8,8,,,,,,,,0.7018876671791077,0.44204217195510864,0.40415218472480774,,,
9770,4,4,,,,,,,,0.414928674697876,0.13577866554260254,0.17081494629383087,,,
9771,4,4,,,,,,,,0.16541042923927307,0.24880674481391907,0.20344412326812744,,,
9772,0,0,2,0.8303571428571429,0.42657342657342656,0.0967741935483871,0.7719821929931641,0.7946161031723022,0.4234214127063751,0.42298105359077454,0.5228618383407593,0.7759318351745605,0.3952304422855377,0.5383296012878418,0.9318979978561401
9773,9,9,,,,,,,,0.03697136044502258,0.0770697370171547,0.09256234765052795,,,
9774,5,5,3,0.3076923076923077,0.4782608695652174,0.42657342657342656,0.4120454490184784,0.8269118070602417,0.31007155776023865,0.38116949796676636,0.09308317303657532,0.10166063904762268,0.07524233311414719,0.13944393396377563,0.011002651415765285
9775,9,9,,,,,,,,0.38116952776908875,0.2296825647354126,0.2734619379043579,,,
9776,2,2,3,0.6190476190476191,0.3691275167785235,0.13333333333333333,0.9492798447608948,0.7801148891448975,0.6024466753005981,0.1373448520898819,0.19312937557697296,0.05455654487013817,0.05187287926673889,0.11332961171865463,0.017808280885219574
9777,9,9,,,,,,,,0.1713607758283615,0.19224697351455688,0.19253158569335938,,,
9778,3,3,,,,,,,,0.4468373656272888,0.5026646852493286,0.21731364727020264,,,
9779,2,2,,,,,,,,0.6077098250389099,0.22680218517780304,0.3992350101470947,,,
9780,4,4,,,,,,,,0.3382895886898041,0.1886688470840454,0.2318648248910904,,,
9781,3,3,,,,,,,,0.41101372241973877,0.5081396698951721,0.2765003740787506,,,
9782,2,2,,,,,,,,0.7230830788612366,0.24912358820438385,0.20757406949996948,,,
9783,2,2,,,,,,,,0.8287055492401123,0.3228737711906433,0.6030318737030029,,,
9784,8,8,,,,,,,,0.19652420282363892,0.2536085247993469,0.06576833128929138,,,
9785,8,8,,,,,,,,0.26055920124053955,0.13093718886375427,0.15272459387779236,,,
9786,6,6,6,0.36,0.5692307692307692,0.3333333333333333,0.8714401721954346,0.8983088135719299,0.6346011161804199,0.11660603433847427,0.5592454671859741,0.12521760165691376,0.09334792196750641,0.5476314425468445,0.11213809996843338
9787,8,8,8,0.8053097345132744,0.7435897435897436,0.2289156626506024,0.9784979820251465,0.9214602708816528,0.7415275573730469,0.2792106568813324,0.18737775087356567,0.10590732097625732,0.26440292596817017,0.16647164523601532,0.04246927425265312
9788,1,1,,,,,,,,0.32124391198158264,0.22999972105026245,0.2509895861148834,,,
9789,6,6,,,,,,,,0.18832744657993317,0.4311099648475647,0.14492644369602203,,,
9790,8,8,,,,,,,,0.7224801182746887,0.04439936950802803,0.21642746031284332,,,
9791,9,9,,,,,,,,0.05952035263180733,0.10102342814207077,0.12575295567512512,,,
9792,8,8,,,,,,,,0.4207574129104614,0.04965526983141899,0.12123237550258636,,,
9793,2,6,,,,,,,,0.06219629570841789,0.10254427045583725,0.020013418048620224,,,
9794,1,1,,,,,,,,0.029386213049292564,0.19755275547504425,0.01604033261537552,,,
9795,4,4,,,,,,,,0.11035732179880142,0.2460457682609558,0.20138730108737946,,,
9796,9,9,,,,,,,,0.20693229138851166,0.29143619537353516,0.16446718573570251,,,
9797,1,1,,,,,,,,0.35755109786987305,0.2299691140651703,0.11992193013429642,,,
9798,5,5,,,,,,,,0.27005472779273987,0.12273496389389038,0.5500946640968323,,,
9799,7,7,,,,,,,,0.3285014033317566,0.17086632549762726,0.35712435841560364,,,
9800,1,1,,,,,,,,0.7006627321243286,0.29858461022377014,0.343161404132843,,,
9801,6,6,6,0.6859504132231405,0.632,0.2,0.9826178550720215,0.928652822971344,0.12748198211193085,0.04158201068639755,0.03434547036886215,0.01998402178287506,0.039307281374931335,0.03392542153596878,0.025909828022122383
9802,0,0,,,,,,,,0.5345490574836731,0.8829660415649414,0.8179219365119934,,,
9803,1,1,,,,,,,,0.6078586578369141,0.20006433129310608,0.6664396524429321,,,
9804,5,5,,,,,,,,0.15646232664585114,0.10894062370061874,0.08729802072048187,,,
9805,2,2,,,,,,,,0.0800861343741417,0.05048736557364464,0.039459291845560074,,,
9806,8,8,,,,,,,,0.7098886966705322,0.15917371213436127,0.23620793223381042,,,
9807,1,1,,,,,,,,0.4411483108997345,0.409309059381485,0.48475608229637146,,,
9808,1,1,8,0.24242424242424243,0.3691275167785235,0.25153374233128833,0.7265098094940186,0.849101722240448,0.6027528047561646,0.12995114922523499,0.20762640237808228,0.12822966277599335,0.08484610170125961,0.3012892007827759,0.048803992569446564
9809,3,3,3,0.45714285714285713,0.43661971830985913,0.15254237288135594,0.9117332696914673,0.8620067834854126,0.09745510667562485,0.31347334384918213,0.4609949290752411,0.28562721610069275,0.20546652376651764,0.18228711187839508,0.25664445757865906
9810,8,8,,,,,,,,0.09907754510641098,0.07568109780550003,0.07901795953512192,,,
9811,1,1,,,,,,,,0.23438140749931335,0.1549890637397766,0.22144553065299988,,,
9812,3,3,8,0.030303030303030304,0.4676258992805755,0.07936507936507936,0.3823385536670685,0.9162631630897522,0.10192182660102844,0.08972641080617905,0.16671746969223022,0.05724119395017624,0.17138415575027466,0.17019489407539368,0.15449227392673492
9813,1,1,,,,,,,,0.27786123752593994,0.18396025896072388,0.10759643465280533,,,
9814,8,8,,,,,,,,0.7628942131996155,0.3059207797050476,0.2505953907966614,,,
9815,5,5,,,,,,,,0.24142494797706604,0.12729041278362274,0.03174031153321266,,,
9816,1,1,,,,,,,,0.31365513801574707,0.09903720021247864,0.12614706158638,,,
9817,9,1,,,,,,,,0.36488720774650574,0.1804589480161667,0.12393774092197418,,,
9818,0,0,,,,,,,,0.40540751814842224,0.6071223616600037,0.7789425253868103,,,
9819,3,5,,,,,,,,0.21082721650600433,0.03411611169576645,0.5409173965454102,,,
9820,0,0,,,,,,,,0.18729114532470703,0.30592623353004456,0.3223467767238617,,,
9821,4,4,,,,,,,,0.12435570359230042,0.3650175929069519,0.29828155040740967,,,
9822,0,0,,,,,,,,0.5942370295524597,0.5271862745285034,0.6406028270721436,,,
9823,5,5,,,,,,,,0.2590925395488739,0.032684292644262314,0.2107444554567337,,,
9824,1,1,,,,,,,,0.24991083145141602,0.1151573657989502,0.20975379645824432,,,
9825,2,4,,,,,,,,0.33525586128234863,0.2234412282705307,0.19177328050136566,,,
9826,0,0,,,,,,,,0.750934362411499,0.39414727687835693,0.983818531036377,,,
9827,4,4,,,,,,,,0.1748734563589096,0.43186843395233154,0.15942293405532837,,,
9828,9,9,,,,,,,,0.26804089546203613,0.2120349109172821,0.03249106928706169,,,
9829,5,5,,,,,,,,0.26199162006378174,0.13112524151802063,0.07485751062631607,,,
9830,1,1,,,,,,,,0.2521625757217407,0.2980591356754303,0.1660553216934204,,,
9831,2,2,,,,,,,,0.47910308837890625,0.05485322326421738,0.1247781440615654,,,
9832,2,2,,,,,,,,0.5442160367965698,0.25857797265052795,0.4182817339897156,,,
9833,7,7,,,,,,,,0.3466179072856903,0.24847817420959473,0.1753636598587036,,,
9834,8,8,,,,,,,,0.3701062500476837,0.17962579429149628,0.12650847434997559,,,
9835,7,7,,,,,,,,0.17196325957775116,0.12997138500213623,0.19381345808506012,,,
9836,2,2,,,,,,,,0.8191759586334229,0.17712797224521637,0.2922568619251251,,,
9837,4,4,2,0.20710059171597633,0.3972602739726027,0.25925925925925924,0.472383588552475,0.7745089530944824,0.3557355999946594,0.10881893336772919,0.4696933925151825,0.4165557622909546,0.1262129694223404,0.3140154182910919,0.0012045864714309573
9838,5,5,,,,,,,,0.2443356215953827,0.09157799929380417,0.23648568987846375,,,
9839,3,3,,,,,,,,0.5624886751174927,0.5722154974937439,0.3533056676387787,,,
9840,4,7,,,,,,,,0.047330718487501144,0.04459439963102341,0.5310368537902832,,,
9841,0,0,,,,,,,,0.5610828995704651,0.37859877943992615,0.9316612482070923,,,
9842,6,4,,,,,,,,0.17881736159324646,0.07885666936635971,0.09978610277175903,,,
9843,1,1,,,,,,,,0.40633347630500793,0.2742251455783844,0.35196155309677124,,,
9844,5,5,,,,,,,,0.2241891622543335,0.08657762408256531,0.09360732138156891,,,
9845,9,9,,,,,,,,0.23559057712554932,0.13414941728115082,0.14722441136837006,,,
9846,8,8,,,,,,,,0.4524548053741455,0.09581979364156723,0.16350172460079193,,,
9847,0,0,,,,,,,,0.3425401449203491,0.21722176671028137,0.9739038348197937,,,
9848,2,2,,,,,,,,0.5197893977165222,0.04562223702669144,0.2781231701374054,,,
9849,0,0,,,,,,,,0.3152545094490051,0.33427369594573975,0.5152080059051514,,,
9850,7,7,,,,,,,,0.116721510887146,0.04740356281399727,0.03784538805484772,,,
9851,6,6,,,,,,,,0.09916993230581284,0.16647237539291382,0.148568794131279,,,
9852,0,0,,,,,,,,0.5490139126777649,0.8083482980728149,0.895264744758606,,,
9853,5,6,,,,,,,,0.28970858454704285,0.28601333498954773,0.024880582466721535,,,
9854,9,9,,,,,,,,0.2508465051651001,0.28422611951828003,0.2934110164642334,,,
9855,7,7,,,,,,,,0.15171806514263153,0.041292622685432434,0.07342405617237091,,,
9856,5,5,,,,,,,,0.23424194753170013,0.086080402135849,0.36194613575935364,,,
9857,0,1,,,,,,,,0.04336903244256973,0.11070940643548965,0.23486988246440887,,,
9858,4,4,,,,,,,,0.14028531312942505,0.17844590544700623,0.18514910340309143,,,
9859,6,6,,,,,,,,0.21337798237800598,0.5667899250984192,0.19449831545352936,,,
9860,0,0,,,,,,,,0.22006657719612122,0.17309321463108063,0.3933354318141937,,,
9861,6,6,,,,,,,,0.5649127960205078,0.7063793540000916,0.48032209277153015,,,
9862,3,3,,,,,,,,0.15407198667526245,0.1487099528312683,0.2043991982936859,,,
9863,6,6,,,,,,,,0.23314349353313446,0.2994879186153412,0.17482316493988037,,,
9864,8,8,,,,,,,,0.30565088987350464,0.029913783073425293,0.16333477199077606,,,
9865,1,1,,,,,,,,0.6136002540588379,0.24649816751480103,0.3884263336658478,,,
9866,1,1,,,,,,,,0.028658177703619003,0.029909657314419746,0.04138274863362312,,,
9867,8,8,8,0.6859504132231405,0.7142857142857143,0.6062992125984252,0.931259274482727,0.9206876158714294,0.7524827122688293,0.06533688306808472,0.07112109661102295,0.019573654979467392,0.044410623610019684,0.04889203980565071,0.023314768448472023
9868,9,9,,,,,,,,0.3088069558143616,0.12083521485328674,0.1672200709581375,,,
9869,7,7,,,,,,,,0.1505199819803238,0.14095032215118408,0.21156185865402222,,,
9870,2,2,,,,,,,,0.7312825918197632,0.11210539937019348,0.17941826581954956,,,
9871,9,9,,,,,,,,0.4297817051410675,0.22259841859340668,0.14006468653678894,,,
9872,0,0,,,,,,,,0.8458386659622192,0.7546210289001465,0.9287021160125732,,,
9873,2,2,,,,,,,,0.6778064966201782,0.09591908007860184,0.4089578688144684,,,
9874,2,2,,,,,,,,0.5573681592941284,0.10108531266450882,0.5813265442848206,,,
9875,9,9,,,,,,,,0.3778339624404907,0.2494194656610489,0.17229722440242767,,,
9876,0,0,,,,,,,,0.6676774621009827,0.7420019507408142,0.8964927196502686,,,
9877,6,2,,,,,,,,0.20148847997188568,0.039187878370285034,0.25985947251319885,,,
9878,5,5,,,,,,,,0.1757204383611679,0.14946644008159637,0.06218843534588814,,,
9879,7,7,,,,,,,,0.08183880150318146,0.037451326847076416,0.06759858131408691,,,
9880,7,4,,,,,,,,0.14486156404018402,0.0928472951054573,0.13587592542171478,,,
9881,9,9,,,,,,,,0.1289883852005005,0.13607512414455414,0.1662011444568634,,,
9882,1,1,,,,,,,,0.5651910305023193,0.27335086464881897,0.18154026567935944,,,
9883,7,7,,,,,,,,0.1042686477303505,0.08934860676527023,0.07762046158313751,,,
9884,9,9,,,,,,,,0.04092780873179436,0.18538503348827362,0.03143366798758507,,,
9885,8,8,8,0.6141732283464567,0.5572519083969466,0.45714285714285713,0.7856645584106445,0.8531725406646729,0.49589210748672485,0.4360862970352173,0.3085140585899353,0.1518297642469406,0.342300146818161,0.34622034430503845,0.1485171914100647
9886,4,4,,,,,,,,0.25228118896484375,0.6787298917770386,0.39144206047058105,,,
9887,5,5,,,,,,,,0.356361985206604,0.11516810953617096,0.22008046507835388,,,
9888,0,0,,,,,,,,0.1966794729232788,0.3132389187812805,0.7864581346511841,,,
9889,8,8,,,,,,,,0.6911726593971252,0.2419133186340332,0.3395548462867737,,,
9890,0,0,,,,,,,,0.5351387858390808,0.6188046336174011,0.8011643290519714,,,
9891,2,2,,,,,,,,0.529640793800354,0.04085395857691765,0.2944902777671814,,,
9892,5,5,,,,,,,,0.09378273040056229,0.27601465582847595,0.03255295753479004,,,
9893,2,2,,,,,,,,0.6986960768699646,0.3032015562057495,0.42001354694366455,,,
9894,1,1,0,0.7586206896551724,0.6451612903225806,0.6585365853658537,0.8840917348861694,0.8763974905014038,0.6532617807388306,0.05548783019185066,0.10432258248329163,0.025737710297107697,0.011991775594651699,0.15064558386802673,0.0010936134494841099
9895,4,4,,,,,,,,0.11662264913320541,0.18581143021583557,0.13363130390644073,,,
9896,4,4,,,,,,,,0.14724518358707428,0.2251414954662323,0.2672233283519745,,,
9897,8,8,,,,,,,,0.462399959564209,0.20582005381584167,0.1848091036081314,,,
9898,9,9,,,,,,,,0.28505685925483704,0.0364653579890728,0.09057402610778809,,,
9899,7,7,,,,,,,,0.36130696535110474,0.1748930811882019,0.38088151812553406,,,
9900,8,8,,,,,,,,0.30625343322753906,0.07415100932121277,0.23359616100788116,,,
9901,3,3,5,0.7,0.4166666666666667,0.4166666666666667,0.9710922241210938,0.8159837126731873,0.6180742383003235,0.11024199426174164,0.06023167446255684,0.06488055735826492,0.08182378113269806,0.08326109498739243,0.01822703145444393
9902,6,6,,,,,,,,0.042622435837984085,0.10897305607795715,0.07973918318748474,,,
9903,6,6,,,,,,,,0.27433791756629944,0.6480309367179871,0.22557982802391052,,,
9904,0,0,,,,,,,,0.4441424012184143,0.4078507423400879,0.45296335220336914,,,
9905,1,1,,,,,,,,0.11762908101081848,0.2812848687171936,0.23244819045066833,,,
9906,1,1,,,,,,,,0.2894223630428314,0.18079933524131775,0.28836673498153687,,,
9907,1,1,,,,,,,,0.4219392240047455,0.44446754455566406,0.5104142427444458,,,
9908,8,8,,,,,,,,0.24625560641288757,0.08499258756637573,0.2731216847896576,,,
9909,1,1,,,,,,,,0.2910396158695221,0.32548224925994873,0.35301023721694946,,,
9910,4,4,4,0.5813953488372093,0.5111111111111111,0.3509933774834437,0.945851743221283,0.8911622166633606,0.5999438762664795,0.051985159516334534,0.5524567365646362,0.03936714306473732,0.04430534318089485,0.39661097526550293,0.05692471191287041
9911,4,4,,,,,,,,0.5163215398788452,0.10601601004600525,0.15679650008678436,,,
9912,0,0,,,,,,,,0.3971824049949646,0.3278123736381531,0.8635501861572266,,,
9913,7,7,,,,,,,,0.28048357367515564,0.11869923025369644,0.2001831829547882,,,
9914,8,8,,,,,,,,0.45163440704345703,0.1134868860244751,0.25545576214790344,,,
9915,2,2,,,,,,,,0.31611040234565735,0.43376851081848145,0.22988642752170563,,,
9916,1,1,,,,,,,,0.49440237879753113,0.3396020531654358,0.2255365252494812,,,
9917,2,2,,,,,,,,0.5214853882789612,0.3338424265384674,0.33324354887008667,,,
9918,5,5,,,,,,,,0.12973111867904663,0.05766586586833,0.025513412430882454,,,
9919,4,4,2,0.3691275167785235,0.5338345864661654,0.25153374233128833,0.6482488512992859,0.8183709383010864,0.4701724648475647,0.022266384214162827,0.2835959792137146,0.04213300347328186,0.01823994517326355,0.16787020862102509,0.025919919833540916
9920,6,6,,,,,,,,0.2592390477657318,0.5750349164009094,0.1028105616569519,,,
9921,0,0,,,,,,,,0.5380796790122986,0.6834039092063904,0.8017047047615051,,,
9922,5,5,,,,,,,,0.1619960069656372,0.06584084779024124,0.1628146767616272,,,
9923,7,7,,,,,,,,0.07380470633506775,0.1292053610086441,0.12072832882404327,,,
9924,4,4,,,,,,,,0.08170514553785324,0.11923430860042572,0.05464457720518112,,,
9925,4,4,,,,,,,,0.07369627058506012,0.15857191383838654,0.15185807645320892,,,
9926,3,3,,,,,,,,0.08357115834951401,0.15013492107391357,0.22098152339458466,,,
9927,9,9,,,,,,,,0.26435738801956177,0.09846445918083191,0.18498103320598602,,,
9928,5,5,3,0.24390243902439024,0.4782608695652174,0.2215568862275449,0.5778270959854126,0.8722068667411804,0.2207418978214264,0.19385342299938202,0.10685110092163086,0.031152697280049324,0.08855794370174408,0.05389028415083885,0.14259101450443268
9929,8,8,8,0.3076923076923077,0.632,0.3076923076923077,0.9081007242202759,0.8901275396347046,0.5284667015075684,0.652042031288147,0.06274373829364777,0.18419413268566132,0.18874773383140564,0.09550127387046814,0.08144158869981766
9930,8,8,,,,,,,,0.28480812907218933,0.10350757092237473,0.10920947790145874,,,
9931,0,0,,,,,,,,0.4134865403175354,0.5413981676101685,0.4543883204460144,,,
9932,8,8,8,0.8545454545454545,0.5454545454545454,0.34210526315789475,0.9509928226470947,0.8900802135467529,0.495537132024765,0.37064698338508606,0.10533329844474792,0.2860598862171173,0.10074391961097717,0.1157875657081604,0.298723965883255
9933,7,7,,,,,,,,0.030891399830579758,0.06473138183355331,0.15973453223705292,,,
9934,4,4,,,,,,,,0.24723128974437714,0.27398717403411865,0.2890093922615051,,,
9935,1,1,,,,,,,,0.4757717251777649,0.5328525304794312,0.48225000500679016,,,
9936,8,8,,,,,,,,0.17614905536174774,0.08460460603237152,0.09895122051239014,,,
9937,4,4,,,,,,,,0.26889172196388245,0.1387830376625061,0.18060021102428436,,,
9938,9,9,,,,,,,,0.12816524505615234,0.1993904411792755,0.17604579031467438,,,
9939,5,5,,,,,,,,0.41523459553718567,0.0824480950832367,0.13295073807239532,,,
9940,4,4,,,,,,,,0.12424502521753311,0.14365440607070923,0.15524296462535858,,,
9941,1,1,,,,,,,,0.3113860785961151,0.18772977590560913,0.34443268179893494,,,
9942,7,7,,,,,,,,0.08868522197008133,0.12799879908561707,0.07476979494094849,,,
9943,7,7,7,0.5338345864661654,0.42657342657342656,0.09090909090909091,0.9414829015731812,0.9239398241043091,0.46724915504455566,0.14070017635822296,0.033107735216617584,0.14563915133476257,0.06966434419155121,0.07759038358926773,0.23435097932815552
9944,7,7,,,,,,,,0.2692726254463196,0.18442724645137787,0.4640839099884033,,,
9945,7,7,,,,,,,,0.31708481907844543,0.04346049949526787,0.3393149971961975,,,
9946,0,0,,,,,,,,0.5184149742126465,0.4880981743335724,0.21769696474075317,,,
9947,3,3,,,,,,,,0.2908688187599182,0.2086372822523117,0.4600938558578491,,,
9948,8,8,,,,,,,,0.21214215457439423,0.3226397633552551,0.13079339265823364,,,
9949,3,3,3,0.09090909090909091,0.3161290322580645,0.1657142857142857,0.5382435321807861,0.7691607475280762,0.20788142085075378,0.17084819078445435,0.3031831383705139,0.12632091343402863,0.25020450353622437,0.22038444876670837,0.1430271863937378
9950,3,3,,,,,,,,0.4762229919433594,0.5357980728149414,0.5109228491783142,,,
9951,0,0,,,,,,,,0.5824873447418213,0.3693908452987671,0.93056321144104,,,
9952,5,5,,,,,,,,0.514026939868927,0.08061885833740234,0.4573096036911011,,,
9953,7,4,,,,,,,,0.0569145493209362,0.3310319185256958,0.04942096769809723,,,
9954,0,0,,,,,,,,0.6011978387832642,0.6908513307571411,0.6272715926170349,,,
9955,8,8,,,,,,,,0.7042556405067444,0.07877521961927414,0.17809760570526123,,,
9956,0,0,,,,,,,,0.400093138217926,0.3989078402519226,0.761786699295044,,,
9957,0,0,,,,,,,,0.39663010835647583,0.5856516361236572,0.518193244934082,,,
9958,9,9,,,,,,,,0.3205832540988922,0.4227888584136963,0.19485579431056976,,,
9959,2,2,,,,,,,,0.5692297220230103,0.051673416048288345,0.17258162796497345,,,
9960,2,2,2,0.8378378378378378,0.6451612903225806,0.36,0.9945541620254517,0.9169806241989136,0.6283535957336426,0.3476598858833313,0.05398520082235336,0.15351268649101257,0.26029887795448303,0.026554809883236885,0.15813331305980682
9961,3,3,,,,,,,,0.18629896640777588,0.26811665296554565,0.18147248029708862,,,
9962,4,4,,,,,,,,0.23506887257099152,0.2592983543872833,0.37784454226493835,,,
9963,8,8,,,,,,,,0.4048904776573181,0.11503302305936813,0.15932825207710266,,,
9964,2,2,,,,,,,,0.2244715839624405,0.11769214272499084,0.1550300121307373,,,
9965,2,2,,,,,,,,0.37219053506851196,0.23258981108665466,0.26548346877098083,,,
9966,6,6,,,,,,,,0.24315117299556732,0.4248729646205902,0.18814460933208466,,,
9967,3,3,,,,,,,,0.13625705242156982,0.15417444705963135,0.20063556730747223,,,
9968,3,5,,,,,,,,0.2557806968688965,0.1166938841342926,0.07550252228975296,,,
9969,6,6,,,,,,,,0.15715688467025757,0.40582218766212463,0.05241111293435097,,,
9970,2,2,,,,,,,,0.4222067594528198,0.3839524984359741,0.5736364722251892,,,
9971,9,9,,,,,,,,0.2509710490703583,0.32646846771240234,0.2260722815990448,,,
9972,4,4,,,,,,,,0.12942443788051605,0.28109800815582275,0.1398867815732956,,,
9973,0,0,,,,,,,,0.5674937963485718,0.4590431749820709,0.9327467083930969,,,
9974,1,1,,,,,,,,0.2881632149219513,0.1047886312007904,0.3787553906440735,,,
9975,7,7,,,,,,,,0.47357529401779175,0.2161993831396103,0.4742427468299866,,,
9976,5,5,,,,,,,,0.41188758611679077,0.04218000918626785,0.12965814769268036,,,
9977,5,5,,,,,,,,0.07395071536302567,0.08620753139257431,0.37814319133758545,,,
9978,7,7,,,,,,,,0.1689274162054062,0.3431025743484497,0.19991371035575867,,,
9979,3,3,,,,,,,,0.2004636973142624,0.46558311581611633,0.36090272665023804,,,
9980,0,0,,,,,,,,0.4773494303226471,0.6856540441513062,0.8161715269088745,,,
9981,4,4,,,,,,,,0.2633991837501526,0.7537218928337097,0.4067114293575287,,,
9982,2,2,6,0.44680851063829785,0.4166666666666667,0.34210526315789475,0.775715708732605,0.8310256004333496,0.5544559955596924,0.3724176287651062,0.2860799729824066,0.3707829415798187,0.17679062485694885,0.09633885324001312,0.056821513921022415
9983,0,0,,,,,,,,0.46006274223327637,0.5732582807540894,0.6659970879554749,,,
9984,7,7,,,,,,,,0.21206997334957123,0.08832314610481262,0.16852667927742004,,,
9985,5,5,,,,,,,,0.22174213826656342,0.10933981835842133,0.15940441191196442,,,
9986,8,8,,,,,,,,0.4178679883480072,0.11914535611867905,0.24560630321502686,,,
9987,0,0,,,,,,,,0.3618769347667694,0.5506169199943542,0.5638208985328674,,,
9988,8,8,,,,,,,,0.4341392517089844,0.11836981028318405,0.3727264106273651,,,
9989,2,4,,,,,,,,0.07960345596075058,0.3383943438529968,0.0872742161154747,,,
9990,7,7,,,,,,,,0.20685957372188568,0.04640500992536545,0.4217440187931061,,,
9991,0,0,,,,,,,,0.5043654441833496,0.55570387840271,0.8834942579269409,,,
9992,3,3,,,,,,,,0.1903381198644638,0.6539320945739746,0.4749991297721863,,,
9993,5,5,,,,,,,,0.30890315771102905,0.03609396144747734,0.1811225861310959,,,
9994,3,3,,,,,,,,0.3014329671859741,0.6564030647277832,0.35034143924713135,,,
9995,8,8,,,,,,,,0.03844849765300751,0.029948176816105843,0.03718790039420128,,,
9996,3,3,,,,,,,,0.40388786792755127,0.25976821780204773,0.14080876111984253,,,
9997,5,5,,,,,,,,0.14125937223434448,0.04079246520996094,0.074923574924469,,,
9998,1,1,,,,,,,,0.1359780877828598,0.15130223333835602,0.31658604741096497,,,
9999,7,7,,,,,,,,0.39513882994651794,0.27139097452163696,0.24832545220851898,,,
