ds_idx,true,pred_clean,pred_adv,iou10_gc,iou10_ig,iou10_rise,rho_gc,rho_ig,rho_rise,del_auc_gc_clean,del_auc_ig_clean,del_auc_rise_clean,del_auc_gc_adv,del_auc_ig_adv,del_auc_rise_adv
0,3,3,,,,,,,,0.25743746757507324,0.7427040934562683,0.32194873690605164,,,
1,8,8,,,,,,,,0.3600694239139557,0.30506211519241333,0.17375783622264862,,,
2,8,8,,,,,,,,0.5289945006370544,0.0636640191078186,0.2539001405239105,,,
3,0,8,,,,,,,,0.4106593430042267,0.12691403925418854,0.04250207915902138,,,
4,6,6,,,,,,,,0.53626948595047,0.7656433582305908,0.6600905656814575,,,
5,6,6,,,,,,,,0.17557504773139954,0.5906553268432617,0.24856595695018768,,,
6,1,1,,,,,,,,0.0616520494222641,0.22108043730258942,0.1218545064330101,,,
7,6,6,2,0.48905109489051096,0.3333333333333333,0.3877551020408163,0.8441709280014038,0.7387255430221558,0.4914594292640686,0.23854999244213104,0.3800867795944214,0.1554378718137741,0.14834724366664886,0.5011454820632935,0.09189919382333755
8,3,3,3,0.5572519083969466,0.3972602739726027,0.0625,0.8856496810913086,0.8125444650650024,0.3928892910480499,0.20540711283683777,0.2964412569999695,0.458040714263916,0.08069881796836853,0.2781810164451599,0.32389602065086365
9,1,1,,,,,,,,0.2065477967262268,0.26683270931243896,0.19869926571846008,,,
10,0,0,,,,,,,,0.6156447529792786,0.34543368220329285,0.32683804631233215,,,
11,9,9,,,,,,,,0.48124849796295166,0.32774320244789124,0.35809317231178284,,,
12,5,5,,,,,,,,0.2183428406715393,0.0381346121430397,0.2830377221107483,,,
13,7,7,,,,,,,,0.37077564001083374,0.09050766378641129,0.30000919103622437,,,
14,9,9,,,,,,,,0.2831346392631531,0.10616931319236755,0.3017728626728058,,,
15,8,6,,,,,,,,0.37748903036117554,0.6715224385261536,0.21095998585224152,,,
16,5,5,,,,,,,,0.26458296179771423,0.03573879227042198,0.08574207127094269,,,
17,7,7,,,,,,,,0.1490306258201599,0.1337069422006607,0.30432355403900146,,,
18,8,8,,,,,,,,0.5369253158569336,0.0471472293138504,0.08017423748970032,,,
19,6,6,,,,,,,,0.24851477146148682,0.5106853246688843,0.08085152506828308,,,
20,7,7,7,0.8378378378378378,0.8715596330275229,0.45714285714285713,0.995887815952301,0.991138219833374,0.7121268510818481,0.28659120202064514,0.05721089988946915,0.10300374031066895,0.3049466609954834,0.11213482171297073,0.019047079607844353
21,0,0,,,,,,,,0.5295737981796265,0.5175624489784241,0.7558503746986389,,,
22,4,4,4,0.6721311475409836,0.3691275167785235,0.4782608695652174,0.9862393140792847,0.6856911182403564,0.5259077548980713,0.04317643493413925,0.03266119211912155,0.03307813033461571,0.022705160081386566,0.0510256253182888,0.022420570254325867
23,9,9,,,,,,,,0.44799116253852844,0.46159908175468445,0.30912595987319946,,,
24,5,5,,,,,,,,0.27095553278923035,0.08282677829265594,0.09634287655353546,,,
25,2,2,,,,,,,,0.4760645031929016,0.1172340139746666,0.14812307059764862,,,
26,4,4,4,0.6190476190476191,0.48905109489051096,0.4782608695652174,0.883070707321167,0.8626028299331665,0.5501192808151245,0.12315837293863297,0.1601332724094391,0.3415321111679077,0.02666393481194973,0.12106087803840637,0.2237541675567627
27,0,0,,,,,,,,0.561904788017273,0.29410475492477417,0.8998344540596008,,,
28,9,9,9,0.45714285714285713,0.7739130434782608,0.11475409836065574,0.9772470593452454,0.9323235750198364,0.6259851455688477,0.3271695673465729,0.2063094824552536,0.2161717563867569,0.2741890847682953,0.1709160953760147,0.2393684834241867
29,6,6,,,,,,,,0.2707847058773041,0.5929005146026611,0.06886378675699234,,,
30,6,6,6,0.9615384615384616,0.3161290322580645,0.43661971830985913,0.9846269488334656,0.773781418800354,0.6872291564941406,0.05756748095154762,0.2777995467185974,0.03552411124110222,0.05092988163232803,0.17633123695850372,0.05253107473254204
31,5,5,,,,,,,,0.21803587675094604,0.12742722034454346,0.31834620237350464,,,
32,4,4,,,,,,,,0.27293315529823303,0.15577173233032227,0.25147199630737305,,,
33,5,5,,,,,,,,0.24166013300418854,0.06262194365262985,0.0419977605342865,,,
34,9,9,,,,,,,,0.2799808084964752,0.15661565959453583,0.2425907403230667,,,
35,2,2,,,,,,,,0.3006252646446228,0.08950086683034897,0.1605546921491623,,,
36,4,4,4,0.7288135593220338,0.4782608695652174,0.5813953488372093,0.9825003147125244,0.9383186101913452,0.6139570474624634,0.2070789784193039,0.3288593292236328,0.048349153250455856,0.39816612005233765,0.4102523624897003,0.08209691196680069
37,1,1,9,0.4782608695652174,0.6859504132231405,0.3076923076923077,0.9587575197219849,0.9112100601196289,0.5849502086639404,0.026735184714198112,0.15413102507591248,0.08710858970880508,0.018833067268133163,0.13223432004451752,0.031207337975502014
38,9,9,,,,,,,,0.40837350487709045,0.2619052529335022,0.15567056834697723,,,
39,5,5,,,,,,,,0.4315534234046936,0.05702239274978638,0.2757960259914398,,,
40,4,4,,,,,,,,0.15942496061325073,0.10303466767072678,0.16834011673927307,,,
41,6,6,,,,,,,,0.3644283711910248,0.34477728605270386,0.2796330153942108,,,
42,5,5,,,,,,,,0.13326190412044525,0.050230368971824646,0.15057767927646637,,,
43,6,6,,,,,,,,0.19458572566509247,0.4722215533256531,0.13556607067584991,,,
44,0,0,,,,,,,,0.2988358736038208,0.9068262577056885,0.9546082615852356,,,
45,9,9,,,,,,,,0.4189295768737793,0.23075883090496063,0.1649172306060791,,,
46,3,3,,,,,,,,0.1657639890909195,0.5515764355659485,0.3142412006855011,,,
47,9,9,0,0.2289156626506024,0.34210526315789475,0.2215568862275449,0.4089586138725281,0.7980067729949951,0.6741499900817871,0.1754860132932663,0.022409681230783463,0.0185370035469532,0.0003423741727601737,0.007196409162133932,0.0003571957640815526
48,7,7,,,,,,,,0.17618128657341003,0.15842925012111664,0.08058930933475494,,,
49,6,6,,,,,,,,0.10776377469301224,0.3201789855957031,0.11838559806346893,,,
50,9,9,,,,,,,,0.22821228206157684,0.16065706312656403,0.20756584405899048,,,
51,8,8,,,,,,,,0.49909481406211853,0.18236011266708374,0.2163984775543213,,,
52,0,5,,,,,,,,0.15137764811515808,0.06036465987563133,0.021631311625242233,,,
53,3,3,5,0.24390243902439024,0.44680851063829785,0.18604651162790697,0.7472730875015259,0.7998061776161194,0.5501347780227661,0.4971257746219635,0.2803691625595093,0.626674473285675,0.10954363644123077,0.33493661880493164,0.07108085602521896
54,8,8,,,,,,,,0.28721287846565247,0.21776852011680603,0.13184961676597595,,,
55,8,8,,,,,,,,0.6525285243988037,0.08949913829565048,0.16767315566539764,,,
56,7,7,,,,,,,,0.3767281472682953,0.12079071253538132,0.13430221378803253,,,
57,7,5,,,,,,,,0.1322644203901291,0.027275053784251213,0.02013038657605648,,,
58,4,4,5,0.7288135593220338,0.5813953488372093,0.5813953488372093,0.9724624752998352,0.9056150913238525,0.4534834027290344,0.033681053668260574,0.24497486650943756,0.12378299981355667,0.07467061281204224,0.14104773104190826,0.06940051168203354
59,6,3,,,,,,,,0.5809918642044067,0.21454104781150818,0.16300906240940094,,,
60,7,7,,,,,,,,0.3525298535823822,0.136621356010437,0.3727603554725647,,,
61,3,5,,,,,,,,0.21662072837352753,0.047247979789972305,0.1013198122382164,,,
62,6,6,6,0.9805825242718447,0.7,0.7,0.9952666759490967,0.9346826076507568,0.5724815130233765,0.052793264389038086,0.3283129930496216,0.09771318733692169,0.05486755818128586,0.3995770215988159,0.09891680628061295
63,3,3,,,,,,,,0.12333246320486069,0.2965838313102722,0.14080630242824554,,,
64,6,6,,,,,,,,0.15606193244457245,0.23858098685741425,0.13402730226516724,,,
65,2,2,,,,,,,,0.7487289309501648,0.3730604350566864,0.546903669834137,,,
66,1,1,,,,,,,,0.20716188848018646,0.18261271715164185,0.14254404604434967,,,
67,2,2,,,,,,,,0.32866090536117554,0.2579466998577118,0.28815674781799316,,,
68,3,3,3,0.5223880597014925,0.7142857142857143,0.1270718232044199,0.8726782202720642,0.9440693855285645,0.34822940826416016,0.16138480603694916,0.17317230999469757,0.25070449709892273,0.10777934640645981,0.1661786288022995,0.17504042387008667
69,7,7,,,,,,,,0.0744069367647171,0.10734295099973679,0.06479158997535706,,,
70,2,2,0,0.5813953488372093,0.5111111111111111,0.6062992125984252,0.9476830959320068,0.7652745246887207,0.5607417821884155,0.16208194196224213,0.11040373146533966,0.45505085587501526,0.01962304674088955,0.2644539773464203,0.0844462662935257
71,6,6,6,0.6451612903225806,0.6190476190476191,0.6451612903225806,0.9757243394851685,0.8490307331085205,0.8238788843154907,0.09480037540197372,0.20201340317726135,0.04448513686656952,0.0554237887263298,0.3237804174423218,0.04026985168457031
72,8,8,8,0.48905109489051096,0.3877551020408163,0.6721311475409836,0.9306240677833557,0.8594579696655273,0.5521716475486755,0.6034169793128967,0.10862824320793152,0.1305811107158661,0.5819988250732422,0.08639094978570938,0.05371285602450371
73,8,8,,,,,,,,0.36998483538627625,0.1604597121477127,0.1507742702960968,,,
74,0,0,,,,,,,,0.3985710144042969,0.6065114736557007,0.5392600297927856,,,
75,2,2,,,,,,,,0.4454774260520935,0.4724493622779846,0.6187645196914673,,,
76,9,9,,,,,,,,0.2052335888147354,0.16329073905944824,0.12406441569328308,,,
77,3,3,,,,,,,,0.2755553722381592,0.29930219054222107,0.35796302556991577,,,
78,3,5,,,,,,,,0.08809677511453629,0.04384054243564606,0.07727047801017761,,,
79,8,8,,,,,,,,0.2999173700809479,0.2035634070634842,0.17802873253822327,,,
80,8,8,,,,,,,,0.7553710341453552,0.2969987392425537,0.4388578236103058,,,
81,1,1,,,,,,,,0.11277029663324356,0.20385658740997314,0.38251015543937683,,,
82,1,1,,,,,,,,0.1343756467103958,0.29392555356025696,0.134292334318161,,,
83,7,7,,,,,,,,0.25155237317085266,0.10469206422567368,0.4595594108104706,,,
84,2,2,5,0.3783783783783784,0.3783783783783784,0.2670807453416149,0.68421471118927,0.8179632425308228,0.4515090584754944,0.289030522108078,0.11017315089702606,0.21630211174488068,0.1568455696105957,0.13884574174880981,0.0900099128484726
85,5,5,,,,,,,,0.060038622468709946,0.0522647388279438,0.09781484305858612,,,
86,2,2,,,,,,,,0.4828418791294098,0.19374890625476837,0.3640490472316742,,,
87,7,3,,,,,,,,0.10732459276914597,0.15692494809627533,0.12033279240131378,,,
88,8,8,,,,,,,,0.4043201506137848,0.09185317158699036,0.19478341937065125,,,
89,9,9,,,,,,,,0.15838401019573212,0.2412831038236618,0.16192863881587982,,,
90,0,0,,,,,,,,0.3059294819831848,0.7137773633003235,0.9288288950920105,,,
91,3,3,,,,,,,,0.21309533715248108,0.28155893087387085,0.23736929893493652,,,
92,8,8,,,,,,,,0.5730233192443848,0.32176217436790466,0.1730581820011139,,,
93,6,6,,,,,,,,0.3297315537929535,0.5847789645195007,0.3203277885913849,,,
94,4,4,,,,,,,,0.2593388855457306,0.20156151056289673,0.2869241535663605,,,
95,6,6,3,0.44680851063829785,0.6451612903225806,0.3333333333333333,0.9132542014122009,0.9193960428237915,0.7560537457466125,0.14156591892242432,0.579099178314209,0.16685615479946136,0.08011674880981445,0.5496288537979126,0.15053190290927887
96,6,6,,,,,,,,0.28605160117149353,0.48733633756637573,0.07905294001102448,,,
97,0,0,0,0.5223880597014925,0.44680851063829785,0.1724137931034483,0.975325882434845,0.8151627779006958,0.2677784562110901,0.1439712792634964,0.12141132354736328,0.3496643304824829,0.13284800946712494,0.21071593463420868,0.2899753153324127
98,0,0,,,,,,,,0.4767027795314789,0.6122825145721436,0.8288382887840271,,,
99,7,7,,,,,,,,0.17806851863861084,0.07953044027090073,0.15852196514606476,,,
100,4,4,,,,,,,,0.21082289516925812,0.1588553935289383,0.18864573538303375,,,
101,5,5,,,,,,,,0.07744261622428894,0.03514301776885986,0.09351968765258789,,,
102,6,6,,,,,,,,0.2191578447818756,0.2535514831542969,0.17190304398536682,,,
103,3,3,,,,,,,,0.32616761326789856,0.4347095787525177,0.3100111186504364,,,
104,1,1,,,,,,,,0.23514266312122345,0.08915998041629791,0.29071125388145447,,,
105,1,1,,,,,,,,0.3231945335865021,0.5390764474868774,0.1910126507282257,,,
106,3,3,,,,,,,,0.062319204211235046,0.2520102262496948,0.02983303926885128,,,
107,6,6,,,,,,,,0.4159107208251953,0.6450346112251282,0.2977938950061798,,,
108,8,8,,,,,,,,0.4406174421310425,0.38818085193634033,0.22582662105560303,,,
109,7,7,,,,,,,,0.16230419278144836,0.04152875393629074,0.2267087996006012,,,
110,4,4,,,,,,,,0.2556346356868744,0.33572202920913696,0.1834515780210495,,,
111,0,0,,,,,,,,0.701181948184967,0.6453539133071899,0.6429579257965088,,,
112,6,6,,,,,,,,0.14357922971248627,0.31114643812179565,0.3028718829154968,,,
113,2,2,,,,,,,,0.5430223941802979,0.2661389708518982,0.43752989172935486,,,
114,1,1,,,,,,,,0.2843345105648041,0.07343944907188416,0.2031736969947815,,,
115,3,3,,,,,,,,0.22852203249931335,0.5224248766899109,0.1640729010105133,,,
116,0,0,,,,,,,,0.3626066744327545,0.6540724635124207,0.5780344605445862,,,
117,4,4,,,,,,,,0.1818767935037613,0.24540065228939056,0.08557872474193573,,,
118,2,6,,,,,,,,0.036040980368852615,0.38126638531684875,0.07396329194307327,,,
119,7,7,,,,,,,,0.22814704477787018,0.08840418606996536,0.29947319626808167,,,
120,8,8,,,,,,,,0.7984707355499268,0.10739856213331223,0.2400152087211609,,,
121,3,3,,,,,,,,0.49498051404953003,0.37787729501724243,0.2896961271762848,,,
122,1,1,,,,,,,,0.41509971022605896,0.10674425959587097,0.3761838674545288,,,
123,2,2,,,,,,,,0.6941576600074768,0.30963432788848877,0.34116092324256897,,,
124,8,8,0,0.18604651162790697,0.3161290322580645,0.1270718232044199,0.21376711130142212,0.8066943883895874,0.17945411801338196,0.47562140226364136,0.0354037769138813,0.031380947679281235,0.0028551446739584208,0.05715080723166466,0.0028025368228554726
125,0,2,,,,,,,,0.17677508294582367,0.21524563431739807,0.12326915562152863,,,
126,8,8,,,,,,,,0.8053894639015198,0.1166902482509613,0.3028154671192169,,,
127,3,3,,,,,,,,0.3439812958240509,0.26884928345680237,0.4353680908679962,,,
128,5,3,,,,,,,,0.11491013318300247,0.4070696532726288,0.11164272576570511,,,
129,2,2,,,,,,,,0.5036118030548096,0.30409955978393555,0.40204918384552,,,
130,4,4,,,,,,,,0.10460279136896133,0.17868418991565704,0.20289750397205353,,,
131,1,1,,,,,,,,0.3362084925174713,0.45586034655570984,0.33115363121032715,,,
132,8,8,,,,,,,,0.3309081494808197,0.11906430125236511,0.26180416345596313,,,
133,9,9,,,,,,,,0.6478840708732605,0.28436896204948425,0.18268102407455444,,,
134,1,1,,,,,,,,0.10076446831226349,0.2935841679573059,0.11076442152261734,,,
135,2,2,,,,,,,,0.700892448425293,0.16453567147254944,0.6388124227523804,,,
136,9,9,,,,,,,,0.3849276900291443,0.179130420088768,0.37179288268089294,,,
137,7,7,,,,,,,,0.1740403026342392,0.31002193689346313,0.21523670852184296,,,
138,2,2,,,,,,,,0.7560847997665405,0.10522163659334183,0.6789307594299316,,,
139,9,9,,,,,,,,0.03576856851577759,0.030507072806358337,0.03704562783241272,,,
140,6,6,,,,,,,,0.3098521828651428,0.39109012484550476,0.09155252575874329,,,
141,5,5,,,,,,,,0.377572238445282,0.06097908318042755,0.260455459356308,,,
142,6,6,,,,,,,,0.28011879324913025,0.3932514190673828,0.19149751961231232,,,
143,3,3,5,0.8545454545454545,0.7142857142857143,0.36,0.9898676872253418,0.9470324516296387,0.44030559062957764,0.04999622330069542,0.18829667568206787,0.1782073825597763,0.06470471620559692,0.2166317105293274,0.04633735492825508
144,8,8,,,,,,,,0.7580513954162598,0.18548452854156494,0.16528430581092834,,,
145,7,7,7,0.8715596330275229,0.632,0.2670807453416149,0.9443691968917847,0.924882709980011,0.6669977903366089,0.10462155938148499,0.053275249898433685,0.0729174017906189,0.04440521448850632,0.030876655131578445,0.03550274297595024
146,6,6,,,,,,,,0.11729273200035095,0.625836968421936,0.27704036235809326,,,
147,2,5,,,,,,,,0.2336014211177826,0.042690765112638474,0.10997680574655533,,,
148,5,5,,,,,,,,0.08040473610162735,0.06835882365703583,0.03352844715118408,,,
149,2,2,,,,,,,,0.8436752557754517,0.2532815635204315,0.4657367169857025,,,
150,8,8,,,,,,,,0.3432217836380005,0.09028025716543198,0.2577965259552002,,,
151,9,9,,,,,,,,0.056338466703891754,0.10732696205377579,0.0839962363243103,,,
152,6,6,,,,,,,,0.07882235944271088,0.34122538566589355,0.1587408035993576,,,
153,0,0,,,,,,,,0.6365433931350708,0.3471035957336426,0.8535481691360474,,,
154,0,0,,,,,,,,0.44952380657196045,0.5433416366577148,0.7850370407104492,,,
155,5,5,,,,,,,,0.27548444271087646,0.031911902129650116,0.07339071482419968,,,
156,2,2,,,,,,,,0.46512266993522644,0.23480340838432312,0.26469287276268005,,,
157,9,9,,,,,,,,0.25926148891448975,0.09375079721212387,0.2933032810688019,,,
158,5,3,,,,,,,,0.4796493351459503,0.5441868305206299,0.05864701047539711,,,
159,4,4,,,,,,,,0.16608497500419617,0.31401604413986206,0.13363884389400482,,,
160,2,2,,,,,,,,0.6372320055961609,0.09252400696277618,0.16860778629779816,,,
161,1,1,,,,,,,,0.16759806871414185,0.33179137110710144,0.11053575575351715,,,
162,6,6,,,,,,,,0.19775284826755524,0.45186734199523926,0.03564728423953056,,,
163,6,6,,,,,,,,0.38837605714797974,0.6192014217376709,0.34192708134651184,,,
164,8,8,0,0.4782608695652174,0.44680851063829785,0.3783783783783784,0.9083280563354492,0.8324681520462036,0.6136740446090698,0.03961858153343201,0.04732462018728256,0.017677156254649162,0.05053271725773811,0.15566731989383698,0.00725709879770875
165,4,4,2,0.7586206896551724,0.5338345864661654,0.275,0.906219482421875,0.8947063088417053,0.690193235874176,0.3426879048347473,0.08419561386108398,0.0434529110789299,0.27450406551361084,0.117017962038517,0.012738073244690895
166,8,8,,,,,,,,0.5376206636428833,0.04348485916852951,0.08317819982767105,,,
167,4,4,,,,,,,,0.2044381946325302,0.16466321051120758,0.21128782629966736,,,
168,5,5,,,,,,,,0.1122516542673111,0.1408718377351761,0.15342147648334503,,,
169,0,8,,,,,,,,0.17154456675052643,0.04063550382852554,0.029820434749126434,,,
170,9,9,,,,,,,,0.23449677228927612,0.1738814264535904,0.22846926748752594,,,
171,9,0,,,,,,,,0.741814911365509,0.2686106860637665,0.5678752660751343,,,
172,9,9,,,,,,,,0.3547018766403198,0.07557894289493561,0.22374935448169708,,,
173,8,8,,,,,,,,0.24183319509029388,0.24037688970565796,0.041843462735414505,,,
174,9,9,,,,,,,,0.5164191126823425,0.12813913822174072,0.12579037249088287,,,
175,9,9,,,,,,,,0.1031905934214592,0.24896599352359772,0.12650617957115173,,,
176,3,3,3,0.9428571428571428,0.5338345864661654,0.1590909090909091,0.9671945571899414,0.8382573127746582,0.1451350450515747,0.15837763249874115,0.500735342502594,0.38609379529953003,0.1451941430568695,0.35244953632354736,0.1916777640581131
177,7,7,,,,,,,,0.36420005559921265,0.25589171051979065,0.24224765598773956,,,
178,5,2,,,,,,,,0.20766253769397736,0.05615711957216263,0.1260424107313156,,,
179,0,0,,,,,,,,0.42031535506248474,0.4362580478191376,0.9728952646255493,,,
180,0,0,,,,,,,,0.2972468435764313,0.6544195413589478,0.8213693499565125,,,
181,5,5,,,,,,,,0.1758594810962677,0.0783160850405693,0.11161639541387558,,,
182,2,2,,,,,,,,0.7539483308792114,0.6078755259513855,0.6335501074790955,,,
183,2,3,,,,,,,,0.2741851210594177,0.2502959072589874,0.03390411287546158,,,
184,3,3,,,,,,,,0.0803508535027504,0.18709677457809448,0.1141015812754631,,,
185,8,8,,,,,,,,0.7398273944854736,0.4903114438056946,0.3065958023071289,,,
186,6,6,,,,,,,,0.03942398354411125,0.5972201824188232,0.09315327554941177,,,
187,3,3,,,,,,,,0.11487466096878052,0.279181569814682,0.2701799273490906,,,
188,4,2,,,,,,,,0.6258354187011719,0.10356523096561432,0.3372315466403961,,,
189,0,0,,,,,,,,0.22124740481376648,0.2607725262641907,0.5739951133728027,,,
190,5,5,,,,,,,,0.22010502219200134,0.07284840941429138,0.08628515154123306,,,
191,8,8,,,,,,,,0.4179309606552124,0.14816489815711975,0.47508504986763,,,
192,0,0,,,,,,,,0.11944243311882019,0.4406556487083435,0.5132386088371277,,,
193,1,1,,,,,,,,0.09966333210468292,0.029301514849066734,0.1184273436665535,,,
194,7,7,,,,,,,,0.07741111516952515,0.0796031728386879,0.1260772943496704,,,
195,2,2,,,,,,,,0.17691482603549957,0.1263117492198944,0.13568298518657684,,,
196,8,8,,,,,,,,0.6661245822906494,0.15676680207252502,0.21033498644828796,,,
197,8,8,,,,,,,,0.6003304719924927,0.05410102754831314,0.10386595129966736,,,
198,7,7,,,,,,,,0.06642483919858932,0.027896994724869728,0.3420449495315552,,,
199,8,8,,,,,,,,0.335887610912323,0.16415683925151825,0.317973256111145,,,
200,5,5,,,,,,,,0.32247239351272583,0.1488141119480133,0.3116506338119507,,,
201,1,1,9,0.8214285714285714,0.7288135593220338,0.8053097345132744,0.9874759912490845,0.9561396837234497,0.6524222493171692,0.04477029666304588,0.1448400765657425,0.021909819915890694,0.052478641271591187,0.11346497386693954,0.012455933727324009
202,8,8,,,,,,,,0.3609480857849121,0.5669787526130676,0.15119683742523193,,,
203,7,7,,,,,,,,0.2728560268878937,0.0790831595659256,0.1771925836801529,,,
204,1,1,,,,,,,,0.6179932355880737,0.22159099578857422,0.4110490083694458,,,
205,3,3,,,,,,,,0.24955981969833374,0.6911605596542358,0.41532212495803833,,,
206,0,0,,,,,,,,0.54986971616745,0.48400479555130005,0.7727481722831726,,,
207,5,5,,,,,,,,0.21071381866931915,0.21486124396324158,0.0938456803560257,,,
208,7,7,,,,,,,,0.4604049026966095,0.24478548765182495,0.6248914003372192,,,
209,9,9,,,,,,,,0.29912617802619934,0.14337284862995148,0.1760408580303192,,,
210,7,7,,,,,,,,0.09676360338926315,0.03114072047173977,0.12860624492168427,,,
211,4,4,,,,,,,,0.025707969442009926,0.042551036924123764,0.07436518371105194,,,
212,5,5,,,,,,,,0.1361948549747467,0.076436847448349,0.17318423092365265,,,
213,9,8,,,,,,,,0.11639375239610672,0.0806293934583664,0.05229603871703148,,,
214,8,8,,,,,,,,0.6657735705375671,0.04007626697421074,0.04007416591048241,,,
215,0,0,,,,,,,,0.20946501195430756,0.44797611236572266,0.6727995276451111,,,
216,7,7,,,,,,,,0.2271105945110321,0.22872526943683624,0.17249800264835358,,,
217,9,9,,,,,,,,0.21076054871082306,0.19417543709278107,0.11579291522502899,,,
218,8,8,8,0.7435897435897436,0.48905109489051096,0.44680851063829785,0.9712315797805786,0.856342077255249,0.5279113054275513,0.10063501447439194,0.07144729793071747,0.0840965211391449,0.11509622633457184,0.03764324635267258,0.08458346873521805
219,2,2,,,,,,,,0.7038382291793823,0.2513510286808014,0.28023025393486023,,,
220,7,7,,,,,,,,0.16638056933879852,0.15159949660301208,0.23678244650363922,,,
221,6,6,5,0.5648854961832062,0.5111111111111111,0.43661971830985913,0.9142648577690125,0.8728355765342712,0.5223296284675598,0.050363022834062576,0.5013894438743591,0.07297316193580627,0.039123062044382095,0.540560781955719,0.010167988948523998
222,9,9,,,,,,,,0.3034546673297882,0.16113710403442383,0.425500750541687,,,
223,4,4,5,0.19298245614035087,0.45714285714285713,0.2911392405063291,0.6167031526565552,0.8610934019088745,0.34201866388320923,0.06937768310308456,0.18764883279800415,0.09203440696001053,0.003771020332351327,0.07464645802974701,0.04003914073109627
224,3,3,,,,,,,,0.34263646602630615,0.1671736091375351,0.0713646411895752,,,
225,9,9,,,,,,,,0.24444159865379333,0.2860430181026459,0.1022811233997345,,,
226,6,3,,,,,,,,0.0662175789475441,0.3323017954826355,0.13831272721290588,,,
227,4,4,,,,,,,,0.1787421852350235,0.4773796498775482,0.1787615716457367,,,
228,7,5,,,,,,,,0.08359793573617935,0.05622648447751999,0.10370899736881256,,,
229,6,6,2,0.632,0.5,0.3877551020408163,0.8202309608459473,0.8785779476165771,0.7082383632659912,0.032995063811540604,0.2952171564102173,0.04697220027446747,0.029596300795674324,0.4555457830429077,0.03426621854305267
230,5,5,,,,,,,,0.3222563564777374,0.12683331966400146,0.12240125983953476,,,
231,1,1,,,,,,,,0.6495738625526428,0.406342476606369,0.6514801979064941,,,
232,5,3,,,,,,,,0.17790035903453827,0.18163743615150452,0.23391465842723846,,,
233,8,8,8,0.6062992125984252,0.6721311475409836,0.2289156626506024,0.8696416020393372,0.8619046211242676,0.5499625205993652,0.4054279923439026,0.08581291884183884,0.23445579409599304,0.3563539385795593,0.0554957315325737,0.11228922009468079
234,8,8,,,,,,,,0.7798244953155518,0.04111766442656517,0.1644650101661682,,,
235,0,0,,,,,,,,0.8476729989051819,0.7249627709388733,0.9628990292549133,,,
236,4,4,,,,,,,,0.08487094193696976,0.17433060705661774,0.05877627432346344,,,
237,0,0,,,,,,,,0.42257747054100037,0.6893425583839417,0.8946729898452759,,,
238,5,5,,,,,,,,0.25293058156967163,0.05462420731782913,0.17236283421516418,,,
239,5,5,,,,,,,,0.20188939571380615,0.029052261263132095,0.40500858426094055,,,
240,1,1,,,,,,,,0.4890417158603668,0.3286059498786926,0.2729909121990204,,,
241,1,1,,,,,,,,0.39172598719596863,0.057529669255018234,0.26402679085731506,,,
242,8,8,,,,,,,,0.20006372034549713,0.045986391603946686,0.02877410128712654,,,
243,9,9,,,,,,,,0.18867412209510803,0.23800845444202423,0.3640148341655731,,,
244,0,0,,,,,,,,0.7848703861236572,0.7249345779418945,0.9118228554725647,,,
245,3,3,,,,,,,,0.14007999002933502,0.18456363677978516,0.14059606194496155,,,
246,1,1,,,,,,,,0.13112151622772217,0.14606577157974243,0.1309724748134613,,,
247,9,8,,,,,,,,0.392422080039978,0.062084317207336426,0.17590665817260742,,,
248,2,2,,,,,,,,0.3728458285331726,0.24371325969696045,0.19817578792572021,,,
249,2,2,0,0.3076923076923077,0.48905109489051096,0.3509933774834437,0.9527251720428467,0.8496612906455994,0.6729090809822083,0.2810293138027191,0.1517404317855835,0.12823514640331268,0.28197920322418213,0.1421787440776825,0.03752022609114647
250,5,5,,,,,,,,0.20042634010314941,0.08046483248472214,0.19234296679496765,,,
251,3,3,,,,,,,,0.12300021946430206,0.32888829708099365,0.26658719778060913,,,
252,9,9,,,,,,,,0.31325146555900574,0.22349494695663452,0.18088304996490479,,,
253,9,9,,,,,,,,0.14565321803092957,0.3902771770954132,0.21574246883392334,,,
254,4,4,,,,,,,,0.1126817986369133,0.2215452790260315,0.09297094494104385,,,
255,0,0,,,,,,,,0.2878667414188385,0.5631704330444336,0.9437888264656067,,,
256,3,3,,,,,,,,0.21738070249557495,0.3592406213283539,0.2782485783100128,,,
257,0,0,,,,,,,,0.4088752567768097,0.597150444984436,0.8080536127090454,,,
258,0,0,,,,,,,,0.2727276086807251,0.5815684199333191,0.9626709222793579,,,
259,9,9,,,,,,,,0.17752787470817566,0.31112632155418396,0.16486802697181702,,,
260,8,8,,,,,,,,0.5076916217803955,0.13562139868736267,0.27837857604026794,,,
261,1,1,,,,,,,,0.27165645360946655,0.2729901969432831,0.24641947448253632,,,
262,5,5,5,0.6585365853658537,0.4782608695652174,0.5813953488372093,0.9560533761978149,0.9352561235427856,0.5653676986694336,0.08511126786470413,0.14408473670482635,0.05149631202220917,0.03076641820371151,0.13960382342338562,0.02594560943543911
263,7,7,3,0.48905109489051096,0.4068965517241379,0.2670807453416149,0.7903637886047363,0.8875573873519897,0.5006986856460571,0.16137155890464783,0.02721095085144043,0.07576097548007965,0.1345636397600174,0.004815286956727505,0.0399666428565979
264,0,0,,,,,,,,0.7301973104476929,0.5888861417770386,0.7263646125793457,,,
265,8,8,,,,,,,,0.6291460990905762,0.05294623598456383,0.18423467874526978,,,
266,2,2,2,0.5111111111111111,0.6062992125984252,0.43661971830985913,0.906434953212738,0.8808797001838684,0.6992999315261841,0.30690789222717285,0.07413922995328903,0.41253796219825745,0.391543447971344,0.07432965934276581,0.15716364979743958
267,4,4,,,,,,,,0.1686142534017563,0.27039480209350586,0.3199511468410492,,,
268,7,7,,,,,,,,0.3894849121570587,0.2666218876838684,0.2538081407546997,,,
269,0,3,,,,,,,,0.12537781894207,0.15786394476890564,0.08666402101516724,,,
270,2,2,,,,,,,,0.2619146704673767,0.24150815606117249,0.2593768239021301,,,
271,3,5,,,,,,,,0.10323728621006012,0.07241900265216827,0.032078832387924194,,,
272,6,6,,,,,,,,0.2993111312389374,0.7707624435424805,0.161733478307724,,,
273,3,3,,,,,,,,0.20770086348056793,0.22527781128883362,0.2669347822666168,,,
274,8,8,,,,,,,,0.5860803127288818,0.03405150771141052,0.07591238617897034,,,
275,5,3,,,,,,,,0.11552628874778748,0.18709495663642883,0.04997752234339714,,,
276,0,0,,,,,,,,0.6815963983535767,0.6079798936843872,0.8460614085197449,,,
277,3,5,,,,,,,,0.09140297770500183,0.04947732016444206,0.05793638899922371,,,
278,4,4,,,,,,,,0.43792402744293213,0.21124009788036346,0.39152225852012634,,,
279,3,3,,,,,,,,0.07920185476541519,0.2333279699087143,0.10846934467554092,,,
280,9,9,,,,,,,,0.1358359158039093,0.1779833734035492,0.1285497546195984,,,
281,0,0,,,,,,,,0.293923020362854,0.8158715963363647,0.9320365786552429,,,
282,6,6,,,,,,,,0.12562541663646698,0.5992462635040283,0.06459285318851471,,,
283,1,1,,,,,,,,0.40194427967071533,0.20292291045188904,0.2587798237800598,,,
284,0,0,,,,,,,,0.17515477538108826,0.41284361481666565,0.706244945526123,,,
285,9,9,,,,,,,,0.3197392523288727,0.14883433282375336,0.11789064854383469,,,
286,1,1,,,,,,,,0.27660003304481506,0.3281842768192291,0.22362585365772247,,,
287,0,8,,,,,,,,0.4762188196182251,0.24864012002944946,0.049454301595687866,,,
288,7,7,,,,,,,,0.31920376420021057,0.23508557677268982,0.19948342442512512,,,
289,9,9,,,,,,,,0.35107406973838806,0.10289762169122696,0.1799212396144867,,,
290,1,1,,,,,,,,0.43505820631980896,0.08827373385429382,0.3061041235923767,,,
291,2,2,,,,,,,,0.32956868410110474,0.39809665083885193,0.8011494874954224,,,
292,6,6,,,,,,,,0.36962270736694336,0.5801163911819458,0.1861468255519867,,,
293,9,9,9,0.9615384615384616,0.7435897435897436,0.36,0.9922487139701843,0.9399359226226807,0.6863709688186646,0.03245887532830238,0.051417384296655655,0.026415053755044937,0.026214931160211563,0.051912471652030945,0.016180770471692085
294,3,3,,,,,,,,0.2590450644493103,0.45681968331336975,0.46087804436683655,,,
295,4,4,2,0.5572519083969466,0.632,0.42657342657342656,0.8523790836334229,0.8461251258850098,0.5045504570007324,0.18546663224697113,0.5971989631652832,0.056324005126953125,0.19050326943397522,0.6047344207763672,0.0018048722995445132
296,6,6,,,,,,,,0.4242861866950989,0.6234235763549805,0.21684923768043518,,,
297,0,0,,,,,,,,0.36692407727241516,0.21332843601703644,0.5172286629676819,,,
298,0,0,,,,,,,,0.2597321569919586,0.385518342256546,0.62394779920578,,,
299,6,6,,,,,,,,0.15833780169487,0.7372398376464844,0.11428090929985046,,,
300,6,6,,,,,,,,0.23863892257213593,0.39012208580970764,0.13756462931632996,,,
301,6,6,,,,,,,,0.3103271424770355,0.6133553385734558,0.20070654153823853,,,
302,3,3,5,0.13966480446927373,0.5692307692307692,0.3783783783783784,0.5675343871116638,0.8996683359146118,0.5694897174835205,0.0927915945649147,0.28142663836479187,0.0691102147102356,0.16095691919326782,0.1333736926317215,0.032531823962926865
303,2,2,,,,,,,,0.4953267574310303,0.05704466253519058,0.19212815165519714,,,
304,6,6,6,0.8053097345132744,0.7586206896551724,0.5692307692307692,0.9584786295890808,0.9362233877182007,0.5280801057815552,0.19179125130176544,0.24620109796524048,0.10635869950056076,0.09750090539455414,0.3081880807876587,0.08667589724063873
305,1,1,1,0.7894736842105263,0.5111111111111111,0.5692307692307692,0.9835617542266846,0.8911799192428589,0.5985722541809082,0.1039666160941124,0.16475079953670502,0.09549584984779358,0.04231959208846092,0.06967068463563919,0.04979152977466583
306,8,8,,,,,,,,0.2540508508682251,0.04663971811532974,0.09984332323074341,,,
307,2,2,,,,,,,,0.3703894019126892,0.11570605635643005,0.38254618644714355,,,
308,1,1,,,,,,,,0.6083628535270691,0.47971081733703613,0.16610945761203766,,,
309,6,6,2,0.14606741573033707,0.4166666666666667,0.7288135593220338,0.7659982442855835,0.7954574823379517,0.6014417409896851,0.19316819310188293,0.631711483001709,0.24582423269748688,0.045263901352882385,0.5739531517028809,0.07643717527389526
310,8,8,0,0.3945578231292517,0.42657342657342656,0.15254237288135594,0.5834606885910034,0.8462409377098083,0.4659326374530792,0.13974641263484955,0.285255491733551,0.029410455375909805,0.007250077091157436,0.19073154032230377,0.0031747769098728895
311,6,6,,,,,,,,0.28384602069854736,0.4392261207103729,0.13473595678806305,,,
312,8,8,0,0.5223880597014925,0.3972602739726027,0.5111111111111111,0.9752413630485535,0.8461599349975586,0.4391529858112335,0.11040252447128296,0.03095964901149273,0.09076731652021408,0.061826568096876144,0.1056055799126625,0.012276547029614449
313,0,2,,,,,,,,0.4386838972568512,0.07492490857839584,0.10170336812734604,,,
314,4,4,,,,,,,,0.2094230353832245,0.19138197600841522,0.16089725494384766,,,
315,0,0,,,,,,,,0.86979740858078,0.2752889394760132,0.692905843257904,,,
316,7,7,4,0.8715596330275229,0.6451612903225806,0.44680851063829785,0.9923245906829834,0.9298548698425293,0.6733554601669312,0.019484052434563637,0.02317509427666664,0.022503310814499855,0.009835902601480484,0.009663990698754787,0.012212458997964859
317,7,7,,,,,,,,0.20326058566570282,0.03008769080042839,0.08649150282144547,,,
318,5,5,,,,,,,,0.16210930049419403,0.13545449078083038,0.1173432469367981,,,
319,5,5,,,,,,,,0.5219429135322571,0.19998040795326233,0.14604854583740234,,,
320,3,3,,,,,,,,0.4566948711872101,0.33887141942977905,0.3048878312110901,,,
321,5,5,,,,,,,,0.2918092906475067,0.02970700152218342,0.18343965709209442,,,
322,2,2,,,,,,,,0.8077213764190674,0.09708165377378464,0.5686244368553162,,,
323,3,3,3,0.34210526315789475,0.45714285714285713,0.20710059171597633,0.9272227883338928,0.7715672254562378,0.5225358009338379,0.28949323296546936,0.16769862174987793,0.17679835855960846,0.09719619899988174,0.3213919997215271,0.23073509335517883
324,4,5,,,,,,,,0.15365202724933624,0.02663457952439785,0.11179713159799576,,,
325,1,1,,,,,,,,0.1377273052930832,0.09633605927228928,0.08631786704063416,,,
326,7,7,,,,,,,,0.299976646900177,0.10110144317150116,0.1196713000535965,,,
327,5,5,,,,,,,,0.5700167417526245,0.15346910059452057,0.3244980573654175,,,
328,4,4,,,,,,,,0.0782584473490715,0.21085745096206665,0.07562471181154251,,,
329,6,6,,,,,,,,0.22559072077274323,0.7822097539901733,0.11921966075897217,,,
330,1,1,,,,,,,,0.35030630230903625,0.17469266057014465,0.2585683763027191,,,
331,9,9,,,,,,,,0.25515076518058777,0.1395135521888733,0.07526429742574692,,,
332,3,2,,,,,,,,0.11403662711381912,0.03840760141611099,0.175803080201149,,,
333,6,6,,,,,,,,0.3013821542263031,0.43003201484680176,0.19907812774181366,,,
334,6,6,,,,,,,,0.17184294760227203,0.7287217974662781,0.22211109101772308,,,
335,9,9,,,,,,,,0.3810039460659027,0.2646678388118744,0.25323668122291565,,,
336,3,3,,,,,,,,0.3889752924442291,0.21937969326972961,0.3644256591796875,,,
337,8,8,,,,,,,,0.49560773372650146,0.2511679530143738,0.4337449073791504,,,
338,0,0,,,,,,,,0.31887754797935486,0.6891643404960632,0.3989410400390625,,,
339,7,7,,,,,,,,0.29719600081443787,0.1687844842672348,0.07361627370119095,,,
340,2,2,,,,,,,,0.5448020696640015,0.4354887008666992,0.09961029887199402,,,
341,6,6,6,0.4676258992805755,0.5813953488372093,0.7739130434782608,0.9633668065071106,0.9098680019378662,0.6241101026535034,0.04724608361721039,0.36777982115745544,0.04919276759028435,0.09049559384584427,0.33817917108535767,0.03542475029826164
342,2,2,0,0.29936305732484075,0.3783783783783784,0.2289156626506024,0.8606523871421814,0.8079792261123657,0.4650212228298187,0.40673717856407166,0.07667834311723709,0.6855498552322388,0.259806364774704,0.018560977652668953,0.06271883100271225
343,5,5,,,,,,,,0.051840174943208694,0.0707530826330185,0.13498851656913757,,,
344,8,8,,,,,,,,0.21614030003547668,0.13788987696170807,0.16603747010231018,,,
345,5,5,3,0.6062992125984252,0.6062992125984252,0.19298245614035087,0.9481744170188904,0.9055386781692505,0.5631542205810547,0.2129700928926468,0.053992386907339096,0.14263136684894562,0.13255435228347778,0.028864825144410133,0.0017472978215664625
346,4,4,4,0.5813953488372093,0.34210526315789475,0.36,0.9827731251716614,0.7917624711990356,0.5382363796234131,0.10717015713453293,0.07959750294685364,0.1849919706583023,0.12488146126270294,0.1712920069694519,0.11566013842821121
347,6,6,,,,,,,,0.2508416175842285,0.7625441551208496,0.15636399388313293,,,
348,8,8,,,,,,,,0.31231075525283813,0.3440212607383728,0.3075697720050812,,,
349,9,9,,,,,,,,0.21662889420986176,0.3128989040851593,0.30421483516693115,,,
350,9,9,,,,,,,,0.3301401138305664,0.2176831066608429,0.2812901735305786,,,
351,1,1,,,,,,,,0.41477566957473755,0.2989434003829956,0.3899552524089813,,,
352,0,0,,,,,,,,0.34054067730903625,0.70084547996521,0.6219104528427124,,,
353,2,2,,,,,,,,0.5334736704826355,0.054631028324365616,0.4296610653400421,,,
354,2,2,,,,,,,,0.46418702602386475,0.11867155879735947,0.3890044391155243,,,
355,7,4,,,,,,,,0.1337016522884369,0.16877856850624084,0.08594542741775513,,,
356,3,3,4,0.0,0.5111111111111111,0.11475409836065574,0.564761757850647,0.8129024505615234,0.3755342364311218,0.15187843143939972,0.09405968338251114,0.029681945219635963,0.34219712018966675,0.09191273897886276,0.020211486145853996
357,2,2,3,0.48905109489051096,0.34210526315789475,0.5454545454545454,0.28814077377319336,0.8075856566429138,0.6227468252182007,0.4657072126865387,0.09220026433467865,0.5261382460594177,0.33825263381004333,0.13828736543655396,0.22804804146289825
358,8,8,,,,,,,,0.19561707973480225,0.032131824642419815,0.08288312703371048,,,
359,0,0,,,,,,,,0.34843385219573975,0.4028579294681549,0.8868796825408936,,,
360,9,9,,,,,,,,0.2753165066242218,0.30315276980400085,0.3646695911884308,,,
361,5,5,,,,,,,,0.4349110722541809,0.06694946438074112,0.06283775717020035,,,
362,8,8,,,,,,,,0.5284024477005005,0.18265153467655182,0.1910332888364792,,,
363,1,1,,,,,,,,0.22334010899066925,0.18009185791015625,0.1269110143184662,,,
364,9,9,,,,,,,,0.148675337433815,0.254118412733078,0.20224805176258087,,,
365,4,4,,,,,,,,0.12072495371103287,0.23518966138362885,0.16964800655841827,,,
366,1,1,,,,,,,,0.39452630281448364,0.17728844285011292,0.3239539861679077,,,
367,3,3,,,,,,,,0.17198266088962555,0.31327277421951294,0.11175950616598129,,,
368,8,8,,,,,,,,0.18385136127471924,0.32748255133628845,0.1135023981332779,,,
369,1,1,,,,,,,,0.5229419469833374,0.18985441327095032,0.17944909632205963,,,
370,4,2,,,,,,,,0.266639769077301,0.26667946577072144,0.3042755722999573,,,
371,7,7,,,,,,,,0.2804211378097534,0.3238086700439453,0.4212983250617981,,,
372,9,9,,,,,,,,0.0872541293501854,0.16944719851016998,0.24150621891021729,,,
373,4,4,,,,,,,,0.09629745036363602,0.239512100815773,0.04596291854977608,,,
374,2,2,,,,,,,,0.6560123562812805,0.4737227261066437,0.37148791551589966,,,
375,7,7,,,,,,,,0.09140644967556,0.10323084145784378,0.19601322710514069,,,
376,0,0,0,0.5338345864661654,0.5223880597014925,0.3076923076923077,0.9387932419776917,0.8495604991912842,0.6936050057411194,0.5487731695175171,0.5948344469070435,0.8231571316719055,0.5708261728286743,0.7063066959381104,0.9652546048164368
377,7,7,,,,,,,,0.1447436511516571,0.07539186626672745,0.12396625429391861,,,
378,0,8,,,,,,,,0.48860421776771545,0.08784874528646469,0.39161765575408936,,,
379,6,6,,,,,,,,0.5378223657608032,0.5251501798629761,0.18898481130599976,,,
380,6,6,,,,,,,,0.3274991512298584,0.5625322461128235,0.1416236311197281,,,
381,9,9,,,,,,,,0.1512298732995987,0.10578157752752304,0.2921702265739441,,,
382,0,0,,,,,,,,0.37331637740135193,0.9168894290924072,0.7844204902648926,,,
383,9,9,,,,,,,,0.3031091094017029,0.0698651522397995,0.023136697709560394,,,
384,2,5,,,,,,,,0.05711730942130089,0.06265021115541458,0.0214381143450737,,,
385,8,0,,,,,,,,0.6849727630615234,0.7706068158149719,0.6208556890487671,,,
386,7,7,,,,,,,,0.24246527254581451,0.18312327563762665,0.24831290543079376,,,
387,2,2,5,0.41379310344827586,0.7,0.48905109489051096,0.953387975692749,0.8809547424316406,0.4658111333847046,0.5944443345069885,0.03323940932750702,0.4338111877441406,0.2848460078239441,0.06728363037109375,0.37576889991760254
388,2,2,2,0.5338345864661654,0.4166666666666667,0.14606741573033707,0.9138203263282776,0.8173258304595947,0.27219223976135254,0.24419116973876953,0.035704340785741806,0.21475446224212646,0.33207860589027405,0.07324583828449249,0.207831472158432
389,5,5,,,,,,,,0.4236072301864624,0.16458360850811005,0.09118055552244186,,,
390,1,1,,,,,,,,0.352298378944397,0.2008010745048523,0.13968941569328308,,,
391,2,2,,,,,,,,0.4255939722061157,0.23295190930366516,0.23968735337257385,,,
392,6,6,,,,,,,,0.49032706022262573,0.7393558025360107,0.6505894660949707,,,
393,2,2,2,0.43661971830985913,0.5572519083969466,0.5338345864661654,0.9484915733337402,0.929032564163208,0.6827995777130127,0.525434672832489,0.2320864498615265,0.18233294785022736,0.3624095916748047,0.21488632261753082,0.174483060836792
394,9,9,9,0.48905109489051096,0.6721311475409836,0.5572519083969466,0.9798306822776794,0.955218493938446,0.6880543828010559,0.04524213820695877,0.12467297911643982,0.10137037187814713,0.04109529033303261,0.13856248557567596,0.07500647753477097
395,6,6,,,,,,,,0.14112268388271332,0.6493843197822571,0.1840902417898178,,,
396,2,2,,,,,,,,0.3180249333381653,0.21134690940380096,0.03490244597196579,,,
397,3,3,,,,,,,,0.22962799668312073,0.08258482068777084,0.05556893348693848,,,
398,0,0,,,,,,,,0.4730350375175476,0.7147212028503418,0.5510109066963196,,,
399,3,3,,,,,,,,0.15450192987918854,0.1333005130290985,0.13628913462162018,,,
400,9,9,,,,,,,,0.4760516881942749,0.21930627524852753,0.37512338161468506,,,
401,8,8,,,,,,,,0.3478154242038727,0.05219157785177231,0.17722134292125702,,,
402,7,7,,,,,,,,0.12193190306425095,0.1534479856491089,0.15154355764389038,,,
403,8,8,,,,,,,,0.5252800583839417,0.08102012425661087,0.1254270374774933,,,
404,8,8,,,,,,,,0.5205996036529541,0.041507329791784286,0.25146085023880005,,,
405,4,4,4,0.4782608695652174,0.6062992125984252,0.1791907514450867,0.894314169883728,0.8197414875030518,0.5133600831031799,0.2191680669784546,0.12599970400333405,0.14503063261508942,0.20371782779693604,0.13550427556037903,0.2950843870639801
406,0,0,,,,,,,,0.5188709497451782,0.4922565817832947,0.93570876121521,,,
407,1,1,,,,,,,,0.052180930972099304,0.10474824160337448,0.06622572243213654,,,
408,8,8,,,,,,,,0.44857704639434814,0.3714286983013153,0.256795197725296,,,
409,2,2,,,,,,,,0.2987934350967407,0.1689424067735672,0.19136571884155273,,,
410,7,7,,,,,,,,0.35443055629730225,0.18448466062545776,0.29973530769348145,,,
411,9,9,,,,,,,,0.06609528511762619,0.09779052436351776,0.06293671578168869,,,
412,3,5,,,,,,,,0.2317803055047989,0.088327556848526,0.05659998580813408,,,
413,6,6,,,,,,,,0.16628889739513397,0.36389532685279846,0.08307871967554092,,,
414,1,1,,,,,,,,0.2901259958744049,0.2765374779701233,0.3917831778526306,,,
415,9,9,,,,,,,,0.24160543084144592,0.14243870973587036,0.16776815056800842,,,
416,0,0,,,,,,,,0.47612398862838745,0.35103729367256165,0.7023108601570129,,,
417,7,7,7,0.9245283018867925,0.5454545454545454,0.4166666666666667,0.9915111064910889,0.904173731803894,0.7112591862678528,0.055418260395526886,0.029222197830677032,0.11065806448459625,0.0825568288564682,0.030344689264893532,0.11920468509197235
418,3,3,2,0.2,0.44680851063829785,0.14606741573033707,0.7333751320838928,0.7815150022506714,0.505171000957489,0.25075578689575195,0.1536034345626831,0.14027927815914154,0.050845906138420105,0.2291354089975357,0.004683131817728281
419,7,7,,,,,,,,0.3192006051540375,0.1282770186662674,0.3102409243583679,,,
420,4,4,,,,,,,,0.19362953305244446,0.1933012753725052,0.20648391544818878,,,
421,5,5,,,,,,,,0.3848617970943451,0.09693750739097595,0.05676093325018883,,,
422,0,0,8,0.1791907514450867,0.6062992125984252,0.009900990099009901,0.6784965991973877,0.8753740191459656,0.0718739926815033,0.5626742243766785,0.27727752923965454,0.908501386642456,0.34875360131263733,0.4054742157459259,0.8648561835289001
423,0,0,,,,,,,,0.303286075592041,0.32754212617874146,0.611510694026947,,,
424,2,2,,,,,,,,0.6576442718505859,0.24272701144218445,0.6484240293502808,,,
425,9,9,,,,,,,,0.20341144502162933,0.22959284484386444,0.3819645941257477,,,
426,3,4,,,,,,,,0.07373170554637909,0.019709067419171333,0.03944358602166176,,,
427,4,4,,,,,,,,0.3043404519557953,0.2883414328098297,0.23210540413856506,,,
428,0,0,,,,,,,,0.5538092255592346,0.4104914963245392,0.4781299829483032,,,
429,6,6,,,,,,,,0.0971921980381012,0.3981613516807556,0.11367945373058319,,,
430,2,2,2,0.5692307692307692,0.5338345864661654,0.4782608695652174,0.9553846120834351,0.8615556955337524,0.6458770036697388,0.41283199191093445,0.05639857426285744,0.30217766761779785,0.31705939769744873,0.04902929067611694,0.32750487327575684
431,5,5,,,,,,,,0.3718155324459076,0.0454833023250103,0.19528146088123322,,,
432,3,3,,,,,,,,0.28992959856987,0.17202965915203094,0.4291595220565796,,,
433,7,7,0,0.44680851063829785,0.5,0.5692307692307692,0.8888992071151733,0.8593473434448242,0.7647891044616699,0.06762531399726868,0.03614063560962677,0.10626832395792007,0.0371088832616806,0.03165019676089287,0.009068846702575684
434,3,3,,,,,,,,0.08654189854860306,0.27134907245635986,0.14361652731895447,,,
435,7,7,,,,,,,,0.384356290102005,0.03441401571035385,0.2835724651813507,,,
436,2,2,,,,,,,,0.210489422082901,0.16578996181488037,0.44800296425819397,,,
437,5,5,3,0.43661971830985913,0.3691275167785235,0.2289156626506024,0.8190613389015198,0.7545870542526245,0.21577328443527222,0.16063137352466583,0.038594890385866165,0.04369556903839111,0.21285870671272278,0.011028053238987923,0.018576189875602722
438,3,3,,,,,,,,0.19298717379570007,0.47558626532554626,0.24995817244052887,,,
439,1,9,,,,,,,,0.1354558914899826,0.192425936460495,0.1562676578760147,,,
440,1,1,,,,,,,,0.2049596607685089,0.15527623891830444,0.18547478318214417,,,
441,4,4,2,0.08465608465608465,0.3333333333333333,0.5572519083969466,0.6240047216415405,0.8352475166320801,0.6794344186782837,0.12568657100200653,0.23580293357372284,0.23019100725650787,0.032754287123680115,0.24543315172195435,0.04087698459625244
442,9,9,,,,,,,,0.31979793310165405,0.06137189641594887,0.1910697966814041,,,
443,9,9,,,,,,,,0.16177614033222198,0.24877962470054626,0.12490911036729813,,,
444,5,5,,,,,,,,0.21741962432861328,0.07501932233572006,0.0527825765311718,,,
445,7,7,,,,,,,,0.1464260071516037,0.10429202020168304,0.12700843811035156,,,
446,5,5,3,0.05128205128205128,0.3877551020408163,0.13333333333333333,0.10820981860160828,0.8511925935745239,0.42667412757873535,0.33489829301834106,0.201869398355484,0.2739236652851105,0.0061174617148935795,0.13145798444747925,0.0008174555841833353
447,0,0,,,,,,,,0.1463276892900467,0.47131723165512085,0.4628406763076782,,,
448,2,2,,,,,,,,0.572454035282135,0.3079662024974823,0.5835464596748352,,,
449,2,2,2,0.8214285714285714,0.6190476190476191,0.5813953488372093,0.9895163774490356,0.8992187976837158,0.7032303214073181,0.2793020009994507,0.22314152121543884,0.1820099800825119,0.2984849214553833,0.45732995867729187,0.1735149323940277
450,2,2,,,,,,,,0.4363729953765869,0.18186832964420319,0.43036943674087524,,,
451,9,9,,,,,,,,0.08456555008888245,0.20178470015525818,0.22867684066295624,,,
452,7,7,,,,,,,,0.17621691524982452,0.0737510696053505,0.09906031936407089,,,
453,3,3,,,,,,,,0.13998828828334808,0.20967409014701843,0.09278018027544022,,,
454,9,9,,,,,,,,0.1850912868976593,0.07662695646286011,0.13104961812496185,,,
455,4,4,,,,,,,,0.12595324218273163,0.33713382482528687,0.2189193218946457,,,
456,3,4,,,,,,,,0.11839552223682404,0.21665723621845245,0.139369398355484,,,
457,5,5,,,,,,,,0.26271316409111023,0.03107929788529873,0.14778076112270355,,,
458,4,4,,,,,,,,0.21082936227321625,0.1924133151769638,0.1239408552646637,,,
459,6,6,6,0.8545454545454545,0.45714285714285713,0.6062992125984252,0.9904296398162842,0.8753293752670288,0.7446098327636719,0.036408014595508575,0.334665447473526,0.052189186215400696,0.059334103018045425,0.3335992693901062,0.0502452552318573
460,5,5,,,,,,,,0.21756602823734283,0.051787249743938446,0.07179953902959824,,,
461,6,6,,,,,,,,0.21039722859859467,0.47964954376220703,0.14017125964164734,,,
462,1,1,,,,,,,,0.3387519121170044,0.31772956252098083,0.2324514538049698,,,
463,4,4,,,,,,,,0.09014035016298294,0.37414106726646423,0.19792895019054413,,,
464,3,3,,,,,,,,0.27464041113853455,0.6202583312988281,0.14606331288814545,,,
465,4,4,,,,,,,,0.43418487906455994,0.2925708293914795,0.269341379404068,,,
466,4,4,,,,,,,,0.40636390447616577,0.10907948762178421,0.28976985812187195,,,
467,3,3,,,,,,,,0.15746791660785675,0.28369131684303284,0.376400351524353,,,
468,7,7,7,0.9065420560747663,0.7435897435897436,0.19298245614035087,0.9960752725601196,0.9480961561203003,0.5636335611343384,0.1291954070329666,0.026888886466622353,0.2319544404745102,0.05778823047876358,0.0259847491979599,0.16599388420581818
469,8,8,,,,,,,,0.4573265612125397,0.21548306941986084,0.3108188211917877,,,
470,3,3,4,0.12021857923497267,0.45714285714285713,0.13966480446927373,0.07322154939174652,0.7646728754043579,0.5214614868164062,0.21965910494327545,0.25590938329696655,0.049687594175338745,0.048689406365156174,0.14529293775558472,0.010957145132124424
471,7,7,,,,,,,,0.22359247505664825,0.16867701709270477,0.18294814229011536,,,
472,8,8,,,,,,,,0.485387921333313,0.24179217219352722,0.3424338102340698,,,
473,0,0,2,0.6721311475409836,0.59375,0.4782608695652174,0.9600840210914612,0.9156895875930786,0.43542152643203735,0.2437829077243805,0.4761427044868469,0.663451075553894,0.040062762796878815,0.5068323016166687,0.6589428782463074
474,5,5,,,,,,,,0.047083429992198944,0.1515856236219406,0.07940729707479477,,,
475,7,7,,,,,,,,0.26117584109306335,0.23337393999099731,0.30861392617225647,,,
476,6,6,,,,,,,,0.2880901098251343,0.5832365155220032,0.1255112588405609,,,
477,0,0,,,,,,,,0.5042107105255127,0.6068342328071594,0.5443448424339294,,,
478,5,3,,,,,,,,0.22100374102592468,0.1772785186767578,0.14564718306064606,,,
479,4,4,,,,,,,,0.3536999225616455,0.6066346764564514,0.30076682567596436,,,
480,8,8,,,,,,,,0.2871045470237732,0.05708539858460426,0.22351622581481934,,,
481,6,6,,,,,,,,0.8416796326637268,0.5596680641174316,0.22552259266376495,,,
482,8,8,,,,,,,,0.6750577092170715,0.0985100269317627,0.12375615537166595,,,
483,5,5,5,0.8715596330275229,0.59375,0.3691275167785235,0.9889581203460693,0.9058167338371277,0.6480579972267151,0.26326942443847656,0.06056821346282959,0.04151022434234619,0.20478320121765137,0.0452987477183342,0.02047060988843441
484,5,5,,,,,,,,0.19048720598220825,0.03570479899644852,0.21057498455047607,,,
485,9,9,,,,,,,,0.04972970485687256,0.05450603738427162,0.1097414419054985,,,
486,9,9,,,,,,,,0.44610917568206787,0.32833078503608704,0.1561548113822937,,,
487,9,9,,,,,,,,0.3333582282066345,0.26674580574035645,0.23555105924606323,,,
488,5,5,5,0.3972602739726027,0.6062992125984252,0.6585365853658537,0.9735832810401917,0.9057220220565796,0.6447128057479858,0.21792621910572052,0.07391373813152313,0.0594870001077652,0.24012693762779236,0.04531519114971161,0.07008621096611023
489,0,0,,,,,,,,0.7154037952423096,0.4445018768310547,0.8321295380592346,,,
490,1,1,,,,,,,,0.6297615766525269,0.14784951508045197,0.12592728435993195,,,
491,0,0,,,,,,,,0.6820856928825378,0.8064771890640259,0.8832712173461914,,,
492,8,8,,,,,,,,0.3829710781574249,0.11829255521297455,0.366357684135437,,,
493,1,1,,,,,,,,0.28393319249153137,0.3570663630962372,0.1399003565311432,,,
494,1,1,,,,,,,,0.39632147550582886,0.09520252048969269,0.12215889990329742,,,
495,8,8,,,,,,,,0.3736165463924408,0.2451111525297165,0.2271583527326584,,,
496,0,0,,,,,,,,0.6599010825157166,0.47312313318252563,0.7797732949256897,,,
497,2,2,5,0.632,0.4782608695652174,0.2,0.8565789461135864,0.8838686943054199,0.6416472792625427,0.7724571824073792,0.4667011499404907,0.10530777275562286,0.8371111154556274,0.17957837879657745,0.0522589348256588
498,2,2,,,,,,,,0.5085612535476685,0.17594118416309357,0.5614801049232483,,,
499,0,0,,,,,,,,0.3525761067867279,0.8718157410621643,0.72053062915802,,,
500,4,4,,,,,,,,0.1209142655134201,0.34019935131073,0.18713900446891785,,,
501,6,6,3,0.59375,0.4676258992805755,0.275,0.8483982086181641,0.8351430296897888,0.7736078500747681,0.047177303582429886,0.38280147314071655,0.08350779861211777,0.0122738778591156,0.38091450929641724,0.021277720108628273
502,5,5,,,,,,,,0.11386370658874512,0.03977806866168976,0.05761626735329628,,,
503,4,4,,,,,,,,0.21674424409866333,0.14718863368034363,0.2812348008155823,,,
504,9,9,,,,,,,,0.24033528566360474,0.24252253770828247,0.26034170389175415,,,
505,4,4,,,,,,,,0.22468066215515137,0.1436757892370224,0.23364129662513733,,,
506,7,7,,,,,,,,0.18197113275527954,0.14569875597953796,0.21027903258800507,,,
507,9,9,,,,,,,,0.23316587507724762,0.19138410687446594,0.12314076721668243,,,
508,9,0,,,,,,,,0.21838334202766418,0.4205809235572815,0.3321114182472229,,,
509,4,4,,,,,,,,0.08135481178760529,0.23242947459220886,0.12251432985067368,,,
510,5,5,,,,,,,,0.5170640349388123,0.08990627527236938,0.1626446545124054,,,
511,6,6,,,,,,,,0.28987032175064087,0.36414164304733276,0.0993555337190628,,,
512,6,6,,,,,,,,0.3462532162666321,0.778175950050354,0.36565494537353516,,,
513,1,1,,,,,,,,0.43322330713272095,0.13380765914916992,0.08431564271450043,,,
514,5,5,5,0.6585365853658537,0.5,0.5454545454545454,0.986117959022522,0.9159489274024963,0.5059372186660767,0.19168533384799957,0.07768689095973969,0.050797659903764725,0.1858893632888794,0.08543632179498672,0.03677266463637352
515,3,3,,,,,,,,0.20989836752414703,0.32081878185272217,0.12712495028972626,,,
516,8,8,,,,,,,,0.31771719455718994,0.15629708766937256,0.16544562578201294,,,
517,9,9,,,,,,,,0.17294186353683472,0.06624069809913635,0.11727248877286911,,,
518,5,5,5,0.5454545454545454,0.5111111111111111,0.275,0.9470040798187256,0.8663452863693237,0.5535778999328613,0.11315662413835526,0.056919533759355545,0.1352001428604126,0.16547450423240662,0.06581825017929077,0.22782500088214874
519,8,8,8,0.7435897435897436,0.7288135593220338,0.2911392405063291,0.971535325050354,0.9348534345626831,0.5821328163146973,0.05630560964345932,0.0746934562921524,0.04112052544951439,0.02669212780892849,0.029714591801166534,0.037220634520053864
520,5,5,5,0.8214285714285714,0.6585365853658537,0.014925373134328358,0.9913433194160461,0.8961812257766724,0.4516375660896301,0.2459162473678589,0.07616602629423141,0.22377067804336548,0.25911736488342285,0.07797905802726746,0.062044981867074966
521,7,7,,,,,,,,0.44410255551338196,0.2735646367073059,0.2802077829837799,,,
522,0,0,,,,,,,,0.45059770345687866,0.4225965738296509,0.9059465527534485,,,
523,7,7,,,,,,,,0.219826802611351,0.17672866582870483,0.2621932625770569,,,
524,0,0,,,,,,,,0.6706361174583435,0.4199504852294922,0.9188106060028076,,,
525,5,5,5,0.8214285714285714,0.48905109489051096,0.7288135593220338,0.9818478226661682,0.8323686718940735,0.30639106035232544,0.0645366758108139,0.09497018903493881,0.14756271243095398,0.2093411684036255,0.08089542388916016,0.15579234063625336
526,0,0,,,,,,,,0.16421720385551453,0.17162053287029266,0.7931783199310303,,,
527,0,0,,,,,,,,0.4062695801258087,0.6004029512405396,0.9283431172370911,,,
528,4,4,,,,,,,,0.24432611465454102,0.1468883752822876,0.1839163899421692,,,
529,6,6,,,,,,,,0.20897863805294037,0.5514562129974365,0.2726648449897766,,,
530,9,9,,,,,,,,0.4286479651927948,0.055456098169088364,0.22090153396129608,,,
531,0,3,,,,,,,,0.03206759691238403,0.08755839616060257,0.024861395359039307,,,
532,9,9,,,,,,,,0.18864676356315613,0.2053239792585373,0.5102458000183105,,,
533,5,5,,,,,,,,0.47785550355911255,0.07306792587041855,0.035176970064640045,,,
534,6,6,,,,,,,,0.19366607069969177,0.48897597193717957,0.0671410784125328,,,
535,6,6,,,,,,,,0.23518909513950348,0.5532033443450928,0.4209200143814087,,,
536,6,6,,,,,,,,0.4008118510246277,0.4976624846458435,0.3606363832950592,,,
537,2,6,,,,,,,,0.10262410342693329,0.41801080107688904,0.03442767634987831,,,
538,9,9,9,0.8888888888888888,0.5338345864661654,0.4166666666666667,0.9943477511405945,0.9424148201942444,0.6774485111236572,0.033550869673490524,0.06821579486131668,0.03155649080872536,0.12168111652135849,0.06879642605781555,0.022140005603432655
539,0,0,,,,,,,,0.519396960735321,0.3160076439380646,0.9753355979919434,,,
540,1,1,,,,,,,,0.6055079102516174,0.13134396076202393,0.47485947608947754,,,
541,7,7,4,0.8053097345132744,0.6190476190476191,0.3691275167785235,0.9777518510818481,0.8498599529266357,0.550577700138092,0.12163988500833511,0.017753610387444496,0.05797576531767845,0.012070938013494015,0.002562236972153187,0.006760666612535715
542,6,6,,,,,,,,0.4534505009651184,0.40651756525039673,0.13922235369682312,,,
543,7,7,,,,,,,,0.3159886300563812,0.2821677625179291,0.40418484807014465,,,
544,5,5,,,,,,,,0.42674776911735535,0.21860745549201965,0.1665530651807785,,,
545,9,9,,,,,,,,0.19385071098804474,0.13823871314525604,0.1370556503534317,,,
546,1,1,,,,,,,,0.32484865188598633,0.22650817036628723,0.17775775492191315,,,
547,6,6,,,,,,,,0.3130876421928406,0.691747784614563,0.16413597762584686,,,
548,2,2,,,,,,,,0.564447820186615,0.126834437251091,0.1832314282655716,,,
549,5,5,5,0.7739130434782608,0.45714285714285713,0.2670807453416149,0.9894198775291443,0.8963648080825806,0.39448410272598267,0.07689712196588516,0.05779951065778732,0.029286926612257957,0.08599190413951874,0.02928861416876316,0.026653360575437546
550,5,5,,,,,,,,0.2728804647922516,0.07376176118850708,0.13967978954315186,,,
551,5,5,7,0.09090909090909091,0.4166666666666667,0.15254237288135594,0.6382222771644592,0.8619481325149536,0.3693903684616089,0.14796020090579987,0.13361811637878418,0.04861561581492424,0.022863280028104782,0.050351887941360474,0.0040406277403235435
552,8,8,,,,,,,,0.703971266746521,0.13612014055252075,0.30008167028427124,,,
553,5,5,,,,,,,,0.2346622794866562,0.06401278078556061,0.037473808974027634,,,
554,9,9,,,,,,,,0.4341095983982086,0.42077842354774475,0.5811678171157837,,,
555,4,4,4,0.8378378378378378,0.5111111111111111,0.6585365853658537,0.9950515031814575,0.8850185871124268,0.41325995326042175,0.07506014406681061,0.14463859796524048,0.08782415091991425,0.06711269170045853,0.06706222146749496,0.08706828206777573
556,6,6,,,,,,,,0.36852651834487915,0.6011568307876587,0.28258246183395386,,,
557,4,4,,,,,,,,0.23912721872329712,0.24132557213306427,0.2501026391983032,,,
558,3,3,,,,,,,,0.4233594834804535,0.3281562924385071,0.22861631214618683,,,
559,2,2,,,,,,,,0.397434800863266,0.513427197933197,0.835657000541687,,,
560,0,0,,,,,,,,0.5294684171676636,0.5613784790039062,0.9145417213439941,,,
561,7,7,,,,,,,,0.3160145580768585,0.08755231648683548,0.1464885175228119,,,
562,6,3,,,,,,,,0.13838577270507812,0.27422046661376953,0.0563662052154541,,,
563,2,2,,,,,,,,0.29626932740211487,0.15835058689117432,0.2566697895526886,,,
564,2,2,,,,,,,,0.694810688495636,0.19851084053516388,0.5413620471954346,,,
565,3,3,,,,,,,,0.2639751732349396,0.5665472149848938,0.31145983934402466,,,
566,9,9,,,,,,,,0.2511366903781891,0.13138778507709503,0.1716182976961136,,,
567,7,7,7,0.9428571428571428,0.6585365853658537,0.7435897435897436,0.9986246228218079,0.9514650106430054,0.7083178162574768,0.014437869191169739,0.08376959711313248,0.026003260165452957,0.014038844965398312,0.0555354505777359,0.024083610624074936
568,9,9,,,,,,,,0.2291051149368286,0.05494704097509384,0.07404158264398575,,,
569,2,2,,,,,,,,0.4680537283420563,0.17074663937091827,0.2879931628704071,,,
570,6,6,6,0.3691275167785235,0.4166666666666667,0.6721311475409836,0.6201087236404419,0.8526250123977661,0.6976197957992554,0.21944496035575867,0.36978426575660706,0.03168779984116554,0.037107374519109726,0.3779691159725189,0.04248395562171936
571,7,7,,,,,,,,0.44321364164352417,0.06662189215421677,0.36531803011894226,,,
572,1,1,,,,,,,,0.1640782356262207,0.27887019515037537,0.22363802790641785,,,
573,3,3,,,,,,,,0.43040359020233154,0.3055921494960785,0.13541431725025177,,,
574,6,6,,,,,,,,0.2105937898159027,0.47138747572898865,0.07229115813970566,,,
575,6,6,,,,,,,,0.3414511978626251,0.7027299404144287,0.14259302616119385,,,
576,8,8,,,,,,,,0.40552058815956116,0.07159144431352615,0.14968526363372803,,,
577,9,8,,,,,,,,0.3161291480064392,0.04331691935658455,0.1189379021525383,,,
578,7,7,,,,,,,,0.2521323561668396,0.22146844863891602,0.5471972227096558,,,
579,5,5,,,,,,,,0.37216833233833313,0.15275615453720093,0.03628436475992203,,,
580,4,4,,,,,,,,0.2095690220594406,0.3219076097011566,0.255641371011734,,,
581,0,0,,,,,,,,0.5566141605377197,0.50937420129776,0.5825791954994202,,,
582,8,8,,,,,,,,0.325364351272583,0.15353602170944214,0.22615550458431244,,,
583,4,4,,,,,,,,0.24231740832328796,0.1738119274377823,0.13037116825580597,,,
584,0,0,,,,,,,,0.9156630039215088,0.5019115209579468,0.8810437917709351,,,
585,9,9,,,,,,,,0.2580014169216156,0.08842266350984573,0.14222046732902527,,,
586,3,3,3,0.7894736842105263,0.6062992125984252,0.25153374233128833,0.9671028256416321,0.9155425429344177,-0.0069306520745158195,0.14773499965667725,0.2727274000644684,0.19385291635990143,0.15475888550281525,0.1855432093143463,0.08169829100370407
587,4,4,,,,,,,,0.21600642800331116,0.2548196315765381,0.09869653731584549,,,
588,8,8,,,,,,,,0.276334673166275,0.08811003714799881,0.2665039598941803,,,
589,9,9,,,,,,,,0.5269111394882202,0.19017277657985687,0.35454612970352173,,,
590,6,6,,,,,,,,0.4725099503993988,0.500558614730835,0.24240614473819733,,,
591,9,9,,,,,,,,0.2748330533504486,0.07416124641895294,0.22910019755363464,,,
592,2,2,,,,,,,,0.8398824334144592,0.49485060572624207,0.44520917534828186,,,
593,6,6,,,,,,,,0.15653429925441742,0.28189817070961,0.09671402722597122,,,
594,1,1,,,,,,,,0.2734639346599579,0.09106878936290741,0.19138504564762115,,,
595,4,4,,,,,,,,0.2996550500392914,0.11215129494667053,0.17646381258964539,,,
596,7,7,,,,,,,,0.15863154828548431,0.19521352648735046,0.19788086414337158,,,
597,3,0,,,,,,,,0.3067665994167328,0.15807203948497772,0.5508679151535034,,,
598,5,5,5,0.8053097345132744,0.632,0.3333333333333333,0.9924169182777405,0.956717848777771,0.6406747102737427,0.19568370282649994,0.05959778651595116,0.2564813792705536,0.19665329158306122,0.0795813798904419,0.1751783788204193
599,3,3,,,,,,,,0.28309574723243713,0.2186221033334732,0.1951528787612915,,,
600,8,8,,,,,,,,0.31281352043151855,0.16887864470481873,0.279405802488327,,,
601,5,5,3,0.20710059171597633,0.3691275167785235,0.13333333333333333,0.638441264629364,0.8346658945083618,0.5730770826339722,0.18304866552352905,0.055020760744810104,0.13086268305778503,0.18490438163280487,0.041572436690330505,0.012066560797393322
602,0,0,,,,,,,,0.7830649018287659,0.739946722984314,0.6758917570114136,,,
603,2,2,,,,,,,,0.38785743713378906,0.26289790868759155,0.9570030570030212,,,
604,1,1,,,,,,,,0.7256498336791992,0.17194902896881104,0.4128335416316986,,,
605,6,6,,,,,,,,0.40156301856040955,0.6680795550346375,0.1649172306060791,,,
606,4,3,,,,,,,,0.14885908365249634,0.2656714916229248,0.12109080702066422,,,
607,3,2,,,,,,,,0.016617130488157272,0.26491042971611023,0.03761507198214531,,,
608,3,3,,,,,,,,0.2109513282775879,0.48419851064682007,0.20273080468177795,,,
609,9,9,,,,,,,,0.2523818612098694,0.466968834400177,0.2456894814968109,,,
610,6,6,,,,,,,,0.12362297624349594,0.666801393032074,0.2794022560119629,,,
611,9,9,,,,,,,,0.19394336640834808,0.16720645129680634,0.07082859426736832,,,
612,8,8,,,,,,,,0.3505253791809082,0.49087077379226685,0.22803781926631927,,,
613,8,8,,,,,,,,0.6426119208335876,0.2318885773420334,0.5942139625549316,,,
614,5,5,,,,,,,,0.3259630799293518,0.08685405552387238,0.35498926043510437,,,
615,8,8,,,,,,,,0.49177268147468567,0.12617476284503937,0.232085183262825,,,
616,6,6,,,,,,,,0.236018568277359,0.5291916131973267,0.11930501461029053,,,
617,6,6,,,,,,,,0.39085978269577026,0.45655375719070435,0.20836669206619263,,,
618,2,2,,,,,,,,0.21086470782756805,0.022983672097325325,0.2992989122867584,,,
619,1,1,,,,,,,,0.2248750776052475,0.36776310205459595,0.24085910618305206,,,
620,7,7,,,,,,,,0.2214829921722412,0.16495786607265472,0.1528601497411728,,,
621,7,7,,,,,,,,0.26682350039482117,0.030275072902441025,0.21177837252616882,,,
622,1,1,,,,,,,,0.6554175615310669,0.30479997396469116,0.25047335028648376,,,
623,2,2,,,,,,,,0.3220297396183014,0.08808211982250214,0.09856215864419937,,,
624,7,7,,,,,,,,0.18841293454170227,0.16111993789672852,0.269729882478714,,,
625,9,9,,,,,,,,0.12471989542245865,0.33811166882514954,0.22735194861888885,,,
626,9,9,,,,,,,,0.1992575228214264,0.5087432265281677,0.21007093787193298,,,
627,4,4,,,,,,,,0.2795787453651428,0.07690632343292236,0.3240398168563843,,,
628,4,4,,,,,,,,0.4828966557979584,0.5850568413734436,0.4804227352142334,,,
629,1,1,,,,,,,,0.1338505893945694,0.1337614804506302,0.10697382688522339,,,
630,2,2,,,,,,,,0.2750016748905182,0.3147813379764557,0.6833137273788452,,,
631,5,5,2,0.03553299492385787,0.3509933774834437,0.20710059171597633,0.027081198990345,0.7945536971092224,0.48941153287887573,0.17360569536685944,0.08295401930809021,0.042757220566272736,0.018490111455321312,0.041505295783281326,0.004411820787936449
632,6,6,,,,,,,,0.07922366261482239,0.4276493489742279,0.063767209649086,,,
633,8,8,,,,,,,,0.15189309418201447,0.02917531691491604,0.25829362869262695,,,
634,7,7,,,,,,,,0.26804178953170776,0.1341753453016281,0.17216798663139343,,,
635,6,6,,,,,,,,0.04251560941338539,0.5997399091720581,0.04336663708090782,,,
636,8,8,,,,,,,,0.40271085500717163,0.07009260356426239,0.37594911456108093,,,
637,3,3,,,,,,,,0.06473136693239212,0.21938565373420715,0.04699842631816864,,,
638,0,0,,,,,,,,0.3809569180011749,0.567943274974823,0.6036545634269714,,,
639,5,5,3,0.25153374233128833,0.632,0.632,0.820281982421875,0.8952721357345581,0.8091058731079102,0.101935975253582,0.09282226115465164,0.09332191199064255,0.011157135479152203,0.03773193433880806,0.012046209536492825
640,5,5,3,0.4676258992805755,0.42657342657342656,0.7,0.9542219638824463,0.8426932096481323,0.6146894097328186,0.2271760255098343,0.04194558411836624,0.022583691403269768,0.11069241911172867,0.03628924489021301,0.010088514536619186
641,3,3,3,0.3972602739726027,0.5338345864661654,0.05699481865284974,0.9152005910873413,0.9029322862625122,-0.05436357855796814,0.17890995740890503,0.3774302005767822,0.43656307458877563,0.14770449697971344,0.3530682623386383,0.229373037815094
642,0,0,,,,,,,,0.300125390291214,0.7001057863235474,0.7293307781219482,,,
643,7,7,,,,,,,,0.5228258967399597,0.1353086680173874,0.3495827317237854,,,
644,9,9,,,,,,,,0.31278035044670105,0.08945781737565994,0.20944498479366302,,,
645,1,1,,,,,,,,0.3244149684906006,0.19920320808887482,0.1611449122428894,,,
646,3,3,,,,,,,,0.07491546869277954,0.048532966524362564,0.1989668309688568,,,
647,4,4,3,0.10270270270270271,0.3161290322580645,0.20710059171597633,0.7092132568359375,0.7197705507278442,0.34717798233032227,0.1488182544708252,0.18925347924232483,0.08452224731445312,0.0010496493196114898,0.05750720947980881,0.008977879770100117
648,4,4,,,,,,,,0.169051855802536,0.4661113917827606,0.44923436641693115,,,
649,5,5,,,,,,,,0.34868085384368896,0.2689034342765808,0.4382357597351074,,,
650,3,3,,,,,,,,0.4538758099079132,0.593875527381897,0.41347044706344604,,,
651,9,9,,,,,,,,0.0741252601146698,0.21540142595767975,0.18864403665065765,,,
652,5,5,5,0.7435897435897436,0.5813953488372093,0.4676258992805755,0.899332582950592,0.8760649561882019,0.4154539108276367,0.14229716360569,0.10362978279590607,0.10359658300876617,0.08546005189418793,0.07492642849683762,0.039534006267786026
653,6,6,,,,,,,,0.21415765583515167,0.6037905812263489,0.2548202574253082,,,
654,9,9,,,,,,,,0.3454105257987976,0.20981591939926147,0.18895287811756134,,,
655,2,2,2,0.7,0.6190476190476191,0.5338345864661654,0.9634720683097839,0.8555938601493835,0.5479397177696228,0.08045709878206253,0.3607853055000305,0.4792039692401886,0.05108208954334259,0.3491823971271515,0.12410614639520645
656,1,1,,,,,,,,0.5338631272315979,0.3442991077899933,0.4302908778190613,,,
657,1,9,,,,,,,,0.022103101015090942,0.060943275690078735,0.014308858662843704,,,
658,4,4,,,,,,,,0.11177162081003189,0.2626429498195648,0.13049043715000153,,,
659,1,1,,,,,,,,0.169207364320755,0.21210923790931702,0.17285548150539398,,,
660,9,9,,,,,,,,0.29007411003112793,0.1956484615802765,0.3522128462791443,,,
661,4,4,,,,,,,,0.3541952669620514,0.131687730550766,0.41979852318763733,,,
662,7,7,,,,,,,,0.3905560076236725,0.3009456992149353,0.16162793338298798,,,
663,6,6,5,0.4166666666666667,0.6721311475409836,0.275,0.55540531873703,0.9012566208839417,0.484111487865448,0.05779577046632767,0.3174174726009369,0.15840691328048706,0.23281952738761902,0.3068098723888397,0.05373799800872803
664,3,3,,,,,,,,0.1435644030570984,0.22719471156597137,0.22733823955059052,,,
665,8,0,,,,,,,,0.4184407591819763,0.4284243583679199,0.693432092666626,,,
666,9,9,,,,,,,,0.5720174312591553,0.36883068084716797,0.32464078068733215,,,
667,0,0,,,,,,,,0.5513838529586792,0.46269896626472473,0.8158342838287354,,,
668,1,1,,,,,,,,0.33442041277885437,0.2294909954071045,0.39541125297546387,,,
669,3,3,,,,,,,,0.06725198030471802,0.21556450426578522,0.10259238630533218,,,
670,6,6,,,,,,,,0.40697139501571655,0.6779933571815491,0.24393726885318756,,,
671,3,3,5,0.5572519083969466,0.6190476190476191,0.20710059171597633,0.5437257885932922,0.8646886944770813,0.5155069828033447,0.25565314292907715,0.6778593063354492,0.34683191776275635,0.1326810121536255,0.5067825317382812,0.022470815107226372
672,6,2,,,,,,,,0.5608314275741577,0.08041825890541077,0.11910152435302734,,,
673,3,3,,,,,,,,0.25700265169143677,0.5004277229309082,0.5356161594390869,,,
674,2,2,4,0.24390243902439024,0.36,0.23636363636363636,0.8098360300064087,0.7893357276916504,0.6345961093902588,0.4232538342475891,0.06442566215991974,0.08145783841609955,0.168112114071846,0.05382141098380089,0.09164497256278992
675,0,0,,,,,,,,0.3902015686035156,0.4806049168109894,0.8067088723182678,,,
676,3,3,,,,,,,,0.7115041017532349,0.2763541340827942,0.3411351144313812,,,
677,1,1,,,,,,,,0.17102015018463135,0.10598346590995789,0.38521185517311096,,,
678,0,0,,,,,,,,0.599530041217804,0.4037245512008667,0.6353542804718018,,,
679,5,5,5,0.5111111111111111,0.5111111111111111,0.34210526315789475,0.9323804378509521,0.8367379903793335,0.6531996130943298,0.29579782485961914,0.04186068847775459,0.20318396389484406,0.2738693356513977,0.060750845819711685,0.18350337445735931
680,9,1,,,,,,,,0.045199502259492874,0.0897054672241211,0.022713417187333107,,,
681,6,6,,,,,,,,0.127861887216568,0.7198417782783508,0.13078190386295319,,,
682,4,4,0,0.3783783783783784,0.4166666666666667,0.3246753246753247,0.8767338395118713,0.8251585960388184,0.244197815656662,0.07734531164169312,0.06283076852560043,0.0424799844622612,0.0007581551326438785,0.06181935593485832,0.0007255095988512039
683,8,0,,,,,,,,0.6347212791442871,0.4681541323661804,0.9382917284965515,,,
684,9,9,,,,,,,,0.30526772141456604,0.22539454698562622,0.5271302461624146,,,
685,6,4,,,,,,,,0.21570782363414764,0.15692853927612305,0.04086295887827873,,,
686,9,9,,,,,,,,0.22563472390174866,0.1703449785709381,0.3282773792743683,,,
687,6,6,2,0.1657142857142857,0.43661971830985913,0.24390243902439024,0.6046309471130371,0.8331623077392578,0.5002317428588867,0.1318867802619934,0.31637272238731384,0.03303934261202812,0.005884526763111353,0.3815045952796936,0.0021925298497080803
688,3,3,,,,,,,,0.17052248120307922,0.25520315766334534,0.4011310636997223,,,
689,0,0,0,0.48905109489051096,0.8378378378378378,0.24390243902439024,0.9619736671447754,0.9483779668807983,0.5273175239562988,0.4246182441711426,0.1602892130613327,0.17035198211669922,0.4011715054512024,0.21047388017177582,0.25938695669174194
690,3,3,,,,,,,,0.1211281418800354,0.3476361930370331,0.13371998071670532,,,
691,2,2,,,,,,,,0.472528338432312,0.20825591683387756,0.34622499346733093,,,
692,2,2,0,0.7,0.45714285714285713,0.4068965517241379,0.9003331661224365,0.8665528297424316,0.645203709602356,0.6045747399330139,0.06370074301958084,0.2256423383951187,0.5527555346488953,0.1832055002450943,0.03625607118010521
693,7,7,,,,,,,,0.3163231909275055,0.29873988032341003,0.39171111583709717,,,
694,8,8,,,,,,,,0.7679972648620605,0.030486030504107475,0.3936387300491333,,,
695,3,3,,,,,,,,0.31042343378067017,0.14933623373508453,0.439755916595459,,,
696,8,8,,,,,,,,0.399410605430603,0.09073059260845184,0.11058830469846725,,,
697,2,2,2,0.7586206896551724,0.45714285714285713,0.3691275167785235,0.9922080636024475,0.9411724805831909,0.6696346402168274,0.33031946420669556,0.2019680142402649,0.27634677290916443,0.27295809984207153,0.17434030771255493,0.2611486613750458
698,7,7,,,,,,,,0.46380144357681274,0.18814606964588165,0.23643530905246735,,,
699,5,5,,,,,,,,0.1383032202720642,0.10555751621723175,0.06705407798290253,,,
700,7,7,,,,,,,,0.37356483936309814,0.22731657326221466,0.2605654299259186,,,
701,2,2,,,,,,,,0.7519827485084534,0.3610686659812927,0.3085382580757141,,,
702,4,4,,,,,,,,0.32438695430755615,0.250885933637619,0.2156585454940796,,,
703,8,8,,,,,,,,0.6759018301963806,0.21304668486118317,0.31005173921585083,,,
704,7,7,7,0.5298507462686567,0.44680851063829785,0.3246753246753247,0.9217624664306641,0.8941804766654968,0.6625362634658813,0.10899706929922104,0.039122384041547775,0.21700146794319153,0.039798129349946976,0.023879582062363625,0.12388782948255539
705,4,4,,,,,,,,0.3691953718662262,0.24661171436309814,0.46334224939346313,,,
706,2,2,,,,,,,,0.4411972761154175,0.15434567630290985,0.13771748542785645,,,
707,9,9,,,,,,,,0.4250129759311676,0.16112478077411652,0.3003005385398865,,,
708,8,8,,,,,,,,0.7211710214614868,0.08879432082176208,0.4130145311355591,,,
709,8,8,,,,,,,,0.6581466794013977,0.12077432125806808,0.4279152750968933,,,
710,6,6,,,,,,,,0.03741922229528427,0.11575697362422943,0.10628598183393478,,,
711,8,8,8,0.8378378378378378,0.48905109489051096,0.18604651162790697,0.9645302295684814,0.8838576078414917,0.4271639585494995,0.1621721386909485,0.053512170910835266,0.13186195492744446,0.17929671704769135,0.07728010416030884,0.025413265451788902
712,8,8,,,,,,,,0.7540917992591858,0.10322163254022598,0.37886202335357666,,,
713,7,7,,,,,,,,0.10912132263183594,0.029877644032239914,0.08333466202020645,,,
714,4,4,,,,,,,,0.17719334363937378,0.35811758041381836,0.394872784614563,,,
715,3,5,,,,,,,,0.03800157457590103,0.03547962009906769,0.1340404450893402,,,
716,3,3,,,,,,,,0.395721435546875,0.7102959156036377,0.4856811761856079,,,
717,8,8,,,,,,,,0.45642685890197754,0.09920288622379303,0.2373751848936081,,,
718,4,4,,,,,,,,0.09653270244598389,0.39988377690315247,0.16708926856517792,,,
719,9,9,,,,,,,,0.2069684863090515,0.3613956570625305,0.10969617962837219,,,
720,4,4,,,,,,,,0.1710963398218155,0.4616600573062897,0.0718352198600769,,,
721,8,8,,,,,,,,0.24528691172599792,0.057478662580251694,0.08234947174787521,,,
722,8,8,,,,,,,,0.5298231244087219,0.25807246565818787,0.21048492193222046,,,
723,1,1,,,,,,,,0.4425068795681,0.5314984321594238,0.3711228668689728,,,
724,8,8,0,0.3246753246753247,0.632,0.2,0.8024696111679077,0.8831294775009155,0.4491804838180542,0.32088640332221985,0.029935842379927635,0.026755040511488914,0.03628590703010559,0.012062719091773033,0.04199220612645149
725,2,0,,,,,,,,0.29755866527557373,0.13393570482730865,0.4280426502227783,,,
726,1,1,,,,,,,,0.5056590437889099,0.2076077163219452,0.2673467993736267,,,
727,3,2,,,,,,,,0.14473286271095276,0.2871032953262329,0.3295220732688904,,,
728,6,6,2,0.3076923076923077,0.5454545454545454,0.7586206896551724,0.6225618720054626,0.8962396383285522,0.8256293535232544,0.2079501897096634,0.32335031032562256,0.1822468787431717,0.014888317324221134,0.22987984120845795,0.0027558475267142057
729,5,5,,,,,,,,0.22632485628128052,0.09286966919898987,0.04746231809258461,,,
730,4,4,5,0.18604651162790697,0.4068965517241379,0.6721311475409836,0.5887510776519775,0.7517583966255188,0.5626460313796997,0.07645305246114731,0.31255796551704407,0.07257054001092911,0.004118464887142181,0.24280951917171478,0.0010908436961472034
731,2,2,0,0.5111111111111111,0.5572519083969466,0.6062992125984252,0.975583553314209,0.8507311940193176,0.47471290826797485,0.4653579294681549,0.2824819087982178,0.26203060150146484,0.4831983745098114,0.23693020641803741,0.3457467257976532
732,7,7,,,,,,,,0.351222425699234,0.16244620084762573,0.19879624247550964,,,
733,9,9,,,,,,,,0.216263547539711,0.13405588269233704,0.2103714793920517,,,
734,9,1,,,,,,,,0.05309300869703293,0.2711803615093231,0.06134400889277458,,,
735,4,4,6,0.3333333333333333,0.3076923076923077,0.15254237288135594,0.939111590385437,0.7418876886367798,0.4346759021282196,0.05443236231803894,0.06221529096364975,0.04435540363192558,0.022137688472867012,0.10590040683746338,0.001800310448743403
736,1,1,,,,,,,,0.14828969538211823,0.11113519221544266,0.10923667997121811,,,
737,4,4,,,,,,,,0.042992740869522095,0.05325468257069588,0.06146280840039253,,,
738,1,1,,,,,,,,0.39626777172088623,0.08485481142997742,0.30645257234573364,,,
739,3,5,,,,,,,,0.13636353611946106,0.05663629621267319,0.12625275552272797,,,
740,2,2,,,,,,,,0.7282955646514893,0.2010554075241089,0.20851239562034607,,,
741,7,7,,,,,,,,0.41284382343292236,0.2572426497936249,0.38408300280570984,,,
742,0,0,,,,,,,,0.6124114990234375,0.5008416175842285,0.9804915189743042,,,
743,7,7,,,,,,,,0.25853291153907776,0.1835368275642395,0.1300707906484604,,,
744,9,9,,,,,,,,0.2202928364276886,0.02520482800900936,0.05492795631289482,,,
745,7,7,,,,,,,,0.22222313284873962,0.04925339296460152,0.18276050686836243,,,
746,6,6,2,0.046153846153846156,0.5,0.43661971830985913,0.0868404358625412,0.8686866164207458,0.5844314098358154,0.05597083270549774,0.38319528102874756,0.10107152163982391,0.02310311235487461,0.20107759535312653,0.01694221794605255
747,6,6,,,,,,,,0.1995919793844223,0.6521332263946533,0.2009376585483551,,,
748,2,2,,,,,,,,0.5465279221534729,0.44789808988571167,0.5035223364830017,,,
749,5,5,5,0.8888888888888888,0.3783783783783784,0.20710059171597633,0.9894941449165344,0.8236560225486755,0.3041023910045624,0.3713882565498352,0.07306569069623947,0.11422833800315857,0.321822851896286,0.06310450285673141,0.19081276655197144
750,9,9,,,,,,,,0.22169999778270721,0.25799065828323364,0.23862145841121674,,,
751,2,2,2,0.7894736842105263,0.45714285714285713,0.5338345864661654,0.9234305620193481,0.8107173442840576,0.7291588187217712,0.42650479078292847,0.08606410771608353,0.43045690655708313,0.3295391798019409,0.1484992504119873,0.5045099258422852
752,9,9,,,,,,,,0.44889456033706665,0.10753398388624191,0.22485198080539703,,,
753,1,1,,,,,,,,0.35302796959877014,0.11587618291378021,0.31962430477142334,,,
754,2,2,,,,,,,,0.4982655942440033,0.2636444568634033,0.3371630311012268,,,
755,2,2,,,,,,,,0.429021418094635,0.1426447480916977,0.2397243082523346,,,
756,6,6,,,,,,,,0.1910543143749237,0.5596108436584473,0.2091236710548401,,,
757,8,8,,,,,,,,0.4462605118751526,0.528092622756958,0.3083066940307617,,,
758,2,2,,,,,,,,0.4380829930305481,0.20653139054775238,0.21142390370368958,,,
759,1,1,,,,,,,,0.563583254814148,0.0893109068274498,0.266742080450058,,,
760,3,3,5,0.5338345864661654,0.5454545454545454,0.3877551020408163,0.9037103652954102,0.9054182171821594,0.5478847622871399,0.22685298323631287,0.36181285977363586,0.12762032449245453,0.08318287134170532,0.253844290971756,0.02558927796781063
761,6,6,,,,,,,,0.18988284468650818,0.4816697835922241,0.17664803564548492,,,
762,6,6,,,,,,,,0.2752293348312378,0.5799221992492676,0.16548043489456177,,,
763,0,0,,,,,,,,0.4891479015350342,0.48902609944343567,0.8283653259277344,,,
764,1,1,,,,,,,,0.48138171434402466,0.24071766436100006,0.1826746165752411,,,
765,2,2,,,,,,,,0.6118224859237671,0.1742912381887436,0.2758937478065491,,,
766,7,7,7,0.6721311475409836,0.4068965517241379,0.5454545454545454,0.9555662870407104,0.8785386085510254,0.6467592120170593,0.15707480907440186,0.044913921505212784,0.14365774393081665,0.1551404893398285,0.034623488783836365,0.02357841283082962
767,0,0,,,,,,,,0.10901749134063721,0.1799321323633194,0.6388422250747681,,,
768,5,5,5,0.8378378378378378,0.59375,0.5,0.9701876640319824,0.9412580728530884,0.6419728994369507,0.11561530083417892,0.054084185510873795,0.047539275139570236,0.061780039221048355,0.11297992616891861,0.03255535662174225
769,4,4,,,,,,,,0.12425773590803146,0.29234907031059265,0.1819264441728592,,,
770,6,3,,,,,,,,0.09933128952980042,0.11012014001607895,0.11624158173799515,,,
771,1,1,1,0.45714285714285713,0.6585365853658537,0.2215568862275449,0.9090887904167175,0.9012470245361328,0.5623703002929688,0.16852691769599915,0.04345285892486572,0.06936440616846085,0.25220224261283875,0.03679854795336723,0.05428989976644516
772,6,6,,,,,,,,0.42701196670532227,0.6470393538475037,0.10571317374706268,,,
773,4,4,,,,,,,,0.27317431569099426,0.34349295496940613,0.1900881677865982,,,
774,0,0,,,,,,,,0.4453713893890381,0.31399616599082947,0.8396430611610413,,,
775,2,4,,,,,,,,0.10904618352651596,0.11752273142337799,0.1660119742155075,,,
776,2,5,,,,,,,,0.1256423443555832,0.08313069492578506,0.051130183041095734,,,
777,6,6,,,,,,,,0.2088140994310379,0.5751203894615173,0.10300027579069138,,,
778,0,0,,,,,,,,0.6538403630256653,0.432833194732666,0.48112186789512634,,,
779,5,5,,,,,,,,0.06722839921712875,0.17764195799827576,0.11507846415042877,,,
780,9,9,,,,,,,,0.4343014359474182,0.14387863874435425,0.2731494605541229,,,
781,1,1,,,,,,,,0.556093156337738,0.3020208179950714,0.5342711210250854,,,
782,7,7,,,,,,,,0.18437139689922333,0.1285039484500885,0.24546751379966736,,,
783,6,6,,,,,,,,0.4240857660770416,0.36372998356819153,0.08851128816604614,,,
784,7,7,,,,,,,,0.08030697703361511,0.18140941858291626,0.13887037336826324,,,
785,0,0,,,,,,,,0.640086829662323,0.46455562114715576,0.9017338752746582,,,
786,3,3,,,,,,,,0.20196005702018738,0.2498481720685959,0.14892074465751648,,,
787,9,9,0,0.7,0.59375,0.3972602739726027,0.843285322189331,0.9181864261627197,0.49327632784843445,0.15101148188114166,0.0647864043712616,0.027081802487373352,0.01750810630619526,0.008530125953257084,0.01768198423087597
788,6,6,6,0.9428571428571428,0.8545454545454545,0.48905109489051096,0.9985342621803284,0.9880253672599792,0.8377726078033447,0.1805422306060791,0.36250612139701843,0.05260660499334335,0.19158455729484558,0.4898563325405121,0.04697079211473465
789,8,8,,,,,,,,0.15888406336307526,0.1493406742811203,0.18597882986068726,,,
790,3,3,,,,,,,,0.10391773283481598,0.06152675300836563,0.11870940774679184,,,
791,0,0,,,,,,,,0.801422655582428,0.5563014149665833,0.923848569393158,,,
792,3,3,5,0.10270270270270271,0.3691275167785235,0.09090909090909091,0.7857519388198853,0.7992836236953735,0.4201757609844208,0.06261783838272095,0.3006390929222107,0.10855106264352798,0.03647570312023163,0.26505663990974426,0.02399674616754055
793,4,5,,,,,,,,0.09054978936910629,0.05196206271648407,0.0847102627158165,,,
794,7,7,2,0.3333333333333333,0.5111111111111111,0.3691275167785235,0.8986386060714722,0.8793179988861084,0.662626326084137,0.17761743068695068,0.026568524539470673,0.04430440813302994,0.022540053352713585,0.0022453218698501587,0.0003621615469455719
795,7,7,,,,,,,,0.22828833758831024,0.12141121923923492,0.18774080276489258,,,
796,1,1,4,0.6859504132231405,0.7,0.5572519083969466,0.9854001998901367,0.8519872426986694,0.6653881669044495,0.026951925829052925,0.027449747547507286,0.0221948754042387,0.0022643019910901785,0.020113492384552956,0.0031883229967206717
797,4,4,,,,,,,,0.18683995306491852,0.1419346034526825,0.1522224098443985,,,
798,7,7,,,,,,,,0.051687855273485184,0.0255974680185318,0.06624868512153625,,,
799,2,2,3,0.5111111111111111,0.4782608695652174,0.2670807453416149,0.7697187662124634,0.8502517938613892,0.6332440972328186,0.264204204082489,0.10324984043836594,0.12546837329864502,0.22673603892326355,0.11980900913476944,0.07479198276996613
800,7,7,,,,,,,,0.32630255818367004,0.32032597064971924,0.22513598203659058,,,
801,1,1,,,,,,,,0.23748037219047546,0.2703893482685089,0.14995217323303223,,,
802,4,4,,,,,,,,0.11522459983825684,0.07683082669973373,0.036154743283987045,,,
803,7,7,,,,,,,,0.32532042264938354,0.17468543350696564,0.3505708575248718,,,
804,4,4,,,,,,,,0.44163382053375244,0.1595364212989807,0.3183051347732544,,,
805,4,4,,,,,,,,0.11582763493061066,0.1955142319202423,0.09565006196498871,,,
806,8,8,,,,,,,,0.5872824192047119,0.2894521951675415,0.14857172966003418,,,
807,4,4,,,,,,,,0.0907839760184288,0.369657039642334,0.2237238734960556,,,
808,7,7,,,,,,,,0.38836368918418884,0.24107737839221954,0.42800766229629517,,,
809,7,7,,,,,,,,0.14013445377349854,0.028194161131978035,0.40346434712409973,,,
810,5,2,,,,,,,,0.4385948181152344,0.057051144540309906,0.19447730481624603,,,
811,3,2,,,,,,,,0.2944146394729614,0.17156864702701569,0.24724897742271423,,,
812,7,7,,,,,,,,0.2689412236213684,0.16559679806232452,0.3455160856246948,,,
813,2,2,,,,,,,,0.7082908749580383,0.2246328890323639,0.6329776644706726,,,
814,0,0,,,,,,,,0.48485076427459717,0.4167274236679077,0.6848594546318054,,,
815,8,8,,,,,,,,0.32835066318511963,0.3109200596809387,0.27068760991096497,,,
816,9,9,,,,,,,,0.2399437427520752,0.16703768074512482,0.1471557766199112,,,
817,5,5,,,,,,,,0.20350858569145203,0.09143213927745819,0.41949182748794556,,,
818,8,8,8,0.7,0.5223880597014925,0.5223880597014925,0.8386609554290771,0.8717894554138184,0.5423725247383118,0.061742957681417465,0.055475495755672455,0.0334608256816864,0.17137400805950165,0.05242307484149933,0.04166681319475174
819,3,3,2,0.5111111111111111,0.5692307692307692,0.3691275167785235,0.7297893762588501,0.8985497951507568,0.41402462124824524,0.201515331864357,0.05809265375137329,0.029609328135848045,0.022346822544932365,0.060571279376745224,0.0002463039418216795
820,6,6,6,0.5572519083969466,0.5454545454545454,0.6062992125984252,0.929458737373352,0.832097053527832,0.7619221210479736,0.22596201300621033,0.3115256428718567,0.15197151899337769,0.2010064274072647,0.5244937539100647,0.17917205393314362
821,2,2,,,,,,,,0.4772116541862488,0.29133862257003784,0.5302784442901611,,,
822,0,0,,,,,,,,0.2906571626663208,0.33972156047821045,0.8758436441421509,,,
823,8,8,,,,,,,,0.6580126285552979,0.18596023321151733,0.07609719038009644,,,
824,7,7,,,,,,,,0.5519809722900391,0.3774222433567047,0.5081334710121155,,,
825,3,3,,,,,,,,0.04266122356057167,0.355431467294693,0.07620249688625336,,,
826,7,7,,,,,,,,0.11405155807733536,0.08155479282140732,0.16086095571517944,,,
827,6,6,,,,,,,,0.2791784107685089,0.6373699307441711,0.2556190490722656,,,
828,5,4,,,,,,,,0.26568350195884705,0.39400607347488403,0.2396152764558792,,,
829,3,3,,,,,,,,0.0823858305811882,0.4833132028579712,0.05192852392792702,,,
830,1,1,,,,,,,,0.20873266458511353,0.1017841324210167,0.172931969165802,,,
831,3,3,,,,,,,,0.19364914298057556,0.136605367064476,0.08671370148658752,,,
832,2,2,,,,,,,,0.7649685740470886,0.1310693472623825,0.5169689655303955,,,
833,2,2,,,,,,,,0.0735100507736206,0.135879784822464,0.04009435698390007,,,
834,5,5,,,,,,,,0.4110739231109619,0.09692703187465668,0.3593713045120239,,,
835,4,4,4,0.7,0.43661971830985913,0.4782608695652174,0.9928958415985107,0.8805047273635864,0.6273149251937866,0.09734472632408142,0.22208014130592346,0.13388057053089142,0.08349521458148956,0.1997096985578537,0.10867190361022949
836,1,9,,,,,,,,0.07573894411325455,0.09073469042778015,0.023298485204577446,,,
837,2,2,,,,,,,,0.5342133045196533,0.30235281586647034,0.298039972782135,,,
838,9,9,,,,,,,,0.16932381689548492,0.196178138256073,0.05471791326999664,,,
839,2,2,,,,,,,,0.722318708896637,0.18226762115955353,0.36139652132987976,,,
840,7,7,,,,,,,,0.4412538707256317,0.23272742331027985,0.3710940480232239,,,
841,0,0,,,,,,,,0.3843364119529724,0.7039080858230591,0.9738540649414062,,,
842,7,7,,,,,,,,0.3681335151195526,0.22582344710826874,0.38012582063674927,,,
843,2,2,,,,,,,,0.333562970161438,0.38478371500968933,0.29153597354888916,,,
844,1,1,,,,,,,,0.35281217098236084,0.10602942854166031,0.23558448255062103,,,
845,3,3,,,,,,,,0.13643059134483337,0.09202078729867935,0.15035122632980347,,,
846,2,2,,,,,,,,0.6917325258255005,0.16491948068141937,0.45277127623558044,,,
847,0,0,,,,,,,,0.48460233211517334,0.7992310523986816,0.8362131714820862,,,
848,2,2,,,,,,,,0.5977634191513062,0.295377254486084,0.11824457347393036,,,
849,4,4,,,,,,,,0.2074834555387497,0.26338931918144226,0.1756400614976883,,,
850,7,7,5,0.2911392405063291,0.45714285714285713,0.48905109489051096,0.8259384036064148,0.8763355612754822,0.6812394857406616,0.04543225094676018,0.11877654492855072,0.21422022581100464,0.13955286145210266,0.07511033862829208,0.13832606375217438
851,9,9,,,,,,,,0.24089206755161285,0.540662944316864,0.42432937026023865,,,
852,8,8,,,,,,,,0.4159785509109497,0.09325755387544632,0.025219133123755455,,,
853,9,1,,,,,,,,0.21999606490135193,0.26851722598075867,0.5216889977455139,,,
854,0,0,,,,,,,,0.5092334151268005,0.35547545552253723,0.6778708100318909,,,
855,7,7,,,,,,,,0.24621348083019257,0.1409960389137268,0.5342079997062683,,,
856,7,7,,,,,,,,0.14965294301509857,0.07495737075805664,0.0768580287694931,,,
857,0,0,,,,,,,,0.11735305935144424,0.21531346440315247,0.8788423538208008,,,
858,7,7,,,,,,,,0.40530431270599365,0.1411520093679428,0.3720870614051819,,,
859,8,8,,,,,,,,0.4856526851654053,0.19882258772850037,0.41250109672546387,,,
860,4,4,2,0.4166666666666667,0.3783783783783784,0.10869565217391304,0.9341525435447693,0.7116376161575317,0.27986061573028564,0.23216336965560913,0.4054361581802368,0.23874621093273163,0.41831836104393005,0.5194559693336487,0.18494173884391785
861,6,6,,,,,,,,0.24723631143569946,0.2246118187904358,0.0394432432949543,,,
862,3,3,,,,,,,,0.18667708337306976,0.17837662994861603,0.16320791840553284,,,
863,3,3,3,0.2830188679245283,0.43661971830985913,0.18604651162790697,0.9231172204017639,0.8803861141204834,0.0735418051481247,0.4850189685821533,0.24212725460529327,0.17610159516334534,0.572927713394165,0.2696743905544281,0.14171968400478363
864,0,0,,,,,,,,0.6216543912887573,0.8223923444747925,0.9650202393531799,,,
865,1,1,,,,,,,,0.17980128526687622,0.06418359279632568,0.07351447641849518,,,
866,3,3,5,0.1791907514450867,0.5454545454545454,0.23636363636363636,0.5708317756652832,0.8970264196395874,0.3002769351005554,0.20664404332637787,0.19114355742931366,0.12631911039352417,0.11277862638235092,0.1287914514541626,0.06097880378365517
867,7,7,,,,,,,,0.15505507588386536,0.10320154577493668,0.14437271654605865,,,
868,0,0,,,,,,,,0.2945437729358673,0.5306309461593628,0.592294454574585,,,
869,1,1,,,,,,,,0.14864736795425415,0.044146496802568436,0.0788266509771347,,,
870,3,3,2,0.0,0.20710059171597633,0.3246753246753247,0.5439674854278564,0.6554499268531799,0.28080233931541443,0.4057152569293976,0.5855721831321716,0.19471925497055054,0.008052131161093712,0.48840266466140747,0.029567252844572067
871,1,1,,,,,,,,0.6587653160095215,0.3610023558139801,0.5796546339988708,,,
872,4,4,,,,,,,,0.15375015139579773,0.10355042666196823,0.17329123616218567,,,
873,2,2,,,,,,,,0.44218090176582336,0.08710209280252457,0.2519143521785736,,,
874,3,3,,,,,,,,0.4474118649959564,0.41620245575904846,0.3974984884262085,,,
875,8,8,,,,,,,,0.5150456428527832,0.15626560151576996,0.2965434193611145,,,
876,4,4,,,,,,,,0.24045465886592865,0.4327840209007263,0.6060745120048523,,,
877,2,2,2,0.4068965517241379,0.5223880597014925,0.1724137931034483,0.9366751909255981,0.8286250829696655,0.5457285642623901,0.6987080574035645,0.1695908010005951,0.34020915627479553,0.6511291861534119,0.14688433706760406,0.4697144031524658
878,3,3,,,,,,,,0.28108954429626465,0.19727005064487457,0.21364149451255798,,,
879,7,7,,,,,,,,0.27949056029319763,0.15316493809223175,0.26696768403053284,,,
880,8,8,,,,,,,,0.5523062944412231,0.08000488579273224,0.14498791098594666,,,
881,4,4,,,,,,,,0.23087972402572632,0.04430020600557327,0.2759578227996826,,,
882,3,2,,,,,,,,0.7932766079902649,0.15998642146587372,0.18673433363437653,,,
883,0,0,,,,,,,,0.6186548471450806,0.6048364639282227,0.6648115515708923,,,
884,9,9,,,,,,,,0.3353882431983948,0.12506884336471558,0.17611970007419586,,,
885,0,0,,,,,,,,0.4432258605957031,0.2799381911754608,0.6409332752227783,,,
886,0,0,,,,,,,,0.33727768063545227,0.566497802734375,0.8588559627532959,,,
887,1,1,,,,,,,,0.07681149244308472,0.07868672162294388,0.08233549445867538,,,
888,0,8,,,,,,,,0.08175790309906006,0.04450894519686699,0.03794408217072487,,,
889,4,4,,,,,,,,0.3460349440574646,0.11064189672470093,0.17390859127044678,,,
890,4,4,,,,,,,,0.08590257167816162,0.11073955148458481,0.21476952731609344,,,
891,6,6,,,,,,,,0.7154136896133423,0.7936701774597168,0.3270874619483948,,,
892,7,7,7,0.6062992125984252,0.42657342657342656,0.4676258992805755,0.9323168992996216,0.892188549041748,0.6664466857910156,0.03273676708340645,0.03459475189447403,0.1866314560174942,0.03382609784603119,0.04231114685535431,0.1661089062690735
893,6,3,,,,,,,,0.1774565428495407,0.20862865447998047,0.11179277300834656,,,
894,1,1,,,,,,,,0.22653716802597046,0.1697876900434494,0.18992897868156433,,,
895,1,1,,,,,,,,0.2966846823692322,0.2695510983467102,0.23669925332069397,,,
896,3,3,,,,,,,,0.5599021315574646,0.2571004629135132,0.33349722623825073,,,
897,7,7,,,,,,,,0.3579365313053131,0.08573202043771744,0.18595494329929352,,,
898,3,2,,,,,,,,0.19785235822200775,0.04878006502985954,0.5151146054267883,,,
899,5,5,,,,,,,,0.36850979924201965,0.12551897764205933,0.3337112367153168,,,
900,2,2,4,0.48905109489051096,0.3877551020408163,0.5454545454545454,0.9289156198501587,0.8785791993141174,0.7926247119903564,0.5276687741279602,0.10915105044841766,0.29659610986709595,0.2777629494667053,0.07592222839593887,0.2940845489501953
901,6,6,3,0.3691275167785235,0.48905109489051096,0.42657342657342656,0.5037855505943298,0.8247085809707642,0.5176273584365845,0.1363334208726883,0.3230184316635132,0.21697703003883362,0.024591097608208656,0.3835664987564087,0.0015576131409034133
902,6,6,,,,,,,,0.44358277320861816,0.6647245287895203,0.44943171739578247,,,
903,5,5,,,,,,,,0.2520596385002136,0.04354984313249588,0.11530527472496033,,,
904,8,8,,,,,,,,0.2402121126651764,0.1758405715227127,0.11575738340616226,,,
905,7,7,,,,,,,,0.15165916085243225,0.09815837442874908,0.20788916945457458,,,
906,1,1,,,,,,,,0.42364269495010376,0.5791401863098145,0.47397807240486145,,,
907,6,6,,,,,,,,0.09856502711772919,0.39660006761550903,0.10596586763858795,,,
908,8,8,,,,,,,,0.752302885055542,0.16245678067207336,0.3904695212841034,,,
909,8,8,,,,,,,,0.5126252770423889,0.2775336802005768,0.4159948527812958,,,
910,5,7,,,,,,,,0.03492153063416481,0.01230101753026247,0.013371465727686882,,,
911,3,3,,,,,,,,0.5769185423851013,0.41353321075439453,0.5982936024665833,,,
912,0,0,,,,,,,,0.5634859204292297,0.48412445187568665,0.7811239957809448,,,
913,4,4,,,,,,,,0.08457539230585098,0.34143567085266113,0.173472061753273,,,
914,0,2,,,,,,,,0.3122124671936035,0.06534608453512192,0.15996411442756653,,,
915,1,1,,,,,,,,0.6430101990699768,0.3093999922275543,0.1684904247522354,,,
916,3,3,3,0.7435897435897436,0.5223880597014925,0.15254237288135594,0.9105092883110046,0.8620598316192627,0.32429414987564087,0.28058677911758423,0.3058026432991028,0.09471353888511658,0.18277765810489655,0.32697808742523193,0.063981793820858
917,8,8,,,,,,,,0.7082065939903259,0.3552877902984619,0.2196389138698578,,,
918,8,8,,,,,,,,0.5673173666000366,0.18587172031402588,0.4978052079677582,,,
919,0,0,,,,,,,,0.21138232946395874,0.42795997858047485,0.7804497480392456,,,
920,6,6,,,,,,,,0.15803566575050354,0.5613871812820435,0.08320248126983643,,,
921,9,9,,,,,,,,0.6798273921012878,0.19934721291065216,0.23995977640151978,,,
922,9,9,,,,,,,,0.26344355940818787,0.5037248730659485,0.27432939410209656,,,
923,9,5,,,,,,,,0.034768782556056976,0.09017226845026016,0.01835065335035324,,,
924,5,7,,,,,,,,0.009722940623760223,0.022990424185991287,0.058376211673021317,,,
925,5,3,,,,,,,,0.17273463308811188,0.17994913458824158,0.36910417675971985,,,
926,8,8,,,,,,,,0.2771511971950531,0.07702763378620148,0.1253383755683899,,,
927,6,6,,,,,,,,0.1709337681531906,0.703782320022583,0.042920537292957306,,,
928,0,0,,,,,,,,0.2507866621017456,0.5708485245704651,0.9107275605201721,,,
929,0,0,,,,,,,,0.18535764515399933,0.3026583194732666,0.7455812692642212,,,
930,4,4,,,,,,,,0.21152378618717194,0.3838188350200653,0.3524952530860901,,,
931,2,2,,,,,,,,0.20352713763713837,0.26230520009994507,0.3810510039329529,,,
932,3,3,3,0.8378378378378378,0.6062992125984252,0.4068965517241379,0.9549981355667114,0.8879008293151855,0.49088871479034424,0.3853908181190491,0.34802237153053284,0.3160765767097473,0.431780606508255,0.40268373489379883,0.1866464912891388
933,2,2,2,0.7894736842105263,0.45714285714285713,0.6585365853658537,0.959166407585144,0.8907410502433777,0.6194964051246643,0.4758870601654053,0.18989607691764832,0.1894538402557373,0.5803899765014648,0.10036320984363556,0.22704090178012848
934,7,7,,,,,,,,0.4989585280418396,0.48118358850479126,0.34015294909477234,,,
935,2,2,,,,,,,,0.5544689297676086,0.3987109959125519,0.2279420793056488,,,
936,2,2,,,,,,,,0.25050482153892517,0.17577698826789856,0.14113666117191315,,,
937,5,5,,,,,,,,0.3311624228954315,0.09417468309402466,0.0938454121351242,,,
938,9,9,,,,,,,,0.09258995950222015,0.03270862251520157,0.1263417899608612,,,
939,8,8,,,,,,,,0.11164357513189316,0.027533551678061485,0.18701578676700592,,,
940,9,9,,,,,,,,0.2571730613708496,0.6153824925422668,0.31200018525123596,,,
941,1,1,,,,,,,,0.07622940838336945,0.051845673471689224,0.1020922139286995,,,
942,7,7,,,,,,,,0.3137085735797882,0.38538244366645813,0.27652764320373535,,,
943,4,4,,,,,,,,0.10378678888082504,0.573650598526001,0.22434255480766296,,,
944,0,0,,,,,,,,0.3317147493362427,0.5726414322853088,0.7719664573669434,,,
945,3,3,,,,,,,,0.25897982716560364,0.5935971140861511,0.22731703519821167,,,
946,0,0,,,,,,,,0.2767290472984314,0.3515671193599701,0.5938801169395447,,,
947,1,1,,,,,,,,0.3600483536720276,0.15693801641464233,0.23095540702342987,,,
948,3,4,,,,,,,,0.16102954745292664,0.1666850596666336,0.20208390057086945,,,
949,8,8,,,,,,,,0.3479374051094055,0.14713379740715027,0.18855105340480804,,,
950,3,3,,,,,,,,0.3049249053001404,0.4528391659259796,0.11799023300409317,,,
951,9,9,,,,,,,,0.21167981624603271,0.1128995418548584,0.24319322407245636,,,
952,6,6,,,,,,,,0.35314640402793884,0.6906076073646545,0.2754164934158325,,,
953,1,0,,,,,,,,0.29151028394699097,0.3544043004512787,0.7414201498031616,,,
954,4,4,,,,,,,,0.33434903621673584,0.15539869666099548,0.31670942902565,,,
955,7,7,,,,,,,,0.3330201208591461,0.28371042013168335,0.4058495759963989,,,
956,0,0,,,,,,,,0.45030447840690613,0.5084524750709534,0.08120595663785934,,,
957,3,3,,,,,,,,0.25763651728630066,0.29911765456199646,0.3133969008922577,,,
958,7,7,,,,,,,,0.24826505780220032,0.21914775669574738,0.3740551471710205,,,
959,8,8,,,,,,,,0.5523993372917175,0.2936975061893463,0.1748688519001007,,,
960,9,9,,,,,,,,0.12942253053188324,0.29518431425094604,0.17976906895637512,,,
961,1,1,,,,,,,,0.13697928190231323,0.033419668674468994,0.12658601999282837,,,
962,1,1,,,,,,,,0.20658181607723236,0.39541593194007874,0.1992696225643158,,,
963,6,6,,,,,,,,0.5296915173530579,0.5632296800613403,0.20885787904262543,,,
964,6,6,,,,,,,,0.05907128006219864,0.4960506856441498,0.035613156855106354,,,
965,6,6,,,,,,,,0.19943231344223022,0.3922574520111084,0.1352357566356659,,,
966,6,3,,,,,,,,0.167913556098938,0.298860639333725,0.2363854944705963,,,
967,9,9,0,0.10270270270270271,0.59375,0.2830188679245283,0.8401952385902405,0.8420975804328918,0.5843104124069214,0.030720053240656853,0.031486961990594864,0.024725494906306267,0.018050896003842354,0.02021804265677929,0.0021584753412753344
968,1,1,,,,,,,,0.5048872828483582,0.24078436195850372,0.48544538021087646,,,
969,9,9,,,,,,,,0.40043187141418457,0.16497299075126648,0.17271745204925537,,,
970,9,9,,,,,,,,0.29253190755844116,0.12247390300035477,0.3819803297519684,,,
971,4,4,4,0.43661971830985913,0.5813953488372093,0.10270270270270271,0.9738562703132629,0.8972604274749756,0.19040435552597046,0.109502412378788,0.4356960654258728,0.38044294714927673,0.2588071823120117,0.41724109649658203,0.34284454584121704
972,2,6,,,,,,,,0.16499237716197968,0.5893309116363525,0.0669478327035904,,,
973,1,1,,,,,,,,0.24095746874809265,0.33330056071281433,0.42014679312705994,,,
974,7,7,0,0.4782608695652174,0.42657342657342656,0.1590909090909091,0.7658210396766663,0.8500157594680786,0.39141708612442017,0.03283508121967316,0.027776189148426056,0.044028859585523605,0.009180676192045212,0.0023329227697104216,0.00042204628698527813
975,0,0,,,,,,,,0.5729511976242065,0.6544287204742432,0.98166823387146,,,
976,6,6,3,0.10869565217391304,0.45714285714285713,0.43661971830985913,0.644615650177002,0.8476163148880005,0.6489983201026917,0.15177036821842194,0.45409461855888367,0.08821273595094681,0.01703139953315258,0.5712612271308899,0.0015817302046343684
977,8,8,,,,,,,,0.6905421614646912,0.09055592864751816,0.05020856484770775,,,
978,1,1,,,,,,,,0.5074896216392517,0.13048505783081055,0.3722592294216156,,,
979,9,9,,,,,,,,0.21518833935260773,0.2641482949256897,0.32218223810195923,,,
980,2,2,,,,,,,,0.7307947874069214,0.10866890102624893,0.4416811466217041,,,
981,9,9,,,,,,,,0.2193167507648468,0.13139839470386505,0.09132162481546402,,,
982,0,0,4,0.7586206896551724,0.6859504132231405,0.3972602739726027,0.9762862920761108,0.9364169836044312,0.7156599760055542,0.3409661054611206,0.33097055554389954,0.15972986817359924,0.4425743520259857,0.2615072429180145,0.49197834730148315
983,4,4,,,,,,,,0.39919769763946533,0.20426909625530243,0.2341928631067276,,,
984,7,7,,,,,,,,0.5391899943351746,0.4098362624645233,0.4861730933189392,,,
985,8,8,,,,,,,,0.24002297222614288,0.1597268134355545,0.11287960410118103,,,
986,3,3,,,,,,,,0.41397547721862793,0.5579354763031006,0.5871139168739319,,,
987,1,1,,,,,,,,0.5351812243461609,0.28257086873054504,0.5030788779258728,,,
988,2,2,,,,,,,,0.0697823166847229,0.08233293145895004,0.14355015754699707,,,
989,0,0,,,,,,,,0.1764252781867981,0.5874717831611633,0.6595659255981445,,,
990,1,1,,,,,,,,0.5311959385871887,0.15519574284553528,0.41010618209838867,,,
991,5,5,,,,,,,,0.13821262121200562,0.07186482846736908,0.11761409044265747,,,
992,8,8,,,,,,,,0.38107916712760925,0.24909621477127075,0.40924108028411865,,,
993,4,4,4,0.7142857142857143,0.44680851063829785,0.29936305732484075,0.9405969977378845,0.8176499605178833,0.6784920692443848,0.2764336168766022,0.059744853526353836,0.18192778527736664,0.23892204463481903,0.11113601922988892,0.06025261431932449
994,6,2,,,,,,,,0.40328580141067505,0.15697431564331055,0.13338640332221985,,,
995,3,3,,,,,,,,0.5021792650222778,0.5633695125579834,0.0868120789527893,,,
996,8,8,,,,,,,,0.24551457166671753,0.08225098997354507,0.3136712908744812,,,
997,1,1,,,,,,,,0.3885018229484558,0.37805870175361633,0.14881692826747894,,,
998,3,3,,,,,,,,0.2916499972343445,0.15210479497909546,0.3113357126712799,,,
999,8,8,,,,,,,,0.39846670627593994,0.24265128374099731,0.225851908326149,,,
