ds_idx,true,pred_clean,pred_adv,iou10_gc,iou10_ig,iou10_rise,rho_gc,rho_ig,rho_rise,del_auc_gc_clean,del_auc_ig_clean,del_auc_rise_clean,del_auc_gc_adv,del_auc_ig_adv,del_auc_rise_adv
0,3,3,,,,,,,,0.25743746757507324,0.7427040934562683,0.32194873690605164,,,
1,8,8,,,,,,,,0.3600694239139557,0.30506211519241333,0.17375783622264862,,,
2,8,8,1,0.45390070921985815,0.7,0.5223880597014925,0.8244154453277588,0.8331493139266968,0.6803698539733887,0.5289945006370544,0.0636640191078186,0.2539001405239105,0.0978388711810112,0.06539272516965866,0.006854911334812641
3,0,8,,,,,,,,0.4106593430042267,0.12691403925418854,0.10707876831293106,,,
4,6,6,,,,,,,,0.53626948595047,0.7656433582305908,0.4713658392429352,,,
5,6,6,,,,,,,,0.17557504773139954,0.5906553268432617,0.2132258117198944,,,
6,1,1,9,0.3161290322580645,0.8214285714285714,0.2911392405063291,0.9515202641487122,0.9498852491378784,0.7175378799438477,0.0616520494222641,0.22108043730258942,0.11969951540231705,0.023906759917736053,0.2159639298915863,0.0736146867275238
7,6,6,2,0.6062992125984252,0.29936305732484075,0.34210526315789475,0.9094206094741821,0.7017350196838379,0.47566455602645874,0.23854999244213104,0.3800867795944214,0.18656395375728607,0.27158188819885254,0.5706624984741211,0.03462836891412735
8,3,3,5,0.45714285714285713,0.42657342657342656,0.18604651162790697,0.6592943668365479,0.8073896169662476,0.31203126907348633,0.20540711283683777,0.2964412569999695,0.4008318781852722,0.02304040640592575,0.2903810441493988,0.0772370994091034
9,1,1,,,,,,,,0.2065477967262268,0.26683270931243896,0.1885848045349121,,,
10,0,0,,,,,,,,0.6156447529792786,0.34543368220329285,0.63588947057724,,,
11,9,9,,,,,,,,0.48124849796295166,0.32774320244789124,0.3308226466178894,,,
12,5,5,,,,,,,,0.2183428406715393,0.0381346121430397,0.10318241268396378,,,
13,7,7,,,,,,,,0.37077564001083374,0.09050766378641129,0.14380602538585663,,,
14,9,9,,,,,,,,0.2831346392631531,0.10616931319236755,0.14482715725898743,,,
15,8,6,,,,,,,,0.37748903036117554,0.6715224385261536,0.1936064511537552,,,
16,5,5,,,,,,,,0.26458296179771423,0.03573879227042198,0.11290090531110764,,,
17,7,7,,,,,,,,0.1490306258201599,0.1337069422006607,0.11249532550573349,,,
18,8,8,,,,,,,,0.5369253158569336,0.0471472293138504,0.14159877598285675,,,
19,6,6,,,,,,,,0.24851477146148682,0.5106853246688843,0.196857288479805,,,
20,7,7,5,0.4676258992805755,0.3783783783783784,0.4782608695652174,0.877005398273468,0.8684269189834595,0.5606399774551392,0.28659120202064514,0.05721089988946915,0.15300728380680084,0.16737234592437744,0.06983675807714462,0.0691177025437355
21,0,0,,,,,,,,0.5295737981796265,0.5175624489784241,0.4814034700393677,,,
22,4,4,0,0.20710059171597633,0.3246753246753247,0.5223880597014925,0.7177640199661255,0.7103858590126038,0.5810235738754272,0.04317643493413925,0.03266119211912155,0.02500057779252529,0.00024438899708911777,0.051349811255931854,0.0003892257809638977
23,9,9,,,,,,,,0.44799116253852844,0.46159908175468445,0.2249036431312561,,,
24,5,5,4,0.5223880597014925,0.6062992125984252,0.275,0.7702962160110474,0.923917293548584,0.5490989685058594,0.27095553278923035,0.08282677829265594,0.09802360832691193,0.08624428510665894,0.11812175065279007,0.23664696514606476
25,2,2,3,0.5223880597014925,0.4782608695652174,0.42657342657342656,0.9395781755447388,0.8541427254676819,0.7246193885803223,0.4760645031929016,0.1172340139746666,0.2278338223695755,0.3624230623245239,0.25258010625839233,0.13582678139209747
26,4,4,3,0.19298245614035087,0.3076923076923077,0.5,0.8177967667579651,0.8342952728271484,0.587773323059082,0.12315837293863297,0.1601332724094391,0.3570970892906189,0.22317466139793396,0.15704528987407684,0.23387783765792847
27,0,0,,,,,,,,0.561904788017273,0.29410475492477417,0.6646247506141663,,,
28,9,9,1,0.2289156626506024,0.6062992125984252,0.1791907514450867,0.799846887588501,0.9342495203018188,0.6371668577194214,0.3271695673465729,0.2063094824552536,0.18101617693901062,0.14345695078372955,0.1450742483139038,0.05501391366124153
29,6,6,,,,,,,,0.2707847058773041,0.5929005146026611,0.1491653323173523,,,
30,6,6,3,0.5111111111111111,0.3076923076923077,0.19298245614035087,0.5576173663139343,0.754658579826355,0.4536588788032532,0.05756748095154762,0.2777995467185974,0.03947819024324417,0.019748490303754807,0.35320720076560974,0.005268732085824013
31,5,5,3,0.0,0.42657342657342656,0.046153846153846156,0.8176947832107544,0.8463223576545715,-0.15951505303382874,0.21803587675094604,0.12742722034454346,0.3909258246421814,0.23748990893363953,0.22544655203819275,0.02695196494460106
32,4,4,5,0.12087912087912088,0.4068965517241379,0.0,0.8574346303939819,0.8362303972244263,-0.1150120198726654,0.27293315529823303,0.15577173233032227,0.3826577067375183,0.016650591045618057,0.26390770077705383,0.05632786452770233
33,5,5,2,0.0625,0.5572519083969466,0.44680851063829785,0.5289090275764465,0.85820472240448,0.42601490020751953,0.24166013300418854,0.06262194365262985,0.07341515272855759,0.04245946556329727,0.03147661313414574,0.007620510645210743
34,9,9,,,,,,,,0.2799808084964752,0.15661565959453583,0.23439958691596985,,,
35,2,2,3,0.11475409836065574,0.5338345864661654,0.2830188679245283,0.6292706727981567,0.8843814134597778,0.6305497884750366,0.3006252646446228,0.08950086683034897,0.07467301934957504,0.21369242668151855,0.055653490126132965,0.0195926446467638
36,4,4,5,0.5813953488372093,0.5,0.48905109489051096,0.9426205158233643,0.9024283289909363,0.5471123456954956,0.2070789784193039,0.3288593292236328,0.026800625026226044,0.27075618505477905,0.4570086598396301,0.0016524858074262738
37,1,1,9,0.07368421052631578,0.48905109489051096,0.3509933774834437,0.6786323189735413,0.8461322784423828,0.6252363920211792,0.026735184714198112,0.15413102507591248,0.05915750190615654,0.01603131741285324,0.087522953748703,0.027805738151073456
38,9,9,,,,,,,,0.40837350487709045,0.2619052529335022,0.15856418013572693,,,
39,5,5,,,,,,,,0.4315534234046936,0.05702239274978638,0.22257626056671143,,,
40,4,4,,,,,,,,0.15942496061325073,0.10303466767072678,0.13354797661304474,,,
41,6,6,,,,,,,,0.3644283711910248,0.34477728605270386,0.21926918625831604,,,
42,5,5,,,,,,,,0.13326190412044525,0.050230368971824646,0.11331366747617722,,,
43,6,6,,,,,,,,0.19458572566509247,0.4722215533256531,0.09360962361097336,,,
44,0,0,,,,,,,,0.2988358736038208,0.9068262577056885,0.7635365724563599,,,
45,9,9,,,,,,,,0.4189295768737793,0.23075883090496063,0.21403153240680695,,,
46,3,3,2,0.275,0.5,0.1791907514450867,0.5324139595031738,0.8548572063446045,0.3009544014930725,0.1657639890909195,0.5515764355659485,0.11539818346500397,0.08644769340753555,0.3132011890411377,0.1532423049211502
47,9,9,0,0.3509933774834437,0.5572519083969466,0.2911392405063291,0.8318551778793335,0.8928993940353394,0.7306607961654663,0.1754860132932663,0.022409681230783463,0.01412965077906847,0.0015538218431174755,0.005424488335847855,0.0022754392120987177
48,7,7,,,,,,,,0.17618128657341003,0.15842925012111664,0.07939250767230988,,,
49,6,6,2,0.2670807453416149,0.4068965517241379,0.7739130434782608,0.8518257141113281,0.8175802826881409,0.51622474193573,0.10776377469301224,0.3201789855957031,0.0713554322719574,0.12859255075454712,0.20174363255500793,0.005088280886411667
50,9,9,,,,,,,,0.22821228206157684,0.16065706312656403,0.23912039399147034,,,
51,8,8,,,,,,,,0.49909481406211853,0.18236011266708374,0.28393277525901794,,,
52,0,5,,,,,,,,0.15137764811515808,0.06036465987563133,0.0188599843531847,,,
53,3,3,5,0.59375,0.5338345864661654,0.05699481865284974,0.8442929983139038,0.8229417204856873,0.3657389283180237,0.4971257746219635,0.2803691625595093,0.41766154766082764,0.24081110954284668,0.21835964918136597,0.03371052443981171
54,8,8,0,0.3691275167785235,0.44680851063829785,0.42657342657342656,0.6351037621498108,0.8081567287445068,0.41758206486701965,0.28721287846565247,0.21776852011680603,0.08077768981456757,0.15151648223400116,0.17361235618591309,0.02719801850616932
55,8,8,,,,,,,,0.6525285243988037,0.08949913829565048,0.08079144358634949,,,
56,7,7,,,,,,,,0.3767281472682953,0.12079071253538132,0.3040662705898285,,,
57,7,5,,,,,,,,0.1322644203901291,0.027275053784251213,0.023731959983706474,,,
58,4,4,3,0.07368421052631578,0.3783783783783784,0.4166666666666667,0.6272429823875427,0.8616880178451538,0.3861556053161621,0.033681053668260574,0.24497486650943756,0.2867819368839264,0.06500929594039917,0.06536224484443665,0.011791792698204517
59,6,3,,,,,,,,0.5809918642044067,0.21454104781150818,0.2440001368522644,,,
60,7,7,,,,,,,,0.3525298535823822,0.136621356010437,0.26137247681617737,,,
61,3,5,,,,,,,,0.21662072837352753,0.047247979789972305,0.05966944992542267,,,
62,6,6,3,0.1791907514450867,0.4068965517241379,0.42657342657342656,0.7354869842529297,0.8646281957626343,0.4272710084915161,0.052793264389038086,0.3283129930496216,0.08333367109298706,0.056647803634405136,0.3229830861091614,0.10077483206987381
63,3,3,1,0.3972602739726027,0.48905109489051096,0.0967741935483871,0.7877568006515503,0.8668547868728638,0.4591696262359619,0.12333246320486069,0.2965838313102722,0.14506714046001434,0.02050468698143959,0.32975175976753235,0.06394583731889725
64,6,6,2,0.42657342657342656,0.4068965517241379,0.43661971830985913,0.839044988155365,0.9071006774902344,0.5743776559829712,0.15606193244457245,0.23858098685741425,0.12903526425361633,0.12318146228790283,0.18699461221694946,0.008957095444202423
65,2,2,,,,,,,,0.7487289309501648,0.3730604350566864,0.31124088168144226,,,
66,1,1,,,,,,,,0.20716188848018646,0.18261271715164185,0.18158653378486633,,,
67,2,2,,,,,,,,0.32866090536117554,0.2579466998577118,0.19578367471694946,,,
68,3,3,5,0.11413043478260869,0.6062992125984252,0.13966480446927373,0.570003867149353,0.8662303686141968,0.13009679317474365,0.16138480603694916,0.17317230999469757,0.182631254196167,0.0721513107419014,0.1643669158220291,0.08481305837631226
69,7,7,4,0.8545454545454545,0.7288135593220338,0.6585365853658537,0.9677845239639282,0.9503943920135498,0.749606728553772,0.0744069367647171,0.10734295099973679,0.025646399706602097,0.020622434094548225,0.0667993351817131,0.004516191314905882
70,2,2,3,0.1590909090909091,0.34210526315789475,0.632,0.6192947626113892,0.7619285583496094,0.616346001625061,0.16208194196224213,0.11040373146533966,0.5163153409957886,0.14395613968372345,0.0742044523358345,0.23324407637119293
71,6,6,3,0.44680851063829785,0.44680851063829785,0.5813953488372093,0.9316689968109131,0.8354489803314209,0.5478962659835815,0.09480037540197372,0.20201340317726135,0.042130760848522186,0.06687181442975998,0.32664990425109863,0.0016953578451648355
72,8,8,0,0.3161290322580645,0.5813953488372093,0.25925925925925924,0.3610346019268036,0.8981121182441711,0.36295342445373535,0.6034169793128967,0.10862824320793152,0.18149130046367645,0.01988927647471428,0.06607963144779205,0.0005191699601709843
73,8,8,0,0.3877551020408163,0.3691275167785235,0.45714285714285713,0.6360601782798767,0.8144499659538269,0.4327150583267212,0.36998483538627625,0.1604597121477127,0.11945393681526184,0.10331442207098007,0.24060049653053284,0.004679334349930286
74,0,0,9,0.7739130434782608,0.5338345864661654,0.4166666666666667,0.9294931292533875,0.9181492328643799,0.4731060266494751,0.3985710144042969,0.6065114736557007,0.6073424220085144,0.49468937516212463,0.6715160608291626,0.34418201446533203
75,2,2,,,,,,,,0.4454774260520935,0.4724493622779846,0.3574160635471344,,,
76,9,9,,,,,,,,0.2052335888147354,0.16329073905944824,0.14109160006046295,,,
77,3,3,,,,,,,,0.2755553722381592,0.29930219054222107,0.33791834115982056,,,
78,3,5,,,,,,,,0.08809677511453629,0.04384054243564606,0.10014530271291733,,,
79,8,8,0,0.07936507936507936,0.4166666666666667,0.43661971830985913,0.48783037066459656,0.7454622983932495,0.5457091331481934,0.2999173700809479,0.2035634070634842,0.1883798986673355,0.04925621673464775,0.15655958652496338,0.0355977863073349
80,8,8,,,,,,,,0.7553710341453552,0.2969987392425537,0.2800505459308624,,,
81,1,1,9,0.3246753246753247,0.4782608695652174,0.6062992125984252,0.8888413310050964,0.7753602266311646,0.6608384251594543,0.11277029663324356,0.20385658740997314,0.33497753739356995,0.1467042863368988,0.20139175653457642,0.12297568470239639
82,1,1,,,,,,,,0.1343756467103958,0.29392555356025696,0.21666952967643738,,,
83,7,7,,,,,,,,0.25155237317085266,0.10469206422567368,0.7253738641738892,,,
84,2,2,5,0.3333333333333333,0.4166666666666667,0.2830188679245283,0.6501145362854004,0.812363862991333,0.5870082974433899,0.289030522108078,0.11017315089702606,0.24353811144828796,0.23044858872890472,0.23384827375411987,0.1609455943107605
85,5,5,7,0.2289156626506024,0.5111111111111111,0.3877551020408163,0.8449174165725708,0.8759218454360962,0.5265414118766785,0.060038622468709946,0.0522647388279438,0.05074484273791313,0.041355881839990616,0.042437948286533356,0.015798160806298256
86,2,2,0,0.1270718232044199,0.42657342657342656,0.2215568862275449,0.7317113876342773,0.7714880704879761,0.4509040117263794,0.4828418791294098,0.19374890625476837,0.3301204741001129,0.15807296335697174,0.08696925640106201,0.05220232158899307
87,7,3,,,,,,,,0.10732459276914597,0.15692494809627533,0.14023640751838684,,,
88,8,8,,,,,,,,0.4043201506137848,0.09185317158699036,0.22478240728378296,,,
89,9,9,,,,,,,,0.15838401019573212,0.2412831038236618,0.13429346680641174,,,
90,0,0,,,,,,,,0.3059294819831848,0.7137773633003235,0.9042832851409912,,,
91,3,3,,,,,,,,0.21309533715248108,0.28155893087387085,0.26277515292167664,,,
92,8,8,,,,,,,,0.5730233192443848,0.32176217436790466,0.10727086663246155,,,
93,6,6,,,,,,,,0.3297315537929535,0.5847789645195007,0.2170194685459137,,,
94,4,4,,,,,,,,0.2593388855457306,0.20156151056289673,0.3903653621673584,,,
95,6,6,3,0.3333333333333333,0.5692307692307692,0.3333333333333333,0.8959828615188599,0.8795350193977356,0.701433002948761,0.14156591892242432,0.579099178314209,0.07161478698253632,0.042472224682569504,0.5903174877166748,0.014651515521109104
96,6,6,4,0.23636363636363636,0.5223880597014925,0.44680851063829785,0.8060834407806396,0.8632559180259705,0.5388287305831909,0.28605160117149353,0.48733633756637573,0.039572905749082565,0.06294194608926773,0.5499472618103027,0.021922919899225235
97,0,0,2,0.48905109489051096,0.3076923076923077,0.21428571428571427,0.9283921718597412,0.7990034818649292,0.24739429354667664,0.1439712792634964,0.12141132354736328,0.5879766941070557,0.1172848716378212,0.3094345033168793,0.7250174283981323
98,0,0,,,,,,,,0.4767027795314789,0.6122825145721436,0.9604719281196594,,,
99,7,7,,,,,,,,0.17806851863861084,0.07953044027090073,0.24445897340774536,,,
100,4,4,,,,,,,,0.21082289516925812,0.1588553935289383,0.2058635801076889,,,
101,5,5,4,0.48905109489051096,0.5572519083969466,0.5223880597014925,0.9522824287414551,0.8491595387458801,0.5039898753166199,0.07744261622428894,0.03514301776885986,0.10468541830778122,0.1839720457792282,0.01800519973039627,0.06588847190141678
102,6,6,,,,,,,,0.2191578447818756,0.2535514831542969,0.19141554832458496,,,
103,3,3,,,,,,,,0.32616761326789856,0.4347095787525177,0.46251410245895386,,,
104,1,1,,,,,,,,0.23514266312122345,0.08915998041629791,0.15180851519107819,,,
105,1,1,,,,,,,,0.3231945335865021,0.5390764474868774,0.11090629547834396,,,
106,3,3,2,0.7142857142857143,0.59375,0.3972602739726027,0.8812075853347778,0.8989401459693909,0.5139269828796387,0.062319204211235046,0.2520102262496948,0.07538163661956787,0.02225588820874691,0.2534216344356537,0.010033413767814636
107,6,6,,,,,,,,0.4159107208251953,0.6450346112251282,0.28700050711631775,,,
108,8,8,,,,,,,,0.4406174421310425,0.38818085193634033,0.26814475655555725,,,
109,7,7,,,,,,,,0.16230419278144836,0.04152875393629074,0.18082720041275024,,,
110,4,4,5,0.6062992125984252,0.36,0.3333333333333333,0.8895437121391296,0.7551795244216919,0.691875696182251,0.2556346356868744,0.33572202920913696,0.05519341677427292,0.006906444206833839,0.2147371619939804,0.006819607689976692
111,0,0,,,,,,,,0.701181948184967,0.6453539133071899,0.715302586555481,,,
112,6,6,,,,,,,,0.14357922971248627,0.31114643812179565,0.130052849650383,,,
113,2,2,,,,,,,,0.5430223941802979,0.2661389708518982,0.45909571647644043,,,
114,1,1,,,,,,,,0.2843345105648041,0.07343944907188416,0.17694292962551117,,,
115,3,3,,,,,,,,0.22852203249931335,0.5224248766899109,0.2471187859773636,,,
116,0,0,,,,,,,,0.3626066744327545,0.6540724635124207,0.9419265389442444,,,
117,4,4,,,,,,,,0.1818767935037613,0.24540065228939056,0.07021525502204895,,,
118,2,6,,,,,,,,0.036040980368852615,0.38126638531684875,0.03553183004260063,,,
119,7,7,,,,,,,,0.22814704477787018,0.08840418606996536,0.47503164410591125,,,
120,8,8,0,0.0,0.36,0.44680851063829785,0.2848615050315857,0.8376580476760864,0.505937933921814,0.7984707355499268,0.10739856213331223,0.2254507690668106,0.08954108506441116,0.024245720356702805,0.0033948044292628765
121,3,3,0,0.8378378378378378,0.5,0.10270270270270271,0.972625732421875,0.9247936010360718,0.08398847281932831,0.49498051404953003,0.37787729501724243,0.11828205734491348,0.3081473112106323,0.24365325272083282,0.21429897844791412
122,1,1,,,,,,,,0.41509971022605896,0.10674425959587097,0.5278810858726501,,,
123,2,2,,,,,,,,0.6941576600074768,0.30963432788848877,0.5832061171531677,,,
124,8,8,0,0.05699481865284974,0.29936305732484075,0.12087912087912088,0.16572795808315277,0.7963227033615112,0.20104166865348816,0.47562140226364136,0.0354037769138813,0.06872032582759857,0.004079075064510107,0.018646804615855217,0.0008793123415671289
125,0,2,,,,,,,,0.17677508294582367,0.21524563431739807,0.021114641800522804,,,
126,8,8,,,,,,,,0.8053894639015198,0.1166902482509613,0.3514283299446106,,,
127,3,3,,,,,,,,0.3439812958240509,0.26884928345680237,0.2911160886287689,,,
128,5,3,,,,,,,,0.11491013318300247,0.4070696532726288,0.03278648108243942,,,
129,2,2,,,,,,,,0.5036118030548096,0.30409955978393555,0.4067195653915405,,,
130,4,4,,,,,,,,0.10460279136896133,0.17868418991565704,0.20746225118637085,,,
131,1,1,,,,,,,,0.3362084925174713,0.45586034655570984,0.3999050259590149,,,
132,8,8,,,,,,,,0.3309081494808197,0.11906430125236511,0.22708769142627716,,,
133,9,9,,,,,,,,0.6478840708732605,0.28436896204948425,0.270935982465744,,,
134,1,1,,,,,,,,0.10076446831226349,0.2935841679573059,0.24131938815116882,,,
135,2,2,,,,,,,,0.700892448425293,0.16453567147254944,0.7348477244377136,,,
136,9,9,,,,,,,,0.3849276900291443,0.179130420088768,0.37855738401412964,,,
137,7,7,,,,,,,,0.1740403026342392,0.31002193689346313,0.1931927651166916,,,
138,2,2,,,,,,,,0.7560847997665405,0.10522163659334183,0.5757323503494263,,,
139,9,9,1,0.6666666666666666,0.5572519083969466,0.4782608695652174,0.9904515743255615,0.8541983366012573,0.38095512986183167,0.03576856851577759,0.030507072806358337,0.02184397727251053,0.005036928690969944,0.02597595937550068,0.03744562342762947
140,6,6,3,0.0,0.3161290322580645,0.3783783783783784,0.5025781393051147,0.830569863319397,0.6660454273223877,0.3098521828651428,0.39109012484550476,0.09511270374059677,0.3201673626899719,0.4620337188243866,0.012059042230248451
141,5,5,2,0.45714285714285713,0.6859504132231405,0.25925925925925924,0.7483521699905396,0.9303430318832397,0.4968274235725403,0.377572238445282,0.06097908318042755,0.44150009751319885,0.10243633389472961,0.07219023257493973,0.14940539002418518
142,6,6,,,,,,,,0.28011879324913025,0.3932514190673828,0.20682936906814575,,,
143,3,3,5,0.3691275167785235,0.5338345864661654,0.4782608695652174,0.6344879865646362,0.9188936352729797,0.5415547490119934,0.04999622330069542,0.18829667568206787,0.03745324909687042,0.27842214703559875,0.1536899358034134,0.03161882981657982
144,8,8,,,,,,,,0.7580513954162598,0.18548452854156494,0.18787318468093872,,,
145,7,7,2,0.4855072463768116,0.45714285714285713,0.4782608695652174,0.7855386137962341,0.8459676504135132,0.6286287307739258,0.10462155938148499,0.053275249898433685,0.028057733550667763,0.043222490698099136,0.0032412076834589243,0.003954281564801931
146,6,6,,,,,,,,0.11729273200035095,0.625836968421936,0.3144172430038452,,,
147,2,5,,,,,,,,0.2336014211177826,0.042690765112638474,0.028444528579711914,,,
148,5,5,3,0.0,0.6190476190476191,0.5813953488372093,0.2834819257259369,0.8730931282043457,0.2825359106063843,0.08040473610162735,0.06835882365703583,0.20740017294883728,0.019746525213122368,0.03250601515173912,0.019108809530735016
149,2,2,,,,,,,,0.8436752557754517,0.2532815635204315,0.41648897528648376,,,
150,8,8,0,0.37583892617449666,0.5692307692307692,0.5454545454545454,0.7600345611572266,0.9237223863601685,0.683752179145813,0.3432217836380005,0.09028025716543198,0.20479656755924225,0.04929322376847267,0.04343854635953903,0.009451310150325298
151,9,9,1,0.5454545454545454,0.45714285714285713,0.4676258992805755,0.9286527633666992,0.8534272313117981,0.48721858859062195,0.056338466703891754,0.10732696205377579,0.12508702278137207,0.022423245012760162,0.049439847469329834,0.016516465693712234
152,6,6,3,0.38513513513513514,0.59375,0.44680851063829785,0.8656229972839355,0.8534128665924072,0.6039918065071106,0.07882235944271088,0.34122538566589355,0.13157568871974945,0.016740886494517326,0.2512570023536682,0.04595539718866348
153,0,0,,,,,,,,0.6365433931350708,0.3471035957336426,0.9722882509231567,,,
154,0,0,,,,,,,,0.44952380657196045,0.5433416366577148,0.6321614980697632,,,
155,5,5,,,,,,,,0.27548444271087646,0.031911902129650116,0.1165742501616478,,,
156,2,2,,,,,,,,0.46512266993522644,0.23480340838432312,0.3416629433631897,,,
157,9,9,,,,,,,,0.25926148891448975,0.09375079721212387,0.16514717042446136,,,
158,5,3,,,,,,,,0.4796493351459503,0.5441868305206299,0.11832964420318604,,,
159,4,4,,,,,,,,0.16608497500419617,0.31401604413986206,0.2495514154434204,,,
160,2,2,0,0.0,0.3246753246753247,0.44680851063829785,0.6451402902603149,0.8213413953781128,0.6572598218917847,0.6372320055961609,0.09252400696277618,0.2186167985200882,0.39140573143959045,0.06234017387032509,0.2525041997432709
161,1,1,,,,,,,,0.16759806871414185,0.33179137110710144,0.13514912128448486,,,
162,6,6,3,0.0,0.4782608695652174,0.2670807453416149,0.6127145290374756,0.7958447337150574,0.6174447536468506,0.19775284826755524,0.45186734199523926,0.025476038455963135,0.013006187044084072,0.39692503213882446,0.008361396379768848
163,6,6,,,,,,,,0.38837605714797974,0.6192014217376709,0.3958265781402588,,,
164,8,8,0,0.4676258992805755,0.7,0.06806282722513089,0.6990010738372803,0.9140836000442505,0.21596616506576538,0.03961858153343201,0.04732462018728256,0.02442161925137043,0.031936582177877426,0.06347241997718811,0.012571140192449093
165,4,4,2,0.59375,0.6190476190476191,0.20710059171597633,0.8439193367958069,0.8877173066139221,0.6419068574905396,0.3426879048347473,0.08419561386108398,0.03860868886113167,0.15612342953681946,0.2052994817495346,0.0557924285531044
166,8,8,2,0.42657342657342656,0.3161290322580645,0.3161290322580645,0.8717332482337952,0.7485430240631104,0.4922405481338501,0.5376206636428833,0.04348485916852951,0.09244752675294876,0.05147458612918854,0.09542528539896011,0.019446182996034622
167,4,4,2,0.3246753246753247,0.36,0.6062992125984252,0.8369552493095398,0.7333807945251465,0.5089612007141113,0.2044381946325302,0.16466321051120758,0.26306161284446716,0.04475080594420433,0.06637580692768097,0.0175013467669487
168,5,5,,,,,,,,0.1122516542673111,0.1408718377351761,0.06401848047971725,,,
169,0,8,,,,,,,,0.17154456675052643,0.04063550382852554,0.03854309022426605,,,
170,9,9,,,,,,,,0.23449677228927612,0.1738814264535904,0.23169656097888947,,,
171,9,0,,,,,,,,0.741814911365509,0.2686106860637665,0.7539204359054565,,,
172,9,9,,,,,,,,0.3547018766403198,0.07557894289493561,0.19554680585861206,,,
173,8,8,,,,,,,,0.24183319509029388,0.24037688970565796,0.08739415556192398,,,
174,9,9,,,,,,,,0.5164191126823425,0.12813913822174072,0.17336294054985046,,,
175,9,9,,,,,,,,0.1031905934214592,0.24896599352359772,0.2793475389480591,,,
176,3,3,5,0.9065420560747663,0.5111111111111111,0.42657342657342656,0.8831490278244019,0.8189920783042908,0.3696855306625366,0.15837763249874115,0.500735342502594,0.14453630149364471,0.08092659711837769,0.4615241587162018,0.02498527429997921
177,7,7,,,,,,,,0.36420005559921265,0.25589171051979065,0.4174097776412964,,,
178,5,2,,,,,,,,0.20766253769397736,0.05615711957216263,0.05110135301947594,,,
179,0,0,,,,,,,,0.42031535506248474,0.4362580478191376,0.8637121915817261,,,
180,0,0,,,,,,,,0.2972468435764313,0.6544195413589478,0.6128907799720764,,,
181,5,5,,,,,,,,0.1758594810962677,0.0783160850405693,0.04778419807553291,,,
182,2,2,,,,,,,,0.7539483308792114,0.6078755259513855,0.5580126643180847,,,
183,2,3,,,,,,,,0.2741851210594177,0.2502959072589874,0.027626298367977142,,,
184,3,3,5,0.5692307692307692,0.6190476190476191,0.5454545454545454,0.782448410987854,0.8799796104431152,0.4079315662384033,0.0803508535027504,0.18709677457809448,0.08102813363075256,0.03142727166414261,0.20030972361564636,0.09749722480773926
185,8,8,,,,,,,,0.7398273944854736,0.4903114438056946,0.3124019503593445,,,
186,6,6,,,,,,,,0.03942398354411125,0.5972201824188232,0.12525032460689545,,,
187,3,3,,,,,,,,0.11487466096878052,0.279181569814682,0.12241895496845245,,,
188,4,2,,,,,,,,0.6258354187011719,0.10356523096561432,0.3626750409603119,,,
189,0,0,,,,,,,,0.22124740481376648,0.2607725262641907,0.6409361958503723,,,
190,5,5,,,,,,,,0.22010502219200134,0.07284840941429138,0.11366260796785355,,,
191,8,8,,,,,,,,0.4179309606552124,0.14816489815711975,0.4117472171783447,,,
192,0,0,9,0.632,0.6451612903225806,0.4068965517241379,0.9127286672592163,0.9386950731277466,0.5235557556152344,0.11944243311882019,0.4406556487083435,0.30399078130722046,0.17343851923942566,0.34876710176467896,0.5255032181739807
193,1,1,9,0.6062992125984252,0.5813953488372093,0.4782608695652174,0.9850949048995972,0.9267361164093018,0.59162437915802,0.09966333210468292,0.029301514849066734,0.03108290024101734,0.13201670348644257,0.024143561720848083,0.03353429213166237
194,7,7,,,,,,,,0.07741111516952515,0.0796031728386879,0.1913713961839676,,,
195,2,2,3,0.6859504132231405,0.6190476190476191,0.45714285714285713,0.9784364104270935,0.8703123331069946,0.7113174200057983,0.17691482603549957,0.1263117492198944,0.3138040602207184,0.15534652769565582,0.06364163756370544,0.0192022155970335
196,8,8,,,,,,,,0.6661245822906494,0.15676680207252502,0.21424515545368195,,,
197,8,8,,,,,,,,0.6003304719924927,0.05410102754831314,0.19963262975215912,,,
198,7,7,3,0.3509933774834437,0.44680851063829785,0.4068965517241379,0.7809775471687317,0.8319820165634155,0.47738924622535706,0.06642483919858932,0.027896994724869728,0.3151370882987976,0.020634163171052933,0.004053807817399502,0.006968948990106583
199,8,8,,,,,,,,0.335887610912323,0.16415683925151825,0.2408951222896576,,,
200,5,5,3,0.05154639175257732,0.3783783783783784,0.18604651162790697,0.7886698246002197,0.8276082277297974,0.5215521454811096,0.32247239351272583,0.1488141119480133,0.1938910186290741,0.1394030600786209,0.09627526253461838,0.23292602598667145
201,1,1,0,0.4676258992805755,0.632,0.5692307692307692,0.875296413898468,0.885970413684845,0.545619010925293,0.04477029666304588,0.1448400765657425,0.023914311081171036,0.03107001632452011,0.07755060493946075,0.000324972381349653
202,8,8,,,,,,,,0.3609480857849121,0.5669787526130676,0.19303074479103088,,,
203,7,7,9,0.36,0.4676258992805755,0.2670807453416149,0.821413516998291,0.8587666749954224,0.6754140853881836,0.2728560268878937,0.0790831595659256,0.24310865998268127,0.41896095871925354,0.026488646864891052,0.14083433151245117
204,1,1,,,,,,,,0.6179932355880737,0.22159099578857422,0.4962262809276581,,,
205,3,3,,,,,,,,0.24955981969833374,0.6911605596542358,0.34202152490615845,,,
206,0,0,2,0.0851063829787234,0.5572519083969466,0.19298245614035087,0.7341036200523376,0.8625890612602234,0.37887099385261536,0.54986971616745,0.48400479555130005,0.8243256211280823,0.40514785051345825,0.39422932267189026,0.6717863082885742
207,5,5,,,,,,,,0.21071381866931915,0.21486124396324158,0.16830293834209442,,,
208,7,7,,,,,,,,0.4604049026966095,0.24478548765182495,0.4901954233646393,,,
209,9,9,,,,,,,,0.29912617802619934,0.14337284862995148,0.16925214231014252,,,
210,7,7,3,0.0,0.5572519083969466,0.10270270270270271,0.6936386823654175,0.9079474210739136,0.4837627410888672,0.09676360338926315,0.03114072047173977,0.12280318140983582,0.23754842579364777,0.0032269947696477175,0.0015647727996110916
211,4,4,0,0.6451612903225806,0.42657342657342656,0.3509933774834437,0.9144479632377625,0.805021345615387,0.4499795138835907,0.025707969442009926,0.042551036924123764,0.07426805794239044,0.026329418644309044,0.015430227853357792,0.0037049129605293274
212,5,5,,,,,,,,0.1361948549747467,0.076436847448349,0.09090282768011093,,,
213,9,8,,,,,,,,0.11639375239610672,0.0806293934583664,0.06395065039396286,,,
214,8,8,2,0.7739130434782608,0.4676258992805755,0.7288135593220338,0.874049186706543,0.8556142449378967,0.5736335515975952,0.6657735705375671,0.04007626697421074,0.061245862394571304,0.10016602277755737,0.017256302759051323,0.00696729077026248
215,0,0,,,,,,,,0.20946501195430756,0.44797611236572266,0.34230929613113403,,,
216,7,7,,,,,,,,0.2271105945110321,0.22872526943683624,0.318570077419281,,,
217,9,9,1,0.3076923076923077,0.6585365853658537,0.36,0.880534291267395,0.9397176504135132,0.4417444169521332,0.21076054871082306,0.19417543709278107,0.13375245034694672,0.3062664568424225,0.11912961304187775,0.019423019140958786
218,8,8,0,0.0,0.5223880597014925,0.275,0.031971462070941925,0.8785834908485413,0.5206475853919983,0.10063501447439194,0.07144729793071747,0.07591073960065842,0.05532052367925644,0.016652312129735947,0.037392161786556244
219,2,2,,,,,,,,0.7038382291793823,0.2513510286808014,0.43240007758140564,,,
220,7,7,4,0.2830188679245283,0.5223880597014925,0.13333333333333333,0.7332181930541992,0.8880012035369873,0.39055806398391724,0.16638056933879852,0.15159949660301208,0.17018893361091614,0.16994239389896393,0.11051791161298752,0.14381089806556702
221,6,6,5,0.5813953488372093,0.45714285714285713,0.1724137931034483,0.9506275653839111,0.8699513673782349,0.6566230058670044,0.050363022834062576,0.5013894438743591,0.08692070841789246,0.023059923201799393,0.46541038155555725,0.006474025081843138
222,9,9,,,,,,,,0.3034546673297882,0.16113710403442383,0.5491144061088562,,,
223,4,4,5,0.42657342657342656,0.5813953488372093,0.4068965517241379,0.9129253625869751,0.8674089908599854,0.5795137286186218,0.06937768310308456,0.18764883279800415,0.18435151875019073,0.022816142067313194,0.0879850685596466,0.012729031965136528
224,3,3,5,0.42657342657342656,0.5338345864661654,0.0851063829787234,0.8214975595474243,0.8779141306877136,0.4032689929008484,0.34263646602630615,0.1671736091375351,0.25173476338386536,0.41797909140586853,0.2776215970516205,0.12378478050231934
225,9,9,,,,,,,,0.24444159865379333,0.2860430181026459,0.16946543753147125,,,
226,6,3,,,,,,,,0.0662175789475441,0.3323017954826355,0.03613385558128357,,,
227,4,4,,,,,,,,0.1787421852350235,0.4773796498775482,0.13151167333126068,,,
228,7,5,,,,,,,,0.08359793573617935,0.05622648447751999,0.05648783966898918,,,
229,6,6,2,0.5,0.5,0.2911392405063291,0.6557857990264893,0.8517775535583496,0.6318084597587585,0.032995063811540604,0.2952171564102173,0.123164601624012,0.018322791904211044,0.3886590003967285,0.007253747433423996
230,5,5,,,,,,,,0.3222563564777374,0.12683331966400146,0.25401538610458374,,,
231,1,1,,,,,,,,0.6495738625526428,0.406342476606369,0.46707767248153687,,,
232,5,3,,,,,,,,0.17790035903453827,0.18163743615150452,0.06657355278730392,,,
233,8,8,1,0.014925373134328358,0.5,0.03553299492385787,0.40767091512680054,0.8259007930755615,0.34832629561424255,0.4054279923439026,0.08581291884183884,0.12877137959003448,0.03682349994778633,0.054467592388391495,0.012933461926877499
234,8,8,,,,,,,,0.7798244953155518,0.04111766442656517,0.21329596638679504,,,
235,0,0,,,,,,,,0.8476729989051819,0.7249627709388733,0.7661481499671936,,,
236,4,4,,,,,,,,0.08487094193696976,0.17433060705661774,0.2231316715478897,,,
237,0,0,9,0.1452513966480447,0.3877551020408163,0.23636363636363636,0.5524567365646362,0.7878472805023193,0.38477128744125366,0.42257747054100037,0.6893425583839417,0.9480695724487305,0.13519783318042755,0.33230021595954895,0.6473007202148438
238,5,5,,,,,,,,0.25293058156967163,0.05462420731782913,0.2820279598236084,,,
239,5,5,,,,,,,,0.20188939571380615,0.029052261263132095,0.3581971228122711,,,
240,1,1,,,,,,,,0.4890417158603668,0.3286059498786926,0.2934286296367645,,,
241,1,1,,,,,,,,0.39172598719596863,0.057529669255018234,0.28492048382759094,,,
242,8,8,0,0.2215568862275449,0.4782608695652174,0.4068965517241379,0.6399203538894653,0.8875959515571594,0.6907439231872559,0.20006372034549713,0.045986391603946686,0.060812436044216156,0.015520695596933365,0.033604469150304794,0.002855470171198249
243,9,9,,,,,,,,0.18867412209510803,0.23800845444202423,0.25343671441078186,,,
244,0,0,,,,,,,,0.7848703861236572,0.7249345779418945,0.9521030783653259,,,
245,3,3,6,0.2911392405063291,0.42657342657342656,0.19298245614035087,0.8004428744316101,0.8464507460594177,0.4367959797382355,0.14007999002933502,0.18456363677978516,0.17128942906856537,0.11438263952732086,0.23286911845207214,0.06177967041730881
246,1,1,,,,,,,,0.13112151622772217,0.14606577157974243,0.08893439173698425,,,
247,9,8,,,,,,,,0.392422080039978,0.062084317207336426,0.19548393785953522,,,
248,2,2,,,,,,,,0.3728458285331726,0.24371325969696045,0.36950305104255676,,,
249,2,2,0,0.3691275167785235,0.5,0.07368421052631578,0.7310010194778442,0.8693158626556396,0.49615591764450073,0.2810293138027191,0.1517404317855835,0.14946317672729492,0.42360925674438477,0.21676674485206604,0.06075884774327278
250,5,5,,,,,,,,0.20042634010314941,0.08046483248472214,0.10446158796548843,,,
251,3,3,2,0.0967741935483871,0.43661971830985913,0.030303030303030304,0.7864022254943848,0.7924246788024902,0.0599353164434433,0.12300021946430206,0.32888829708099365,0.4962367117404938,0.19505013525485992,0.34893471002578735,0.5922163128852844
252,9,9,,,,,,,,0.31325146555900574,0.22349494695663452,0.18763959407806396,,,
253,9,9,,,,,,,,0.14565321803092957,0.3902771770954132,0.1856776773929596,,,
254,4,4,3,0.009900990099009901,0.632,0.5692307692307692,0.6594116687774658,0.8729119896888733,0.5199480056762695,0.1126817986369133,0.2215452790260315,0.10053259134292603,0.01857645809650421,0.3225424289703369,0.010217327624559402
255,0,0,2,0.4676258992805755,0.7288135593220338,0.19298245614035087,0.7416018843650818,0.8957792520523071,0.41496434807777405,0.2878667414188385,0.5631704330444336,0.9156794548034668,0.08308780193328857,0.724851667881012,0.4846067428588867
256,3,3,,,,,,,,0.21738070249557495,0.3592406213283539,0.29636329412460327,,,
257,0,0,,,,,,,,0.4088752567768097,0.597150444984436,0.758736252784729,,,
258,0,0,8,0.7435897435897436,0.48905109489051096,0.1270718232044199,0.9497605562210083,0.7982580661773682,0.2820805311203003,0.2727276086807251,0.5815684199333191,0.8309541940689087,0.185746431350708,0.5591346621513367,0.8890488743782043
259,9,9,,,,,,,,0.17752787470817566,0.31112632155418396,0.10904345661401749,,,
260,8,8,,,,,,,,0.5076916217803955,0.13562139868736267,0.2810307741165161,,,
261,1,1,,,,,,,,0.27165645360946655,0.2729901969432831,0.3120564818382263,,,
262,5,5,3,0.24390243902439024,0.42657342657342656,0.59375,0.4049680531024933,0.9169038534164429,0.49903231859207153,0.08511126786470413,0.14408473670482635,0.04745730012655258,0.03801794722676277,0.03212108463048935,0.002112541114911437
263,7,7,3,0.6062992125984252,0.5454545454545454,0.23636363636363636,0.8747093081474304,0.9223084449768066,0.5293114185333252,0.16137155890464783,0.02721095085144043,0.16744239628314972,0.11947771906852722,0.002757819602265954,0.0022384272888302803
264,0,0,8,0.24390243902439024,0.6585365853658537,0.07936507936507936,0.8632789254188538,0.879189133644104,0.1652371883392334,0.7301973104476929,0.5888861417770386,0.7901894450187683,0.5312474966049194,0.5203100442886353,0.7703066468238831
265,8,8,0,0.046153846153846156,0.3161290322580645,0.2215568862275449,-0.10849833488464355,0.7706460952758789,0.45793426036834717,0.6291460990905762,0.05294623598456383,0.14955037832260132,0.0038164725992828608,0.010832192376255989,0.0021121555473655462
266,2,2,3,0.19883040935672514,0.36,0.3076923076923077,0.8265794515609741,0.8089222311973572,0.5817034244537354,0.30690789222717285,0.07413922995328903,0.0363268218934536,0.22926756739616394,0.04115879908204079,0.07380447536706924
267,4,4,,,,,,,,0.1686142534017563,0.27039480209350586,0.25686949491500854,,,
268,7,7,,,,,,,,0.3894849121570587,0.2666218876838684,0.23351708054542542,,,
269,0,3,,,,,,,,0.12537781894207,0.15786394476890564,0.05570732057094574,,,
270,2,2,,,,,,,,0.2619146704673767,0.24150815606117249,0.18715935945510864,,,
271,3,5,,,,,,,,0.10323728621006012,0.07241900265216827,0.03518831729888916,,,
272,6,6,,,,,,,,0.2993111312389374,0.7707624435424805,0.08955658972263336,,,
273,3,3,5,0.4166666666666667,0.44680851063829785,0.05699481865284974,0.6414641737937927,0.7661335468292236,0.07363510131835938,0.20770086348056793,0.22527781128883362,0.26306551694869995,0.08118200302124023,0.18345679342746735,0.07499026507139206
274,8,8,,,,,,,,0.5860803127288818,0.03405150771141052,0.14904171228408813,,,
275,5,3,,,,,,,,0.11552628874778748,0.18709495663642883,0.09619759768247604,,,
276,0,0,,,,,,,,0.6815963983535767,0.6079798936843872,0.9117026925086975,,,
277,3,5,,,,,,,,0.09140297770500183,0.04947732016444206,0.033414844423532486,,,
278,4,4,,,,,,,,0.43792402744293213,0.21124009788036346,0.38242870569229126,,,
279,3,3,5,0.03553299492385787,0.5111111111111111,0.44680851063829785,0.2047513723373413,0.865169882774353,0.5934571027755737,0.07920185476541519,0.2333279699087143,0.11365064233541489,0.05184227600693703,0.5435751080513,0.03975643962621689
280,9,9,0,0.3691275167785235,0.6721311475409836,0.42657342657342656,0.8372751474380493,0.9375861883163452,0.539649486541748,0.1358359158039093,0.1779833734035492,0.11502192914485931,0.01157709676772356,0.19715096056461334,0.009628325700759888
281,0,0,1,0.5,0.3877551020408163,0.24390243902439024,0.8965288996696472,0.8359565734863281,0.4955935478210449,0.293923020362854,0.8158715963363647,0.9405956268310547,0.3629571795463562,0.6780757308006287,0.5208574533462524
282,6,6,4,0.48905109489051096,0.3333333333333333,0.2911392405063291,0.7818711996078491,0.7057812809944153,0.5045115947723389,0.12562541663646698,0.5992462635040283,0.1231115385890007,0.03663121908903122,0.652518093585968,0.04724566638469696
283,1,1,,,,,,,,0.40194427967071533,0.20292291045188904,0.3098142445087433,,,
284,0,0,1,0.1590909090909091,0.5223880597014925,0.05699481865284974,0.8479617834091187,0.8866578936576843,0.2756795287132263,0.17515477538108826,0.41284361481666565,0.590595006942749,0.23631183803081512,0.36164289712905884,0.5478031039237976
285,9,9,,,,,,,,0.3197392523288727,0.14883433282375336,0.196943998336792,,,
286,1,1,9,0.3877551020408163,0.48905109489051096,0.21428571428571427,0.8215190172195435,0.8729444742202759,0.6117185354232788,0.27660003304481506,0.3281842768192291,0.2700057923793793,0.3560938835144043,0.2278299480676651,0.08966879546642303
287,0,8,,,,,,,,0.4762188196182251,0.24864012002944946,0.15460838377475739,,,
288,7,7,,,,,,,,0.31920376420021057,0.23508557677268982,0.13098903000354767,,,
289,9,9,,,,,,,,0.35107406973838806,0.10289762169122696,0.15680843591690063,,,
290,1,1,,,,,,,,0.43505820631980896,0.08827373385429382,0.2533276677131653,,,
291,2,2,,,,,,,,0.32956868410110474,0.39809665083885193,0.7147449851036072,,,
292,6,6,,,,,,,,0.36962270736694336,0.5801163911819458,0.29273825883865356,,,
293,9,9,1,0.5572519083969466,0.7142857142857143,0.48905109489051096,0.86793053150177,0.9319213032722473,0.6381367444992065,0.03245887532830238,0.051417384296655655,0.02364983595907688,0.013607054017484188,0.03547023981809616,0.0023974727373570204
294,3,3,,,,,,,,0.2590450644493103,0.45681968331336975,0.2853192985057831,,,
295,4,4,2,0.5,0.5813953488372093,0.3076923076923077,0.8081308007240295,0.8329246044158936,0.36428749561309814,0.18546663224697113,0.5971989631652832,0.0805923193693161,0.1258145272731781,0.4641169309616089,0.0013006525114178658
296,6,6,,,,,,,,0.4242861866950989,0.6234235763549805,0.293714702129364,,,
297,0,0,,,,,,,,0.36692407727241516,0.21332843601703644,0.6151852607727051,,,
298,0,0,,,,,,,,0.2597321569919586,0.385518342256546,0.7049028873443604,,,
299,6,6,,,,,,,,0.15833780169487,0.7372398376464844,0.11986616998910904,,,
300,6,6,,,,,,,,0.23863892257213593,0.39012208580970764,0.1517314910888672,,,
301,6,6,,,,,,,,0.3103271424770355,0.6133553385734558,0.1785610020160675,,,
302,3,3,5,0.07936507936507936,0.4068965517241379,0.5572519083969466,0.6754041910171509,0.8506314754486084,0.694735050201416,0.0927915945649147,0.28142663836479187,0.02522805519402027,0.3008192181587219,0.25261494517326355,0.002260414185002446
303,2,2,,,,,,,,0.4953267574310303,0.05704466253519058,0.29528099298477173,,,
304,6,6,3,0.3972602739726027,0.59375,0.3246753246753247,0.8719179630279541,0.9225460290908813,0.5174577236175537,0.19179125130176544,0.24620109796524048,0.12320594489574432,0.1295522004365921,0.19919732213020325,0.04448383301496506
305,1,1,0,0.5223880597014925,0.7586206896551724,0.42657342657342656,0.9033307433128357,0.8647889494895935,0.5282219648361206,0.1039666160941124,0.16475079953670502,0.027484171092510223,0.008141521364450455,0.10169315338134766,0.0016526574036106467
306,8,8,0,0.0,0.45714285714285713,0.24390243902439024,-0.031001750379800797,0.8929263353347778,0.5988600254058838,0.2540508508682251,0.04663971811532974,0.15754419565200806,0.028143273666501045,0.004086815286427736,0.03076169267296791
307,2,2,3,0.5454545454545454,0.2830188679245283,0.5338345864661654,0.8749637603759766,0.7057521343231201,0.5605286955833435,0.3703894019126892,0.11570605635643005,0.4419670104980469,0.11558341234922409,0.027910152450203896,0.2678237557411194
308,1,1,,,,,,,,0.6083628535270691,0.47971081733703613,0.24837712943553925,,,
309,6,6,2,0.5,0.48905109489051096,0.5223880597014925,0.7033162117004395,0.8684771060943604,0.44962140917778015,0.19316819310188293,0.631711483001709,0.11311012506484985,0.056068304926157,0.5865875482559204,0.06710056960582733
310,8,8,0,0.014925373134328358,0.59375,0.25153374233128833,0.3069843053817749,0.8575252294540405,0.5080820322036743,0.13974641263484955,0.285255491733551,0.03157408908009529,0.004091390874236822,0.20722615718841553,0.0038892945740371943
311,6,6,,,,,,,,0.28384602069854736,0.4392261207103729,0.09246653318405151,,,
312,8,8,0,0.16477272727272727,0.3509933774834437,0.36,0.3211808204650879,0.7605864405632019,0.42829665541648865,0.11040252447128296,0.03095964901149273,0.12287978827953339,0.007563771679997444,0.0029844907112419605,0.0010263040894642472
313,0,2,,,,,,,,0.4386838972568512,0.07492490857839584,0.1215798556804657,,,
314,4,4,,,,,,,,0.2094230353832245,0.19138197600841522,0.2655116319656372,,,
315,0,0,,,,,,,,0.86979740858078,0.2752889394760132,0.5789351463317871,,,
316,7,7,4,0.9065420560747663,0.4068965517241379,0.0851063829787234,0.9128512740135193,0.8674154281616211,0.6962008476257324,0.019484052434563637,0.02317509427666664,0.03143918886780739,0.002316658850759268,0.0027358492370694876,0.0008721220656298101
317,7,7,,,,,,,,0.20326058566570282,0.03008769080042839,0.07025565952062607,,,
318,5,5,,,,,,,,0.16210930049419403,0.13545449078083038,0.16049639880657196,,,
319,5,5,,,,,,,,0.5219429135322571,0.19998040795326233,0.16288259625434875,,,
320,3,3,,,,,,,,0.4566948711872101,0.33887141942977905,0.5463780760765076,,,
321,5,5,,,,,,,,0.2918092906475067,0.02970700152218342,0.16950273513793945,,,
322,2,2,,,,,,,,0.8077213764190674,0.09708165377378464,0.8332959413528442,,,
323,3,3,2,0.59375,0.5692307692307692,0.1270718232044199,0.9332159161567688,0.8827121257781982,0.35593998432159424,0.28949323296546936,0.16769862174987793,0.022146690636873245,0.05451897904276848,0.2668344974517822,0.013689780607819557
324,4,5,,,,,,,,0.15365202724933624,0.02663457952439785,0.10260503739118576,,,
325,1,1,,,,,,,,0.1377273052930832,0.09633605927228928,0.05925242230296135,,,
326,7,7,,,,,,,,0.299976646900177,0.10110144317150116,0.2622109055519104,,,
327,5,5,,,,,,,,0.5700167417526245,0.15346910059452057,0.2728373110294342,,,
328,4,4,2,0.3076923076923077,0.6721311475409836,0.4782608695652174,0.8129727840423584,0.8581027984619141,0.5648127198219299,0.0782584473490715,0.21085745096206665,0.03015296161174774,0.016058897599577904,0.11504746973514557,0.014112585224211216
329,6,6,,,,,,,,0.22559072077274323,0.7822097539901733,0.17762936651706696,,,
330,1,1,,,,,,,,0.35030630230903625,0.17469266057014465,0.2669740617275238,,,
331,9,9,,,,,,,,0.25515076518058777,0.1395135521888733,0.08676595240831375,,,
332,3,2,,,,,,,,0.11403662711381912,0.03840760141611099,0.05111459642648697,,,
333,6,6,,,,,,,,0.3013821542263031,0.43003201484680176,0.21030192077159882,,,
334,6,6,,,,,,,,0.17184294760227203,0.7287217974662781,0.22225672006607056,,,
335,9,9,,,,,,,,0.3810039460659027,0.2646678388118744,0.28964588046073914,,,
336,3,3,,,,,,,,0.3889752924442291,0.21937969326972961,0.5138489007949829,,,
337,8,8,,,,,,,,0.49560773372650146,0.2511679530143738,0.3783060312271118,,,
338,0,0,,,,,,,,0.31887754797935486,0.6891643404960632,0.633023202419281,,,
339,7,7,,,,,,,,0.29719600081443787,0.1687844842672348,0.04925110936164856,,,
340,2,2,3,0.02,0.6451612903225806,0.2911392405063291,0.13260279595851898,0.8633941411972046,0.5008983612060547,0.5448020696640015,0.4354887008666992,0.13968241214752197,0.37145498394966125,0.14178670942783356,0.2297496795654297
341,6,6,3,0.02512562814070352,0.48905109489051096,0.009900990099009901,0.17606109380722046,0.8636034727096558,0.31712085008621216,0.04724608361721039,0.36777982115745544,0.031240228563547134,0.009281337261199951,0.3227737545967102,0.003490198403596878
342,2,2,0,0.5185185185185185,0.2911392405063291,0.2911392405063291,0.9378055334091187,0.7472963929176331,0.26801443099975586,0.40673717856407166,0.07667834311723709,0.7862716913223267,0.5015456676483154,0.06573769450187683,0.04584185779094696
343,5,5,3,0.3877551020408163,0.5338345864661654,0.3972602739726027,0.8518067002296448,0.8808068633079529,0.4300868809223175,0.051840174943208694,0.0707530826330185,0.05587523803114891,0.02999219112098217,0.09584177285432816,0.21170420944690704
344,8,8,,,,,,,,0.21614030003547668,0.13788987696170807,0.17065918445587158,,,
345,5,5,3,0.19298245614035087,0.59375,0.29936305732484075,0.9162979125976562,0.9025735855102539,0.676274299621582,0.2129700928926468,0.053992386907339096,0.05914081633090973,0.15172894299030304,0.03093230538070202,0.09125693142414093
346,4,4,3,0.4166666666666667,0.4782608695652174,0.4068965517241379,0.9110422134399414,0.8442977666854858,0.491595596075058,0.10717015713453293,0.07959750294685364,0.1245262548327446,0.025307727977633476,0.099083811044693,0.07859078049659729
347,6,6,,,,,,,,0.2508416175842285,0.7625441551208496,0.150380477309227,,,
348,8,8,,,,,,,,0.31231075525283813,0.3440212607383728,0.20209136605262756,,,
349,9,9,,,,,,,,0.21662889420986176,0.3128989040851593,0.12603892385959625,,,
350,9,9,,,,,,,,0.3301401138305664,0.2176831066608429,0.14144472777843475,,,
351,1,1,,,,,,,,0.41477566957473755,0.2989434003829956,0.3204585909843445,,,
352,0,0,8,0.5692307692307692,0.3877551020408163,0.14606741573033707,0.8710832595825195,0.8274391293525696,0.44878214597702026,0.34054067730903625,0.70084547996521,0.44676685333251953,0.35867375135421753,0.4862597584724426,0.49860984086990356
353,2,2,,,,,,,,0.5334736704826355,0.054631028324365616,0.26643121242523193,,,
354,2,2,,,,,,,,0.46418702602386475,0.11867155879735947,0.2788839638233185,,,
355,7,4,,,,,,,,0.1337016522884369,0.16877856850624084,0.13842858374118805,,,
356,3,3,5,0.6859504132231405,0.3161290322580645,0.1791907514450867,0.8564485311508179,0.7588061094284058,0.3490441143512726,0.15187843143939972,0.09405968338251114,0.025771571323275566,0.35826021432876587,0.09244167804718018,0.0025215514469891787
357,2,2,3,0.632,0.4166666666666667,0.6062992125984252,0.541693389415741,0.8475000858306885,0.564694881439209,0.4657072126865387,0.09220026433467865,0.639079749584198,0.1647113710641861,0.16392886638641357,0.4835606515407562
358,8,8,,,,,,,,0.19561707973480225,0.032131824642419815,0.1117304340004921,,,
359,0,0,,,,,,,,0.34843385219573975,0.4028579294681549,0.9389851093292236,,,
360,9,9,,,,,,,,0.2753165066242218,0.30315276980400085,0.2767781615257263,,,
361,5,5,3,0.5572519083969466,0.43661971830985913,0.3161290322580645,0.8483582735061646,0.8461248278617859,0.26592278480529785,0.4349110722541809,0.06694946438074112,0.03864699602127075,0.2165871262550354,0.0522535964846611,0.01722833700478077
362,8,8,,,,,,,,0.5284024477005005,0.18265153467655182,0.2123933881521225,,,
363,1,1,,,,,,,,0.22334010899066925,0.18009185791015625,0.1369749754667282,,,
364,9,9,,,,,,,,0.148675337433815,0.254118412733078,0.08470465987920761,,,
365,4,4,,,,,,,,0.12072495371103287,0.23518966138362885,0.1190149262547493,,,
366,1,1,,,,,,,,0.39452630281448364,0.17728844285011292,0.3833615779876709,,,
367,3,3,,,,,,,,0.17198266088962555,0.31327277421951294,0.08264224976301193,,,
368,8,8,4,0.21301775147928995,0.5223880597014925,0.5111111111111111,0.5156291723251343,0.8208214044570923,0.520405650138855,0.18385136127471924,0.32748255133628845,0.1805400401353836,0.007352184504270554,0.11891022324562073,0.0026542155537754297
369,1,1,,,,,,,,0.5229419469833374,0.18985441327095032,0.4459179639816284,,,
370,4,2,,,,,,,,0.266639769077301,0.26667946577072144,0.19460149109363556,,,
371,7,7,,,,,,,,0.2804211378097534,0.3238086700439453,0.26223787665367126,,,
372,9,9,,,,,,,,0.0872541293501854,0.16944719851016998,0.16640113294124603,,,
373,4,4,8,0.09090909090909091,0.7288135593220338,0.5338345864661654,0.6017937660217285,0.9314951300621033,0.5981829166412354,0.09629745036363602,0.239512100815773,0.024167165160179138,0.055798985064029694,0.1979646235704422,0.029929878190159798
374,2,2,,,,,,,,0.6560123562812805,0.4737227261066437,0.533456563949585,,,
375,7,7,0,0.3877551020408163,0.5813953488372093,0.3246753246753247,0.8167599439620972,0.9017435312271118,0.6439021229743958,0.09140644967556,0.10323084145784378,0.1507822424173355,0.022379878908395767,0.08157487213611603,0.011396171525120735
376,0,0,9,0.4166666666666667,0.4782608695652174,0.1270718232044199,0.77538001537323,0.8594936728477478,0.45080000162124634,0.5487731695175171,0.5948344469070435,0.7306752800941467,0.859404444694519,0.4805854558944702,0.31270408630371094
377,7,7,3,0.0962566844919786,0.3333333333333333,0.5111111111111111,0.6326245665550232,0.8183151483535767,0.6371006965637207,0.1447436511516571,0.07539186626672745,0.20077767968177795,0.041566986590623856,0.023823533207178116,0.037393826991319656
378,0,8,,,,,,,,0.48860421776771545,0.08784874528646469,0.15666957199573517,,,
379,6,6,,,,,,,,0.5378223657608032,0.5251501798629761,0.30258721113204956,,,
380,6,6,,,,,,,,0.3274991512298584,0.5625322461128235,0.20174001157283783,,,
381,9,9,1,0.1590909090909091,0.5,0.1590909090909091,0.7743905782699585,0.8436456322669983,0.4331430494785309,0.1512298732995987,0.10578157752752304,0.13032540678977966,0.3215828835964203,0.05706940218806267,0.016470620408654213
382,0,0,,,,,,,,0.37331637740135193,0.9168894290924072,0.889252781867981,,,
383,9,9,0,0.632,0.6585365853658537,0.23636363636363636,0.9066812992095947,0.870327889919281,0.3968014419078827,0.3031091094017029,0.0698651522397995,0.02124759741127491,0.01602376624941826,0.010002424009144306,0.0032662483863532543
384,2,5,,,,,,,,0.05711730942130089,0.06265021115541458,0.02089528553187847,,,
385,8,0,,,,,,,,0.6849727630615234,0.7706068158149719,0.493456095457077,,,
386,7,7,,,,,,,,0.24246527254581451,0.18312327563762665,0.29698997735977173,,,
387,2,2,5,0.28125,0.6062992125984252,0.5454545454545454,0.8534791469573975,0.8592991232872009,0.5280486345291138,0.5944443345069885,0.03323940932750702,0.3661867678165436,0.46563494205474854,0.07652769237756729,0.14800626039505005
388,2,2,5,0.13333333333333333,0.4782608695652174,0.29936305732484075,0.5864161252975464,0.8261352777481079,0.495466023683548,0.24419116973876953,0.035704340785741806,0.16835325956344604,0.004384970758110285,0.07251400500535965,0.1155482605099678
389,5,5,,,,,,,,0.4236072301864624,0.16458360850811005,0.11436489224433899,,,
390,1,1,,,,,,,,0.352298378944397,0.2008010745048523,0.2299196422100067,,,
391,2,2,,,,,,,,0.4255939722061157,0.23295190930366516,0.3211000859737396,,,
392,6,6,,,,,,,,0.49032706022262573,0.7393558025360107,0.6970829963684082,,,
393,2,2,5,0.24390243902439024,0.3333333333333333,0.3076923076923077,0.6380860805511475,0.8407047986984253,0.5074769854545593,0.525434672832489,0.2320864498615265,0.26883193850517273,0.3927711546421051,0.07668423652648926,0.07502235472202301
394,9,9,1,0.36,0.5813953488372093,0.3691275167785235,0.8554122447967529,0.9258986711502075,0.6720703840255737,0.04524213820695877,0.12467297911643982,0.09522603452205658,0.01740085333585739,0.05344921350479126,0.04795271158218384
395,6,6,,,,,,,,0.14112268388271332,0.6493843197822571,0.14880792796611786,,,
396,2,2,4,0.5692307692307692,0.5813953488372093,0.3246753246753247,0.8516085743904114,0.8882558941841125,0.72796630859375,0.3180249333381653,0.21134690940380096,0.033780667930841446,0.2290717214345932,0.16383013129234314,0.009272746741771698
397,3,3,,,,,,,,0.22962799668312073,0.08258482068777084,0.05566362664103508,,,
398,0,0,9,0.0,0.45714285714285713,0.275,0.7843087911605835,0.8721550107002258,0.7738112211227417,0.4730350375175476,0.7147212028503418,0.5956239104270935,0.47858238220214844,0.7817406058311462,0.39194804430007935
399,3,3,,,,,,,,0.15450192987918854,0.1333005130290985,0.14653241634368896,,,
400,9,9,,,,,,,,0.4760516881942749,0.21930627524852753,0.2983589470386505,,,
401,8,8,9,0.014925373134328358,0.4676258992805755,0.23636363636363636,0.12492473423480988,0.8428199887275696,0.38526207208633423,0.3478154242038727,0.05219157785177231,0.2197498083114624,0.05356447771191597,0.03585210070014,0.004638242069631815
402,7,7,,,,,,,,0.12193190306425095,0.1534479856491089,0.15346114337444305,,,
403,8,8,0,0.13966480446927373,0.3333333333333333,0.1724137931034483,0.8376837372779846,0.6509931087493896,0.282375693321228,0.5252800583839417,0.08102012425661087,0.07065381854772568,0.030618581920862198,0.0739208310842514,0.09642871469259262
404,8,8,1,0.07368421052631578,0.2,0.13333333333333333,-0.05679323524236679,0.7022078633308411,0.4856860637664795,0.5205996036529541,0.041507329791784286,0.15928858518600464,0.07930117100477219,0.0071818167343735695,0.014010067097842693
405,4,4,6,0.3161290322580645,0.4166666666666667,0.02,0.6277368068695068,0.8037271499633789,0.4126943349838257,0.2191680669784546,0.12599970400333405,0.14830167591571808,0.1225428655743599,0.06357542425394058,0.016335096210241318
406,0,0,,,,,,,,0.5188709497451782,0.4922565817832947,0.9500004649162292,,,
407,1,1,9,0.3333333333333333,0.6062992125984252,0.45714285714285713,0.8838983774185181,0.9383455514907837,0.6131441593170166,0.052180930972099304,0.10474824160337448,0.03948210924863815,0.03225749358534813,0.12369459867477417,0.006570679601281881
408,8,8,,,,,,,,0.44857704639434814,0.3714286983013153,0.20362909138202667,,,
409,2,2,,,,,,,,0.2987934350967407,0.1689424067735672,0.4181513786315918,,,
410,7,7,,,,,,,,0.35443055629730225,0.18448466062545776,0.23632381856441498,,,
411,9,9,0,0.36666666666666664,0.43661971830985913,0.3972602739726027,0.8258137702941895,0.800818920135498,0.6999893188476562,0.06609528511762619,0.09779052436351776,0.02911190688610077,0.013327579014003277,0.03095092996954918,0.012043723836541176
412,3,5,,,,,,,,0.2317803055047989,0.088327556848526,0.03804222121834755,,,
413,6,6,0,0.7288135593220338,0.5813953488372093,0.29936305732484075,0.8781276941299438,0.8581167459487915,0.4559228718280792,0.16628889739513397,0.36389532685279846,0.07929838448762894,0.10133864730596542,0.21196584403514862,0.009310697205364704
414,1,1,,,,,,,,0.2901259958744049,0.2765374779701233,0.34007182717323303,,,
415,9,9,,,,,,,,0.24160543084144592,0.14243870973587036,0.35578852891921997,,,
416,0,0,,,,,,,,0.47612398862838745,0.35103729367256165,0.710299015045166,,,
417,7,7,5,0.6190476190476191,0.23636363636363636,0.15254237288135594,0.8110580444335938,0.8491854071617126,0.18847760558128357,0.055418260395526886,0.029222197830677032,0.09685266017913818,0.06075300648808479,0.012245156802237034,0.11524336785078049
418,3,3,2,0.09090909090909091,0.5111111111111111,0.14606741573033707,0.35354816913604736,0.8005245923995972,0.5586318373680115,0.25075578689575195,0.1536034345626831,0.16079825162887573,0.013938665390014648,0.09973550587892532,0.0014856418129056692
419,7,7,,,,,,,,0.3192006051540375,0.1282770186662674,0.31818896532058716,,,
420,4,4,3,0.14606741573033707,0.44680851063829785,0.5338345864661654,0.5543249845504761,0.768980860710144,0.6766308546066284,0.19362953305244446,0.1933012753725052,0.2879333198070526,0.0973091647028923,0.22376669943332672,0.07807651907205582
421,5,5,4,0.7435897435897436,0.3972602739726027,0.4676258992805755,0.8651950359344482,0.837070882320404,0.4666936695575714,0.3848617970943451,0.09693750739097595,0.08842168748378754,0.19165346026420593,0.03182969242334366,0.09975606203079224
422,0,0,8,0.5338345864661654,0.59375,0.34210526315789475,0.6307113170623779,0.8467990159988403,0.22244030237197876,0.5626742243766785,0.27727752923965454,0.7430432438850403,0.37296977639198303,0.282297819852829,0.8589106202125549
423,0,0,,,,,,,,0.303286075592041,0.32754212617874146,0.22882650792598724,,,
424,2,2,,,,,,,,0.6576442718505859,0.24272701144218445,0.6373851895332336,,,
425,9,9,,,,,,,,0.20341144502162933,0.22959284484386444,0.24221253395080566,,,
426,3,4,,,,,,,,0.07373170554637909,0.019709067419171333,0.22212783992290497,,,
427,4,4,,,,,,,,0.3043404519557953,0.2883414328098297,0.3984051048755646,,,
428,0,0,6,0.3509933774834437,0.42657342657342656,0.275,0.8519559502601624,0.8703171014785767,0.17504671216011047,0.5538092255592346,0.4104914963245392,0.8729710578918457,0.8354200124740601,0.2843649983406067,0.11039800941944122
429,6,6,3,0.7435897435897436,0.5338345864661654,0.14606741573033707,0.9367234110832214,0.8278412818908691,0.4314899444580078,0.0971921980381012,0.3981613516807556,0.08065113425254822,0.04023809731006622,0.5002947449684143,0.09711258113384247
430,2,2,4,0.18497109826589594,0.3877551020408163,0.4676258992805755,0.7707026600837708,0.8388876914978027,0.7242724299430847,0.41283199191093445,0.05639857426285744,0.4800884425640106,0.2410537302494049,0.04892177879810333,0.12359283864498138
431,5,5,3,0.3076923076923077,0.42657342657342656,0.45714285714285713,0.4063694477081299,0.9013782739639282,0.32633933424949646,0.3718155324459076,0.0454833023250103,0.33374568819999695,0.5875999927520752,0.07366323471069336,0.18852673470973969
432,3,3,,,,,,,,0.28992959856987,0.17202965915203094,0.5148411393165588,,,
433,7,7,0,0.4748201438848921,0.5223880597014925,0.5,0.7252221703529358,0.8442260026931763,0.5827265977859497,0.06762531399726868,0.03614063560962677,0.1625722199678421,0.034601811319589615,0.044162455946207047,0.001316001289524138
434,3,3,,,,,,,,0.08654189854860306,0.27134907245635986,0.09201063215732574,,,
435,7,7,,,,,,,,0.384356290102005,0.03441401571035385,0.24268293380737305,,,
436,2,2,3,0.4166666666666667,0.3691275167785235,0.5813953488372093,0.9362785816192627,0.8218874931335449,0.49241024255752563,0.210489422082901,0.16578996181488037,0.3157549202442169,0.4226497411727905,0.042568646371364594,0.34930697083473206
437,5,5,3,0.5338345864661654,0.3691275167785235,0.2911392405063291,0.6413412094116211,0.7422626614570618,0.37335512042045593,0.16063137352466583,0.038594890385866165,0.08709124475717545,0.4786199927330017,0.047256384044885635,0.008479131385684013
438,3,3,,,,,,,,0.19298717379570007,0.47558626532554626,0.504686713218689,,,
439,1,9,,,,,,,,0.1354558914899826,0.192425936460495,0.12902401387691498,,,
440,1,1,,,,,,,,0.2049596607685089,0.15527623891830444,0.619329571723938,,,
441,4,4,2,0.06806282722513089,0.34210526315789475,0.42657342657342656,0.5073724985122681,0.8153918981552124,0.5044385194778442,0.12568657100200653,0.23580293357372284,0.2453315556049347,0.001314955879934132,0.304557204246521,0.005935517139732838
442,9,9,,,,,,,,0.31979793310165405,0.06137189641594887,0.1717691272497177,,,
443,9,9,0,0.2289156626506024,0.4676258992805755,0.42657342657342656,0.8219769597053528,0.804347038269043,0.8082443475723267,0.16177614033222198,0.24877962470054626,0.10909465700387955,0.050166916102170944,0.13780760765075684,0.04781382903456688
444,5,5,3,0.24390243902439024,0.6859504132231405,0.6062992125984252,0.5250481367111206,0.8937721252441406,0.5404838919639587,0.21741962432861328,0.07501932233572006,0.03856740519404411,0.07263016700744629,0.06791064888238907,0.012468350119888783
445,7,7,,,,,,,,0.1464260071516037,0.10429202020168304,0.13180077075958252,,,
446,5,5,3,0.025,0.36,0.14606741573033707,0.08214476704597473,0.8365470170974731,0.26327115297317505,0.33489829301834106,0.201869398355484,0.2512812316417694,0.01628713682293892,0.1361962854862213,0.002097334945574403
447,0,0,2,0.8545454545454545,0.3877551020408163,0.29936305732484075,0.964724063873291,0.8354270458221436,0.26267310976982117,0.1463276892900467,0.47131723165512085,0.6059864163398743,0.1209976002573967,0.6700673699378967,0.542405366897583
448,2,2,,,,,,,,0.572454035282135,0.3079662024974823,0.4102264642715454,,,
449,2,2,0,0.6859504132231405,0.5223880597014925,0.3333333333333333,0.9599348306655884,0.8384379148483276,0.5733570456504822,0.2793020009994507,0.22314152121543884,0.1700337827205658,0.2573150396347046,0.1121859923005104,0.06873428821563721
450,2,2,,,,,,,,0.4363729953765869,0.18186832964420319,0.3918716013431549,,,
451,9,9,,,,,,,,0.08456555008888245,0.20178470015525818,0.21706229448318481,,,
452,7,7,4,0.59375,0.3783783783783784,0.2289156626506024,0.7817009687423706,0.8449716567993164,0.5674010515213013,0.17621691524982452,0.0737510696053505,0.1099776104092598,0.1630157232284546,0.011349881999194622,0.032508645206689835
453,3,3,2,0.5692307692307692,0.4068965517241379,0.24390243902439024,0.9131505489349365,0.8275942802429199,0.10996395349502563,0.13998828828334808,0.20967409014701843,0.08143351227045059,0.09634166210889816,0.2812780737876892,0.03403733670711517
454,9,9,,,,,,,,0.1850912868976593,0.07662695646286011,0.13187001645565033,,,
455,4,4,,,,,,,,0.12595324218273163,0.33713382482528687,0.338348925113678,,,
456,3,4,,,,,,,,0.11839552223682404,0.21665723621845245,0.12835735082626343,,,
457,5,5,,,,,,,,0.26271316409111023,0.03107929788529873,0.054893556982278824,,,
458,4,4,5,0.4676258992805755,0.5,0.5111111111111111,0.943597674369812,0.9288582801818848,0.7456567287445068,0.21082936227321625,0.1924133151769638,0.08553146570920944,0.07024595141410828,0.1304560750722885,0.02097669057548046
459,6,6,0,0.5338345864661654,0.45714285714285713,0.7435897435897436,0.8481206297874451,0.8343425393104553,0.7042679190635681,0.036408014595508575,0.334665447473526,0.05171722173690796,0.004234775435179472,0.2322321981191635,0.0027992541436105967
460,5,5,,,,,,,,0.21756602823734283,0.051787249743938446,0.04918155446648598,,,
461,6,6,2,0.1270718232044199,0.3877551020408163,0.43661971830985913,0.29332372546195984,0.7786868810653687,0.5921018719673157,0.21039722859859467,0.47964954376220703,0.052684176713228226,0.05860111117362976,0.49537646770477295,0.00534300459548831
462,1,1,,,,,,,,0.3387519121170044,0.31772956252098083,0.5418977737426758,,,
463,4,4,5,0.23636363636363636,0.6062992125984252,0.23636363636363636,0.7887582778930664,0.9099361896514893,0.45999181270599365,0.09014035016298294,0.37414106726646423,0.2535366117954254,0.022191349416971207,0.4260585308074951,0.019390063360333443
464,3,3,4,0.0,0.4166666666666667,0.23636363636363636,0.5938353538513184,0.8024527430534363,0.6427084803581238,0.27464041113853455,0.6202583312988281,0.1345788985490799,0.28670534491539,0.553878903388977,0.039462678134441376
465,4,4,,,,,,,,0.43418487906455994,0.2925708293914795,0.40767282247543335,,,
466,4,4,,,,,,,,0.40636390447616577,0.10907948762178421,0.35351330041885376,,,
467,3,3,,,,,,,,0.15746791660785675,0.28369131684303284,0.38938838243484497,,,
468,7,7,5,0.5338345864661654,0.36,0.12087912087912088,0.8434067368507385,0.7926645278930664,0.20337176322937012,0.1291954070329666,0.026888886466622353,0.24091902375221252,0.14605072140693665,0.004300917033106089,0.006773436442017555
469,8,8,,,,,,,,0.4573265612125397,0.21548306941986084,0.37584400177001953,,,
470,3,3,5,0.1657142857142857,0.48905109489051096,0.04081632653061224,0.5142775774002075,0.8028856515884399,0.37934309244155884,0.21965910494327545,0.25590938329696655,0.11865674704313278,0.20574861764907837,0.22773125767707825,0.014651680365204811
471,7,7,,,,,,,,0.22359247505664825,0.16867701709270477,0.18164145946502686,,,
472,8,8,0,0.23636363636363636,0.3161290322580645,0.3783783783783784,0.6790702939033508,0.7709168791770935,0.43215957283973694,0.485387921333313,0.24179217219352722,0.31207913160324097,0.12293754518032074,0.1011931449174881,0.011866395361721516
473,0,0,2,0.5813953488372093,0.59375,0.4676258992805755,0.9413509964942932,0.9218944311141968,0.4784592390060425,0.2437829077243805,0.4761427044868469,0.8146761059761047,0.037006013095378876,0.19376300275325775,0.4722862243652344
474,5,5,2,0.4782608695652174,0.4782608695652174,0.15254237288135594,0.6564843058586121,0.9159183502197266,0.2570485472679138,0.047083429992198944,0.1515856236219406,0.09819045662879944,0.3330848515033722,0.08787745982408524,0.06523244827985764
475,7,7,,,,,,,,0.26117584109306335,0.23337393999099731,0.4014524221420288,,,
476,6,6,,,,,,,,0.2880901098251343,0.5832365155220032,0.15109428763389587,,,
477,0,0,9,0.45714285714285713,0.45714285714285713,0.13333333333333333,0.8540400862693787,0.8649808168411255,0.5782532691955566,0.5042107105255127,0.6068342328071594,0.7845515012741089,0.42602893710136414,0.5043356418609619,0.505083441734314
478,5,3,,,,,,,,0.22100374102592468,0.1772785186767578,0.09418098628520966,,,
479,4,4,,,,,,,,0.3536999225616455,0.6066346764564514,0.318893164396286,,,
480,8,8,3,0.4782608695652174,0.43661971830985913,0.3783783783783784,0.8130178451538086,0.8456431031227112,0.7181979417800903,0.2871045470237732,0.05708539858460426,0.11724121123552322,0.10841134935617447,0.03930716961622238,0.03304726257920265
481,6,6,,,,,,,,0.8416796326637268,0.5596680641174316,0.21113993227481842,,,
482,8,8,,,,,,,,0.6750577092170715,0.0985100269317627,0.2005366086959839,,,
483,5,5,3,0.8545454545454545,0.6062992125984252,0.2,0.9202966690063477,0.9146021604537964,0.4453464150428772,0.26326942443847656,0.06056821346282959,0.025338254868984222,0.06359776109457016,0.05237799137830734,0.002503335941582918
484,5,5,,,,,,,,0.19048720598220825,0.03570479899644852,0.05097724869847298,,,
485,9,9,5,0.5692307692307692,0.7,0.3509933774834437,0.8702752590179443,0.90031498670578,0.5375303626060486,0.04972970485687256,0.05450603738427162,0.06266195327043533,0.26227903366088867,0.05590076744556427,0.07855693250894547
486,9,9,,,,,,,,0.44610917568206787,0.32833078503608704,0.2084835022687912,,,
487,9,9,,,,,,,,0.3333582282066345,0.26674580574035645,0.4015040397644043,,,
488,5,5,4,0.3076923076923077,0.5454545454545454,0.5572519083969466,0.9111263155937195,0.8921781778335571,0.44851070642471313,0.21792621910572052,0.07391373813152313,0.10340975970029831,0.2054450511932373,0.057231489568948746,0.2795810103416443
489,0,0,,,,,,,,0.7154037952423096,0.4445018768310547,0.7387914657592773,,,
490,1,1,,,,,,,,0.6297615766525269,0.14784951508045197,0.18471795320510864,,,
491,0,0,2,0.07368421052631578,0.6721311475409836,0.36,0.23814472556114197,0.9300621747970581,0.39528465270996094,0.6820856928825378,0.8064771890640259,0.685764491558075,0.8696839809417725,0.874969482421875,0.5400614738464355
492,8,8,0,0.21428571428571427,0.5338345864661654,0.24390243902439024,0.4899476170539856,0.79659503698349,0.07983587682247162,0.3829710781574249,0.11829255521297455,0.38358935713768005,0.007544925902038813,0.18270425498485565,0.007230467163026333
493,1,1,,,,,,,,0.28393319249153137,0.3570663630962372,0.13149546086788177,,,
494,1,1,,,,,,,,0.39632147550582886,0.09520252048969269,0.20622190833091736,,,
495,8,8,,,,,,,,0.3736165463924408,0.2451111525297165,0.27132824063301086,,,
496,0,0,,,,,,,,0.6599010825157166,0.47312313318252563,0.36074310541152954,,,
497,2,2,5,0.3691275167785235,0.5338345864661654,0.2670807453416149,0.7160472869873047,0.88880455493927,0.504204273223877,0.7724571824073792,0.4667011499404907,0.17815840244293213,0.818891167640686,0.3057982921600342,0.037314631044864655
498,2,2,,,,,,,,0.5085612535476685,0.17594118416309357,0.2331876903772354,,,
499,0,0,2,0.5111111111111111,0.5692307692307692,0.48905109489051096,0.9544025659561157,0.9011287093162537,0.4643193781375885,0.3525761067867279,0.8718157410621643,0.7099345922470093,0.29943567514419556,0.68443363904953,0.8026049733161926
500,4,4,2,0.3877551020408163,0.59375,0.4782608695652174,0.8609538078308105,0.8899545669555664,0.47824546694755554,0.1209142655134201,0.34019935131073,0.21886608004570007,0.0050187367014586926,0.3398838937282562,0.0019973618909716606
501,6,6,2,0.1724137931034483,0.3691275167785235,0.5813953488372093,0.8890223503112793,0.8237320184707642,0.7703909873962402,0.047177303582429886,0.38280147314071655,0.04493444412946701,0.029780888929963112,0.3324946165084839,0.0004538850043900311
502,5,5,3,0.12087912087912088,0.44680851063829785,0.6721311475409836,0.6354115605354309,0.788898766040802,0.6391654014587402,0.11386370658874512,0.03977806866168976,0.07904930412769318,0.21776501834392548,0.0244597140699625,0.043273720890283585
503,4,4,5,0.6532258064516129,0.3877551020408163,0.5454545454545454,0.9161527156829834,0.8294728994369507,0.654464066028595,0.21674424409866333,0.14718863368034363,0.2819088399410248,0.13139933347702026,0.17835700511932373,0.012827465310692787
504,9,9,,,,,,,,0.24033528566360474,0.24252253770828247,0.1960163116455078,,,
505,4,4,,,,,,,,0.22468066215515137,0.1436757892370224,0.22074304521083832,,,
506,7,7,,,,,,,,0.18197113275527954,0.14569875597953796,0.17186373472213745,,,
507,9,9,,,,,,,,0.23316587507724762,0.19138410687446594,0.0765395238995552,,,
508,9,0,,,,,,,,0.21838334202766418,0.4205809235572815,0.24440257251262665,,,
509,4,4,2,0.2215568862275449,0.4166666666666667,0.10869565217391304,0.8217335343360901,0.8299602270126343,0.524914026260376,0.08135481178760529,0.23242947459220886,0.1716766506433487,0.12797042727470398,0.16187110543251038,0.016862809658050537
510,5,5,,,,,,,,0.5170640349388123,0.08990627527236938,0.3139224052429199,,,
511,6,6,,,,,,,,0.28987032175064087,0.36414164304733276,0.22419069707393646,,,
512,6,6,,,,,,,,0.3462532162666321,0.778175950050354,0.1891760379076004,,,
513,1,1,,,,,,,,0.43322330713272095,0.13380765914916992,0.23479878902435303,,,
514,5,5,3,0.0851063829787234,0.4068965517241379,0.21428571428571427,0.4959854483604431,0.8779081106185913,0.45187801122665405,0.19168533384799957,0.07768689095973969,0.044190071523189545,0.06767202168703079,0.10502955317497253,0.06218350678682327
515,3,3,,,,,,,,0.20989836752414703,0.32081878185272217,0.219778373837471,,,
516,8,8,,,,,,,,0.31771719455718994,0.15629708766937256,0.1801830679178238,,,
517,9,9,,,,,,,,0.17294186353683472,0.06624069809913635,0.1462307572364807,,,
518,5,5,3,0.0,0.2289156626506024,0.11475409836065574,0.184894859790802,0.7893905639648438,0.30456194281578064,0.11315662413835526,0.056919533759355545,0.05516510829329491,0.09012719243764877,0.026632560417056084,0.03442855924367905
519,8,8,1,0.13333333333333333,0.5111111111111111,0.1724137931034483,0.6343815326690674,0.8511807918548584,0.4232340157032013,0.05630560964345932,0.0746934562921524,0.15314267575740814,0.0014492239570245147,0.01710941642522812,0.012486590072512627
520,5,5,3,0.10270270270270271,0.3972602739726027,0.03553299492385787,0.3353031575679779,0.8508230447769165,0.05722720921039581,0.2459162473678589,0.07616602629423141,0.12942799925804138,0.015544639900326729,0.0479554682970047,0.045727141201496124
521,7,7,,,,,,,,0.44410255551338196,0.2735646367073059,0.31761717796325684,,,
522,0,0,,,,,,,,0.45059770345687866,0.4225965738296509,0.5885491371154785,,,
523,7,7,,,,,,,,0.219826802611351,0.17672866582870483,0.3613305687904358,,,
524,0,0,,,,,,,,0.6706361174583435,0.4199504852294922,0.5961687564849854,,,
525,5,5,3,0.2911392405063291,0.4676258992805755,0.6721311475409836,0.900666356086731,0.8806613087654114,0.3789534568786621,0.0645366758108139,0.09497018903493881,0.07752632349729538,0.0270303413271904,0.05335446074604988,0.1423196643590927
526,0,0,,,,,,,,0.16421720385551453,0.17162053287029266,0.704231858253479,,,
527,0,0,,,,,,,,0.4062695801258087,0.6004029512405396,0.6790976524353027,,,
528,4,4,,,,,,,,0.24432611465454102,0.1468883752822876,0.10854519158601761,,,
529,6,6,,,,,,,,0.20897863805294037,0.5514562129974365,0.25464650988578796,,,
530,9,9,,,,,,,,0.4286479651927948,0.055456098169088364,0.10217103362083435,,,
531,0,3,,,,,,,,0.03206759691238403,0.08755839616060257,0.026218721643090248,,,
532,9,9,,,,,,,,0.18864676356315613,0.2053239792585373,0.14065106213092804,,,
533,5,5,,,,,,,,0.47785550355911255,0.07306792587041855,0.2459249198436737,,,
534,6,6,2,0.1791907514450867,0.4068965517241379,0.59375,0.8066006898880005,0.8230034708976746,0.8563646674156189,0.19366607069969177,0.48897597193717957,0.08277367055416107,0.0989542230963707,0.4712149500846863,0.01724163442850113
535,6,6,2,0.34210526315789475,0.5111111111111111,0.5454545454545454,0.5484330654144287,0.8824166655540466,0.5012518167495728,0.23518909513950348,0.5532033443450928,0.43681812286376953,0.07195166498422623,0.6742784380912781,0.05245761573314667
536,6,6,,,,,,,,0.4008118510246277,0.4976624846458435,0.4166569113731384,,,
537,2,6,,,,,,,,0.10262410342693329,0.41801080107688904,0.04829206317663193,,,
538,9,9,8,0.43661971830985913,0.632,0.6859504132231405,0.8494947552680969,0.9105122089385986,0.5056624412536621,0.033550869673490524,0.06821579486131668,0.028265422210097313,0.03177855163812637,0.04138476401567459,0.002595665166154504
539,0,0,,,,,,,,0.519396960735321,0.3160076439380646,0.9263176918029785,,,
540,1,1,,,,,,,,0.6055079102516174,0.13134396076202393,0.5350545644760132,,,
541,7,7,4,0.8053097345132744,0.6062992125984252,0.3783783783783784,0.9572754502296448,0.8494004011154175,0.32043272256851196,0.12163988500833511,0.017753610387444496,0.13855621218681335,0.011233656667172909,0.0020499140955507755,0.028040524572134018
542,6,6,2,0.10810810810810811,0.6451612903225806,0.21428571428571427,0.5123283863067627,0.8669806718826294,0.5895637273788452,0.4534505009651184,0.40651756525039673,0.1210663765668869,0.22981128096580505,0.23111094534397125,0.22304078936576843
543,7,7,,,,,,,,0.3159886300563812,0.2821677625179291,0.40700867772102356,,,
544,5,5,,,,,,,,0.42674776911735535,0.21860745549201965,0.14505764842033386,,,
545,9,9,,,,,,,,0.19385071098804474,0.13823871314525604,0.13075892627239227,,,
546,1,1,,,,,,,,0.32484865188598633,0.22650817036628723,0.16618704795837402,,,
547,6,6,,,,,,,,0.3130876421928406,0.691747784614563,0.10136843472719193,,,
548,2,2,,,,,,,,0.564447820186615,0.126834437251091,0.20464950799942017,,,
549,5,5,3,0.3972602739726027,0.3161290322580645,0.5692307692307692,0.8956080675125122,0.7966514825820923,0.4940323829650879,0.07689712196588516,0.05779951065778732,0.07884692400693893,0.06169044226408005,0.022249257192015648,0.01831175573170185
550,5,5,,,,,,,,0.2728804647922516,0.07376176118850708,0.13418856263160706,,,
551,5,5,0,0.030303030303030304,0.3333333333333333,0.10869565217391304,0.552667498588562,0.8286150693893433,0.5377764701843262,0.14796020090579987,0.13361811637878418,0.05283168703317642,0.08474043756723404,0.06593206524848938,0.01831306330859661
552,8,8,,,,,,,,0.703971266746521,0.13612014055252075,0.2538239061832428,,,
553,5,5,3,0.4166666666666667,0.5223880597014925,0.21428571428571427,0.7050248384475708,0.8683319687843323,0.21855977177619934,0.2346622794866562,0.06401278078556061,0.24845431745052338,0.0528750903904438,0.06486118584871292,0.03458426892757416
554,9,9,,,,,,,,0.4341095983982086,0.42077842354774475,0.4830952286720276,,,
555,4,4,2,0.5338345864661654,0.43661971830985913,0.4068965517241379,0.8785436153411865,0.7869497537612915,0.35561859607696533,0.07506014406681061,0.14463859796524048,0.0911838486790657,0.0016074685845524073,0.0330752395093441,0.006877068430185318
556,6,6,4,0.046153846153846156,0.45714285714285713,0.24390243902439024,0.4343491196632385,0.8299751281738281,0.3607749044895172,0.36852651834487915,0.6011568307876587,0.23652632534503937,0.1511685848236084,0.6286895275115967,0.022605931386351585
557,4,4,,,,,,,,0.23912721872329712,0.24132557213306427,0.3089944124221802,,,
558,3,3,5,0.0,0.3783783783783784,0.014925373134328358,0.2877025604248047,0.7874284982681274,0.014303548261523247,0.4233594834804535,0.3281562924385071,0.38184863328933716,0.2521796226501465,0.23740369081497192,0.3797152042388916
559,2,2,,,,,,,,0.397434800863266,0.513427197933197,0.2996727526187897,,,
560,0,0,,,,,,,,0.5294684171676636,0.5613784790039062,0.7351908683776855,,,
561,7,7,,,,,,,,0.3160145580768585,0.08755231648683548,0.19400782883167267,,,
562,6,3,,,,,,,,0.13838577270507812,0.27422046661376953,0.1701703816652298,,,
563,2,2,4,0.1590909090909091,0.6190476190476191,0.25153374233128833,0.8701541423797607,0.806445837020874,0.5245422124862671,0.29626932740211487,0.15835058689117432,0.19899679720401764,0.11928126215934753,0.15185081958770752,0.06073787435889244
564,2,2,,,,,,,,0.694810688495636,0.19851084053516388,0.4309663474559784,,,
565,3,3,5,0.8214285714285714,0.3877551020408163,0.06806282722513089,0.872350811958313,0.8119081258773804,0.07790668308734894,0.2639751732349396,0.5665472149848938,0.3205179274082184,0.24004560708999634,0.5496388077735901,0.11832273006439209
566,9,9,,,,,,,,0.2511366903781891,0.13138778507709503,0.12882976233959198,,,
567,7,7,3,0.5111111111111111,0.3972602739726027,0.7739130434782608,0.938715934753418,0.7540277242660522,0.7829890251159668,0.014437869191169739,0.08376959711313248,0.031255416572093964,0.0025318441912531853,0.004086418077349663,0.011673263274133205
568,9,9,0,0.7,0.5454545454545454,0.13333333333333333,0.8930567502975464,0.8822499513626099,0.46175074577331543,0.2291051149368286,0.05494704097509384,0.02932598628103733,0.014947672374546528,0.009577893652021885,0.003483190666884184
569,2,2,,,,,,,,0.4680537283420563,0.17074663937091827,0.4054338335990906,,,
570,6,6,3,0.3691275167785235,0.5,0.5813953488372093,0.5895599722862244,0.8930490612983704,0.6901671886444092,0.21944496035575867,0.36978426575660706,0.033618975430727005,0.2195930778980255,0.2875947058200836,0.026821579784154892
571,7,7,,,,,,,,0.44321364164352417,0.06662189215421677,0.4911991059780121,,,
572,1,1,9,0.2,0.5572519083969466,0.4068965517241379,0.8882081508636475,0.9242782592773438,0.578386127948761,0.1640782356262207,0.27887019515037537,0.10126947611570358,0.03595680370926857,0.21015161275863647,0.1551423966884613
573,3,3,,,,,,,,0.43040359020233154,0.3055921494960785,0.24088791012763977,,,
574,6,6,3,0.1657142857142857,0.4166666666666667,0.3877551020408163,0.5954504013061523,0.7909300327301025,0.638329267501831,0.2105937898159027,0.47138747572898865,0.08119474351406097,0.005861467681825161,0.14895087480545044,0.0008922861889004707
575,6,6,3,0.10270270270270271,0.4166666666666667,0.43661971830985913,0.3631870746612549,0.8063116073608398,0.5725290775299072,0.3414511978626251,0.7027299404144287,0.1512325406074524,0.03200782835483551,0.48414504528045654,0.02713949792087078
576,8,8,0,0.12087912087912088,0.42657342657342656,0.25153374233128833,0.056876905262470245,0.8645725250244141,0.23425742983818054,0.40552058815956116,0.07159144431352615,0.13266611099243164,0.00534884724766016,0.0316445454955101,0.0082208551466465
577,9,8,,,,,,,,0.3161291480064392,0.04331691935658455,0.07969637960195541,,,
578,7,7,,,,,,,,0.2521323561668396,0.22146844863891602,0.34513211250305176,,,
579,5,5,,,,,,,,0.37216833233833313,0.15275615453720093,0.06760398298501968,,,
580,4,4,,,,,,,,0.2095690220594406,0.3219076097011566,0.33020034432411194,,,
581,0,0,,,,,,,,0.5566141605377197,0.50937420129776,0.6787286996841431,,,
582,8,8,,,,,,,,0.325364351272583,0.15353602170944214,0.21480469405651093,,,
583,4,4,,,,,,,,0.24231740832328796,0.1738119274377823,0.12379676848649979,,,
584,0,0,,,,,,,,0.9156630039215088,0.5019115209579468,0.9224764108657837,,,
585,9,9,,,,,,,,0.2580014169216156,0.08842266350984573,0.13998155295848846,,,
586,3,3,6,0.7142857142857143,0.3972602739726027,0.1791907514450867,0.9195625185966492,0.8766470551490784,0.43285879492759705,0.14773499965667725,0.2727274000644684,0.08685877919197083,0.13368773460388184,0.2612404227256775,0.09607620537281036
587,4,4,,,,,,,,0.21600642800331116,0.2548196315765381,0.16595245897769928,,,
588,8,8,,,,,,,,0.276334673166275,0.08811003714799881,0.1336514949798584,,,
589,9,9,,,,,,,,0.5269111394882202,0.19017277657985687,0.1760355681180954,,,
590,6,6,,,,,,,,0.4725099503993988,0.500558614730835,0.25420495867729187,,,
591,9,9,,,,,,,,0.2748330533504486,0.07416124641895294,0.17772558331489563,,,
592,2,2,,,,,,,,0.8398824334144592,0.49485060572624207,0.6915069222450256,,,
593,6,6,2,0.14606741573033707,0.45714285714285713,0.6062992125984252,0.7625839114189148,0.8745046854019165,0.5697367191314697,0.15653429925441742,0.28189817070961,0.060025978833436966,0.06914622336626053,0.4998013973236084,0.01002533920109272
594,1,1,,,,,,,,0.2734639346599579,0.09106878936290741,0.1382981240749359,,,
595,4,4,,,,,,,,0.2996550500392914,0.11215129494667053,0.27117735147476196,,,
596,7,7,,,,,,,,0.15863154828548431,0.19521352648735046,0.2602125108242035,,,
597,3,0,,,,,,,,0.3067665994167328,0.15807203948497772,0.33570870757102966,,,
598,5,5,3,0.7,0.3972602739726027,0.3076923076923077,0.9116489887237549,0.8485021591186523,0.7099244594573975,0.19568370282649994,0.05959778651595116,0.06859931349754333,0.10552695393562317,0.041137028485536575,0.03580493479967117
599,3,3,5,0.07936507936507936,0.5,0.34210526315789475,0.6482294201850891,0.8570265769958496,0.5432029962539673,0.28309574723243713,0.2186221033334732,0.19051073491573334,0.1281731277704239,0.16632382571697235,0.1094004288315773
600,8,8,,,,,,,,0.31281352043151855,0.16887864470481873,0.2889346182346344,,,
601,5,5,3,0.14606741573033707,0.4068965517241379,0.21428571428571427,0.6108403205871582,0.8286164999008179,0.5541055202484131,0.18304866552352905,0.055020760744810104,0.1503208726644516,0.2197277545928955,0.021559152752161026,0.01593226008117199
602,0,0,,,,,,,,0.7830649018287659,0.739946722984314,0.6013582348823547,,,
603,2,2,,,,,,,,0.38785743713378906,0.26289790868759155,0.7359311580657959,,,
604,1,1,,,,,,,,0.7256498336791992,0.17194902896881104,0.5340733528137207,,,
605,6,6,,,,,,,,0.40156301856040955,0.6680795550346375,0.2842351794242859,,,
606,4,3,,,,,,,,0.14885908365249634,0.2656714916229248,0.1402333378791809,,,
607,3,2,,,,,,,,0.016617130488157272,0.26491042971611023,0.054083362221717834,,,
608,3,3,,,,,,,,0.2109513282775879,0.48419851064682007,0.23329094052314758,,,
609,9,9,,,,,,,,0.2523818612098694,0.466968834400177,0.18930457532405853,,,
610,6,6,,,,,,,,0.12362297624349594,0.666801393032074,0.2871442139148712,,,
611,9,9,,,,,,,,0.19394336640834808,0.16720645129680634,0.038363151252269745,,,
612,8,8,,,,,,,,0.3505253791809082,0.49087077379226685,0.2269965559244156,,,
613,8,8,,,,,,,,0.6426119208335876,0.2318885773420334,0.2512398958206177,,,
614,5,5,,,,,,,,0.3259630799293518,0.08685405552387238,0.2737768292427063,,,
615,8,8,,,,,,,,0.49177268147468567,0.12617476284503937,0.2328915148973465,,,
616,6,6,,,,,,,,0.236018568277359,0.5291916131973267,0.13311631977558136,,,
617,6,6,,,,,,,,0.39085978269577026,0.45655375719070435,0.19511187076568604,,,
618,2,2,7,0.05699481865284974,0.4676258992805755,0.25925925925925924,0.5819469690322876,0.8265577554702759,0.6131764650344849,0.21086470782756805,0.022983672097325325,0.29696762561798096,0.13745945692062378,0.03974805772304535,0.09547197073698044
619,1,1,,,,,,,,0.2248750776052475,0.36776310205459595,0.28265854716300964,,,
620,7,7,,,,,,,,0.2214829921722412,0.16495786607265472,0.2388804405927658,,,
621,7,7,3,0.10869565217391304,0.36,0.2830188679245283,0.6418166160583496,0.8053064346313477,0.43901461362838745,0.26682350039482117,0.030275072902441025,0.15255427360534668,0.07218495011329651,0.01350026298314333,0.03700234368443489
622,1,1,,,,,,,,0.6554175615310669,0.30479997396469116,0.5035027265548706,,,
623,2,2,5,0.3877551020408163,0.5111111111111111,0.04081632653061224,0.8825860023498535,0.8637850284576416,0.3586568534374237,0.3220297396183014,0.08808211982250214,0.03534327447414398,0.25652506947517395,0.1196996197104454,0.06746271997690201
624,7,7,,,,,,,,0.18841293454170227,0.16111993789672852,0.3145187497138977,,,
625,9,9,,,,,,,,0.12471989542245865,0.33811166882514954,0.39467865228652954,,,
626,9,9,,,,,,,,0.1992575228214264,0.5087432265281677,0.1746671348810196,,,
627,4,4,2,0.15254237288135594,0.3076923076923077,0.34210526315789475,0.4733950197696686,0.7925763726234436,0.4872872233390808,0.2795787453651428,0.07690632343292236,0.204118549823761,0.022151382640004158,0.06709446012973785,0.06783156841993332
628,4,4,,,,,,,,0.4828966557979584,0.5850568413734436,0.3598466217517853,,,
629,1,1,,,,,,,,0.1338505893945694,0.1337614804506302,0.1634647250175476,,,
630,2,2,,,,,,,,0.2750016748905182,0.3147813379764557,0.43310412764549255,,,
631,5,5,2,0.03553299492385787,0.3783783783783784,0.3509933774834437,0.07848481833934784,0.7916895151138306,0.6003534197807312,0.17360569536685944,0.08295401930809021,0.08029728382825851,0.025714050978422165,0.047690264880657196,0.002868968527764082
632,6,6,3,0.12087912087912088,0.3246753246753247,0.4166666666666667,0.8278132677078247,0.7472305297851562,0.6595773696899414,0.07922366261482239,0.4276493489742279,0.04284257814288139,0.03244217485189438,0.15395404398441315,0.004116124007850885
633,8,8,0,0.5813953488372093,0.5454545454545454,0.5111111111111111,0.8836085796356201,0.8254858255386353,0.7817643880844116,0.15189309418201447,0.02917531691491604,0.10895735025405884,0.018789805471897125,0.005371949169784784,0.02706371247768402
634,7,7,4,0.1657142857142857,0.44680851063829785,0.4676258992805755,0.6115212440490723,0.8249595165252686,0.6441264152526855,0.26804178953170776,0.1341753453016281,0.21426446735858917,0.24840708076953888,0.007136120926588774,0.08092204481363297
635,6,6,3,0.3972602739726027,0.4676258992805755,0.5692307692307692,0.7299429774284363,0.8445631861686707,0.6102474927902222,0.04251560941338539,0.5997399091720581,0.09221778810024261,0.014347215183079243,0.47796061635017395,0.007119002752006054
636,8,8,,,,,,,,0.40271085500717163,0.07009260356426239,0.2469620555639267,,,
637,3,3,7,0.02512562814070352,0.5111111111111111,0.2830188679245283,0.493809312582016,0.8442834615707397,0.4773343801498413,0.06473136693239212,0.21938565373420715,0.06702455878257751,0.1023852527141571,0.1736362874507904,0.021653540432453156
638,0,0,2,0.3691275167785235,0.5572519083969466,0.2911392405063291,0.8549023866653442,0.8989794254302979,0.3739807605743408,0.3809569180011749,0.567943274974823,0.9235215187072754,0.3050480782985687,0.7056320905685425,0.733400821685791
639,5,5,3,0.23636363636363636,0.6585365853658537,0.5111111111111111,0.8067355155944824,0.8946475982666016,0.7973943948745728,0.101935975253582,0.09282226115465164,0.07717861980199814,0.009685110300779343,0.03917146846652031,0.01154915802180767
640,5,5,3,0.2911392405063291,0.3972602739726027,0.6451612903225806,0.5737929344177246,0.8350372314453125,0.48192620277404785,0.2271760255098343,0.04194558411836624,0.02334342524409294,0.10098658502101898,0.0216070543974638,0.051070310175418854
641,3,3,2,0.2215568862275449,0.29936305732484075,0.0,0.7807841897010803,0.8173810839653015,-0.174057275056839,0.17890995740890503,0.3774302005767822,0.12306332588195801,0.07364475727081299,0.4438531994819641,0.06953827291727066
642,0,0,2,0.8378378378378378,0.3333333333333333,0.21428571428571427,0.8185884952545166,0.7300078868865967,0.5256650447845459,0.300125390291214,0.7001057863235474,0.8591085076332092,0.5914849638938904,0.543012261390686,0.5923399925231934
643,7,7,,,,,,,,0.5228258967399597,0.1353086680173874,0.43290019035339355,,,
644,9,9,,,,,,,,0.31278035044670105,0.08945781737565994,0.1300462931394577,,,
645,1,1,,,,,,,,0.3244149684906006,0.19920320808887482,0.22072109580039978,,,
646,3,3,5,0.1657142857142857,0.43661971830985913,0.1590909090909091,0.5653353929519653,0.7944393157958984,0.40715235471725464,0.07491546869277954,0.048532966524362564,0.1317247599363327,0.020511049777269363,0.040389902889728546,0.01341128721833229
647,4,4,3,0.09090909090909091,0.3246753246753247,0.3691275167785235,0.12410718947649002,0.7394991517066956,0.39473357796669006,0.1488182544708252,0.18925347924232483,0.07233811914920807,0.0011279202299192548,0.09260767698287964,0.003056806745007634
648,4,4,,,,,,,,0.169051855802536,0.4661113917827606,0.37366926670074463,,,
649,5,5,,,,,,,,0.34868085384368896,0.2689034342765808,0.28356513381004333,,,
650,3,3,,,,,,,,0.4538758099079132,0.593875527381897,0.3496898412704468,,,
651,9,9,1,0.15254237288135594,0.6451612903225806,0.046153846153846156,0.9154896140098572,0.8975139856338501,0.4333603084087372,0.0741252601146698,0.21540142595767975,0.07629475742578506,0.00603566924110055,0.25336435437202454,0.07348601520061493
652,5,5,3,0.23493975903614459,0.3691275167785235,0.18604651162790697,0.41920194029808044,0.7823871374130249,0.44263190031051636,0.14229716360569,0.10362978279590607,0.10502693057060242,0.4320656359195709,0.018195202574133873,0.04211209714412689
653,6,6,,,,,,,,0.21415765583515167,0.6037905812263489,0.15094168484210968,,,
654,9,9,,,,,,,,0.3454105257987976,0.20981591939926147,0.22709766030311584,,,
655,2,2,0,0.59375,0.3877551020408163,0.5572519083969466,0.9370791912078857,0.8483446836471558,0.6434308290481567,0.08045709878206253,0.3607853055000305,0.20406052470207214,0.05231139436364174,0.17511025071144104,0.05688074603676796
656,1,1,,,,,,,,0.5338631272315979,0.3442991077899933,0.22780859470367432,,,
657,1,9,,,,,,,,0.022103101015090942,0.060943275690078735,0.013662904500961304,,,
658,4,4,5,0.11475409836065574,0.3509933774834437,0.21428571428571427,0.6439546346664429,0.7814367413520813,0.4166896343231201,0.11177162081003189,0.2626429498195648,0.04811865836381912,0.06360715627670288,0.23187553882598877,0.051574669778347015
659,1,1,,,,,,,,0.169207364320755,0.21210923790931702,0.14465296268463135,,,
660,9,9,,,,,,,,0.29007411003112793,0.1956484615802765,0.28750884532928467,,,
661,4,4,,,,,,,,0.3541952669620514,0.131687730550766,0.3153652846813202,,,
662,7,7,,,,,,,,0.3905560076236725,0.3009456992149353,0.2767752707004547,,,
663,6,6,5,0.48905109489051096,0.7739130434782608,0.3691275167785235,0.6685382723808289,0.9113415479660034,0.5017054677009583,0.05779577046632767,0.3174174726009369,0.159284308552742,0.07758785784244537,0.3435554504394531,0.1771204173564911
664,3,3,,,,,,,,0.1435644030570984,0.22719471156597137,0.4042729437351227,,,
665,8,0,,,,,,,,0.4184407591819763,0.4284243583679199,0.8031628131866455,,,
666,9,9,,,,,,,,0.5720174312591553,0.36883068084716797,0.23934631049633026,,,
667,0,0,,,,,,,,0.5513838529586792,0.46269896626472473,0.9583277702331543,,,
668,1,1,,,,,,,,0.33442041277885437,0.2294909954071045,0.2963951826095581,,,
669,3,3,,,,,,,,0.06725198030471802,0.21556450426578522,0.0777982771396637,,,
670,6,6,,,,,,,,0.40697139501571655,0.6779933571815491,0.23595571517944336,,,
671,3,3,5,0.45714285714285713,0.632,0.07936507936507936,0.6990127563476562,0.8837895393371582,0.3090851306915283,0.25565314292907715,0.6778593063354492,0.29402923583984375,0.01621568202972412,0.5187954902648926,0.14206033945083618
672,6,2,,,,,,,,0.5608314275741577,0.08041825890541077,0.1501944363117218,,,
673,3,3,,,,,,,,0.25700265169143677,0.5004277229309082,0.234586700797081,,,
674,2,2,4,0.18604651162790697,0.36,0.3246753246753247,0.7131513357162476,0.76790851354599,0.5211554169654846,0.4232538342475891,0.06442566215991974,0.2592778503894806,0.1855562925338745,0.01583607867360115,0.1498161256313324
675,0,0,3,0.6532258064516129,0.6721311475409836,0.19298245614035087,0.8602501153945923,0.9079400300979614,0.2917647957801819,0.3902015686035156,0.4806049168109894,0.7606223821640015,0.20833446085453033,0.5003101825714111,0.3729146420955658
676,3,3,,,,,,,,0.7115041017532349,0.2763541340827942,0.5582326054573059,,,
677,1,1,9,0.0,0.6062992125984252,0.3877551020408163,0.32018405199050903,0.8678661584854126,0.7586506605148315,0.17102015018463135,0.10598346590995789,0.4222005009651184,0.042944617569446564,0.10443448275327682,0.1807442158460617
678,0,0,4,0.6585365853658537,0.4676258992805755,0.3161290322580645,0.7557641267776489,0.8084944486618042,0.42820432782173157,0.599530041217804,0.4037245512008667,0.48275408148765564,0.19278253614902496,0.40416085720062256,0.21066252887248993
679,5,5,3,0.5572519083969466,0.4166666666666667,0.2830188679245283,0.7405851483345032,0.8421839475631714,0.6406594514846802,0.29579782485961914,0.04186068847775459,0.23409917950630188,0.025420570746064186,0.009666272439062595,0.019336186349391937
680,9,1,,,,,,,,0.045199502259492874,0.0897054672241211,0.06992363929748535,,,
681,6,6,3,0.06806282722513089,0.34210526315789475,0.2830188679245283,0.7294117212295532,0.743573784828186,0.38234394788742065,0.127861887216568,0.7198417782783508,0.11385556310415268,0.03424108773469925,0.5015512108802795,0.04675297066569328
682,4,4,0,0.29936305732484075,0.5223880597014925,0.5692307692307692,0.8956540822982788,0.8735164999961853,0.6205103397369385,0.07734531164169312,0.06283076852560043,0.027007417753338814,0.0004389045643620193,0.14772753417491913,0.0002939472033176571
683,8,0,,,,,,,,0.6347212791442871,0.4681541323661804,0.4740869700908661,,,
684,9,9,,,,,,,,0.30526772141456604,0.22539454698562622,0.3431090712547302,,,
685,6,4,,,,,,,,0.21570782363414764,0.15692853927612305,0.07845764607191086,,,
686,9,9,,,,,,,,0.22563472390174866,0.1703449785709381,0.3861111104488373,,,
687,6,6,3,0.13333333333333333,0.48905109489051096,0.29936305732484075,0.6036413908004761,0.8138659000396729,0.7378746867179871,0.1318867802619934,0.31637272238731384,0.041327282786369324,0.04268081858754158,0.18580694496631622,0.016227547079324722
688,3,3,6,0.13333333333333333,0.5111111111111111,0.29936305732484075,0.7047614455223083,0.9043462872505188,0.4326310455799103,0.17052248120307922,0.25520315766334534,0.15603047609329224,0.31878751516342163,0.21646949648857117,0.05027322098612785
689,0,0,6,0.6859504132231405,0.48905109489051096,0.3877551020408163,0.9323306083679199,0.8889200091362,0.8190879821777344,0.4246182441711426,0.1602892130613327,0.3095967471599579,0.454988032579422,0.1920616775751114,0.2526879906654358
690,3,3,4,0.3877551020408163,0.3972602739726027,0.2215568862275449,0.9233343005180359,0.8299511671066284,0.31467264890670776,0.1211281418800354,0.3476361930370331,0.1945192515850067,0.11730644851922989,0.22846822440624237,0.015834994614124298
691,2,2,,,,,,,,0.472528338432312,0.20825591683387756,0.31472617387771606,,,
692,2,2,0,0.8545454545454545,0.4782608695652174,0.34210526315789475,0.9716981053352356,0.8146113753318787,0.5877655744552612,0.6045747399330139,0.06370074301958084,0.17756685614585876,0.41422200202941895,0.019660744816064835,0.14542004466056824
693,7,7,,,,,,,,0.3163231909275055,0.29873988032341003,0.517364501953125,,,
694,8,8,,,,,,,,0.7679972648620605,0.030486030504107475,0.36357516050338745,,,
695,3,3,,,,,,,,0.31042343378067017,0.14933623373508453,0.5945690274238586,,,
696,8,8,,,,,,,,0.399410605430603,0.09073059260845184,0.2747068405151367,,,
697,2,2,0,0.5454545454545454,0.48905109489051096,0.4782608695652174,0.9524868130683899,0.9210293292999268,0.6656821966171265,0.33031946420669556,0.2019680142402649,0.35954728722572327,0.21592798829078674,0.03214636445045471,0.09070836752653122
698,7,7,,,,,,,,0.46380144357681274,0.18814606964588165,0.37151581048965454,,,
699,5,5,,,,,,,,0.1383032202720642,0.10555751621723175,0.08892907947301865,,,
700,7,7,,,,,,,,0.37356483936309814,0.22731657326221466,0.3205718994140625,,,
701,2,2,,,,,,,,0.7519827485084534,0.3610686659812927,0.1372452676296234,,,
702,4,4,,,,,,,,0.32438695430755615,0.250885933637619,0.250852108001709,,,
703,8,8,,,,,,,,0.6759018301963806,0.21304668486118317,0.4169937074184418,,,
704,7,7,2,0.4782608695652174,0.5111111111111111,0.5,0.7939778566360474,0.8608094453811646,0.6201021671295166,0.10899706929922104,0.039122384041547775,0.1748599112033844,0.003143902402371168,0.005929914303123951,0.14179633557796478
705,4,4,,,,,,,,0.3691953718662262,0.24661171436309814,0.294283926486969,,,
706,2,2,,,,,,,,0.4411972761154175,0.15434567630290985,0.13335005939006805,,,
707,9,9,,,,,,,,0.4250129759311676,0.16112478077411652,0.47037774324417114,,,
708,8,8,2,0.3945578231292517,0.3972602739726027,0.3691275167785235,0.5802496671676636,0.8275671601295471,0.6772640943527222,0.7211710214614868,0.08879432082176208,0.1788019835948944,0.14085189998149872,0.024982057511806488,0.009000488556921482
709,8,8,,,,,,,,0.6581466794013977,0.12077432125806808,0.3512530028820038,,,
710,6,6,2,0.7739130434782608,0.6859504132231405,0.3076923076923077,0.9158331751823425,0.9343314170837402,0.704657793045044,0.03741922229528427,0.11575697362422943,0.07376151531934738,0.07668067514896393,0.1264595240354538,0.0021149294916540384
711,8,8,0,0.0,0.48905109489051096,0.10869565217391304,0.6939337849617004,0.8289903402328491,0.17059293389320374,0.1621721386909485,0.053512170910835266,0.029760709032416344,0.027010753750801086,0.05940498411655426,0.06965024769306183
712,8,8,,,,,,,,0.7540917992591858,0.10322163254022598,0.5836254358291626,,,
713,7,7,5,0.0,0.2911392405063291,0.42657342657342656,0.555562436580658,0.7673882246017456,0.3758888840675354,0.10912132263183594,0.029877644032239914,0.12489377707242966,0.07715033739805222,0.012915501371026039,0.006503842771053314
714,4,4,3,0.36,0.42657342657342656,0.5454545454545454,0.8885862231254578,0.8538900017738342,0.6470003724098206,0.17719334363937378,0.35811758041381836,0.24539053440093994,0.21006211638450623,0.3234468102455139,0.09434841573238373
715,3,5,,,,,,,,0.03800157457590103,0.03547962009906769,0.08536466956138611,,,
716,3,3,5,0.3783783783783784,0.3161290322580645,0.02512562814070352,0.578018069267273,0.75187087059021,-0.07318083941936493,0.395721435546875,0.7102959156036377,0.6539236307144165,0.05243445560336113,0.540448009967804,0.14351342618465424
717,8,8,,,,,,,,0.45642685890197754,0.09920288622379303,0.1510653793811798,,,
718,4,4,,,,,,,,0.09653270244598389,0.39988377690315247,0.12578429281711578,,,
719,9,9,,,,,,,,0.2069684863090515,0.3613956570625305,0.17012903094291687,,,
720,4,4,,,,,,,,0.1710963398218155,0.4616600573062897,0.16393059492111206,,,
721,8,8,,,,,,,,0.24528691172599792,0.057478662580251694,0.12691514194011688,,,
722,8,8,,,,,,,,0.5298231244087219,0.25807246565818787,0.27472496032714844,,,
723,1,1,,,,,,,,0.4425068795681,0.5314984321594238,0.35737380385398865,,,
724,8,8,0,0.24390243902439024,0.59375,0.3509933774834437,0.4960765838623047,0.8649771213531494,0.3720996677875519,0.32088640332221985,0.029935842379927635,0.04770549759268761,0.0015235940227285028,0.003934734966605902,0.01589587703347206
725,2,0,,,,,,,,0.29755866527557373,0.13393570482730865,0.19874846935272217,,,
726,1,1,,,,,,,,0.5056590437889099,0.2076077163219452,0.3163897395133972,,,
727,3,2,,,,,,,,0.14473286271095276,0.2871032953262329,0.21466541290283203,,,
728,6,6,2,0.3076923076923077,0.5338345864661654,0.3877551020408163,0.6269323825836182,0.8961091041564941,0.5994817614555359,0.2079501897096634,0.32335031032562256,0.1467190831899643,0.015086733736097813,0.26523661613464355,0.010036768391728401
729,5,5,3,0.2275449101796407,0.4782608695652174,0.13333333333333333,0.7208548188209534,0.8319588303565979,0.519775927066803,0.22632485628128052,0.09286966919898987,0.10726483911275864,0.2683131694793701,0.057424262166023254,0.1206495463848114
730,4,4,5,0.1791907514450867,0.43661971830985913,0.632,0.6343914270401001,0.7943716049194336,0.6887972950935364,0.07645305246114731,0.31255796551704407,0.04336102679371834,0.002814909676089883,0.18590670824050903,0.0008127308683469892
731,2,2,0,0.7,0.7586206896551724,0.34210526315789475,0.9906305074691772,0.9431460499763489,0.6369372010231018,0.4653579294681549,0.2824819087982178,0.377795547246933,0.4943562150001526,0.2697129249572754,0.07444161921739578
732,7,7,,,,,,,,0.351222425699234,0.16244620084762573,0.18733687698841095,,,
733,9,9,,,,,,,,0.216263547539711,0.13405588269233704,0.3037589192390442,,,
734,9,1,,,,,,,,0.05309300869703293,0.2711803615093231,0.13100692629814148,,,
735,4,4,6,0.44680851063829785,0.34210526315789475,0.3246753246753247,0.9732767939567566,0.6970929503440857,0.5068027973175049,0.05443236231803894,0.06221529096364975,0.02948690950870514,0.04930977150797844,0.07514398545026779,0.05041159316897392
736,1,1,,,,,,,,0.14828969538211823,0.11113519221544266,0.12540313601493835,,,
737,4,4,,,,,,,,0.042992740869522095,0.05325468257069588,0.02725132368505001,,,
738,1,1,,,,,,,,0.39626777172088623,0.08485481142997742,0.3300620913505554,,,
739,3,5,,,,,,,,0.13636353611946106,0.05663629621267319,0.15428990125656128,,,
740,2,2,,,,,,,,0.7282955646514893,0.2010554075241089,0.2988547086715698,,,
741,7,7,,,,,,,,0.41284382343292236,0.2572426497936249,0.42530569434165955,,,
742,0,0,,,,,,,,0.6124114990234375,0.5008416175842285,0.8630172610282898,,,
743,7,7,,,,,,,,0.25853291153907776,0.1835368275642395,0.21342429518699646,,,
744,9,9,3,0.0967741935483871,0.4782608695652174,0.6062992125984252,0.8888902068138123,0.8365569710731506,0.7078326940536499,0.2202928364276886,0.02520482800900936,0.14539533853530884,0.005632413551211357,0.0036270732525736094,0.01240429189056158
745,7,7,,,,,,,,0.22222313284873962,0.04925339296460152,0.15329356491565704,,,
746,6,6,2,0.21428571428571427,0.4676258992805755,0.48905109489051096,0.4031882584095001,0.8578286170959473,0.5329626202583313,0.05597083270549774,0.38319528102874756,0.07740726321935654,0.10945837199687958,0.28626856207847595,0.04453393816947937
747,6,6,,,,,,,,0.1995919793844223,0.6521332263946533,0.23550565540790558,,,
748,2,2,,,,,,,,0.5465279221534729,0.44789808988571167,0.5191039443016052,,,
749,5,5,3,0.4782608695652174,0.4166666666666667,0.1657142857142857,0.648795485496521,0.8621789216995239,0.4603880047798157,0.3713882565498352,0.07306569069623947,0.060605984181165695,0.11684960126876831,0.0718686506152153,0.007294673006981611
750,9,9,,,,,,,,0.22169999778270721,0.25799065828323364,0.0774284154176712,,,
751,2,2,0,0.6451612903225806,0.4166666666666667,0.4676258992805755,0.8956828117370605,0.8388510942459106,0.728171169757843,0.42650479078292847,0.08606410771608353,0.4010608196258545,0.515670895576477,0.09728515893220901,0.3534286916255951
752,9,9,,,,,,,,0.44889456033706665,0.10753398388624191,0.1812264770269394,,,
753,1,1,,,,,,,,0.35302796959877014,0.11587618291378021,0.17452146112918854,,,
754,2,2,,,,,,,,0.4982655942440033,0.2636444568634033,0.5246327519416809,,,
755,2,2,,,,,,,,0.429021418094635,0.1426447480916977,0.2787327468395233,,,
756,6,6,,,,,,,,0.1910543143749237,0.5596108436584473,0.11031810194253922,,,
757,8,8,,,,,,,,0.4462605118751526,0.528092622756958,0.2948545515537262,,,
758,2,2,,,,,,,,0.4380829930305481,0.20653139054775238,0.2970828711986542,,,
759,1,1,,,,,,,,0.563583254814148,0.0893109068274498,0.31505802273750305,,,
760,3,3,5,0.5572519083969466,0.5,0.3161290322580645,0.9156594276428223,0.8963704705238342,0.6002246141433716,0.22685298323631287,0.36181285977363586,0.07224933803081512,0.17912079393863678,0.4048404395580292,0.06823088973760605
761,6,6,5,0.2670807453416149,0.7142857142857143,0.43661971830985913,0.7539966106414795,0.8321614265441895,0.5407061576843262,0.18988284468650818,0.4816697835922241,0.17424379289150238,0.02174769900739193,0.47675150632858276,0.04512813687324524
762,6,6,,,,,,,,0.2752293348312378,0.5799221992492676,0.21045702695846558,,,
763,0,0,2,0.3691275167785235,0.42657342657342656,0.18604651162790697,0.9209854602813721,0.8240387439727783,0.29487574100494385,0.4891479015350342,0.48902609944343567,0.8565617799758911,0.7184085845947266,0.5381035804748535,0.7016057968139648
764,1,1,,,,,,,,0.48138171434402466,0.24071766436100006,0.3082245886325836,,,
765,2,2,,,,,,,,0.6118224859237671,0.1742912381887436,0.570178210735321,,,
766,7,7,0,0.08994708994708994,0.34210526315789475,0.3161290322580645,0.5159786939620972,0.7806757688522339,0.5163997411727905,0.15707480907440186,0.044913921505212784,0.1314392387866974,0.03159504011273384,0.004452881868928671,0.011958271265029907
767,0,0,,,,,,,,0.10901749134063721,0.1799321323633194,0.41856423020362854,,,
768,5,5,3,0.3972602739726027,0.7586206896551724,0.44680851063829785,0.8491024971008301,0.9571107625961304,0.5192757844924927,0.11561530083417892,0.054084185510873795,0.025514936074614525,0.026520682498812675,0.039373911917209625,0.01207443606108427
769,4,4,,,,,,,,0.12425773590803146,0.29234907031059265,0.15068979561328888,,,
770,6,3,,,,,,,,0.09933128952980042,0.11012014001607895,0.06408140808343887,,,
771,1,1,9,0.3576158940397351,0.6451612903225806,0.10270270270270271,0.7025829553604126,0.8794160485267639,0.4011520743370056,0.16852691769599915,0.04345285892486572,0.03974912315607071,0.030585555359721184,0.02051827497780323,0.0016765679465606809
772,6,6,,,,,,,,0.42701196670532227,0.6470393538475037,0.3423607051372528,,,
773,4,4,,,,,,,,0.27317431569099426,0.34349295496940613,0.37030574679374695,,,
774,0,0,2,0.7288135593220338,0.4068965517241379,0.13966480446927373,0.9374500513076782,0.785740077495575,0.0589640736579895,0.4453713893890381,0.31399616599082947,0.7707272171974182,0.2565616965293884,0.3728388845920563,0.43917614221572876
775,2,4,,,,,,,,0.10904618352651596,0.11752273142337799,0.3686526119709015,,,
776,2,5,,,,,,,,0.1256423443555832,0.08313069492578506,0.10203438252210617,,,
777,6,6,,,,,,,,0.2088140994310379,0.5751203894615173,0.11003455519676208,,,
778,0,0,,,,,,,,0.6538403630256653,0.432833194732666,0.5257313847541809,,,
779,5,5,,,,,,,,0.06722839921712875,0.17764195799827576,0.14770594239234924,,,
780,9,9,,,,,,,,0.4343014359474182,0.14387863874435425,0.21726197004318237,,,
781,1,1,,,,,,,,0.556093156337738,0.3020208179950714,0.4026126265525818,,,
782,7,7,,,,,,,,0.18437139689922333,0.1285039484500885,0.22886592149734497,,,
783,6,6,,,,,,,,0.4240857660770416,0.36372998356819153,0.15715184807777405,,,
784,7,7,,,,,,,,0.08030697703361511,0.18140941858291626,0.040562454611063004,,,
785,0,0,,,,,,,,0.640086829662323,0.46455562114715576,0.7921892404556274,,,
786,3,3,,,,,,,,0.20196005702018738,0.2498481720685959,0.15607890486717224,,,
787,9,9,0,0.6942148760330579,0.5813953488372093,0.3076923076923077,0.8365052938461304,0.9110406637191772,0.4815404415130615,0.15101148188114166,0.0647864043712616,0.04236726462841034,0.045760586857795715,0.011043042875826359,0.0012708459980785847
788,6,6,4,0.4068965517241379,0.7142857142857143,0.5,0.7299943566322327,0.9470301270484924,0.8362336754798889,0.1805422306060791,0.36250612139701843,0.06630920618772507,0.051343921571969986,0.3014987111091614,0.007963454350829124
789,8,8,0,0.0,0.48905109489051096,0.59375,0.2183772623538971,0.8544305562973022,0.4988224506378174,0.15888406336307526,0.1493406742811203,0.21470320224761963,0.09065189212560654,0.0647512897849083,0.06988475471735
790,3,3,,,,,,,,0.10391773283481598,0.06152675300836563,0.06626629829406738,,,
791,0,0,,,,,,,,0.801422655582428,0.5563014149665833,0.9820244908332825,,,
792,3,3,6,0.030303030303030304,0.5,0.13333333333333333,0.6064364910125732,0.8677332401275635,0.5673467516899109,0.06261783838272095,0.3006390929222107,0.10619119554758072,0.01437462866306305,0.2500491440296173,0.032817814499139786
793,4,5,,,,,,,,0.09054978936910629,0.05196206271648407,0.09797167778015137,,,
794,7,7,2,0.05154639175257732,0.48905109489051096,0.34210526315789475,0.7213795781135559,0.87640380859375,0.6253369450569153,0.17761743068695068,0.026568524539470673,0.028469745069742203,0.0014472859911620617,0.005134917329996824,0.0007319006836041808
795,7,7,5,0.42657342657342656,0.2830188679245283,0.5338345864661654,0.6478343605995178,0.7955915331840515,0.488111674785614,0.22828833758831024,0.12141121923923492,0.11580616980791092,0.040470145642757416,0.07401564717292786,0.011111217550933361
796,1,1,4,0.8378378378378378,0.6859504132231405,0.5572519083969466,0.9883780479431152,0.8784255981445312,0.7830417156219482,0.026951925829052925,0.027449747547507286,0.0716746374964714,0.0053771971724927425,0.0026104282587766647,0.0023820193018764257
797,4,4,,,,,,,,0.18683995306491852,0.1419346034526825,0.24652454257011414,,,
798,7,7,2,0.3509933774834437,0.4676258992805755,0.48905109489051096,0.678723931312561,0.8516198992729187,0.735334038734436,0.051687855273485184,0.0255974680185318,0.07499317824840546,0.005924145691096783,0.0026737547013908625,0.0005132777732796967
799,2,2,5,0.2893081761006289,0.5572519083969466,0.42657342657342656,0.7506493926048279,0.8366470336914062,0.6730771064758301,0.264204204082489,0.10324984043836594,0.05929131433367729,0.2836962938308716,0.11104463785886765,0.04262569546699524
800,7,7,,,,,,,,0.32630255818367004,0.32032597064971924,0.22962944209575653,,,
801,1,1,,,,,,,,0.23748037219047546,0.2703893482685089,0.2781652808189392,,,
802,4,4,,,,,,,,0.11522459983825684,0.07683082669973373,0.038447871804237366,,,
803,7,7,,,,,,,,0.32532042264938354,0.17468543350696564,0.5452942252159119,,,
804,4,4,,,,,,,,0.44163382053375244,0.1595364212989807,0.29390189051628113,,,
805,4,4,5,0.0,0.42657342657342656,0.14606741573033707,0.2833653688430786,0.7962253093719482,-0.06819071620702744,0.11582763493061066,0.1955142319202423,0.06001179665327072,0.19853192567825317,0.19298705458641052,0.048816196620464325
806,8,8,0,0.0967741935483871,0.34210526315789475,0.25925925925925924,0.48444488644599915,0.8336392641067505,0.44133031368255615,0.5872824192047119,0.2894521951675415,0.17552165687084198,0.09337582439184189,0.24148815870285034,0.1692914515733719
807,4,4,,,,,,,,0.0907839760184288,0.369657039642334,0.24727942049503326,,,
808,7,7,,,,,,,,0.38836368918418884,0.24107737839221954,0.3324417173862457,,,
809,7,7,,,,,,,,0.14013445377349854,0.028194161131978035,0.12100439518690109,,,
810,5,2,,,,,,,,0.4385948181152344,0.057051144540309906,0.3444114625453949,,,
811,3,2,,,,,,,,0.2944146394729614,0.17156864702701569,0.3382912874221802,,,
812,7,7,5,0.0,0.45714285714285713,0.2670807453416149,0.32186999917030334,0.8536426424980164,0.40425407886505127,0.2689412236213684,0.16559679806232452,0.44556382298469543,0.05978317931294441,0.023564087226986885,0.08259931951761246
813,2,2,,,,,,,,0.7082908749580383,0.2246328890323639,0.5861656665802002,,,
814,0,0,9,0.4676258992805755,0.5338345864661654,0.25925925925925924,0.9123815298080444,0.9473605155944824,0.5413582921028137,0.48485076427459717,0.4167274236679077,0.62474524974823,0.34928837418556213,0.566262423992157,0.7239482998847961
815,8,8,,,,,,,,0.32835066318511963,0.3109200596809387,0.33044520020484924,,,
816,9,9,,,,,,,,0.2399437427520752,0.16703768074512482,0.14353559911251068,,,
817,5,5,,,,,,,,0.20350858569145203,0.09143213927745819,0.054017987102270126,,,
818,8,8,0,0.4166666666666667,0.5111111111111111,0.34210526315789475,0.8312211036682129,0.8663719296455383,0.38593190908432007,0.061742957681417465,0.055475495755672455,0.05183243751525879,0.09578262269496918,0.010529539547860622,0.0020937221124768257
819,3,3,2,0.4676258992805755,0.5454545454545454,0.3076923076923077,0.7825260162353516,0.895963191986084,0.45658937096595764,0.201515331864357,0.05809265375137329,0.026723260059952736,0.022108422592282295,0.04803398624062538,0.0017412935849279165
820,6,6,2,0.08465608465608465,0.5223880597014925,0.4782608695652174,0.31464987993240356,0.8015032410621643,0.8568459749221802,0.22596201300621033,0.3115256428718567,0.09413624554872513,0.033311426639556885,0.47280073165893555,0.05739319324493408
821,2,2,,,,,,,,0.4772116541862488,0.29133862257003784,0.6046361923217773,,,
822,0,0,2,0.25153374233128833,0.5,0.1724137931034483,0.8569087386131287,0.8439762592315674,0.3497341275215149,0.2906571626663208,0.33972156047821045,0.8435404300689697,0.4561995267868042,0.3794982433319092,0.6644797921180725
823,8,8,,,,,,,,0.6580126285552979,0.18596023321151733,0.12167029082775116,,,
824,7,7,,,,,,,,0.5519809722900391,0.3774222433567047,0.5249047875404358,,,
825,3,3,,,,,,,,0.04266122356057167,0.355431467294693,0.16879139840602875,,,
826,7,7,9,0.03553299492385787,0.3333333333333333,0.0967741935483871,0.5921366214752197,0.7680073380470276,0.41823071241378784,0.11405155807733536,0.08155479282140732,0.13291703164577484,0.024596089497208595,0.1547955870628357,0.011248177848756313
827,6,6,,,,,,,,0.2791784107685089,0.6373699307441711,0.25950413942337036,,,
828,5,4,,,,,,,,0.26568350195884705,0.39400607347488403,0.43324315547943115,,,
829,3,3,6,0.4782608695652174,0.6451612903225806,0.2911392405063291,0.9302342534065247,0.9201328754425049,0.2708807587623596,0.0823858305811882,0.4833132028579712,0.07418997585773468,0.10675277560949326,0.43046268820762634,0.08841952681541443
830,1,1,,,,,,,,0.20873266458511353,0.1017841324210167,0.1768522709608078,,,
831,3,3,2,0.3333333333333333,0.5454545454545454,0.2911392405063291,0.5019950270652771,0.8892122507095337,0.6783633232116699,0.19364914298057556,0.136605367064476,0.17613913118839264,0.1905045360326767,0.09935127943754196,0.13529884815216064
832,2,2,,,,,,,,0.7649685740470886,0.1310693472623825,0.4841994047164917,,,
833,2,2,5,0.45714285714285713,0.7142857142857143,0.18604651162790697,0.9196093678474426,0.8982763290405273,0.5165289044380188,0.0735100507736206,0.135879784822464,0.0633976086974144,0.0026270693633705378,0.15504662692546844,0.012055734172463417
834,5,5,3,0.7586206896551724,0.5454545454545454,0.02512562814070352,0.961962103843689,0.8305165767669678,0.0018419623374938965,0.4110739231109619,0.09692703187465668,0.21612724661827087,0.29486677050590515,0.055103737860918045,0.022307749837636948
835,4,4,5,0.05699481865284974,0.48905109489051096,0.25153374233128833,0.5595636367797852,0.816077709197998,0.5174291133880615,0.09734472632408142,0.22208014130592346,0.1760430485010147,0.044156789779663086,0.09451088309288025,0.09847894310951233
836,1,9,,,,,,,,0.07573894411325455,0.09073469042778015,0.04402643442153931,,,
837,2,2,,,,,,,,0.5342133045196533,0.30235281586647034,0.2689114212989807,,,
838,9,9,,,,,,,,0.16932381689548492,0.196178138256073,0.030987612903118134,,,
839,2,2,,,,,,,,0.722318708896637,0.18226762115955353,0.5212410688400269,,,
840,7,7,,,,,,,,0.4412538707256317,0.23272742331027985,0.5177724361419678,,,
841,0,0,,,,,,,,0.3843364119529724,0.7039080858230591,0.8868247866630554,,,
842,7,7,,,,,,,,0.3681335151195526,0.22582344710826874,0.24532842636108398,,,
843,2,2,,,,,,,,0.333562970161438,0.38478371500968933,0.3135165870189667,,,
844,1,1,,,,,,,,0.35281217098236084,0.10602942854166031,0.3050733208656311,,,
845,3,3,0,0.3246753246753247,0.48905109489051096,0.2670807453416149,0.9214540719985962,0.8683542013168335,0.3272011876106262,0.13643059134483337,0.09202078729867935,0.07147528231143951,0.021866753697395325,0.06415870040655136,0.024113627150654793
846,2,2,,,,,,,,0.6917325258255005,0.16491948068141937,0.4404296875,,,
847,0,0,,,,,,,,0.48460233211517334,0.7992310523986816,0.9768409132957458,,,
848,2,2,3,0.19298245614035087,0.5111111111111111,0.44680851063829785,0.42824187874794006,0.854843258857727,0.4958815574645996,0.5977634191513062,0.295377254486084,0.2962713837623596,0.10867952555418015,0.23944833874702454,0.010843831114470959
849,4,4,,,,,,,,0.2074834555387497,0.26338931918144226,0.15456797182559967,,,
850,7,7,5,0.01990049751243781,0.3877551020408163,0.34210526315789475,0.3518719971179962,0.7934023141860962,0.6061948537826538,0.04543225094676018,0.11877654492855072,0.2647058963775635,0.11611537635326385,0.010410381481051445,0.048216648399829865
851,9,9,,,,,,,,0.24089206755161285,0.540662944316864,0.15195095539093018,,,
852,8,8,0,0.0,0.3783783783783784,0.3691275167785235,0.5381447672843933,0.8479416966438293,0.7317363023757935,0.4159785509109497,0.09325755387544632,0.05224386975169182,0.005856035277247429,0.2554636001586914,0.0013008477399125695
853,9,1,,,,,,,,0.21999606490135193,0.26851722598075867,0.40622714161872864,,,
854,0,0,,,,,,,,0.5092334151268005,0.35547545552253723,0.44504523277282715,,,
855,7,7,,,,,,,,0.24621348083019257,0.1409960389137268,0.3241398334503174,,,
856,7,7,,,,,,,,0.14965294301509857,0.07495737075805664,0.09994643181562424,,,
857,0,0,2,0.48905109489051096,0.36,0.1590909090909091,0.8786697387695312,0.8303476572036743,-0.07683451473712921,0.11735305935144424,0.21531346440315247,0.35980159044265747,0.1639895737171173,0.18016347289085388,0.5731420516967773
858,7,7,,,,,,,,0.40530431270599365,0.1411520093679428,0.3771818280220032,,,
859,8,8,,,,,,,,0.4856526851654053,0.19882258772850037,0.47105148434638977,,,
860,4,4,2,0.25153374233128833,0.3333333333333333,0.10869565217391304,0.718146800994873,0.6867711544036865,0.4028339087963104,0.23216336965560913,0.4054361581802368,0.20325709879398346,0.29327353835105896,0.4135040044784546,0.11817075312137604
861,6,6,4,0.19186046511627908,0.29936305732484075,0.24390243902439024,0.7876846790313721,0.7761813402175903,0.6573476791381836,0.24723631143569946,0.2246118187904358,0.08606743067502975,0.17492851614952087,0.21704676747322083,0.03170798346400261
862,3,3,2,0.6859504132231405,0.59375,0.05699481865284974,0.7910997867584229,0.8869106769561768,-0.006281277164816856,0.18667708337306976,0.17837662994861603,0.4111696481704712,0.07904303818941116,0.060188572853803635,0.11364664137363434
863,3,3,5,0.02512562814070352,0.3783783783783784,0.23636363636363636,0.7832794785499573,0.8406272530555725,0.513996958732605,0.4850189685821533,0.24212725460529327,0.25962913036346436,0.4127815365791321,0.4793848395347595,0.16364054381847382
864,0,0,,,,,,,,0.6216543912887573,0.8223923444747925,0.6541151404380798,,,
865,1,1,,,,,,,,0.17980128526687622,0.06418359279632568,0.037127479910850525,,,
866,3,3,5,0.19298245614035087,0.5692307692307692,0.3076923076923077,0.64057856798172,0.9119350910186768,0.4037095904350281,0.20664404332637787,0.19114355742931366,0.1507253348827362,0.2814308702945709,0.11323664337396622,0.04322775825858116
867,7,7,,,,,,,,0.15505507588386536,0.10320154577493668,0.36916935443878174,,,
868,0,0,,,,,,,,0.2945437729358673,0.5306309461593628,0.6322305202484131,,,
869,1,1,,,,,,,,0.14864736795425415,0.044146496802568436,0.08818165212869644,,,
870,3,3,5,0.2,0.25925925925925924,0.3076923076923077,0.8089392185211182,0.5605745315551758,0.6040915250778198,0.4057152569293976,0.5855721831321716,0.15417265892028809,0.29611751437187195,0.38997209072113037,0.3663778603076935
871,1,1,,,,,,,,0.6587653160095215,0.3610023558139801,0.5343990325927734,,,
872,4,4,2,0.3783783783783784,0.21428571428571427,0.3691275167785235,0.901495099067688,0.6307367086410522,0.42355310916900635,0.15375015139579773,0.10355042666196823,0.11195763945579529,0.007878473028540611,0.167815163731575,0.030251605436205864
873,2,2,,,,,,,,0.44218090176582336,0.08710209280252457,0.21883931756019592,,,
874,3,3,,,,,,,,0.4474118649959564,0.41620245575904846,0.30562537908554077,,,
875,8,8,,,,,,,,0.5150456428527832,0.15626560151576996,0.19131433963775635,,,
876,4,4,,,,,,,,0.24045465886592865,0.4327840209007263,0.37386950850486755,,,
877,2,2,5,0.02,0.3691275167785235,0.45714285714285713,0.7666838765144348,0.7960338592529297,0.3451789617538452,0.6987080574035645,0.1695908010005951,0.416245698928833,0.378324031829834,0.22277262806892395,0.11483755707740784
878,3,3,4,0.275,0.25925925925925924,0.18604651162790697,0.6331697702407837,0.7143718004226685,0.15994413197040558,0.28108954429626465,0.19727005064487457,0.17236052453517914,0.06450769305229187,0.46157169342041016,0.010385158471763134
879,7,7,,,,,,,,0.27949056029319763,0.15316493809223175,0.3200368583202362,,,
880,8,8,0,0.02,0.3509933774834437,0.10869565217391304,0.05366722494363785,0.6899396777153015,0.3514183461666107,0.5523062944412231,0.08000488579273224,0.2420661449432373,0.03857136145234108,0.013177139684557915,0.003099151188507676
881,4,4,3,0.6859504132231405,0.45714285714285713,0.4166666666666667,0.8536268472671509,0.8581174612045288,0.5073785781860352,0.23087972402572632,0.04430020600557327,0.21506379544734955,0.08182118088006973,0.040226373821496964,0.12021315097808838
882,3,2,,,,,,,,0.7932766079902649,0.15998642146587372,0.09131456911563873,,,
883,0,0,,,,,,,,0.6186548471450806,0.6048364639282227,0.7251590490341187,,,
884,9,9,1,0.44366197183098594,0.6585365853658537,0.3246753246753247,0.7020331621170044,0.9025314450263977,0.5549849271774292,0.3353882431983948,0.12506884336471558,0.20116855204105377,0.06225258484482765,0.21395854651927948,0.10385358333587646
885,0,0,,,,,,,,0.4432258605957031,0.2799381911754608,0.9397164583206177,,,
886,0,0,,,,,,,,0.33727768063545227,0.566497802734375,0.9632369875907898,,,
887,1,1,6,0.1791907514450867,0.7586206896551724,0.4676258992805755,0.8634845018386841,0.9072774648666382,0.47921431064605713,0.07681149244308472,0.07868672162294388,0.1511278748512268,0.11425463855266571,0.06748450547456741,0.0070032100193202496
888,0,8,,,,,,,,0.08175790309906006,0.04450894519686699,0.031522177159786224,,,
889,4,4,5,0.5223880597014925,0.5338345864661654,0.7288135593220338,0.8446928262710571,0.8809434771537781,0.6021765470504761,0.3460349440574646,0.11064189672470093,0.27753591537475586,0.013816352002322674,0.09971398860216141,0.03795371577143669
890,4,4,,,,,,,,0.08590257167816162,0.11073955148458481,0.25123295187950134,,,
891,6,6,,,,,,,,0.7154136896133423,0.7936701774597168,0.40113335847854614,,,
892,7,7,3,0.45714285714285713,0.4068965517241379,0.4068965517241379,0.8513134717941284,0.898535966873169,0.5696065425872803,0.03273676708340645,0.03459475189447403,0.18377532064914703,0.05893848463892937,0.004816732369363308,0.0073104058392345905
893,6,3,,,,,,,,0.1774565428495407,0.20862865447998047,0.09573641419410706,,,
894,1,1,,,,,,,,0.22653716802597046,0.1697876900434494,0.1738823503255844,,,
895,1,1,9,0.7435897435897436,0.5813953488372093,0.3076923076923077,0.8718537092208862,0.879867672920227,0.5919485092163086,0.2966846823692322,0.2695510983467102,0.26815032958984375,0.2537790536880493,0.2219700962305069,0.24241173267364502
896,3,3,,,,,,,,0.5599021315574646,0.2571004629135132,0.33830031752586365,,,
897,7,7,,,,,,,,0.3579365313053131,0.08573202043771744,0.3187960684299469,,,
898,3,2,,,,,,,,0.19785235822200775,0.04878006502985954,0.275495320558548,,,
899,5,5,,,,,,,,0.36850979924201965,0.12551897764205933,0.2740386724472046,,,
900,2,2,6,0.009900990099009901,0.5338345864661654,0.1270718232044199,0.31048089265823364,0.8079702854156494,0.39495933055877686,0.5276687741279602,0.10915105044841766,0.2005043774843216,0.2890620529651642,0.01237710565328598,0.2214212566614151
901,6,6,3,0.3945578231292517,0.4782608695652174,0.2,0.5159260630607605,0.8307117223739624,0.4252629578113556,0.1363334208726883,0.3230184316635132,0.13670358061790466,0.059780053794384,0.345790833234787,0.003442211542278528
902,6,6,,,,,,,,0.44358277320861816,0.6647245287895203,0.3806340992450714,,,
903,5,5,,,,,,,,0.2520596385002136,0.04354984313249588,0.1322166621685028,,,
904,8,8,0,0.23636363636363636,0.3972602739726027,0.5111111111111111,0.7821360230445862,0.8171963691711426,0.49651771783828735,0.2402121126651764,0.1758405715227127,0.1313852071762085,0.08506345748901367,0.18016180396080017,0.0033706501126289368
905,7,7,,,,,,,,0.15165916085243225,0.09815837442874908,0.231474369764328,,,
906,1,1,,,,,,,,0.42364269495010376,0.5791401863098145,0.393582284450531,,,
907,6,6,,,,,,,,0.09856502711772919,0.39660006761550903,0.08885644376277924,,,
908,8,8,,,,,,,,0.752302885055542,0.16245678067207336,0.28293970227241516,,,
909,8,8,,,,,,,,0.5126252770423889,0.2775336802005768,0.31891945004463196,,,
910,5,7,,,,,,,,0.03492153063416481,0.01230101753026247,0.013405834324657917,,,
911,3,3,,,,,,,,0.5769185423851013,0.41353321075439453,0.5374692678451538,,,
912,0,0,,,,,,,,0.5634859204292297,0.48412445187568665,0.7598068714141846,,,
913,4,4,,,,,,,,0.08457539230585098,0.34143567085266113,0.207943394780159,,,
914,0,2,,,,,,,,0.3122124671936035,0.06534608453512192,0.43479791283607483,,,
915,1,1,,,,,,,,0.6430101990699768,0.3093999922275543,0.20658260583877563,,,
916,3,3,4,0.19298245614035087,0.5223880597014925,0.2,0.5171854496002197,0.8233224749565125,0.612847089767456,0.28058677911758423,0.3058026432991028,0.26957523822784424,0.06402388215065002,0.5192650556564331,0.14556095004081726
917,8,8,,,,,,,,0.7082065939903259,0.3552877902984619,0.3087943196296692,,,
918,8,8,,,,,,,,0.5673173666000366,0.18587172031402588,0.1128084808588028,,,
919,0,0,,,,,,,,0.21138232946395874,0.42795997858047485,0.7001074552536011,,,
920,6,6,2,0.3972602739726027,0.43661971830985913,0.59375,0.8364967107772827,0.7981587648391724,0.6010794043540955,0.15803566575050354,0.5613871812820435,0.07978570461273193,0.17236953973770142,0.4290372133255005,0.024500595405697823
921,9,9,,,,,,,,0.6798273921012878,0.19934721291065216,0.3920277953147888,,,
922,9,9,,,,,,,,0.26344355940818787,0.5037248730659485,0.24122212827205658,,,
923,9,5,,,,,,,,0.034768782556056976,0.09017226845026016,0.019544806331396103,,,
924,5,7,,,,,,,,0.009722940623760223,0.022990424185991287,0.2716078460216522,,,
925,5,3,,,,,,,,0.17273463308811188,0.17994913458824158,0.13901959359645844,,,
926,8,8,2,0.2,0.48905109489051096,0.2215568862275449,0.6467053890228271,0.9093945026397705,0.7180471420288086,0.2771511971950531,0.07702763378620148,0.10309683531522751,0.028200224041938782,0.08314895629882812,0.04269944503903389
927,6,6,5,0.44680851063829785,0.5223880597014925,0.632,0.6868600249290466,0.8828829526901245,0.5809214115142822,0.1709337681531906,0.703782320022583,0.07381802797317505,0.14934930205345154,0.5871620178222656,0.005620789714157581
928,0,0,,,,,,,,0.2507866621017456,0.5708485245704651,0.8360996246337891,,,
929,0,0,,,,,,,,0.18535764515399933,0.3026583194732666,0.6843419075012207,,,
930,4,4,,,,,,,,0.21152378618717194,0.3838188350200653,0.34519264101982117,,,
931,2,2,,,,,,,,0.20352713763713837,0.26230520009994507,0.5763188600540161,,,
932,3,3,5,0.07936507936507936,0.34210526315789475,0.4166666666666667,0.616410493850708,0.8054479360580444,0.4252750277519226,0.3853908181190491,0.34802237153053284,0.43358129262924194,0.2450685352087021,0.44498410820961,0.17699556052684784
933,2,2,5,0.3783783783783784,0.42657342657342656,0.3972602739726027,0.5308201313018799,0.825461745262146,0.5426353216171265,0.4758870601654053,0.18989607691764832,0.3598272204399109,0.03990484029054642,0.10036967694759369,0.0356191024184227
934,7,7,,,,,,,,0.4989585280418396,0.48118358850479126,0.4913361668586731,,,
935,2,2,,,,,,,,0.5544689297676086,0.3987109959125519,0.17662930488586426,,,
936,2,2,0,0.11475409836065574,0.34210526315789475,0.13333333333333333,0.22313566505908966,0.7940900921821594,0.4056583642959595,0.25050482153892517,0.17577698826789856,0.1788869947195053,0.12321993708610535,0.17531386017799377,0.08261805772781372
937,5,5,,,,,,,,0.3311624228954315,0.09417468309402466,0.19218334555625916,,,
938,9,9,,,,,,,,0.09258995950222015,0.03270862251520157,0.12083790451288223,,,
939,8,8,0,0.2830188679245283,0.5,0.5692307692307692,0.7295230627059937,0.8852145075798035,0.4766145348548889,0.11164357513189316,0.027533551678061485,0.10515271127223969,0.01301185879856348,0.007419226691126823,0.012267915531992912
940,9,9,,,,,,,,0.2571730613708496,0.6153824925422668,0.4091845750808716,,,
941,1,1,9,0.25925925925925924,0.3783783783783784,0.5454545454545454,0.8808077573776245,0.8123448491096497,0.6391580104827881,0.07622940838336945,0.051845673471689224,0.05102141574025154,0.06194604933261871,0.12435559928417206,0.04906521365046501
942,7,7,5,0.45714285714285713,0.6062992125984252,0.24390243902439024,0.7149840593338013,0.8815165758132935,0.3110557198524475,0.3137085735797882,0.38538244366645813,0.3340037763118744,0.10709269344806671,0.29860198497772217,0.13135141134262085
943,4,4,,,,,,,,0.10378678888082504,0.573650598526001,0.16743162274360657,,,
944,0,0,,,,,,,,0.3317147493362427,0.5726414322853088,0.5693594217300415,,,
945,3,3,,,,,,,,0.25897982716560364,0.5935971140861511,0.20230531692504883,,,
946,0,0,,,,,,,,0.2767290472984314,0.3515671193599701,0.683529794216156,,,
947,1,1,,,,,,,,0.3600483536720276,0.15693801641464233,0.08407766371965408,,,
948,3,4,,,,,,,,0.16102954745292664,0.1666850596666336,0.19353064894676208,,,
949,8,8,,,,,,,,0.3479374051094055,0.14713379740715027,0.2057294398546219,,,
950,3,3,,,,,,,,0.3049249053001404,0.4528391659259796,0.41726037859916687,,,
951,9,9,,,,,,,,0.21167981624603271,0.1128995418548584,0.18236033618450165,,,
952,6,6,5,0.0967741935483871,0.4782608695652174,0.24390243902439024,0.5988808870315552,0.8222869038581848,0.2837042510509491,0.35314640402793884,0.6906076073646545,0.25435975193977356,0.28895947337150574,0.7312276363372803,0.20271910727024078
953,1,0,,,,,,,,0.29151028394699097,0.3544043004512787,0.7586369514465332,,,
954,4,4,5,0.59375,0.48905109489051096,0.09090909090909091,0.871530294418335,0.8362724781036377,-0.03266553580760956,0.33434903621673584,0.15539869666099548,0.33986055850982666,0.01869589276611805,0.09130360186100006,0.010483765974640846
955,7,7,,,,,,,,0.3330201208591461,0.28371042013168335,0.35443997383117676,,,
956,0,0,2,0.4236111111111111,0.44680851063829785,0.2289156626506024,0.9644961357116699,0.9098548889160156,0.707039475440979,0.45030447840690613,0.5084524750709534,0.2078995704650879,0.3924209475517273,0.5171969532966614,0.072359099984169
957,3,3,,,,,,,,0.25763651728630066,0.29911765456199646,0.15073806047439575,,,
958,7,7,,,,,,,,0.24826505780220032,0.21914775669574738,0.17823940515518188,,,
959,8,8,,,,,,,,0.5523993372917175,0.2936975061893463,0.17920055985450745,,,
960,9,9,1,0.7288135593220338,0.5111111111111111,0.05154639175257732,0.9152498245239258,0.8686522245407104,0.12658503651618958,0.12942253053188324,0.29518431425094604,0.20770330727100372,0.16407880187034607,0.21503321826457977,0.0071569462306797504
961,1,1,,,,,,,,0.13697928190231323,0.033419668674468994,0.026528801769018173,,,
962,1,1,,,,,,,,0.20658181607723236,0.39541593194007874,0.15843245387077332,,,
963,6,6,,,,,,,,0.5296915173530579,0.5632296800613403,0.48131096363067627,,,
964,6,6,4,0.06806282722513089,0.42657342657342656,0.4068965517241379,0.6702336072921753,0.7532165050506592,0.4482724070549011,0.05907128006219864,0.4960506856441498,0.0329422652721405,0.19044533371925354,0.09912201762199402,0.002294552279636264
965,6,6,,,,,,,,0.19943231344223022,0.3922574520111084,0.1262645572423935,,,
966,6,3,,,,,,,,0.167913556098938,0.298860639333725,0.06152377277612686,,,
967,9,9,0,0.11475409836065574,0.5813953488372093,0.2289156626506024,0.7578988075256348,0.8505964875221252,0.40753278136253357,0.030720053240656853,0.031486961990594864,0.028371144086122513,0.08532951772212982,0.0051784031093120575,0.0014248555526137352
968,1,1,,,,,,,,0.5048872828483582,0.24078436195850372,0.3426145613193512,,,
969,9,9,,,,,,,,0.40043187141418457,0.16497299075126648,0.15713675320148468,,,
970,9,9,,,,,,,,0.29253190755844116,0.12247390300035477,0.23415713012218475,,,
971,4,4,5,0.1590909090909091,0.3509933774834437,0.03553299492385787,0.4494073688983917,0.8027235269546509,0.061996497213840485,0.109502412378788,0.4356960654258728,0.3970646560192108,0.033418141305446625,0.20634174346923828,0.1076839417219162
972,2,6,,,,,,,,0.16499237716197968,0.5893309116363525,0.14975547790527344,,,
973,1,1,,,,,,,,0.24095746874809265,0.33330056071281433,0.5591192841529846,,,
974,7,7,2,0.4166666666666667,0.44680851063829785,0.36,0.9011738896369934,0.8951994180679321,0.6491785645484924,0.03283508121967316,0.027776189148426056,0.05115938186645508,0.010241353884339333,0.00621713837608695,0.0026163128204643726
975,0,0,,,,,,,,0.5729511976242065,0.6544287204742432,0.9276150465011597,,,
976,6,6,3,0.0967741935483871,0.44680851063829785,0.5338345864661654,0.6330305337905884,0.8361454010009766,0.7126392126083374,0.15177036821842194,0.45409461855888367,0.08161401003599167,0.018537431955337524,0.4939150810241699,0.004801282659173012
977,8,8,0,0.1724137931034483,0.3691275167785235,0.3246753246753247,0.33707916736602783,0.8037294745445251,0.297250896692276,0.6905421614646912,0.09055592864751816,0.08474038541316986,0.013851677998900414,0.11693796515464783,0.0027884598821401596
978,1,1,,,,,,,,0.5074896216392517,0.13048505783081055,0.38406902551651,,,
979,9,9,,,,,,,,0.21518833935260773,0.2641482949256897,0.16419275104999542,,,
980,2,2,,,,,,,,0.7307947874069214,0.10866890102624893,0.35797426104545593,,,
981,9,9,1,0.7894736842105263,0.4782608695652174,0.3691275167785235,0.8710942268371582,0.8347026109695435,0.5490772724151611,0.2193167507648468,0.13139839470386505,0.08085893094539642,0.013572607189416885,0.02260376699268818,0.027944786474108696
982,0,0,5,0.3161290322580645,0.3783783783783784,0.21428571428571427,0.8868623971939087,0.8205301761627197,0.622071385383606,0.3409661054611206,0.33097055554389954,0.5637673139572144,0.16167321801185608,0.2627072334289551,0.497555136680603
983,4,4,,,,,,,,0.39919769763946533,0.20426909625530243,0.22549624741077423,,,
984,7,7,,,,,,,,0.5391899943351746,0.4098362624645233,0.42033377289772034,,,
985,8,8,,,,,,,,0.24002297222614288,0.1597268134355545,0.1507575958967209,,,
986,3,3,,,,,,,,0.41397547721862793,0.5579354763031006,0.38841310143470764,,,
987,1,1,,,,,,,,0.5351812243461609,0.28257086873054504,0.48922601342201233,,,
988,2,2,7,0.6015625,0.42657342657342656,0.7586206896551724,0.9464437961578369,0.8603352308273315,0.7328577041625977,0.0697823166847229,0.08233293145895004,0.29402005672454834,0.005709011107683182,0.09826698154211044,0.030517296865582466
989,0,0,,,,,,,,0.1764252781867981,0.5874717831611633,0.5902159810066223,,,
990,1,1,,,,,,,,0.5311959385871887,0.15519574284553528,0.3124998211860657,,,
991,5,5,3,0.20710059171597633,0.275,0.4676258992805755,0.6273205280303955,0.8015497326850891,0.5157767534255981,0.13821262121200562,0.07186482846736908,0.10013565421104431,0.1559472680091858,0.054553497582674026,0.06599477678537369
992,8,8,,,,,,,,0.38107916712760925,0.24909621477127075,0.1953173577785492,,,
993,4,4,3,0.18604651162790697,0.5,0.2911392405063291,0.5015735626220703,0.8462120294570923,0.7613990306854248,0.2764336168766022,0.059744853526353836,0.12269166111946106,0.14016041159629822,0.1505407989025116,0.049614112824201584
994,6,2,,,,,,,,0.40328580141067505,0.15697431564331055,0.26219457387924194,,,
995,3,3,0,0.05154639175257732,0.4676258992805755,0.1270718232044199,0.48673754930496216,0.828609049320221,0.32552504539489746,0.5021792650222778,0.5633695125579834,0.26192039251327515,0.09085535258054733,0.47092312574386597,0.11687980592250824
996,8,8,0,0.680327868852459,0.4676258992805755,0.6585365853658537,0.733089804649353,0.8030374050140381,0.4772900342941284,0.24551457166671753,0.08225098997354507,0.29282546043395996,0.027299167588353157,0.0164739228785038,0.045823268592357635
997,1,1,9,0.3333333333333333,0.59375,0.36,0.8603077530860901,0.9187714457511902,0.5548230409622192,0.3885018229484558,0.37805870175361633,0.24437996745109558,0.26944154500961304,0.26505398750305176,0.06084549054503441
998,3,3,,,,,,,,0.2916499972343445,0.15210479497909546,0.3973292410373688,,,
999,8,8,,,,,,,,0.39846670627593994,0.24265128374099731,0.2867956757545471,,,
